{
  "train_losses": [
    0.27615619693761284, 0.2532506157522616, 0.24399758648613226,
    0.2329078023524388, 0.22806912644401842, 0.2215516967294009,
    0.21982835192719233, 0.21590639861381572, 0.21344072784742582,
    0.2097973463975865, 0.2069706894133402, 0.20524242050621821,
    0.20291150847206946, 0.20184893452602884, 0.20008681722633218,
    0.19811565137427786, 0.19656394446349662, 0.1955526349661143,
    0.1944698511582354, 0.19282576636127804, 0.19174572307130563,
    0.19086879912925803, 0.18907360999804476, 0.1893063474284566,
    0.18740156179536943, 0.1857887261101733, 0.18524592734225417,
    0.18475727323928606, 0.18376168989292954, 0.1833372159820536,
    0.18326120977492436, 0.17972999373855797
  ],
  "val_losses": [
    0.26383636989023374, 0.25516601165999536, 0.25054706827453943,
    0.2387716355531112, 0.2337563585328019, 0.23106594999199329,
    0.23065101128557455, 0.21719132687734521, 0.2186885738502378,
    0.21071886076875354, 0.22547928211481674, 0.21040608928255414,
    0.21421473311341327, 0.209927747754947, 0.20999695781780325,
    0.21014283921407617, 0.204672878527123, 0.20411295638136243,
    0.1991578405318053, 0.2116681447495585, 0.2034980473311051,
    0.1998395174741745, 0.20146651274484137, 0.20505900583837344,
    0.19533049963090732, 0.19641412276288736, 0.2007096736975338,
    0.19629112274750418, 0.19719555747249853, 0.1980731901915177,
    0.1965697362371113, 0.20738834758167682
  ],
  "train_ious": [
    0.44364515691995604, 0.48507311486679544, 0.5008047545679668,
    0.5201422208245247, 0.5276954743903185, 0.5396000965079969,
    0.5433108668126487, 0.550308863618884, 0.5550525690550389,
    0.5613453700004715, 0.5660682627256365, 0.567788205204019,
    0.5720652223065278, 0.5749189335906852, 0.577813273106796,
    0.5812684508121532, 0.5837372913416745, 0.5860533279137338,
    0.5878671480045804, 0.5910665564562964, 0.5919436207176119,
    0.5939241971118726, 0.596583613504966, 0.5963735300777616,
    0.6002584692576656, 0.6031900101165839, 0.6036132584879363,
    0.6050694866672803, 0.606805521616902, 0.6066890438289743,
    0.6074013572888095, 0.6132581648079384
  ],
  "val_ious": [
    0.45397386311189, 0.48307372813207516, 0.48624977275081305,
    0.5085603498678275, 0.5205557904597642, 0.521087914597297,
    0.5190857911239499, 0.5429977038200353, 0.5387342792490254,
    0.551048058098641, 0.5286405163182728, 0.5478535048339677,
    0.551228914571845, 0.558363221477771, 0.5548046127609585,
    0.5530791946727297, 0.5633806715840878, 0.5667798586081768,
    0.5770864789036735, 0.5522002976225768, 0.569549323640008,
    0.5773387259763222, 0.5735821030710057, 0.5699826932471731,
    0.5833124222530836, 0.5802477874617646, 0.5740224557078403,
    0.5866792862829957, 0.5808633814255397, 0.5790669263704963,
    0.5850826510484668, 0.5639928778012594
  ],
  "training_time": 666.232390165329,
  "avg_gradient": 0.005086961187309004,
  "memory_usage": 1063.56640625
}
