{
  "train_losses": [
    0.27527843440032523, 0.2520159338803395, 0.2405045643934737,
    0.23308094347948613, 0.2250436810857576, 0.21958268611975337,
    0.21588662979395493, 0.21412953855874745, 0.2100050674508447,
    0.20699269567494807, 0.20534140438489293, 0.20340209656759448,
    0.20202879785843517, 0.20072604918285555, 0.19817947976939057,
    0.19707276323891204, 0.1947145613477282, 0.19403809171331965,
    0.19279559248167535, 0.1915514370345551, 0.18935597882322644,
    0.18792273355243, 0.1885883386206368, 0.18692605051657427,
    0.18602247017881143, 0.18505701455085175
  ],
  "val_losses": [
    0.2665850973647574, 0.2500988400500754, 0.25481380878583243,
    0.2356796552953513, 0.22138446893381036, 0.2153582734906155,
    0.22388880602691485, 0.2128948753942614, 0.21008186787366867,
    0.20836024277884027, 0.2084480974337329, 0.21272381524676862,
    0.20896976473538773, 0.20531312635411386, 0.20244154204492984,
    0.2008416001563487, 0.20119668543338776, 0.1978194742746975,
    0.1973659833488257, 0.1988158857692843, 0.19343379722989124,
    0.19404848891755808, 0.19604503687309183, 0.195180746200292,
    0.19518521914015646, 0.2031961705373681
  ],
  "train_ious": [
    0.44261303358117415, 0.4847727716778933, 0.5065230935326089,
    0.5183655122645956, 0.5320892573698706, 0.5413967033281274,
    0.5484686069514441, 0.5512870761795322, 0.5586913270686845,
    0.5635512369698373, 0.5667387863108215, 0.5698549603854404,
    0.5731169913719959, 0.5751929290700651, 0.5811216471095881,
    0.5817798424674114, 0.585780539806338, 0.587448868036702,
    0.5900128089107465, 0.5911176747817922, 0.595055802198856,
    0.5977132271273411, 0.5964672606492389, 0.6003941232743468,
    0.6013461723923682, 0.6029101494645728
  ],
  "val_ious": [
    0.4652187998096148, 0.48720326609369635, 0.48247992852027866,
    0.5162084421169931, 0.5416881217472795, 0.5499949147519859,
    0.5368741933202397, 0.5585324464068897, 0.5619977369256639,
    0.5615636799214543, 0.5584786028965658, 0.5551042928211933,
    0.5654564788160117, 0.5717630388512128, 0.5771518060262651,
    0.5776304347791533, 0.5696822558192239, 0.5819269077501434,
    0.5841332622196365, 0.5831552219131718, 0.5851920823688092,
    0.5856679563505062, 0.5806767159829969, 0.5832906654779461,
    0.591313723852669, 0.5724723058334292
  ],
  "training_time": 542.3529562950134,
  "avg_gradient": 0.0026794459972401667,
  "memory_usage": 1063.56640625
}
