{
  "train_losses": [
    0.2820283864503321, 0.25445805157980195, 0.24240785318872202,
    0.2340764225177143, 0.22625379774557508, 0.2213344852561536,
    0.2170612881688968, 0.21404549981588902, 0.21190037213913773,
    0.20907772591580515, 0.20601263415554297, 0.20382050076580566,
    0.20184915480406387, 0.20056581140860266, 0.1976350602572379,
    0.1976334087388671, 0.19502781785052756, 0.19441359158119428,
    0.1950769265708716, 0.19155803549548853, 0.19097188220399877,
    0.19055531335913617, 0.18903932056349257, 0.18879900224830792,
    0.18570738220992294, 0.18492492385532544, 0.18589156687907551,
    0.18375597667434942, 0.18323371324526228, 0.18227519548457602,
    0.1814402703033841, 0.18099081678235013, 0.17938968976554664,
    0.1787381214292153, 0.1784825479692739, 0.1777163209474605,
    0.1771355864956327, 0.17583818150603253
  ],
  "val_losses": [
    0.26965706601091055, 0.25390254446993704, 0.24942649512187295,
    0.232326853858388, 0.22509451113317325, 0.2218140668195227,
    0.21520117799872937, 0.22133587495140408, 0.214302951551002,
    0.21456523336794064, 0.2108372572971427, 0.20573345992876135,
    0.2076600835375164, 0.20511678994997687, 0.2053515149847321,
    0.21339551327021225, 0.20304063966740732, 0.20266996550819147,
    0.20145633881506714, 0.20148186029299445, 0.21179444180882495,
    0.20252639735522476, 0.20254270861978116, 0.20004333231760107,
    0.20496924415878628, 0.19888277027917944, 0.19538289470517117,
    0.19743982832068982, 0.19712648961855017, 0.1958657865938933,
    0.19872332720652872, 0.19268572978351428, 0.19600047397872675,
    0.1982180783930032, 0.1926516223212947, 0.1935542779772178,
    0.19401720004237216, 0.1966835519541865
  ],
  "train_ious": [
    0.4377977574460101, 0.4814891604085762, 0.501833825196693,
    0.5167386263770899, 0.5299892354540635, 0.5382384771238201,
    0.5460110869582581, 0.5510299397443513, 0.5561335140272324,
    0.5607982165571572, 0.5648855996196686, 0.5694223873425218,
    0.5728383650058424, 0.5747130019185336, 0.5808177095824392,
    0.5811341098253281, 0.5851365800784983, 0.585894456214231,
    0.5857879745679488, 0.5907968431711197, 0.5922164959644062,
    0.592610112566879, 0.5954970948506098, 0.595908956359262,
    0.6015818450006022, 0.6031629110052102, 0.601344804778911,
    0.6051293460355293, 0.6062826952640565, 0.6073849113199158,
    0.6092505195866463, 0.6101451620891472, 0.6127840152577212,
    0.6144083162796671, 0.6146022876643615, 0.6155603473493155,
    0.6162000520937682, 0.6192055587535318
  ],
  "val_ious": [
    0.45297117293744843, 0.48401660439760774, 0.47357792666424875,
    0.5237673237055972, 0.531784911626491, 0.5409468786008117,
    0.5491794353162033, 0.5414666911398154, 0.558442379253498,
    0.5542035824146823, 0.5612868055485299, 0.5706662896318712,
    0.5629666216563488, 0.5719654886186987, 0.5658594959455988,
    0.5519099123236062, 0.5752719392379125, 0.5763397031072258,
    0.5758848756119824, 0.5799387267966202, 0.5656922874243363,
    0.570907070800878, 0.5797102351983388, 0.5759235756552737,
    0.5750680729962776, 0.5817636957635051, 0.589267695079679,
    0.589212449348491, 0.5898107193086458, 0.5913977916689886,
    0.5860603717358216, 0.596935230752696, 0.5917655905519705,
    0.5848949020323545, 0.5959396997223728, 0.5946926884893058,
    0.5927048640838567, 0.5863803309806879
  ],
  "training_time": 791.2705645561218,
  "avg_gradient": 0.004492024733297833,
  "memory_usage": 1063.56640625
}
