{
  "train_losses": [
    0.27908490905943123, 0.25323873863595986, 0.2408114289459975,
    0.23289263216049774, 0.22763156704604626, 0.22066645275639452,
    0.21977830556747707, 0.21573558344465235, 0.21065484748586363,
    0.20996654511469862, 0.2067884417331737, 0.2042104751681504,
    0.20193791122216245, 0.2017401476269183, 0.20063062651973704,
    0.19766307290157545, 0.19651688125146471, 0.19643810172767742,
    0.19469746218427367, 0.1926050096264352, 0.1919888807055743,
    0.19033409120595973, 0.19053600744708724, 0.19023155299541744,
    0.18703145072188065, 0.18704010238466057, 0.18660939079911812,
    0.18448440309451974, 0.183964051630186, 0.1828785054385662,
    0.18186729174593222, 0.18255949409111685, 0.18173358443638551,
    0.17983587231972945, 0.17969866307533305, 0.17809399444123972,
    0.17587232541130937, 0.17646089884573998
  ],
  "val_losses": [
    0.2670956503437913, 0.24156978110904279, 0.23350130118753598,
    0.23357194014217542, 0.22889704840338748, 0.23797997313997019,
    0.21153062938348108, 0.21752773678821066, 0.21428752884916638,
    0.2055189091226329, 0.2070825015721114, 0.2001738985595496,
    0.19897949080104413, 0.20203011159015738, 0.20756672290356262,
    0.1940754833428756, 0.19883893365445343, 0.19158711381580518,
    0.19377195835113525, 0.19131709505682407, 0.19413455316553946,
    0.19377441088790479, 0.195152522429176, 0.19282063355912332,
    0.18861408207727515, 0.19384632292001144, 0.1934028157721395,
    0.18430828529855478, 0.189486732625443, 0.1882350891828537,
    0.18912093535713528, 0.1878300020876138, 0.1863321457868037,
    0.1857902854681015, 0.18390519074771716, 0.1879625867890275,
    0.19184220679428265, 0.18688777153906616
  ],
  "train_ious": [
    0.4403380839073141, 0.4853119088363823, 0.5066843952551698,
    0.5214172585772864, 0.5304232242962587, 0.5416421333894783,
    0.542892935510347, 0.5499916056414014, 0.5584804195424784,
    0.5598650576843732, 0.5652830389098847, 0.569980514978153,
    0.5738104945183666, 0.5745074949834656, 0.5758925488461617,
    0.580986325399599, 0.5838692308660002, 0.5840187828070011,
    0.5871896102376607, 0.5908914580941201, 0.5921354775951392,
    0.5945540256258368, 0.5951584127826106, 0.5949754731702631,
    0.600886535115432, 0.6007848969404247, 0.601013532043367,
    0.6050207368165686, 0.606031484577967, 0.608082675523516,
    0.6097355179380678, 0.6084661597143047, 0.6096694109340508,
    0.613041548733262, 0.6136217385638449, 0.6165228392658889,
    0.6206376796075403, 0.6188160012057725
  ],
  "val_ious": [
    0.4627836778543997, 0.49745927740266355, 0.5194487299608147,
    0.5232422626104907, 0.5296977622353511, 0.5054696580206137,
    0.5512595537348071, 0.546854369342327, 0.5484257264845612,
    0.5673943010793214, 0.5665273316528487, 0.5690046544524205,
    0.5779532541831334, 0.5657175092593484, 0.5649396993111873,
    0.5824838941511902, 0.5800860625678215, 0.5884654290866161,
    0.5836733555880145, 0.5900055513433788, 0.5839583968770675,
    0.5876189295364466, 0.5852188103008961, 0.5882350737633912,
    0.5924990827190703, 0.5842683220255201, 0.5878639964089877,
    0.6034605377826135, 0.5916069916624954, 0.5999073032019794,
    0.5965335537558015, 0.5981929304375165, 0.5956476913846057,
    0.6009305791146513, 0.6034602008867954, 0.6005947263776392,
    0.5951242129439891, 0.6015134488326914
  ],
  "training_time": 791.4989786148071,
  "avg_gradient": 0.003856355401742279,
  "memory_usage": 1063.56640625
}
