{
  "train_losses": [
    0.2788461392502422, 0.2556573891931254, 0.24501269229728243,
    0.23684844633807306, 0.23000490446777447, 0.226780800472783,
    0.2224581092596054, 0.21847327774309594, 0.2150122315177451,
    0.21146572397454924, 0.20927742431345192, 0.2084707307588795,
    0.20471030805745852, 0.20429089916465076, 0.2012312142583339,
    0.20017363738430582, 0.19822911675209584, 0.1965494233628978,
    0.19555379417927368, 0.194052009721813, 0.191948343878207,
    0.1906408710486215, 0.1921621003066716, 0.18902992943058844,
    0.18770256646625375
  ],
  "val_losses": [
    0.2807666795409244, 0.2625117295462152, 0.23980340426382812,
    0.2333441331334736, 0.2513253886414611, 0.22724327185879584,
    0.2254491121224735, 0.21668982214253882, 0.22204718252886896,
    0.21129855222028235, 0.21102159697076547, 0.20880576190741165,
    0.20881325265635614, 0.2057290511286777, 0.20806578773519266,
    0.20252290465261624, 0.20429840457180273, 0.19771777482136435,
    0.1974437674102576, 0.1971306956332663, 0.20291570444469867,
    0.2030800840129023, 0.19427528297123703, 0.19774578090595163,
    0.21397640491309372
  ],
  "train_ious": [
    0.43964012026908295, 0.479071254936465, 0.49972368927969435,
    0.5136782217338898, 0.524561609101036, 0.5309203417728778,
    0.5376160752460144, 0.5453610509580027, 0.5505497500138439,
    0.556315644144796, 0.5605079701197323, 0.5619570564856564,
    0.5688237716322357, 0.5691615466730321, 0.5744096110372439,
    0.5776528890474115, 0.580560089831335, 0.5832706188270149,
    0.5845626430666967, 0.5874512459056964, 0.591080362490122,
    0.5941849253207879, 0.5916158507807531, 0.5959506855494734,
    0.5987849658814032
  ],
  "val_ious": [
    0.4570266014855841, 0.4546299813234288, 0.5065373880923658,
    0.5085646523081738, 0.4873595802464346, 0.5293011497976124,
    0.5261951886873314, 0.5502540950757868, 0.5282149453094042,
    0.5522926387147624, 0.5516128097323405, 0.5655869115953859,
    0.5603529184624768, 0.5683996621249378, 0.5628315951081291,
    0.5732279083003169, 0.5641696628021156, 0.5843276772378149,
    0.5774776525255564, 0.5810930052961129, 0.572913113495578,
    0.5703162293935167, 0.5878838980975359, 0.5835188743860824,
    0.5603009676155836
  ],
  "training_time": 520.5314433574677,
  "avg_gradient": 0.005031168982822565,
  "memory_usage": 1063.56640625
}
