{
  "train_losses": [
    0.28244313783943653, 0.25821567788396194, 0.2446755864859923,
    0.23620063868229804, 0.23060843073155568, 0.2243117460090181,
    0.2221227190254823, 0.21963612314151681, 0.21382849015619443,
    0.21282449753388114, 0.21024775262112202, 0.2078018118019985,
    0.20539593526526637, 0.20364300809476688, 0.20179294082133667,
    0.19956881723002248, 0.19830986946497275, 0.19719014235812685,
    0.19659672904273737, 0.19431081527601118, 0.19453571137526762,
    0.19238006461249746, 0.19041213854823424, 0.19103310718808486,
    0.1888554977334064, 0.18813224047746346, 0.1859400955069324,
    0.18552382006917312, 0.1855266906483018, 0.18548366160172483,
    0.18292036879321802, 0.18177895523283794, 0.18243588863507562,
    0.18014357441469378, 0.18004170084453147, 0.1832944921663274,
    0.17783532486013745, 0.17684477243734442, 0.1802040105280669,
    0.1776289359220992, 0.1763203176467315, 0.17578276028127773,
    0.17448218021055925, 0.17424196766122527, 0.1768262150656918,
    0.17400229916624402, 0.17288568543027277, 0.17205041476889796,
    0.17143412962879823, 0.17067428710667984, 0.1696123752904975
  ],
  "val_losses": [
    0.2804286878394044, 0.2573264587832534, 0.2528331811013429,
    0.23024253093678018, 0.22776205287031506, 0.21973674064097198,
    0.22777386430812918, 0.21500772399746854, 0.22097725194433462,
    0.2213562837113505, 0.20668082230764886, 0.22849096940911334,
    0.2154979605389678, 0.20562187420285266, 0.20504417173240497,
    0.20051256340482962, 0.20908968247797177, 0.21060581278541815,
    0.2053817426380904, 0.20043611753246057, 0.19800649777702664,
    0.19532052783862405, 0.20020639313303906, 0.1978824815672377,
    0.19536856918231302, 0.19121439884538236, 0.19153353118378183,
    0.19939974954594736, 0.19042655372101328, 0.19583812388389008,
    0.19146939107905264, 0.19150272044150726, 0.19276672115792398,
    0.1960440592273422, 0.19415887380423752, 0.19252761842116065,
    0.1874871649171995, 0.18818753245084183, 0.1874785588487335,
    0.19039990558572437, 0.18743045271738715, 0.18530121089323706,
    0.18955399776282517, 0.1965121377421462, 0.19129636462615884,
    0.1891045084466105, 0.1881071504043496, 0.19075114409560742,
    0.1893385159580604, 0.1937970395969308, 0.19132141930901486
  ],
  "train_ious": [
    0.434507390382983, 0.4760055363016285, 0.5000797041246424,
    0.5148526809407753, 0.5234891507720603, 0.533869014594002,
    0.5386832770284101, 0.5421062656070875, 0.5530902100861933,
    0.5547594188888005, 0.5590533105845469, 0.5625845076705231,
    0.5675474021961722, 0.5714805762189027, 0.5739227645639063,
    0.5780627777718983, 0.5803533231002698, 0.5828738862621611,
    0.5831940298819024, 0.5872303380806377, 0.5866722185974533,
    0.5907413723028223, 0.5941291976234188, 0.5929890278240905,
    0.5965517827890057, 0.5988077021919299, 0.602871017935483,
    0.6031954848895904, 0.6026228793181371, 0.6033731878235719,
    0.6071756448650707, 0.6090609615911609, 0.6084098846692106,
    0.6117556392066723, 0.6123854403478513, 0.6069665317950043,
    0.6159907112950865, 0.6184623547546241, 0.6126521517509133,
    0.6174435990768068, 0.6192116885297542, 0.6202191523127797,
    0.6223521105729153, 0.6225231825441554, 0.6185807186192364,
    0.6228164632575236, 0.6256921885778072, 0.6269672764060291,
    0.6275983208223529, 0.6292056931533676, 0.6305502667159276
  ],
  "val_ious": [
    0.43864613901013916, 0.47994388434766, 0.48894235567338223,
    0.5239292041978976, 0.5315037536016409, 0.5396119177989337,
    0.5283098262937174, 0.5504791317642599, 0.5373747305593628,
    0.5437175314063611, 0.5639067814833878, 0.5312497436568355,
    0.5532914998306744, 0.5670195766117263, 0.5688359819460606,
    0.5797669654307159, 0.5637663181709207, 0.5602788100208059,
    0.5775463010953821, 0.5799227324516877, 0.5828990798065626,
    0.5891089782766676, 0.5791402288537094, 0.5834840462691543,
    0.5914323301850883, 0.5941738840462505, 0.5939591498910516,
    0.5834703104219574, 0.5911135908918105, 0.592437226055325,
    0.5983620411243991, 0.5923513787380162, 0.5937269003926843,
    0.58734024024528, 0.5960957898177961, 0.5948724560979484,
    0.6053402801786643, 0.6022696309331536, 0.6038214728452157,
    0.5947463283504265, 0.6036244624334832, 0.605401736670646,
    0.6019350933855858, 0.5906623605152835, 0.5971054426137951,
    0.6047317070373591, 0.6070655450440833, 0.6038440921600313,
    0.6040191378282463, 0.5954066735246908, 0.6027765654135442
  ],
  "training_time": 1058.1803750991821,
  "avg_gradient": 0.0033905068106151923,
  "memory_usage": 1063.56640625
}
