{
  "train_losses": [
    0.27833266369998455, 0.2530519975268323, 0.24000973262540673,
    0.23234284523388612, 0.22518856386127678, 0.22270238116059615,
    0.21720215775396512, 0.2147108561804761, 0.21103015509636505,
    0.20900627865415553, 0.20580009047103964, 0.2053651059775249,
    0.20309970349721287, 0.2012337983140479, 0.19920818248520727,
    0.19796111985393192, 0.1970758545819832, 0.19439507089555264,
    0.19394049663906512, 0.19330509225635426, 0.19170616721005543,
    0.19092888287875964, 0.18960003838267014, 0.1874352974574203,
    0.18777549436882787, 0.1848768775715776, 0.18658542220035326,
    0.18393934590984945, 0.1844282585155705, 0.18312131921234337
  ],
  "val_losses": [
    0.2793097317866657, 0.24448150396347046, 0.2618844816866128,
    0.23467285218446152, 0.2293925985046055, 0.2504914866193481,
    0.22792971976425336, 0.22102910992891892, 0.2119102818162545,
    0.20913486279871152, 0.21376899662225143, 0.2094158737555794,
    0.21085902627395547, 0.21698677669400754, 0.20517182998035266,
    0.20223637540703235, 0.20136686835599982, 0.20107391865357108,
    0.2004042258081229, 0.19785711428393488, 0.20276021179945572,
    0.19536476971014685, 0.19785995230726575, 0.19825994126174762,
    0.19617874564036078, 0.19642445380273071, 0.19965393322965372,
    0.19713570242342743, 0.19643998469995416, 0.21138960285031277
  ],
  "train_ious": [
    0.4398135928794795, 0.48397496248177, 0.5075519440722635,
    0.5209576074789835, 0.5324355776867141, 0.537387879565358,
    0.5463883509130579, 0.5515840446873421, 0.5571853970649879,
    0.5605157294405112, 0.566669211682418, 0.567231245338917,
    0.5712243474588015, 0.574578316801268, 0.578383805959121,
    0.5802948600680065, 0.5823112969705162, 0.5871205589045647,
    0.5874152246160785, 0.5893669743360814, 0.591615716292374,
    0.5937552436430388, 0.5962240767759688, 0.5992609057845414,
    0.5985476157587506, 0.6037328168749806, 0.6015172555394794,
    0.6055368478207485, 0.6049577402679815, 0.6072079306063444
  ],
  "val_ious": [
    0.4362394400480864, 0.5049380838223125, 0.467463886824207,
    0.5142476668824321, 0.5261286986262902, 0.4943895741649297,
    0.5246134726465612, 0.535786646971668, 0.5554492936834046,
    0.5609315240728684, 0.5548551551241804, 0.5613253371439118,
    0.5599294579115466, 0.5508605986833572, 0.5690659859042237,
    0.5736740127853726, 0.5785976462606071, 0.5758374495350796,
    0.5774127416636633, 0.5791303005771363, 0.5718590906564741,
    0.5848053508046744, 0.5829587982616562, 0.5857227470563806,
    0.588415600899337, 0.5840979825327363, 0.5805817149255587,
    0.5854913579381031, 0.5882591689410418, 0.5643051333617471
  ],
  "training_time": 624.4478530883789,
  "avg_gradient": 0.007177503179852018,
  "memory_usage": 1063.56640625
}
