{
  "train_losses": [
    0.2823860574837612, 0.25844436819138733, 0.24463075140248175,
    0.2364378205460051, 0.22969803141187067, 0.2250364359630191,
    0.2203504612426395, 0.21774274013612582, 0.21446582674980164,
    0.2114875314190336, 0.20883365752904312, 0.2059952191522588,
    0.20525595035565936, 0.20258800207596758, 0.200923142792738,
    0.19843459769111613, 0.19814458303153515, 0.19724016936252947,
    0.19598298698015834, 0.19336361980632596, 0.1926494916981977,
    0.19129235167866168, 0.19041127881602102, 0.18896798489858274,
    0.1899956089808889, 0.18870962913269582
  ],
  "val_losses": [
    0.2641593859247539, 0.24811418840418692, 0.24233806133270264,
    0.2349599376320839, 0.23300931602716446, 0.2405872367646383,
    0.22019995327876962, 0.21862445188605267, 0.21401689363562543,
    0.22613442883543347, 0.21070596446161685, 0.21287936037001404,
    0.20421556577734326, 0.210250790676345, 0.21395143639782202,
    0.20029788723458414, 0.20363333562146063, 0.20186269348082336,
    0.20296118440835373, 0.20195611436729846, 0.2035220877631851,
    0.20004530412995297, 0.1962901023419007, 0.19583596580702325,
    0.19770529671855594, 0.2048137550768645
  ],
  "train_ious": [
    0.43368458581170505, 0.4738280956997819, 0.4991587176918981,
    0.513714021773658, 0.5245446897773207, 0.5330617138980954,
    0.5412942417829796, 0.5459290860031826, 0.5511620145399069,
    0.5565252673636746, 0.5621425855526888, 0.567114460862417,
    0.5681333798321259, 0.5727865252697812, 0.5755827352404596,
    0.5799001299276731, 0.5809611200854397, 0.5820021765927474,
    0.5840485141869042, 0.5896479358383708, 0.590482842339122,
    0.5924066454712029, 0.5943747880342215, 0.5972250849008559,
    0.5950166065839754, 0.5972007732244503
  ],
  "val_ious": [
    0.45968511830205494, 0.48704328150420945, 0.5040938407182692,
    0.5191192001752232, 0.512024314183256, 0.502440637004548,
    0.5429089395464332, 0.5482230173504871, 0.544857550142468,
    0.5327585410812626, 0.5564700771069182, 0.5614970103986022,
    0.5694037915571877, 0.5606305150018223, 0.5551790962184684,
    0.575645165166993, 0.5719338189000669, 0.5748108456964077,
    0.5722172806660336, 0.5696180968180947, 0.5683392882347106,
    0.5794787132653638, 0.5835833482552265, 0.5875726240700572,
    0.583536224088807, 0.5714000694561695
  ],
  "training_time": 542.1990811824799,
  "avg_gradient": 0.009401690157372113,
  "memory_usage": 1063.56640625
}
