{
  "train_losses": [
    0.2770092094560032, 0.25377411484394385, 0.2411635769126208,
    0.23334001109975835, 0.22747488425153753, 0.22103257323412792,
    0.21874560699190781, 0.21546663813616918, 0.21065957293562268,
    0.20921531254830567, 0.20628710220689359, 0.20503388061795547,
    0.20305508148411047, 0.20074193673613278, 0.19980573905226978,
    0.19744017550154871, 0.1960459311047326, 0.19629989556320335,
    0.19416631960674471, 0.19180684771550738, 0.19024873759759509,
    0.18915353108035482, 0.18882796759514706, 0.1875452823613001,
    0.1869454777435116, 0.18717443691971508, 0.18500206684288772,
    0.18376724025153596, 0.18424863044334494, 0.18162773306603017,
    0.18209636349069036
  ],
  "val_losses": [
    0.2861589744039204, 0.24737117245145465, 0.24823064033104025,
    0.23708756494781244, 0.23646143014016358, 0.2536916823490806,
    0.22812233249778333, 0.22989639251128488, 0.21763409674167633,
    0.21349708412004553, 0.2113464461720508, 0.23245262678550638,
    0.20828816780577536, 0.2059286295071892, 0.2039827963580256,
    0.20701856166124344, 0.20381488974975503, 0.20467305572136588,
    0.20388780015966165, 0.19919379217469174, 0.19991974014302957,
    0.1968667403511379, 0.20607922776885654, 0.19801447475733963,
    0.19779088477725568, 0.1947682940441629, 0.19530231246481772,
    0.1942894018214682, 0.19587998966807904, 0.19331007159274557,
    0.20401887044958447
  ],
  "train_ious": [
    0.4441542406633928, 0.482824497680733, 0.5055085765062899,
    0.5183204962075617, 0.529238539248489, 0.5400529989729757,
    0.5438563383143881, 0.54882101809093, 0.5578676279148328,
    0.5608134043497451, 0.5663341181757656, 0.5675034251441988,
    0.5712265546393136, 0.5748239569365978, 0.5779600279486699,
    0.5809739784917972, 0.5840772261870079, 0.5833897967485412,
    0.5866476010153258, 0.5919941965004671, 0.5943206822958547,
    0.5963267301195768, 0.5962955862067749, 0.5996292024526909,
    0.5999597816363625, 0.5999808718544851, 0.6036315179173495,
    0.6051468144076456, 0.6046363395517289, 0.609313716761012, 0.60857934207804
  ],
  "val_ious": [
    0.4565208160142967, 0.4873974188298419, 0.49274592274341006,
    0.515199371546075, 0.5183031336552858, 0.475272891422113,
    0.5317354528368384, 0.5221541400836861, 0.5416060971177143,
    0.5548436918120455, 0.5592379084099894, 0.5269797292092573,
    0.5582934814518777, 0.5670968585688135, 0.569630848756735,
    0.5663995261209598, 0.5701846318400424, 0.5715003292197767,
    0.5676675678595252, 0.5821580087793048, 0.5809538334176162,
    0.5829203243272894, 0.5675250332856524, 0.5789257912100225,
    0.5836628003828768, 0.5873486896355946, 0.5866432207218114,
    0.5866386030895122, 0.5820611628933229, 0.592691416973653, 0.571846012835917
  ],
  "training_time": 644.1503908634186,
  "avg_gradient": 0.004541484544567002,
  "memory_usage": 1063.56640625
}
