{
  "train_losses": [
    0.27567939638443617, 0.25029931355105794, 0.23903264380667522,
    0.23412117370120858, 0.22835232058297034, 0.22273564241502597,
    0.21863778445707716, 0.21649270788159058, 0.2120695872961179,
    0.20969701898486717, 0.20688763892521028, 0.20556328048848588,
    0.20507503657237344, 0.201918996060672, 0.2010708563029766
  ],
  "val_losses": [
    0.25643087405225506, 0.24654830182376114, 0.2403530475238095,
    0.23292434928209885, 0.22473923894374268, 0.2244446656626204,
    0.22746049612760544, 0.21351453078829724, 0.21989414678967517,
    0.20885637661685114, 0.21173737975566284, 0.2080834426957628,
    0.20045024480508722, 0.21142301287340082, 0.2570095839707748
  ],
  "train_ious": [
    0.4441539088561053, 0.4881740767454757, 0.5090628660999347,
    0.5177739372989837, 0.5280405865793208, 0.5382090540791766,
    0.543949449110938, 0.5490039450426896, 0.5571034509634626,
    0.5597280084384959, 0.5651460971305335, 0.567749235941016,
    0.5684418148644593, 0.5744355208631875, 0.5766270903033622
  ],
  "val_ious": [
    0.47374977754509967, 0.48523738515981735, 0.4964323393676592,
    0.5210469054139181, 0.531074411843134, 0.5353084800467975,
    0.5292291807523671, 0.550601862694906, 0.54094762581846, 0.5627327222323073,
    0.5607439143502194, 0.5659964672033337, 0.5730004928250243,
    0.5601058291352313, 0.5102612322223361
  ],
  "training_time": 312.7086718082428,
  "avg_gradient": 0.008510445174129832,
  "memory_usage": 1063.56640625
}
