{
  "train_losses": [
    0.28235683946505835, 0.2570791163522264, 0.2458247844453739,
    0.23741191560807434, 0.23188235230096008, 0.22723251888933388,
    0.221452285171203, 0.2200851733593837, 0.21724897266730017,
    0.21420253011519494, 0.211485271382591, 0.2085361536592245,
    0.20634962950387728, 0.20399008399766425, 0.20162587693851927,
    0.1992244509089252, 0.19909497998330905, 0.19649851144008015,
    0.194840752641144, 0.1953968820364579, 0.1933475672064916,
    0.1912452529144028, 0.19107977600525256, 0.18980788455709166,
    0.18969881745136302
  ],
  "val_losses": [
    0.2658019888660182, 0.2513838834736658, 0.23985111162714337,
    0.24501378348340158, 0.23029969503050265, 0.2246038534719011,
    0.24328114157137665, 0.21960156346144882, 0.21303890645503998,
    0.21733614446028418, 0.21937160938978195, 0.21109885106916013,
    0.21290839560653851, 0.20727671909591425, 0.20393071777146796,
    0.20677917968967688, 0.20261749106904733, 0.19822060413982556,
    0.19828903675079346, 0.19764568235563196, 0.19953350431245306,
    0.19608365193657254, 0.19936715034039124, 0.20059812101333038,
    0.20401110824035562
  ],
  "train_ious": [
    0.43284309480636257, 0.4756144101367048, 0.49636906315235096,
    0.5119373627762864, 0.5212271372801152, 0.5294278262426023,
    0.538944785604658, 0.5413679206014975, 0.5464813855031259,
    0.5520225040398646, 0.55666752629306, 0.5619158256744993,
    0.5651054228453536, 0.5699743224118932, 0.5746658783460006,
    0.5781836602566897, 0.5783395323416461, 0.5831404661462792,
    0.5862724385291769, 0.5859843437978324, 0.5884462300202121,
    0.5929064154085042, 0.5927213008205092, 0.5956606769367406,
    0.5955641193558342
  ],
  "val_ious": [
    0.45937907987314713, 0.4840402572915175, 0.5074732569248781,
    0.497943788011005, 0.5224989449632339, 0.5349684411632843,
    0.501954251549382, 0.5433949651061626, 0.5539163318665132,
    0.5508221117914587, 0.5496976958668751, 0.5489439072384352,
    0.5559768512629081, 0.5635838551797728, 0.5753632922103441,
    0.5663778524899827, 0.5748057162416152, 0.5811253619798716,
    0.5840603186600449, 0.5828411389088285, 0.5763070825217426,
    0.5859576923691708, 0.5790255953004394, 0.5808228027561436,
    0.5728664890579558
  ],
  "training_time": 519.7045526504517,
  "avg_gradient": 0.004685377682915804,
  "memory_usage": 1063.56640625
}
