{
  "train_losses": [
    0.2808683644980192, 0.2568427745414817, 0.24660730046098647,
    0.237061462243614, 0.2280162577719792, 0.2264698335657949,
    0.22275936425380086, 0.218720186582726, 0.21611433370929697,
    0.21185615448200185, 0.21071909262758234, 0.20707171831441962,
    0.20514380316371503, 0.20265666881333227, 0.20103364737461443,
    0.20024144422748816, 0.19853577689956065, 0.19620209673176642,
    0.19494672152011291, 0.1949054242476173, 0.1947998008488313,
    0.19159412440722404, 0.19108199368676412, 0.19092920511637046,
    0.18972820659046588, 0.18814724651367767, 0.18677860466034515,
    0.18604709499556085, 0.1850476569455603, 0.1846995080780724,
    0.18251498343180056, 0.1829928469074809, 0.18337944522500038,
    0.1834902180277783, 0.17873772889699624, 0.1805730381089708,
    0.1786447786118673, 0.17818959162611028, 0.17729718424379826,
    0.17791972495615482, 0.1757796463435111, 0.17467759833063767,
    0.17538262166730736, 0.1758429958768513, 0.17458799724345622
  ],
  "val_losses": [
    0.26304204243680707, 0.2579116212285083, 0.23639266419669855,
    0.2355201542377472, 0.23243877712799155, 0.22051038819810617,
    0.2504458955448607, 0.21649859780850617, 0.22258622685204382,
    0.2119505317962688, 0.20762976064630176, 0.20610255521276724,
    0.2055545083206633, 0.20412503118100372, 0.19978226786074432,
    0.1998588812092076, 0.2007480341455211, 0.1941808569042579,
    0.1950197828852612, 0.19729425531366598, 0.19392717500095782,
    0.1929643309634665, 0.193930152317752, 0.19524390218050583,
    0.19438792862322019, 0.19294306149949197, 0.19424902226613916,
    0.19051545955564664, 0.19749797200379166, 0.19121784814026044,
    0.18984105923901434, 0.19025623215281445, 0.19058996309404788,
    0.18569015258032343, 0.1863116612252982, 0.18536036299622577,
    0.18692720292702966, 0.1870689780815788, 0.18829510004624075,
    0.19044994530470474, 0.18457844626644385, 0.1840155238042707,
    0.18777587329563888, 0.18420469696107117, 0.18848173223111941
  ],
  "train_ious": [
    0.43571779333001026, 0.47646965288921544, 0.49612070028872585,
    0.5124012231556834, 0.5278275683792174, 0.5305551795315916,
    0.5367824182832157, 0.5453573135470132, 0.5498667088593696,
    0.5565864768797074, 0.5573239063007245, 0.5639660828139472,
    0.56791742461855, 0.5722033017031523, 0.5746859181942284,
    0.5764441502590972, 0.5802130722913191, 0.5837648725811986,
    0.5862182769654453, 0.5861410010282112, 0.5863827727735043,
    0.5922098065308039, 0.5932134818015756, 0.5937760997077693,
    0.5955414006999438, 0.5985363836845623, 0.6006082078792909,
    0.6019952397631562, 0.6037849890797033, 0.6037536900004613,
    0.6086749495479506, 0.6077845488553463, 0.6063644800173199,
    0.6063953350851502, 0.6146918298217698, 0.6114780217193175,
    0.614894079287415, 0.6157669352664462, 0.6178236197734224,
    0.615694117124962, 0.6194898154640545, 0.6223491564177087,
    0.620750511739997, 0.61984396347965, 0.6221367159075497
  ],
  "val_ious": [
    0.4642387703061103, 0.47461077603309043, 0.5153525130472322,
    0.5226015234770983, 0.5098332799431207, 0.5325662774452262,
    0.4595291931991993, 0.5537351776940234, 0.5474045000214507,
    0.5483774089294932, 0.5627521650082824, 0.5695149974114652,
    0.5699908515249474, 0.5710327543210293, 0.5726995310489682,
    0.5807472428549891, 0.5738997361150342, 0.5889077223297479,
    0.581806522132694, 0.5833332653062931, 0.5883700398431307,
    0.5944214636001034, 0.5917912831772929, 0.5890559778697249,
    0.5884524555741878, 0.5919400099394977, 0.5935634309830872,
    0.5936088825481525, 0.5877072551976079, 0.5908176039440044,
    0.5973334593185481, 0.5985515571158866, 0.5950196558150692,
    0.6019142842379169, 0.6055445329866547, 0.6044380863507588,
    0.6040631647127261, 0.5996612705614257, 0.6045009832883225,
    0.5967334333969198, 0.6095673407333484, 0.6078274053507957,
    0.6045180544041205, 0.6085661256658859, 0.5990187698516293
  ],
  "training_time": 936.8280925750732,
  "avg_gradient": 0.002819886307263816,
  "memory_usage": 1063.56640625
}
