{
  "train_losses": [
    0.28055080463704857, 0.2545296220999697, 0.24318162926837153,
    0.23333997020254965, 0.22851935757890993, 0.22136454276092674,
    0.21970442002234253, 0.21634461706423241, 0.21293901797869932,
    0.21076241864458375, 0.2073703974323428, 0.20481928996741772,
    0.20331990346312523, 0.2013569321969281, 0.1983539263677338,
    0.19884749453352846, 0.1990106167352718, 0.1948789327364901,
    0.19385257881620657, 0.1937546197163022, 0.191830653940206,
    0.1917162145609441, 0.19010131020584833, 0.1892096999546756,
    0.18971755209824312, 0.18634952612869118, 0.1855114994003721,
    0.18479962323022925, 0.18519706125168697, 0.1826074407638415,
    0.18182255360095398, 0.1805771268580271, 0.18067632016280424,
    0.17900083456998286
  ],
  "val_losses": [
    0.2719191925033279, 0.24605017738497775, 0.2418581295920455,
    0.23955978550340817, 0.22791279690421146, 0.21958735585212708,
    0.21583285150320633, 0.22586680948734283, 0.21611801891223245,
    0.21598620583181796, 0.21304481217394705, 0.2054758068660031,
    0.20794393672891284, 0.20488066258637802, 0.20687308486389078,
    0.20878058218437692, 0.1976723291951677, 0.19812604558208716,
    0.20586500705584235, 0.19740656115438626, 0.1957022690254709,
    0.1950947493314743, 0.1940053037327269, 0.19731052705775137,
    0.19643697272176328, 0.1988958149500515, 0.20102269785559695,
    0.192522125399631, 0.19423947612876477, 0.19097785165776376,
    0.1912421567932419, 0.191786655265352, 0.19082081285507782,
    0.19567467077918674
  ],
  "train_ious": [
    0.4390069199321063, 0.48092725217018445, 0.5021783707636425,
    0.5181010615728472, 0.5278918380052714, 0.5396122057530761,
    0.5430530745644068, 0.5487819819076769, 0.5548581377049719,
    0.5584480247419813, 0.5647055965618812, 0.5689877388270005,
    0.5716078710620814, 0.5746153107155922, 0.580326353861154,
    0.5792366891451504, 0.5788915849466256, 0.5857214944410152,
    0.5881414004210113, 0.5882661884137687, 0.5909552124963291,
    0.5914990819342758, 0.5943999749378882, 0.5962352407691269,
    0.5956044934042118, 0.6006668889760108, 0.6020715826231501,
    0.6036131566093453, 0.6033077935917657, 0.6070636168554209,
    0.608774193333111, 0.610792208570933, 0.6107930113979869, 0.6138089092421356
  ],
  "val_ious": [
    0.46785790462424787, 0.5006769761659098, 0.5061508394453835,
    0.51090782330088, 0.527228776311529, 0.5442764044239902, 0.5475017811725105,
    0.5339408475851668, 0.5597730842621429, 0.5415554028274358,
    0.5606080144643785, 0.568745943731156, 0.5653460887463196,
    0.5724978209405706, 0.5671600636796675, 0.5640982035277545,
    0.5819865655207981, 0.5835045085868974, 0.5718174339204595,
    0.5836987324814865, 0.5872810813395875, 0.5896295943985814,
    0.5888384781453921, 0.5883690386578657, 0.5884550704040389,
    0.5902274443187576, 0.5842900217875191, 0.5942273634499398,
    0.5874009797538535, 0.5939592453448668, 0.5999115169912145,
    0.5931996724743772, 0.5982326109340226, 0.5875194770270499
  ],
  "training_time": 708.0038113594055,
  "avg_gradient": 0.004576038845905305,
  "memory_usage": 1063.56640625
}
