{
  "train_losses": [
    0.28041030239799747, 0.25590267696458363, 0.24302225551851417,
    0.23403399599635083, 0.22818348953581374, 0.22147288456883119,
    0.21768700768766197, 0.2132958428043386, 0.21068736319632633,
    0.20656467941792114, 0.20562498263366843, 0.2019611952583427,
    0.20089048592616682, 0.1986035223564376, 0.19864310105533703,
    0.19596709375796112, 0.19368113123852274, 0.19386773953295272,
    0.19088939852688624, 0.18963184717880643, 0.1888706005461838,
    0.18820216393341188, 0.1878751361661631, 0.18505288490458674,
    0.18514067290917688, 0.18468967225888502, 0.18423067689265893,
    0.18314346031326315
  ],
  "val_losses": [
    0.2682706532271012, 0.25732915135829343, 0.2409795017346092,
    0.24668902288312497, 0.2288257615721744, 0.23082463248916293,
    0.22639848680599875, 0.21671911491000134, 0.22107980562293011,
    0.2133640831579333, 0.2143443498922431, 0.21611497972322546,
    0.20901916694381964, 0.21132206042175708, 0.2119571692917658,
    0.20249078228421832, 0.20520701324162277, 0.20015152446601703,
    0.2079990613071815, 0.20245782059171927, 0.20046840219394021,
    0.20653999467258868, 0.20030615543541702, 0.19770449691492578,
    0.20105926724879639, 0.19889048584129498, 0.19826764742965283,
    0.2049334136688191
  ],
  "train_ious": [
    0.43828114622906944, 0.47850094309103636, 0.5018665689597094,
    0.5177159340161344, 0.5270859469538148, 0.5389360928017158,
    0.5455124172233582, 0.5533201522261336, 0.5575500896227534,
    0.5643148300764352, 0.5664492302938644, 0.5731195587178933,
    0.5751936032936192, 0.5788899117513848, 0.5791803409979827,
    0.5836121472327606, 0.5878642940002937, 0.5874043139426606,
    0.5926266785009187, 0.5951167230588803, 0.5960884625497073,
    0.5974204523515876, 0.5978504616389236, 0.6031911088612635,
    0.6031354591250422, 0.6040290732314622, 0.6039758868839427,
    0.6059773858582629
  ],
  "val_ious": [
    0.46168137039395357, 0.47564454355101665, 0.5061985665689345,
    0.5035358422260352, 0.5291491131419721, 0.5255394432207813,
    0.5339872336042099, 0.5474559554587242, 0.5408885632304178,
    0.5520969216806302, 0.5493905045416045, 0.552362002324367,
    0.5626370667115502, 0.5644846664390701, 0.5642539940882422,
    0.5756570722745812, 0.564847168715104, 0.5782826879750127,
    0.5587773076865985, 0.5733165972042774, 0.5792341914729795,
    0.5704176261805106, 0.5771245310703914, 0.5867986108945763,
    0.5751366937074107, 0.5811141640811726, 0.5855303970368013,
    0.5716807742913564
  ],
  "training_time": 583.68443608284,
  "avg_gradient": 0.005356677575325416,
  "memory_usage": 1063.56640625
}
