{
  "train_losses": [
    0.2807940529740375, 0.2610877183792384, 0.24931561323287693,
    0.2402145621245322, 0.23291839472949505, 0.22773627475227998,
    0.2228463779649009, 0.22008543931271718, 0.21780867793637773,
    0.2116121035879073, 0.21029609231197316, 0.20695368200540543,
    0.20533129864412805, 0.20584107514308847, 0.20249365869423616,
    0.20090304979163667, 0.19974541186314562, 0.1962194395777972,
    0.19695388598610525, 0.19538520973013795, 0.19384269877944305,
    0.19223221229470294, 0.19132665755308192, 0.1921915786097879,
    0.1888964297654836, 0.1900964032696641, 0.18720712294073208,
    0.18612372478389222, 0.1844988926921202, 0.18503500464493813,
    0.183281524511783, 0.18365833333329015, 0.18273630147070988
  ],
  "val_losses": [
    0.26325722880985425, 0.27284054166596866, 0.24350462141244308,
    0.24892505387897076, 0.23335513569738553, 0.22630359523970148,
    0.23600662499666214, 0.21668865175350852, 0.22010308730861414,
    0.21314672413079636, 0.20874420585839645, 0.20980901238710983,
    0.20933909940978754, 0.20879473893538766, 0.20119786910388782,
    0.20965044815903125, 0.20627112913390863, 0.19843239920294803,
    0.20099444654972656, 0.19645509188589844, 0.1985302706775458,
    0.2012737182819325, 0.19614937253620313, 0.19638836804939352,
    0.19524749336035355, 0.1938967367877131, 0.1950364848193915,
    0.19449049104814944, 0.20235810688008432, 0.1968497141547825,
    0.1909024692747904, 0.19083134020152298, 0.19425798499065897
  ],
  "train_ious": [
    0.4358151750740312, 0.4684953734656607, 0.4904681525152661,
    0.5068498135314902, 0.5198543121687311, 0.5289079335288723,
    0.5368065328431735, 0.5423374055088428, 0.5453309322288937,
    0.5566007405843423, 0.5587808461184952, 0.5644419007273255,
    0.5673849439329427, 0.5669568232328134, 0.572911836422872,
    0.5757767696311508, 0.5773660317063333, 0.5833814208382282,
    0.5822525850996592, 0.5858348517854143, 0.5885101659358413,
    0.5913485876028091, 0.5935864681782931, 0.5914662572136823,
    0.5974839636921019, 0.594539001961981, 0.6004422952191554,
    0.601543739222098, 0.604846810733063, 0.6039750404871892,
    0.6071897352087322, 0.6060450678502306, 0.6079136818323445
  ],
  "val_ious": [
    0.4625364578720453, 0.4676217406556226, 0.49924912498049107,
    0.49397239920453745, 0.5171956240698911, 0.5332501952846844,
    0.5162976160645484, 0.5472396499868754, 0.5429250367957613,
    0.549820889921292, 0.5553719725297847, 0.5591376188440599,
    0.5573301628447961, 0.564944633755131, 0.5724867999121762,
    0.561229703866917, 0.5676568139722382, 0.5784039663663809,
    0.5782158003337142, 0.5839460040780082, 0.5810461562612782,
    0.5786186411328939, 0.5863982432562372, 0.5876773448957912,
    0.5858545044194097, 0.5848028303488442, 0.5844968987115917,
    0.5854053540506226, 0.5786338001489642, 0.5867790212665778,
    0.5915426845135895, 0.5929265184246977, 0.5829973704573037
  ],
  "training_time": 686.6252794265747,
  "avg_gradient": 0.002877512428420515,
  "memory_usage": 1063.56640625
}
