{
  "train_losses": [
    0.2812616095432769, 0.25639419119967066, 0.24358787938304569,
    0.2368684111405974, 0.22870421263834703, 0.22403724953208282,
    0.22343935299178827, 0.21832867849456228, 0.21332601603606474,
    0.21112098633919074, 0.21020895048328067, 0.20677740677543308,
    0.20605817056544448, 0.20431265243045663, 0.20193926609404708,
    0.2002937056772087, 0.1983325097547925, 0.19777167078269564,
    0.19603862159925958, 0.19430742534282414, 0.19334166148758453,
    0.19217063502772994, 0.19220010507041993, 0.18988397272060747,
    0.18879390848071678, 0.1886899849480909, 0.18667059845250586,
    0.18747517328871333, 0.18599394409228925, 0.18648794601144997,
    0.18388284661847612, 0.18424450355055538, 0.1824753001008345,
    0.18253866639798103, 0.18089794594308603, 0.179895655049578
  ],
  "val_losses": [
    0.2615932394628939, 0.2492900027529053, 0.2396645364554032,
    0.23195589528135632, 0.22400571146736975, 0.2166764026750689,
    0.22891731819380884, 0.21741940210694852, 0.2186583416617435,
    0.2126454740114834, 0.21554921697015347, 0.2125148562633473,
    0.2054984216456828, 0.20241666099299555, 0.20818891991739688,
    0.2040132475288018, 0.19881935709196588, 0.1989994136535603,
    0.1988784738856813, 0.1974049472938413, 0.19514165073633194,
    0.20557429835848187, 0.19114227949277215, 0.19320226039575494,
    0.1971119629300159, 0.18841635468213455, 0.19146888929864633,
    0.19310879674942596, 0.18987710773944855, 0.19253938224004663,
    0.1933521398383638, 0.19530311194450958, 0.19129824929911157,
    0.1886649902748025, 0.18594239976095117, 0.189903294586617
  ],
  "train_ious": [
    0.4353470633960451, 0.4773189196822005, 0.5001290853850652,
    0.5131625642433116, 0.5269408761321204, 0.535833045165392,
    0.5364321549355556, 0.5443481588871151, 0.5538779364871804,
    0.5579822126614014, 0.5597431463445873, 0.5655551443713298,
    0.5672127517561121, 0.5699192293096281, 0.5745051885428635,
    0.5765054859760878, 0.5804107032608292, 0.5815446707757487,
    0.5847492508482243, 0.587647238665301, 0.5894772360182327,
    0.5915335191656717, 0.5918017377995927, 0.5957666896823524,
    0.5971701153270571, 0.5974493749655678, 0.6012937702454517,
    0.5990893730650779, 0.6024236123522987, 0.6020637757644273,
    0.6061756214585858, 0.6056412238141765, 0.6081998159811983,
    0.6087235548142075, 0.6110466363421387, 0.6131640521512514
  ],
  "val_ious": [
    0.4671882715994033, 0.4917821756739548, 0.5087114170841549,
    0.5156471659091936, 0.5376587368655896, 0.5453604605534801,
    0.5218777192243631, 0.5430219726286072, 0.5380748300880626,
    0.5576723589413408, 0.5495960144461065, 0.5562656707521799,
    0.5679284999336021, 0.5748742190392122, 0.556759841632152,
    0.5749647740436636, 0.5798984848070837, 0.5782029581242714,
    0.5787223223326864, 0.5772521497978681, 0.5812977098900339,
    0.5708838148393494, 0.5938093960285187, 0.5915742229292357,
    0.586036297938098, 0.6001219676024674, 0.5971791411655537,
    0.5915295786183813, 0.5950141179820764, 0.5915015065583631,
    0.5887912159812622, 0.5809756342483603, 0.5956287381873616,
    0.598924088737239, 0.6038096069857696, 0.5973419240419414
  ],
  "training_time": 749.7652740478516,
  "avg_gradient": 0.004064608279137178,
  "memory_usage": 1063.56640625
}
