{
  "train_losses": [
    0.276692428747597, 0.2553953359956327, 0.2409215537102326,
    0.2336219544320003, 0.22709346846069978, 0.22187582306239917,
    0.21866163157898447, 0.21462603707028471, 0.2114378369372824,
    0.2082158123831386, 0.20627617026152817, 0.20428787406695925,
    0.2021688120034726, 0.20050436979078728, 0.19888276169481484,
    0.19744228004761363, 0.1963496709485417, 0.19462221796097962,
    0.19219111683576004, 0.19224202057913595, 0.1913027232107909,
    0.18947644053917864, 0.18898722820955774, 0.1867828744099192,
    0.1865268191727607, 0.18690637636767782, 0.1845083356551502,
    0.18383981554728487, 0.18238795921206474, 0.1857801320274239
  ],
  "val_losses": [
    0.2768741353698399, 0.26500347159478976, 0.23772390575512595,
    0.23790640157202017, 0.2262377492759539, 0.22464146465063095,
    0.22422656416893005, 0.21821610370407934, 0.2139717129909474,
    0.21429170408974524, 0.20920462744391483, 0.21216719176458276,
    0.21161708138559177, 0.20327250821434933, 0.20503183616244275,
    0.21246006890483524, 0.20164547666259433, 0.20272543961587158,
    0.20164162179698114, 0.20020225125810373, 0.20577286119046417,
    0.20234521284051563, 0.20918135215406833, 0.20061704807955286,
    0.20301484316587448, 0.19489579615385635, 0.19951464397751767,
    0.19464122082876123, 0.2001568150261174, 0.2128392263599064
  ],
  "train_ious": [
    0.4421053777813263, 0.47884559080652567, 0.5051661693639516,
    0.5180743323450068, 0.5290586086718936, 0.5384955927459657,
    0.5440015207598176, 0.5514606009574904, 0.5563060823234096,
    0.5626432675112414, 0.5657627567432926, 0.5697864492194377,
    0.5732389501147512, 0.5757327781909183, 0.5794875699540843,
    0.5820703413067523, 0.5838269334340442, 0.5868864370429001,
    0.590504836615013, 0.5910065103376257, 0.5930547633788723,
    0.5966686693870503, 0.59703792469657, 0.6002991850609364, 0.600697587635638,
    0.6007137790970181, 0.6043240471702557, 0.6057307918326577,
    0.6084173097666626, 0.6028931932928768
  ],
  "val_ious": [
    0.4419052986347157, 0.464324397129425, 0.5125877124027928,
    0.5153366386674454, 0.5317479377423507, 0.5359317898966263,
    0.5258693812765938, 0.547507344596628, 0.5492114043538122,
    0.5535072360349741, 0.562293665996496, 0.5521193667166474,
    0.554037630342055, 0.5724922224231388, 0.5711136766965837,
    0.5552469865567443, 0.574710441240366, 0.5747443126595538,
    0.5755966232306716, 0.5770538747310637, 0.5702427509038345,
    0.5793973527092867, 0.5663749091867089, 0.5790629432253214,
    0.5810459593067999, 0.5859965077344922, 0.5845630399990772,
    0.588022891809975, 0.5774702999902808, 0.5552482630895532
  ],
  "training_time": 624.2812385559082,
  "avg_gradient": 0.004830167874721487,
  "memory_usage": 1063.56640625
}
