{
  "train_losses": [
    0.2775800539099652, 0.2523666169980298, 0.24164845114168915,
    0.23284826371008935, 0.22660679216294186, 0.220752762792551,
    0.21736430886970914, 0.21454690226718134, 0.21196339781517567,
    0.20923352128137712, 0.2081519903048225, 0.2050091242822616,
    0.20279811346984428, 0.2020051736060692, 0.20027839805444944,
    0.19969629342465298, 0.19680071443967198, 0.196439520901312,
    0.19450173170670218, 0.19337011736048304, 0.19206071523544582,
    0.19061941734474638
  ],
  "val_losses": [
    0.2587662906102512, 0.24489741221718167, 0.23932602969200714,
    0.2351112893742064, 0.22528991491898245, 0.22336553976587628,
    0.21885598936806555, 0.2156247580828874, 0.22129424726185593,
    0.2289945596586103, 0.2188526845496634, 0.21129645310018375,
    0.20283889025449753, 0.20493016618749368, 0.2055556090629619,
    0.2042621889192125, 0.2032105080459429, 0.2043015759276307,
    0.20214827293935028, 0.20598994260248932, 0.20798848860937616,
    0.2119360715150833
  ],
  "train_ious": [
    0.43989516814252844, 0.4847968545728837, 0.5039280476723458,
    0.5197962787056314, 0.5304341152094415, 0.5399530830698601,
    0.5467716230592433, 0.5511748573702314, 0.5556409611920082,
    0.55988918190849, 0.5623895518913649, 0.5676364531011681, 0.571866937224632,
    0.573117445236531, 0.5761094801667808, 0.5771771543051887,
    0.5827746024166329, 0.5831991695407508, 0.5867194005868572,
    0.5876778188714946, 0.5910332545206165, 0.5935089952595858
  ],
  "val_ious": [
    0.46966298669576645, 0.4967098777060923, 0.5097231085317723,
    0.5213427127919334, 0.5296240188721297, 0.5378030662735305,
    0.5374066307060961, 0.5444846218046935, 0.5360458162815673,
    0.5352670908838079, 0.5501941025689028, 0.5580618431170781,
    0.5687937926555026, 0.5680337204881336, 0.5685295641854189,
    0.568010529962139, 0.5715665974910707, 0.5695442578930785,
    0.5743019012869266, 0.5595329103694445, 0.5640056101956232,
    0.5567996748115706
  ],
  "training_time": 458.12176418304443,
  "avg_gradient": 0.00397427393417042,
  "memory_usage": 1063.56640625
}
