{
  "train_losses": [
    0.27628713870502036, 0.2530636480483024, 0.23899409863287988,
    0.23076936481115612, 0.2271883175100969, 0.2216912205938412,
    0.21990765704084997, 0.2143942201105149, 0.2110819208395222,
    0.20838163452951805, 0.2052510126453379, 0.20408056263366472,
    0.20419776447765206, 0.20160936564207077, 0.1998001309516637,
    0.19797282884626285, 0.19943277424444322, 0.19506522373336813,
    0.19412075031710707, 0.19355803784792838, 0.192454414928089
  ],
  "val_losses": [
    0.26746987907782843, 0.2578442498393681, 0.24541468497203744,
    0.24218756575947223, 0.2293197434881459, 0.22048690040474353,
    0.2235640656688939, 0.2168657297025556, 0.2119265636024268,
    0.22387210700822913, 0.2154044483018958, 0.2065857827015545,
    0.21228188049534094, 0.21140954222368158, 0.21090256552333417,
    0.2081302469191344, 0.21548135222300238, 0.20117239006187604,
    0.2092681167566258, 0.2013184327794158, 0.21516290209863498
  ],
  "train_ious": [
    0.44471691274826525, 0.4834197806599346, 0.5084355095050472,
    0.5239752473822539, 0.5293979540575239, 0.5389911643890798,
    0.542603396446161, 0.5516438044445672, 0.5571688735938591,
    0.562212226993364, 0.5687061385723996, 0.5702262587197451,
    0.570702574337306, 0.5744247664360032, 0.5779790046314397,
    0.5813442234867725, 0.5788677645226322, 0.5856032406614311,
    0.5881805044153461, 0.589082403027493, 0.5906182550217792
  ],
  "val_ious": [
    0.455295442239098, 0.47390974032274197, 0.5052962960756342,
    0.49297634134258067, 0.5262221718827882, 0.5350289208733516,
    0.5371137913586437, 0.5490491794071337, 0.5552665690581005,
    0.5337613293010257, 0.5567451968141224, 0.5618743129830429,
    0.5586600297171137, 0.5535362097232238, 0.559392603195232,
    0.5620169186073799, 0.5570680483959723, 0.5751256268957388,
    0.5581150949001313, 0.5767626038927963, 0.5521884137305662
  ],
  "training_time": 437.930073261261,
  "avg_gradient": 0.009859176752621946,
  "memory_usage": 1063.56640625
}
