{
  "train_losses": [
    0.2790561243891716, 0.25411274972493236, 0.24120178138432297,
    0.23460761757324572, 0.22911992005032042, 0.2228281592707271,
    0.22057483175202555, 0.21510777282326118, 0.21137112719209297,
    0.20956299615942914, 0.20688699671755667, 0.20513744206856127,
    0.20364598103839418, 0.20134235797045025, 0.2021953893582458,
    0.19688599329927695, 0.19560376295576926, 0.1952585108254267,
    0.1947077503832786, 0.1915078923592101, 0.1898332855299763,
    0.19233092600884644, 0.18845230996932671, 0.18718140701884808,
    0.1870028046162232, 0.18766890150373397, 0.18510844647560432,
    0.18462649408889853, 0.18350984301903975, 0.18157069935746814,
    0.18223350090177162, 0.1790450294704541, 0.17867319439740284
  ],
  "val_losses": [
    0.2757333468483842, 0.24633563990178314, 0.2457737287749415,
    0.22691972294579382, 0.22246887146130853, 0.2211952238627102,
    0.22340281566847925, 0.21489981011204098, 0.20965589906858362,
    0.21061179657345233, 0.21584034937879312, 0.20847859622343726,
    0.21965527793635492, 0.20356411584045575, 0.20700678099756656,
    0.20179822490267132, 0.2053709305498911, 0.1985002937524215,
    0.19649901208670242, 0.19400152855593225, 0.19972246205029281,
    0.19821100066537442, 0.19570387251999066, 0.19120493012925852,
    0.19745310590319012, 0.19236317082591678, 0.19441691753656967,
    0.1914374556230462, 0.19222092142571573, 0.19226627440556235,
    0.19119333087102228, 0.19113483117974323, 0.1981072380490925
  ],
  "train_ious": [
    0.44623835135143297, 0.48197882824941807, 0.5045388420314894,
    0.5166309823322557, 0.5256778933917701, 0.5368588765192291,
    0.5405383351650359, 0.5495882128243863, 0.5572622524223466,
    0.5611112161499006, 0.5650389377513659, 0.5684316713848842,
    0.5710221160257211, 0.5748048389627453, 0.5739260756991049,
    0.5831977436184022, 0.5851497051400552, 0.5858450848339263,
    0.5866476274702862, 0.592445175554873, 0.5956450531232185,
    0.5918331007486668, 0.5971301378331322, 0.5993354509490123,
    0.600405022231997, 0.5984789195160071, 0.6029785608575827,
    0.6045243004741873, 0.6053196520045183, 0.6092135967767758,
    0.6086419217180515, 0.6139575724044569, 0.6143731007865373
  ],
  "val_ious": [
    0.43697539587383694, 0.4956454982360203, 0.5041461699250817,
    0.5299051366206529, 0.5327121404849966, 0.5410214120495147,
    0.5374775419848553, 0.545180365011312, 0.5583617191599762,
    0.5603503191816632, 0.5388281828035479, 0.5655041822920674,
    0.5379144102334977, 0.5703260291745696, 0.5678005868542022,
    0.5745704821918319, 0.5692267072373541, 0.5811889955530997,
    0.5821840465068817, 0.5869331716195397, 0.579777194969896,
    0.579129656371863, 0.5903529626303827, 0.595860177408094,
    0.5822087912887767, 0.5921626207621202, 0.5872037905281868,
    0.5886459262042805, 0.5931359799443812, 0.59026204848635,
    0.5959942109774853, 0.5938340490278992, 0.5812445062658063
  ],
  "training_time": 687.9031591415405,
  "avg_gradient": 0.0035805202457819154,
  "memory_usage": 1063.56640625
}
