{
  "train_losses": [
    0.28181991693766223, 0.2574164933808472, 0.2410847232879504,
    0.2322384698073501, 0.225794797844213, 0.2223328424860602,
    0.21754849742612112, 0.2144726051584534, 0.21173732752061408,
    0.20901757608289304, 0.20792129652007765, 0.20579001485653545,
    0.204034977471051, 0.20113911495908446, 0.19976849845894004,
    0.1981568818345018, 0.19705370254814625, 0.19524634791457135,
    0.19468112419480862, 0.1941321072695048, 0.1914749960212604,
    0.19148135363407756, 0.18991020111286122, 0.18918111296775547,
    0.18618162462244864, 0.18771006725728512, 0.18590065132340658,
    0.184301498386523, 0.1847366910913716, 0.18312866840025652,
    0.18282146346957787, 0.1821216948978279, 0.18246845034477505,
    0.1794023091054481, 0.17945523487161036, 0.17742144324533318,
    0.17954791564008463, 0.17784073098522166
  ],
  "val_losses": [
    0.27103077652661695, 0.2627718380611876, 0.23492598501236542,
    0.23809735703727472, 0.22680855218483054, 0.2228811169448106,
    0.21802766588718994, 0.22409510029398877, 0.21573131596264633,
    0.211360235253106, 0.21249451423468796, 0.2120698363236759,
    0.21531860497982605, 0.2116579274120538, 0.20952169176029123,
    0.20489306456368903, 0.2043348942761836, 0.20032088458538055,
    0.218097734062568, 0.1984810796768769, 0.20103261425443317,
    0.20015449821949005, 0.19706182991680893, 0.19893114689899527,
    0.20409421655146973, 0.20532386393650717, 0.19768383321554764,
    0.19466442841550577, 0.1934123026288074, 0.19540682046309762,
    0.19294470451448276, 0.19376421460638876, 0.19835948846910312,
    0.1922013714261677, 0.195778821149598, 0.1993225573197655,
    0.19528807537711185, 0.19579623931128046
  ],
  "train_ious": [
    0.43611753206916043, 0.47449162599725114, 0.5045248434433472,
    0.5201124729777593, 0.5313172350651112, 0.5376087810466255,
    0.5459626913340628, 0.5511438900847798, 0.5564945587159499,
    0.5608645971270572, 0.563672245250664, 0.5676612748184063,
    0.5699655749983549, 0.5751854707149493, 0.5777606805921462,
    0.5807196458504681, 0.5825947288261805, 0.5854240430222041,
    0.586532739949399, 0.5874721723730151, 0.5925307191260484,
    0.592150832755842, 0.5947182944071469, 0.5961899909096351,
    0.6004474684056164, 0.5989776620830315, 0.6024665076123626,
    0.6046984337162284, 0.604728848551926, 0.6069778070609637,
    0.6074530395368738, 0.6084834667651553, 0.6079598363974815,
    0.6135793501592202, 0.6130774318092108, 0.6170605484774146,
    0.6136375171658783, 0.6160627690454326
  ],
  "val_ious": [
    0.45498584837153333, 0.45901410260062286, 0.5124751618806868,
    0.5064716296999351, 0.5288083788709365, 0.5380567715003871,
    0.5486398695603661, 0.5273091761746269, 0.5525503994330117,
    0.5540135187515313, 0.5510119055060373, 0.5580573280652364,
    0.5521957468295442, 0.5564467995495036, 0.5655027567476466,
    0.5614010721877001, 0.5680693364229756, 0.5745971133743509,
    0.5566813235265622, 0.5797503951235093, 0.5758180242517721,
    0.5795061478148336, 0.5798661669959193, 0.5844912170499993,
    0.5659309904212536, 0.575863833444706, 0.5857572546903638,
    0.5913299872823385, 0.5914033513138259, 0.5845862236143884,
    0.5928853458684422, 0.5908139928959418, 0.5855905819630278,
    0.589549422264099, 0.5894438168708828, 0.5825756945903751,
    0.5942907147649406, 0.5860971212387084
  ],
  "training_time": 792.0438613891602,
  "avg_gradient": 0.0024806390684081157,
  "memory_usage": 1063.56640625
}
