{
  "train_losses": [
    0.2797024525378061, 0.2521760275830393, 0.24128568747445292,
    0.2331084071294121, 0.22702003254190736, 0.22138701832812765,
    0.21771897675226565, 0.212747098878026, 0.21031886857488882,
    0.20898163108074147, 0.2070245384036199, 0.20441952938942806,
    0.20202268570985482, 0.2002513385175363, 0.19808412780580315,
    0.1967468911215015, 0.19620777812340987, 0.1946445785300887,
    0.1932227975162475, 0.1916951405937257, 0.18966072724889155,
    0.18891082453015057, 0.1882441878804694, 0.18727292598265668,
    0.18516432866454124, 0.18500672207902308, 0.18513553775846958,
    0.18440063556899194, 0.18190049647313097, 0.18117310041966644,
    0.1820209981954616, 0.17963445024645847, 0.17951452173292637,
    0.17738677334526312, 0.1789073760256819, 0.17696617875734102,
    0.17532305208885152, 0.1750005166977644, 0.17452585697174072,
    0.1740555580219497
  ],
  "val_losses": [
    0.2713546714057093, 0.2536166446364444, 0.24122379396272742,
    0.23395733567683594, 0.23010426986476648, 0.22604544622742612,
    0.22188612624354984, 0.21374742233234903, 0.21632723218720892,
    0.21609076080114945, 0.21751598625079446, 0.20760263696960782,
    0.20921416710252347, 0.20374897997016492, 0.20764606964329016,
    0.20412787859854492, 0.2087780091425647, 0.21458305645248163,
    0.2003837373593579, 0.2003055282908937, 0.20786519478196683,
    0.19733135240233463, 0.1990730973041576, 0.198448961843615,
    0.19486039358636606, 0.19892678701359293, 0.1983303945997487,
    0.19444768195566925, 0.1964298898111219, 0.1928075736631518,
    0.1952560323735942, 0.19656993545915769, 0.19330275350290796,
    0.19302103538875995, 0.1942219177018041, 0.19205224352038425,
    0.1924998653323754, 0.1948817780484324, 0.1969177262938541,
    0.19673739989166675
  ],
  "train_ious": [
    0.4413965330661642, 0.4849422010930553, 0.5037381932463333,
    0.5194457040802722, 0.5285603327109761, 0.5389982962953873,
    0.5459777400221513, 0.5542489837693133, 0.5579203382350396,
    0.5604031785134822, 0.5633721134854832, 0.5680564414385869,
    0.5725177229530573, 0.5762098266378693, 0.5797300255061063,
    0.5817103578128681, 0.5834243728414826, 0.5860811580998313,
    0.5884306210538618, 0.5909693831226965, 0.5944132153214751,
    0.5964262822939862, 0.5972486648006714, 0.5989331316904742,
    0.6018483406067757, 0.6028127951574495, 0.6030992421227087,
    0.6044079189499219, 0.6080243913051875, 0.6099118554181809,
    0.6081802795330684, 0.6126747270101225, 0.6121989065862223,
    0.616115971589866, 0.6141775963099108, 0.6173220638563669,
    0.620047290418027, 0.6207911364626194, 0.6216673146987306, 0.622589408001606
  ],
  "val_ious": [
    0.46080912865590345, 0.47350982727779867, 0.49742384049771476,
    0.5190080434515857, 0.5240032952548799, 0.5294565357591796,
    0.5413091616786044, 0.5547387158309204, 0.5516848506918852,
    0.5381606740580088, 0.547766493930333, 0.5641558170318605,
    0.5623084016252257, 0.5701858525474868, 0.5562867682049242,
    0.5679285797304001, 0.5662153654772303, 0.5616298291994177,
    0.5756686949643535, 0.5727467437585197, 0.5695810294237688,
    0.5835252427968427, 0.5830695868834205, 0.5817166216995404,
    0.5855672819458919, 0.5838835494241853, 0.5839282539875611,
    0.589877440661624, 0.5834564670272495, 0.5918115915163705,
    0.587698421292547, 0.5849956328022309, 0.5884770427061164,
    0.5937442408091781, 0.592944127925928, 0.5944817835006162,
    0.5943314301362936, 0.5917682068935338, 0.5894872336715893,
    0.5917431558819783
  ],
  "training_time": 832.7131788730621,
  "avg_gradient": 0.005217538014262318,
  "memory_usage": 1063.56640625
}
