{
  "train_losses": [
    0.2799843168291061, 0.25593005962993787, 0.2416598140059606,
    0.23400302117933397, 0.22575433293114539, 0.2218408265515514,
    0.21758378418567387, 0.21491599747020265, 0.2121534549995609,
    0.20948609450589056, 0.20572398222335006, 0.20597279638699864,
    0.20174208655953407, 0.2005567993644787, 0.19955162226181963,
    0.19790772543005322, 0.19496506484954254, 0.19574479086567526,
    0.19325131817680338, 0.1918477640365777, 0.18990963835107244,
    0.18951161926531274, 0.18854839646297952, 0.1881936462191136,
    0.18591601846982603, 0.18592316576320192, 0.1831706095000972,
    0.1833467405775319, 0.1826002969528022, 0.18160836212337017
  ],
  "val_losses": [
    0.3056185559734054, 0.2530471086502075, 0.2364889525848886,
    0.23267695696457572, 0.23035117562698282, 0.2243265324960584,
    0.2187084027606508, 0.2186613604426384, 0.2134931939451591,
    0.21124711470759433, 0.21543795388677847, 0.2096547513552334,
    0.20347278435593066, 0.20472127685080405, 0.2051835549266442,
    0.2054226952402488, 0.2025828918685084, 0.20361208365015362,
    0.2022279028011405, 0.20080441398465115, 0.20104864012935889,
    0.20128454138403354, 0.19927311623873917, 0.1964484501792037,
    0.20308918376331744, 0.19431447788425113, 0.19427091433950092,
    0.19543041029702063, 0.1996757763883342, 0.2116028935365055
  ],
  "train_ious": [
    0.44122588783637545, 0.47986445770315517, 0.5052436499491982,
    0.5181464433022167, 0.5321267409439104, 0.5390277769470564,
    0.546506346999735, 0.5507863739748367, 0.556511551492672,
    0.5610567469527755, 0.5669280410460805, 0.568096674060908,
    0.5756543541084165, 0.5769764992098013, 0.5781829832256701,
    0.5816661615086636, 0.5870087318986222, 0.5858273098542207,
    0.5899291038513185, 0.5918865864691528, 0.5957349809291571,
    0.596061226790366, 0.5982266435588616, 0.5986099385696914,
    0.6028360114365386, 0.6027870413077914, 0.6068075351633025,
    0.606960470639709, 0.6089242425733717, 0.6098163702889624
  ],
  "val_ious": [
    0.4018223116147344, 0.48513360688651813, 0.5136431168386902,
    0.5222265826187271, 0.5308351007060726, 0.540797077767227,
    0.5395729887312737, 0.5456210307884907, 0.557653792526411,
    0.5601623066957446, 0.5567227411961211, 0.5629846296016721,
    0.5726216422474902, 0.5681503162435861, 0.5707620803428735,
    0.5641271274374877, 0.5770190658344738, 0.5653875671003177,
    0.5714537435467693, 0.5766784404067026, 0.5746445452821428,
    0.5698450570521145, 0.5814309733501379, 0.5848443711149519,
    0.578244044728901, 0.5916480795628782, 0.5835672154806663,
    0.5875246414671773, 0.5853791318941809, 0.5566411184659903
  ],
  "training_time": 625.791839838028,
  "avg_gradient": 0.004430441911503652,
  "memory_usage": 1063.56640625
}
