{
  "train_losses": [
    0.27728700686408125, 0.25448549935675185, 0.24212612843383913,
    0.23464152241206687, 0.22810011834877988, 0.2237960052393053,
    0.21838158020830672, 0.21566744675130947, 0.21176786210549914,
    0.21106611354195554, 0.20706977014956268, 0.20498805242064205,
    0.20417611673474312, 0.20151795349691226, 0.199648459320483,
    0.19922321063020956, 0.1976662129973588, 0.19585425374300583,
    0.19400825278590556, 0.19352548642326955, 0.19194079781680004,
    0.19035389533509378, 0.19015541640312775, 0.18904393506438835,
    0.1883720021047022
  ],
  "val_losses": [
    0.2590637793359549, 0.25021441118872684, 0.2494765889385472,
    0.24352438942245816, 0.23582040000221002, 0.21957445436197778,
    0.21688335745230966, 0.22844542951687521, 0.21679847979027292,
    0.20908100838246552, 0.2105955724482951, 0.20845698532850845,
    0.20628068984850592, 0.2011309191584587, 0.2028183123987654,
    0.20686247426530588, 0.20072338762490646, 0.20324722969013712,
    0.19779863726833594, 0.19636377530253452, 0.2001768878620604,
    0.19524971914032233, 0.19688124533580698, 0.20363823713167853,
    0.1990980467070704
  ],
  "train_ious": [
    0.44210216816028824, 0.48071044613269776, 0.5033699531054152,
    0.516624700817941, 0.5282962142989257, 0.536362619071767,
    0.5449215851562178, 0.5502361425239107, 0.5562564987365317,
    0.5583867890409372, 0.5653589596782906, 0.5686325730512974,
    0.5697649823690671, 0.5753318285704523, 0.5784865274377489,
    0.5788520739778226, 0.5815897820706383, 0.5855406774342921,
    0.5886578365512516, 0.5891415219268071, 0.5911547643119008,
    0.5949025491549486, 0.594863654424747, 0.5968298590269641,
    0.5979303473579711
  ],
  "val_ious": [
    0.473534453822219, 0.4867681218446164, 0.4869289552603943,
    0.5119447129360143, 0.5110061215101809, 0.5423312894460084,
    0.5446028238621311, 0.5370766499984093, 0.5499192112381909,
    0.5630245446294978, 0.5635899045113204, 0.5597272819798925,
    0.5599587004685748, 0.5735509308136029, 0.5704097007063852,
    0.5698404720296031, 0.5719381838605024, 0.5763067745644114,
    0.5827895528164462, 0.5818838744923689, 0.5752299002547193,
    0.5839645836664282, 0.5842606336742207, 0.5744598056527151,
    0.5694774953999382
  ],
  "training_time": 522.3781361579895,
  "avg_gradient": 0.0042722969792017935,
  "memory_usage": 1063.56640625
}
