{
  "train_losses": [
    0.2798309734334116, 0.25403407799161, 0.24288352748946004,
    0.23353253774668858, 0.22706698440015316, 0.2230051579358785,
    0.2190213465820188, 0.2152471022437448, 0.2109020407433095,
    0.20979672970007296, 0.20715056440752486, 0.20414495395253535,
    0.2042679826364569, 0.20155087510204833, 0.19937736038928447,
    0.19699021477414214, 0.1966980776709059, 0.19642860256135464,
    0.19357302282815395, 0.19331365402625955, 0.19165613834300768,
    0.19092500768601894, 0.1894372556682514, 0.18847272698969944,
    0.18890840479213258, 0.18627573071938494, 0.18571303963013316,
    0.18545224347516245, 0.1842344482631787, 0.18267897613670514,
    0.18190063957286917, 0.1809232575090035, 0.18050058388515658,
    0.18042858722417252
  ],
  "val_losses": [
    0.2654444850657297, 0.25200353692407196, 0.2409042939543724,
    0.22972476741541986, 0.2248209847704224, 0.22162457814683084,
    0.2272155404738758, 0.21927598377932672, 0.22276741363432095,
    0.21639678303314291, 0.2094547084492186, 0.2090795441814091,
    0.20261780788069186, 0.20619229518848917, 0.20086665613495785,
    0.199406368576962, 0.19958031404277551, 0.20327341977668845,
    0.19765468460062277, 0.1986855553544086, 0.20332993826140527,
    0.2036368072680805, 0.1968559337698895, 0.19898433043904926,
    0.2017370332842288, 0.19308104528033215, 0.20231351580308832,
    0.19752077369586282, 0.19752673901941464, 0.19648694603339487,
    0.19411570222481436, 0.19075598600118057, 0.19409759310276611,
    0.20373957863320474
  ],
  "train_ious": [
    0.43954790289770246, 0.48313244691361523, 0.5017284361132675,
    0.5180826947848864, 0.5285212117908656, 0.5365982658459223,
    0.5428011611481942, 0.55024676176085, 0.5581448681760524,
    0.5596211909491947, 0.5649342018625008, 0.569868031754226,
    0.5695356299047889, 0.5747429438583225, 0.5786706200544383,
    0.5823816138765087, 0.5835465022727198, 0.5840712405633236,
    0.5889794635383981, 0.5894947630771696, 0.5919617414474485,
    0.5939068471391996, 0.5960357909941159, 0.5980898541384848,
    0.5976012668207935, 0.6020251989256644, 0.6035957274877507,
    0.6033523891499075, 0.6054923107874567, 0.6080987933969152,
    0.6090662001051766, 0.6108137839406294, 0.6119025942963969, 0.61116209593804
  ],
  "val_ious": [
    0.4575926069764124, 0.4936274080604748, 0.5086184039280034,
    0.5233541809130408, 0.5293819944279783, 0.5412610287683598,
    0.5189654682425484, 0.5449830336847168, 0.5289290922059527,
    0.543657130305318, 0.5599660845338434, 0.5679675422716832,
    0.5725020310585051, 0.5678762681242346, 0.5739194446283838,
    0.5793802131345307, 0.5758505152619405, 0.5770145710827649,
    0.5778120306954867, 0.5772224874168203, 0.5664975342975146,
    0.5765802167032076, 0.5810928070458813, 0.5822410777859066,
    0.5824122212935184, 0.5915564596652985, 0.5772224893604501,
    0.5858532563931699, 0.5833385973304942, 0.5902077998372091,
    0.5925038618885953, 0.5951321595820828, 0.5883054467646973,
    0.5807502239510633
  ],
  "training_time": 707.2162806987762,
  "avg_gradient": 0.00451110011576635,
  "memory_usage": 1063.56640625
}
