{
  "train_losses": [
    0.2793528389023698, 0.2573526523521413, 0.24339761495914147,
    0.23441932147935682, 0.22943534159465975, 0.22310810390373934,
    0.2196550970978063, 0.21674601191087908, 0.21288488335583522,
    0.21032866406375947, 0.20782033175877904, 0.206646757443314,
    0.20445518665339635, 0.20328346923317597, 0.20072600860958514,
    0.19962813518941402, 0.1971905501154454, 0.19709292499591474,
    0.1957043985147839, 0.19313347663568414
  ],
  "val_losses": [
    0.2679334512871245, 0.24905355339464935, 0.24996914844150128,
    0.24237149921448334, 0.22440811117058215, 0.22439899004024008,
    0.22365666699150336, 0.2135710165552471, 0.2097015604376793,
    0.20895439937062885, 0.2142040039534154, 0.20745014172533285,
    0.20802547231964444, 0.20428739552912506, 0.20202437626278918,
    0.20308227156815323, 0.20254763086204944, 0.2010727923201478,
    0.1999947720247766, 0.2132350235529568
  ],
  "train_ious": [
    0.4384369903338558, 0.47611441182485553, 0.5010164852753498,
    0.5169627077715552, 0.5256906189294395, 0.5362802439679701,
    0.5432063346809674, 0.5472698929733125, 0.5552392228627985,
    0.5588054666700573, 0.5640361923994363, 0.565996060039902,
    0.5693571367773458, 0.5712431891132955, 0.5762836914779482,
    0.5781332097839619, 0.5826865629279526, 0.5819637332705484,
    0.5847827062766622, 0.5892285135021248
  ],
  "val_ious": [
    0.4511386554526246, 0.49209605340940354, 0.48516329550656734,
    0.49761812734431105, 0.5325946186979612, 0.5292657582440238,
    0.5361965916294981, 0.5478093376842097, 0.5607985590679059,
    0.5622266932674076, 0.5603198432835981, 0.5618605406387995,
    0.5653876953798792, 0.565993301678395, 0.5716311430585557,
    0.5726316296967906, 0.5713271831256757, 0.5775093047515205,
    0.5779389490683873, 0.5581162751152894
  ],
  "training_time": 417.40066385269165,
  "avg_gradient": 0.005221714478686319,
  "memory_usage": 1063.56640625
}
