{
  "train_losses": [
    0.2795576825737953, 0.2543893867050824, 0.24345199698987213,
    0.2337241397117791, 0.2280388672876617, 0.22298860533729845,
    0.2187230012825002, 0.2144435249754916, 0.21141247030185617,
    0.21041959961471352, 0.20759921852985155, 0.20572675610690014,
    0.2041183056552773, 0.20311638235074023, 0.2014671157559623,
    0.199127070200832, 0.19895843934753668, 0.19643266766291598,
    0.19541666178923586, 0.1944970035034677, 0.19418101733469445,
    0.1924089708405992, 0.19203063408317772, 0.18937292249630328,
    0.188728716791324, 0.18713299654748128, 0.18722593711446162
  ],
  "val_losses": [
    0.2659266979798027, 0.24878170082102652, 0.23914152804924094,
    0.24326442765152972, 0.22358111810425055, 0.23633619851392249,
    0.2121987530718679, 0.2149780454195064, 0.2176237060971882,
    0.2115594871018244, 0.21453880259524222, 0.21166337702585303,
    0.20553492851879285, 0.2017895401172016, 0.21012281205343164,
    0.20441756656636362, 0.2010681583829548, 0.20058147479658542,
    0.2008861837827641, 0.20067113152016763, 0.2042523311532062,
    0.19527823769527933, 0.2097049284240474, 0.19366656211407288,
    0.19431597318338312, 0.1985443250640579, 0.19724839893372162
  ],
  "train_ious": [
    0.43801399202936375, 0.4806149206191734, 0.5008426776992669,
    0.5174755457572744, 0.5279443841967463, 0.5366712486290409,
    0.5428573326680108, 0.5506797677742828, 0.5560537986457351,
    0.5572613133792431, 0.5625879668455191, 0.5663395941905357,
    0.5690406793593497, 0.5711050356427829, 0.5738144489410133,
    0.5778397430220376, 0.5778357381729978, 0.5821356869478155,
    0.5855526244942694, 0.5868551552943565, 0.587157704907915,
    0.5896955340344835, 0.5910147437150929, 0.5953272807317367,
    0.596189209840436, 0.5989230693574402, 0.5989024286036905
  ],
  "val_ious": [
    0.453142996283545, 0.48824371894200647, 0.5076588106112204,
    0.5007443118138589, 0.5402697339869927, 0.5126472833579865,
    0.5574431193695552, 0.5460323162268902, 0.5432917580440426,
    0.5612589475037396, 0.5424553125664806, 0.5594819266942964,
    0.5688340709261273, 0.5758240229409676, 0.5600299014561417,
    0.5700198455133298, 0.5785267180290777, 0.5738582335736442,
    0.5770044743582821, 0.5768164387647657, 0.5680687188886213,
    0.5855899571940519, 0.5708797254424163, 0.5917974788209666,
    0.5906410169774207, 0.5819957310306854, 0.5775892665420753
  ],
  "training_time": 562.0311594009399,
  "avg_gradient": 0.0038688849329326256,
  "memory_usage": 1063.56640625
}
