{
  "train_losses": [
    0.2815195780409419, 0.25612657752050005, 0.24310683685800302,
    0.2337895883652179, 0.2284931316161933, 0.22346839932319912,
    0.21883617730244345, 0.21774191368857157, 0.21333478099626044,
    0.21154813419865526, 0.20830561755144078, 0.20622237091479095,
    0.2046920344557451, 0.20288022615663384, 0.20052694213455138,
    0.2000642800298722, 0.1994513475700565, 0.1954433038506819,
    0.19456000642284102, 0.19490261262525682, 0.19421334532291992,
    0.19066050065600354, 0.1899218226418547, 0.1889735643306504,
    0.18814795302308124, 0.1873031040734571, 0.1878846811697535,
    0.18617137894034386
  ],
  "val_losses": [
    0.2657316981450371, 0.2497961806214374, 0.2576313002601914,
    0.2319653821380242, 0.22409617188184158, 0.2216818682525469,
    0.22181525308152902, 0.21702310313349185, 0.2234484806008961,
    0.21168530440848807, 0.2220824927739475, 0.2124042860839678,
    0.2035754776519278, 0.2033418828378553, 0.2028321724223054,
    0.2118401485292808, 0.2003926249301952, 0.2004424346529919,
    0.19907970629308536, 0.20791808321424152, 0.2181710338462954,
    0.19849352959705435, 0.19535696247349615, 0.19466213720000308,
    0.2006182022716688, 0.2029740194911542, 0.1940237918625707,
    0.20178915041944254
  ],
  "train_ious": [
    0.4349350734897282, 0.47865407633176754, 0.5025205090641979,
    0.5180245232700869, 0.5271093199110547, 0.5361084775540274,
    0.5434058145552436, 0.5462254043938454, 0.5537911596019627,
    0.5573507287688012, 0.562840484649591, 0.5665707487235039, 0.56921345125074,
    0.5723783474793465, 0.5767903791713541, 0.5771754859150319,
    0.5784087532024452, 0.5853590068501838, 0.5871544583984045,
    0.5866981399232063, 0.5875435352757359, 0.5937990321089393,
    0.5945438138492729, 0.5970104617755049, 0.5984386540949346,
    0.5997247154945909, 0.5992851814498071, 0.6016484097294189
  ],
  "val_ious": [
    0.4638219953015233, 0.49531693680994765, 0.4885404359387316,
    0.5153197219622309, 0.5288357290884724, 0.5375924175200254,
    0.5416650137175685, 0.549677730470464, 0.5360682846411414,
    0.559011264771655, 0.5433274490245875, 0.5578498360903367,
    0.5661823464476544, 0.5718070320461106, 0.574310953202455,
    0.5565989643767261, 0.578243354956309, 0.5762173364991728,
    0.5803410927022713, 0.5675784837508546, 0.5663837058388668,
    0.5762967538574467, 0.5836306177619572, 0.582511775303578,
    0.5790294128051702, 0.574939513767975, 0.5912841342497561,
    0.5721166716969533
  ],
  "training_time": 584.1796159744263,
  "avg_gradient": 0.006635536003476108,
  "memory_usage": 1063.56640625
}
