{
  "train_losses": [
    0.2793134328625772, 0.25521401072973793, 0.24218385075421436,
    0.233006721281487, 0.22814445400043673, 0.22303683480814748,
    0.21866753575918468, 0.21570965493826763, 0.21355699553437854,
    0.21017375977142996, 0.20809478903918163, 0.2083743413829285,
    0.20370265339379726, 0.20356684817892054, 0.2012216310300257,
    0.19981784665066263, 0.19843339166887428, 0.19764481719745242,
    0.19710667739095894, 0.19471285994286122, 0.19366551603636015,
    0.1921685251366833, 0.19130732378234033, 0.1905207590240499,
    0.188611611318977, 0.18978084226989228
  ],
  "val_losses": [
    0.2724998450797537, 0.2569233354019082, 0.2358556088546048,
    0.2313291394840116, 0.22036824116240378, 0.23030301151068314,
    0.21871114295461905, 0.21428250391846118, 0.2153491656417432,
    0.21169983822366464, 0.20709842508253845, 0.22630281487236853,
    0.2152665953921235, 0.20354346153528793, 0.2062685515569604,
    0.20282519252403922, 0.20218234412048175, 0.2022881708715273,
    0.20330799597760904, 0.2053845868162487, 0.20008282136657965,
    0.19513929246560388, 0.19611544939486877, 0.1943075439852217,
    0.1976701513580654, 0.20779095071813333
  ],
  "train_ious": [
    0.43712323811369197, 0.47922551510450634, 0.5034961262852818,
    0.5198413299369641, 0.528477585537062, 0.5361477934849866,
    0.5444243342170251, 0.5497183356758042, 0.5527787327064554,
    0.5593477902205093, 0.562345069333695, 0.5622339213024017,
    0.5698745437506316, 0.571298737780771, 0.5749086987605129,
    0.5775225084221018, 0.5794780253824114, 0.5810935816093196,
    0.5823474887056631, 0.5866251378387648, 0.5881984320239743,
    0.5910496871540512, 0.5924039848040843, 0.5942741552556768,
    0.5969364293243575, 0.5954188766038937
  ],
  "val_ious": [
    0.4554952360365701, 0.4662541206116259, 0.5129264904105144,
    0.5286161433095518, 0.5430702219406766, 0.5171640875978746,
    0.5403837931976802, 0.5533240515252817, 0.553527751694555,
    0.5593939855478812, 0.5623544322839683, 0.539051007533419,
    0.5556534081697465, 0.563887106983558, 0.5615168419005216,
    0.5731361426305079, 0.5716756454844405, 0.5774998945602472,
    0.5601848234301029, 0.5716460051311963, 0.5785924679991129,
    0.5808239017707714, 0.5836349412582924, 0.5896765758161959,
    0.5858554403850998, 0.5711978857499966
  ],
  "training_time": 541.6578481197357,
  "avg_gradient": 0.007555708262961872,
  "memory_usage": 1063.56640625
}
