{
  "train_losses": [
    0.27712580594031705, 0.25356599073047226, 0.23843264458296093,
    0.23142680436696694, 0.2244661967067615, 0.22210684021853883,
    0.21742695278447607, 0.21422593368460302, 0.21109841140392033,
    0.20876124347357647, 0.2068057424672272, 0.20490941899302212,
    0.20345374253457008, 0.20082265057641527, 0.19989710973332758,
    0.1989366336847129, 0.1974520440334859, 0.1964066159789977,
    0.19415294840607955, 0.19226855841343818, 0.19168059430692508,
    0.19051397664715414, 0.19002596143147218, 0.18801197126183822,
    0.1876103022824163, 0.1871914894360563, 0.18605429185149464,
    0.1842647432147161, 0.1834544571035582, 0.18243494573170724,
    0.18300102472953175, 0.18111829087138176, 0.18243466665887315,
    0.1796505278705255, 0.17936793568989504, 0.1792890161437833,
    0.17687998938819635, 0.17741189152002335, 0.17652012067644493,
    0.17613226960858572
  ],
  "val_losses": [
    0.2578581040320189, 0.25297048396390415, 0.23905903846025467,
    0.22626201678877292, 0.2268815675507421, 0.2205050117943598,
    0.21853997720324475, 0.20977989130693933, 0.21275405229433722,
    0.21183158198128577, 0.21281916097454404, 0.20439841857422952,
    0.20330199242933936, 0.2107949341120927, 0.21256165595158286,
    0.21169560953326846, 0.2003679528184559, 0.1992053421943084,
    0.19934448761784512, 0.20044917937206186, 0.19770253125740134,
    0.1943107396364212, 0.19385655127141788, 0.1961297778331715,
    0.197369572908982, 0.20429065467222876, 0.1933100317483363,
    0.1960610241993614, 0.19033733107473538, 0.19033399872157886,
    0.19530822271886078, 0.19155070185661316, 0.1933525875210762,
    0.19342792358087457, 0.19400266914264017, 0.18841859374357306,
    0.1914777205042217, 0.19036037636839825, 0.18984128470006195,
    0.19192686450222265
  ],
  "train_ious": [
    0.44005565807911673, 0.482704869080065, 0.5087887598066656,
    0.5225257345515749, 0.5332626575145171, 0.5372162133833205,
    0.5462863300589547, 0.5514243203552739, 0.5574099275728932,
    0.5618929675361816, 0.5645583067899167, 0.5677233907947505,
    0.5708291986822217, 0.5748723058596904, 0.5772627525139545,
    0.5786020332488461, 0.5808665867408981, 0.5837194187485654,
    0.58733158196876, 0.5897323779113914, 0.5912590774073115,
    0.5931279916262282, 0.5949609717489155, 0.5977437778011614,
    0.5986561120312281, 0.5991475748411123, 0.6009320521160312,
    0.6046665543555347, 0.6062407067072566, 0.607981931256211,
    0.6075899477886118, 0.6098477296747159, 0.6082299505022988,
    0.6122557378333547, 0.6129573845453024, 0.6136125140431998,
    0.6179666863079519, 0.6164759699309219, 0.6182021123451598,
    0.6186952245408215
  ],
  "val_ious": [
    0.4729771295535392, 0.46310112630759454, 0.5062347953950149,
    0.5292207693708114, 0.5354081288627957, 0.5404230832405712,
    0.5398820499363154, 0.5619049813004507, 0.5578022376782654,
    0.559300170428511, 0.5602209986983865, 0.5721478123163832,
    0.5726769957421483, 0.5614065592703611, 0.5653152515490849,
    0.5469852893248848, 0.5786050482504611, 0.5779540422170057,
    0.5793921593306722, 0.5789875053409217, 0.5872084215499352,
    0.5900343479453654, 0.5916806891344596, 0.5882107261298359,
    0.5806679418985394, 0.569785506181095, 0.5926891047021617,
    0.5892482274684354, 0.5960811955341394, 0.5948769633752713,
    0.5891675547413204, 0.5920531855545182, 0.5950107166300648,
    0.5912526683962864, 0.5880343734786131, 0.5980897962615109,
    0.6003895728052525, 0.5958451324183008, 0.5999640951985898,
    0.5944982201292894
  ],
  "training_time": 833.3918030261993,
  "avg_gradient": 0.003711467068130718,
  "memory_usage": 1063.56640625
}
