{
  "train_losses": [
    0.28054756946537807, 0.2547679185543371, 0.2439552503435508,
    0.23589141942236735, 0.2290764810598415, 0.22363412323529305,
    0.2206426354368096, 0.21684978837552277, 0.21306801967970704,
    0.21070658731395783, 0.20793121348580587, 0.20649599300130553,
    0.20385182899949345, 0.20207190124884897, 0.20166680816075075,
    0.20037838063486244, 0.1976974600845057, 0.19678285061989143,
    0.19566304690164069, 0.1941886996931356, 0.1926313451612773,
    0.1917923173016828, 0.19033914415732675, 0.18865575544212176,
    0.1884738500027553, 0.18701672027616398, 0.18654270956049795,
    0.1864810818401368, 0.18337868332214977, 0.1829799471180076,
    0.18424522844345673, 0.18429058887388394, 0.18072479469296726,
    0.17994771387590014, 0.18082872672897318, 0.17920266812586266,
    0.1799194692917492
  ],
  "val_losses": [
    0.2720397895444994, 0.24479146463715512, 0.24694396587817566,
    0.23482212294702945, 0.2208370841715647, 0.22087765647017438,
    0.21704115718603134, 0.2175533515603646, 0.21413286580987598,
    0.21351802705422693, 0.23113646228676257, 0.21016516115354456,
    0.20522830084614133, 0.20808068338943564, 0.20177307141863782,
    0.20192308011262314, 0.19863642266263132, 0.2004505768418312,
    0.2000876723424248, 0.1944549741304439, 0.193966093270675,
    0.19490235525628793, 0.19727178889772165, 0.19643368021301602,
    0.19405304446168567, 0.192489810935829, 0.19583700791649197,
    0.19124766244836475, 0.18921631898569025, 0.1900160238146782,
    0.19056672602891922, 0.19272434387518012, 0.19010933099881464,
    0.19773512139268543, 0.18741880065721014, 0.1895295938719874,
    0.19862459697153256
  ],
  "train_ious": [
    0.4393727177403111, 0.48111918547015264, 0.5002224515259694,
    0.5152907402835032, 0.5267747671113926, 0.5352670659405598,
    0.5398933201272418, 0.5479770645607206, 0.5535220301345635,
    0.5581134952928709, 0.5627619431934496, 0.5654131227537342,
    0.5698906771190785, 0.574140262776527, 0.5744438026694284,
    0.5761303911930409, 0.5811820364948632, 0.5826587274238682,
    0.5851857866821945, 0.5873255129849562, 0.5902441633136377,
    0.591191599820403, 0.5936496042902915, 0.5969151470648203,
    0.5973872837165131, 0.5997575982541278, 0.6004205263503218,
    0.6002559681841425, 0.6055906828546869, 0.6064695333657056,
    0.6048324317063972, 0.6047059533496697, 0.6104727258392865,
    0.6118920996137286, 0.6101426837452947, 0.6135224535305431,
    0.6120459446008656
  ],
  "val_ious": [
    0.4623022721945378, 0.50343256055013, 0.5093319369614988,
    0.5085798048454783, 0.5441269985791567, 0.542089812349582,
    0.546570925824884, 0.5449608175650886, 0.5592624876594199,
    0.5547741357830989, 0.5329982771173766, 0.5619679603023805,
    0.5704176681845082, 0.5684576158722242, 0.5702457037092982,
    0.5794086523246074, 0.5782401956941771, 0.5759842976711801,
    0.5804372051919716, 0.5859150221382363, 0.5920409346404282,
    0.5853917164647061, 0.584064784689226, 0.5810667145727336,
    0.5890597832807597, 0.5941316820141198, 0.5913117588430211,
    0.5957528594611347, 0.5983718804259232, 0.5979335023009258,
    0.5941705187593679, 0.5934035017870475, 0.5953459534524144,
    0.5877582957779152, 0.6038468190725298, 0.601757672169934, 0.580471533148185
  ],
  "training_time": 770.7261300086975,
  "avg_gradient": 0.005148839739686277,
  "memory_usage": 1063.56640625
}
