{
  "train_losses": [
    0.2815098066854736, 0.2568443219136933, 0.24430534632309622,
    0.23650012230095657, 0.22945752788497054, 0.22461739166275316,
    0.22022130801949813, 0.2168949243977018, 0.21403349693054738,
    0.21156383637824785, 0.20762199544064378, 0.2065168386730163,
    0.2039591716197522, 0.2021895035615434, 0.20045189794314944,
    0.19920179571794427, 0.19735676949114903, 0.19569476361831892,
    0.19462342147269976, 0.1927158193581778, 0.19314777818710907,
    0.19234690588453543, 0.18942626355134923, 0.187927031484635,
    0.1877309202985919, 0.18879476610733115, 0.18499404054297053
  ],
  "val_losses": [
    0.2654905798642532, 0.25235918650160666, 0.24573871072219766,
    0.23589695892904117, 0.23345972306054572, 0.23070723077525263,
    0.21944670832675436, 0.22666077931290088, 0.21996262216049692,
    0.21304508007091025, 0.21060595531826434, 0.21325747603955475,
    0.20614472193562466, 0.20730522825666095, 0.20417566759430844,
    0.20076379568680472, 0.20129160874563715, 0.2040266993901004,
    0.19880980415188748, 0.19760393351316452, 0.19930025708416235,
    0.199865543971891, 0.19746197177016217, 0.19577960086905438,
    0.19792904769596847, 0.19242002329100732, 0.19998917631481006
  ],
  "train_ious": [
    0.4345300845342919, 0.4756730859964219, 0.49966895593789157,
    0.5130334681142934, 0.5254735526885246, 0.5336183939884966,
    0.5411311051929776, 0.5464835390178624, 0.5524411942755834,
    0.5570035107649756, 0.5634790114194587, 0.5653475480343121,
    0.5704370958973533, 0.573154186478991, 0.5766929219058458,
    0.5775917095766553, 0.5817805200923181, 0.5844877434057602,
    0.5862454987414504, 0.5901105366647242, 0.5881785039344561,
    0.5907831062981179, 0.5957847722954511, 0.5970840013545494,
    0.5986523562367411, 0.5967686952672141, 0.6031613999950716
  ],
  "val_ious": [
    0.45847602264172793, 0.4892324818217237, 0.4982931404442027,
    0.5116568407502727, 0.5192239508032799, 0.5238661217516747,
    0.5432326886532964, 0.5295677081398341, 0.5437838047526885,
    0.5573824136585428, 0.5590931777504907, 0.5552125456540479,
    0.5661903911310694, 0.5683963344148968, 0.5749214360679405,
    0.5758832818356112, 0.5786946044451949, 0.5693902066652325,
    0.5787731385317401, 0.5875700221977371, 0.5836896399656932,
    0.5780678348264834, 0.5850540870341702, 0.5857964188292409,
    0.5809240803338479, 0.5955255109330883, 0.57703810757485
  ],
  "training_time": 562.0525190830231,
  "avg_gradient": 0.0058371781931075796,
  "memory_usage": 1063.56640625
}
