{
  "train_losses": [
    0.28054211215804453, 0.25386249711332115, 0.24203342555657678,
    0.2325827510136625, 0.22606485822926398, 0.22009589717439984,
    0.2163289037897535, 0.2127167273150838, 0.20909400535342487,
    0.20770912690331106, 0.20633224762328292, 0.20395107964134734,
    0.202032713300508, 0.19958454435286316, 0.1977699552865132,
    0.1956958957016468, 0.19518335317463978, 0.1942748045143874,
    0.19470867765662464, 0.1911152422266162, 0.19053192266627497,
    0.18867988115095574, 0.18963205385143342, 0.187489853443011,
    0.18659479648846647, 0.1854565913748482, 0.18479948903879392,
    0.18284202512839567, 0.18481012296093546, 0.18338496788688327,
    0.17958199516262696
  ],
  "val_losses": [
    0.2619058946552484, 0.2494747573914735, 0.24012405587279279,
    0.22791892128146213, 0.24374854370303775, 0.2211271919634031,
    0.23128627046294833, 0.2169641343795735, 0.21264408431623294,
    0.2124082118920658, 0.20843823578046716, 0.20896588265895844,
    0.20505757014388623, 0.20360220482815866, 0.2019048106411229,
    0.20532834173544592, 0.20259681344032288, 0.20151546629874603,
    0.2002039807646171, 0.20635862810456235, 0.19976450632447781,
    0.19675470370313394, 0.19798888363268063, 0.1950904914866323,
    0.20254502283490222, 0.19602490572825723, 0.19591195719397586,
    0.19758129735355792, 0.19438500702381134, 0.19616356492042542,
    0.1991054240776145
  ],
  "train_ious": [
    0.43845582024558744, 0.48242087608230316, 0.5030668254239836,
    0.5199282688723094, 0.5312067595027062, 0.5406700597023186,
    0.5482183017808459, 0.5545678831690894, 0.5610120593961596,
    0.5624784030344173, 0.565207905203536, 0.5704176828157214,
    0.573751144435095, 0.5778328621409075, 0.5806852699513882,
    0.5843618547246939, 0.5860587277490159, 0.5871777311507346,
    0.5865891729144083, 0.5933667130876278, 0.5933505681113921,
    0.5975413185314854, 0.5956439847207589, 0.5992161023659984,
    0.6014254772360771, 0.6031407883417775, 0.6042814064177052,
    0.6077917175016544, 0.6047960837250168, 0.6066587888028306,
    0.6132494129132534
  ],
  "val_ious": [
    0.47077620947274607, 0.49145622486653534, 0.501465194899103,
    0.5298271822756615, 0.4989987815851749, 0.538871623467708,
    0.5296992575344831, 0.5387203392127287, 0.5570058721131173,
    0.5495579010550526, 0.5610484318888707, 0.556980865157169,
    0.5661101231108542, 0.5670212336640427, 0.5692264653634335,
    0.5698311469261196, 0.5730572092360342, 0.5721228310595389,
    0.5760424206222312, 0.5697997039642887, 0.581395409029463,
    0.5806399836488392, 0.5827139117147613, 0.5889743171308353,
    0.5754302591085434, 0.5801395553609597, 0.5873936632837073,
    0.5854354671378066, 0.5874950950560363, 0.5844323404025341,
    0.5801037053267161
  ],
  "training_time": 646.1467666625977,
  "avg_gradient": 0.0031450920601784602,
  "memory_usage": 1063.56640625
}
