{
  "train_losses": [
    0.28330688243326935, 0.26073914685327076, 0.24938823752429173,
    0.23950460707039936, 0.23320480913895628, 0.22808337754205518,
    0.22364323821080767, 0.2195129546782245, 0.21566967552770738,
    0.21271368124238824, 0.20981869247296583, 0.20874262155722018,
    0.20569312669660733, 0.20371144896616106, 0.20312785033298575,
    0.2012559562597586, 0.1984252359556115, 0.19892727786108202,
    0.19552627521688523
  ],
  "val_losses": [
    0.29530796052321145, 0.2560329715842786, 0.24766516102396924,
    0.23750086808982102, 0.24214596366104874, 0.22421655868706497,
    0.2242675261652988, 0.21482168980266736, 0.21575326051401056,
    0.21302475164765897, 0.20663347192432568, 0.20483470092649045,
    0.20448437041562537, 0.2021970016800839, 0.20979364767022754,
    0.20603717960741208, 0.19836815867734992, 0.2045995641661727,
    0.21629294753074646
  ],
  "train_ious": [
    0.4325308137897239, 0.46961979573403545, 0.49089399538934225,
    0.5080697986742727, 0.5190699171490857, 0.5280381938091656,
    0.5361338580108208, 0.5429459746819044, 0.5493463689488344,
    0.5541353878173713, 0.5599384994070601, 0.5614588716863724,
    0.5666045953074229, 0.5693004640980044, 0.5722458708653414,
    0.5744970467319522, 0.5786777979869776, 0.5780444791999415,
    0.5839611092123433
  ],
  "val_ious": [
    0.43410180465898646, 0.4820121339913728, 0.5018636555127477,
    0.5115479453318361, 0.5084478700722472, 0.5384509752410045,
    0.5395880222752476, 0.5486939406913259, 0.5488822359753692,
    0.5540236722731935, 0.5659653894279315, 0.5670149870540786,
    0.5705425456382226, 0.5704277233369109, 0.567737559477488,
    0.5554843540640845, 0.5770876971275911, 0.571932868897051,
    0.5402948277584021
  ],
  "training_time": 395.56454610824585,
  "avg_gradient": 0.0034493553388657812,
  "memory_usage": 1063.56640625
}
