{
  "train_losses": [
    0.2786398780248735, 0.25529277348971885, 0.24459966239721878,
    0.23543334468875243, 0.22741343890843185, 0.22388688312924426,
    0.21775089042342227, 0.21609752042138058, 0.21225792485410752,
    0.2088592650125856, 0.20819651497446973, 0.2060460699317248,
    0.20266853791216147, 0.202093285953869, 0.19966774506737356,
    0.1992803604706474, 0.19580074456398902, 0.19559204497415086,
    0.19384568832490756, 0.192019735098533, 0.1922152265096488,
    0.1908616013015094, 0.1897498858363732, 0.1885055138365082,
    0.18727008536781953, 0.18688125511550385, 0.18486728122376878,
    0.18546009509135847, 0.1834677358198425, 0.18330040906110537,
    0.18206927342259366, 0.18094602494460085, 0.1819861815513476,
    0.18075712146642414
  ],
  "val_losses": [
    0.26263353941233264, 0.25031796454087546, 0.27199955187414004,
    0.22962852243496024, 0.24329225848550382, 0.22568120904590772,
    0.21469593987516736, 0.21841125967709915, 0.21075399965047836,
    0.21105688939923825, 0.21290479211703592, 0.19987295697564664,
    0.20353575633919757, 0.22723714489003885, 0.19994318582441495,
    0.19924998639718347, 0.19533905872832175, 0.19717220864866092,
    0.196146703608658, 0.20057177057732706, 0.19444409952215527,
    0.19922664534786474, 0.19639788373656894, 0.19027019648448282,
    0.19400504393422086, 0.19395071527232294, 0.19365878727125085,
    0.1914032879083053, 0.19194892826287643, 0.19336933934170267,
    0.18991472960814185, 0.1934732344487439, 0.1883593428394069,
    0.18980660224738327
  ],
  "train_ious": [
    0.4389436193066986, 0.479217636547443, 0.49896434988772537,
    0.514604562353613, 0.5282799865294625, 0.535092933346396,
    0.5456429008880389, 0.5484273833749089, 0.5547315604390871,
    0.5613987169943859, 0.562803118692144, 0.5663034815503201,
    0.5714955438954246, 0.573410844673281, 0.5774210594540486, 0.57816397447301,
    0.5848281470437844, 0.5848571875173112, 0.5881257990132207,
    0.5914134235269781, 0.5911717355467271, 0.5935315563194994,
    0.5958904315704023, 0.5975781495048513, 0.5998381905365681,
    0.6008635503982288, 0.603699928446524, 0.6029245249819061,
    0.6064549792503963, 0.6076380537579887, 0.6086753485859304,
    0.6106406840077346, 0.6092166699793029, 0.6109075105168682
  ],
  "val_ious": [
    0.4692916102383447, 0.4723595731716226, 0.44468792171581917,
    0.5249592547399411, 0.5117083687497221, 0.5335822593474734,
    0.5523177321622336, 0.5483711162123129, 0.5555993413579637,
    0.5609942670317665, 0.5607619691586148, 0.5763137353503186,
    0.5706805312547132, 0.5268369874228602, 0.5806296169757842,
    0.571808306419331, 0.5817636644494705, 0.5803073469711385,
    0.5822102135938146, 0.5768698255221049, 0.5861442592264949,
    0.581849314596342, 0.5831515372231388, 0.5930664807126143,
    0.5871422269206115, 0.5822682354761207, 0.5914067597924798,
    0.5888643454814302, 0.5918783867272779, 0.590905264019966,
    0.596082776784897, 0.5888463280339171, 0.5991429248149843,
    0.5906834587238836
  ],
  "training_time": 709.1217472553253,
  "avg_gradient": 0.0023802451036619566,
  "memory_usage": 1063.56640625
}
