{
  "train_losses": [
    0.2820294066129819, 0.25768085172318894, 0.2460330691512512,
    0.23807894033582314, 0.23309678973063178, 0.2260019605088493,
    0.2240245850837749, 0.21870891587889713, 0.21616366959136465,
    0.2130908511741006, 0.21060080591427244, 0.20837496528806893,
    0.2068417286095412, 0.20405682921409607, 0.2027373152744511,
    0.2006819153447514, 0.2005116838313963, 0.19874786925704582,
    0.19604564045110476, 0.19437770626467207, 0.19319954101482165,
    0.19347765288599159, 0.1930130192928988, 0.19038861196326173,
    0.18953997633703376, 0.18919167716218077, 0.18818287956325905,
    0.18709739516286747, 0.18530944095033666, 0.1837310384473075,
    0.18389874680534654, 0.182724227723868, 0.18269784959114116
  ],
  "val_losses": [
    0.26187224912902585, 0.25234221731838974, 0.2555566083477891,
    0.2345577050810275, 0.23207908933577331, 0.2241783822360246,
    0.2266972042296244, 0.2145683639075445, 0.2178664213937262,
    0.21180063939612845, 0.2158715780014577, 0.21304582091777222,
    0.20162747929925504, 0.20725497797779416, 0.2016933045309523,
    0.20343955476646838, 0.20167910372433456, 0.197473738828431,
    0.19895593530457953, 0.19477533419495044, 0.2036344305328701,
    0.19794967997333276, 0.19403605519429498, 0.1966418066750402,
    0.19301449377899585, 0.1935005712768306, 0.19596772478974384,
    0.19442933020384415, 0.19077809900045395, 0.19078706496435663,
    0.19302012577005054, 0.1940213927756185, 0.19539537539948587
  ],
  "train_ious": [
    0.43572476681024913, 0.4755021949177204, 0.4971295148134233,
    0.5104879393525746, 0.5199612613659407, 0.5318672464269657,
    0.5356628191049978, 0.5449865005262519, 0.54887881618587,
    0.5549450697836239, 0.5598513273981172, 0.5635941438916802,
    0.5662826762899108, 0.5713635669022366, 0.5733514593347256,
    0.5764564833995225, 0.5775914703482306, 0.5806249322342699,
    0.5849603140267772, 0.5882744257864747, 0.5905482426177765,
    0.5900907132612622, 0.5905291595212792, 0.5953017173038014,
    0.5973339987297855, 0.5977127386823945, 0.5990466940878091,
    0.6010793006398538, 0.6042176983926612, 0.6073186173495176,
    0.6070311719524685, 0.6090578480583169, 0.6085342448474708
  ],
  "val_ious": [
    0.4653254828375318, 0.482543530455534, 0.47750883268705324,
    0.5194922915619352, 0.5140634862625081, 0.5300714416780333,
    0.5328785172407179, 0.5510313592959142, 0.5418909725503644,
    0.5602778906839482, 0.5514689832925798, 0.5602671072102977,
    0.5709606713574867, 0.5602719243885815, 0.5724341806726178,
    0.5723401474348012, 0.5757965048154196, 0.5803980257200159,
    0.5724706965080206, 0.5864023315733756, 0.5736386216637016,
    0.5789157543061435, 0.588792151083117, 0.5851710866326871,
    0.5844919621080592, 0.589568184769672, 0.5841266283954398,
    0.587305877951608, 0.5912613687307939, 0.5886550493862318,
    0.5919118810822999, 0.587861654767092, 0.5833062695852224
  ],
  "training_time": 689.7483909130096,
  "avg_gradient": 0.004843471804665358,
  "memory_usage": 1063.56640625
}
