{
  "train_losses": [
    0.27561456459048, 0.25319961255983164, 0.23960910518856152,
    0.23354530480244887, 0.22677792090436685, 0.22137646449972753,
    0.21888587526653125, 0.21454295985724614, 0.21041555232975795,
    0.20935690151932446, 0.20731735148507616, 0.20546413439771402,
    0.2028365962045348, 0.2005637888189243, 0.19879751150374828,
    0.1980727290653664, 0.19565012970048448, 0.1957786714901095,
    0.19323831270246403, 0.19349364588118118, 0.19158905679764954,
    0.18987541532386903, 0.18971750277863897, 0.1870210209618444,
    0.1868856756583504
  ],
  "val_losses": [
    0.26414509020421817, 0.26014215369587357, 0.24556255437757657,
    0.2445374717530997, 0.22797524054413257, 0.22867595533961835,
    0.2214323583504428, 0.21898280602434408, 0.21588982933241388,
    0.21440066850703696, 0.21787578321021536, 0.21826050300960956,
    0.2096895212712495, 0.2092469551641008, 0.20336422518543576,
    0.20049727902464246, 0.2018722010695416, 0.2041381179638531,
    0.20442343632812085, 0.1959255117437114, 0.1993042551304983,
    0.1960862214150636, 0.19857459320970203, 0.19478808926499408,
    0.20209337285031442
  ],
  "train_ious": [
    0.4448514954748806, 0.48344966998674754, 0.5077125582088161,
    0.5181735685986022, 0.5295583462153658, 0.5377468000557545,
    0.5437797303109061, 0.549959420186022, 0.5576375138176524,
    0.5603272940801539, 0.5640596731741357, 0.5664803939129133,
    0.5716339930136138, 0.5749882095209926, 0.5781663343634297,
    0.5800223193954728, 0.5843684652253336, 0.5839152835525464,
    0.5883353002153442, 0.5882097869787526, 0.5914720065783764,
    0.5939189178356229, 0.5948785393890266, 0.5990072059566561,
    0.5992913150592989
  ],
  "val_ious": [
    0.46939712698045, 0.4813726335979892, 0.4989765056449435,
    0.5011355256040891, 0.5343235844503278, 0.5267861325671708,
    0.540302229964215, 0.5384927254872045, 0.551275826342728,
    0.5457199175936589, 0.530543476127196, 0.552564137439797,
    0.5505246001741161, 0.5575754079913748, 0.5730405896902085,
    0.5773508898589923, 0.5775558326555335, 0.574601581995038,
    0.5658542803232222, 0.5874643042899558, 0.5755812590536864,
    0.5864347636267756, 0.5809732168049052, 0.5899320018032322,
    0.5703460632458978
  ],
  "training_time": 520.4492609500885,
  "avg_gradient": 0.0033067096581830178,
  "memory_usage": 1063.56640625
}
