{
  "train_losses": [
    0.2801532213292692, 0.25682325377736404, 0.2425018363510785,
    0.23523059924659523, 0.22883394797858986, 0.22318103447880433,
    0.21962450047873933, 0.21564445798487766, 0.2138800316530725,
    0.20999735180774462, 0.20700969474147196, 0.20668449698259,
    0.20468559982660023, 0.2026673814524775, 0.2008145071728074,
    0.1983545937615892, 0.1975837668970875, 0.19534899083816487,
    0.19490920930452968, 0.19436040901295518, 0.19264247478998225,
    0.19075393555280956, 0.18975312173690484, 0.18955713818254677,
    0.18882296833655107, 0.185678509671403, 0.18672832198764966,
    0.18513319479382556, 0.18303586939430755, 0.1828664099878591,
    0.18245553443937199
  ],
  "val_losses": [
    0.26753396216941916, 0.24878047924974692, 0.2307940789538881,
    0.22767141169827917, 0.22425020518510239, 0.2156970300104307,
    0.21447647654491922, 0.20643148441677509, 0.2118999546636706,
    0.20626313498486643, 0.20835260496191357, 0.20318816731805386,
    0.21103796848784323, 0.19673780092726584, 0.19763158909652545,
    0.19660119453202124, 0.19712426837371744, 0.19988373796577039,
    0.19916060307751532, 0.19436793191277463, 0.19416989580444668,
    0.19362657420013263, 0.19500186099954273, 0.19529609738484674,
    0.18891867476960886, 0.1974922551409058, 0.19032736867666245,
    0.18846600859061532, 0.1898133774166522, 0.186925043878348,
    0.19793504962454672
  ],
  "train_ious": [
    0.4386055072351102, 0.4771935765671987, 0.5020242366345896,
    0.5152378253152837, 0.5267024485097412, 0.5352835178213278,
    0.5421092967786221, 0.5487922357692234, 0.5528157573679219,
    0.5597616831461589, 0.5640162575612033, 0.5643893033805965,
    0.568723250936339, 0.5716113629008552, 0.5751245789553808,
    0.5795010144187922, 0.5811908266142659, 0.5848380010305104,
    0.585657482453878, 0.5861353607497355, 0.589326029022535,
    0.5929402129697626, 0.5952488968445772, 0.5952902122576166,
    0.5965012172102067, 0.6026800986973272, 0.5998789502334769,
    0.6033237122971081, 0.6068683917755666, 0.6068828274914321,
    0.608122165814258
  ],
  "val_ious": [
    0.4699703628818194, 0.48470606050197634, 0.5244028251888097,
    0.5233936323851781, 0.5317970251907473, 0.5483965490391288,
    0.5535653905160186, 0.5669290449308311, 0.5522272560907447,
    0.5657182356369668, 0.5544735225646393, 0.5657198683939116,
    0.5576662613429885, 0.5810966029547263, 0.5784696395630422,
    0.5808738908473995, 0.5848572290893913, 0.5794279728678687,
    0.579130970697472, 0.5809293839594591, 0.5899802688239276,
    0.5854923237061155, 0.5875399326500684, 0.5879090320372926,
    0.5956724167302035, 0.5831179711697758, 0.5903896533924599,
    0.588972723354464, 0.5989786243957022, 0.5982129308192627,
    0.5806530752907628
  ],
  "training_time": 645.2903959751129,
  "avg_gradient": 0.002678618347502298,
  "memory_usage": 1063.56640625
}
