{
  "train_losses": [
    0.2803886512537365, 0.2572152330337659, 0.24474611603047536,
    0.23599124902292437, 0.22946007420187411, 0.22631598539326503,
    0.22289681329351405, 0.2192604231607655, 0.21531597994591878,
    0.21298619959017503, 0.2106431600354288, 0.2088098386707513,
    0.20645362470784914, 0.20382210304555687, 0.20244780992684158,
    0.2021633262705544, 0.20006642798366753, 0.19881644091852332,
    0.19766593473437039, 0.1958491012616002, 0.19658062177831712,
    0.19204633763950804, 0.19221635729722356, 0.19171734842593255,
    0.19085084379691145
  ],
  "val_losses": [
    0.2989420391943144, 0.24534197929112808, 0.23832699850849484,
    0.23188281674747882, 0.23419590683087058, 0.2281785328751025,
    0.22710713776557342, 0.22685966997042947, 0.21679673570653665,
    0.2180132464222286, 0.20882091509259265, 0.21017267328241598,
    0.21188232950542285, 0.2105416493571323, 0.20330281847197076,
    0.20062856797290884, 0.2070368227103482, 0.20210206087516702,
    0.20009859845690106, 0.20141283357920853, 0.2034306746462117,
    0.19697615698627804, 0.20375609073949896, 0.20022438531336578,
    0.2101644028140151
  ],
  "train_ious": [
    0.4393056918583488, 0.4771308243220695, 0.49904393059188046,
    0.5150091021551167, 0.5261518751149595, 0.5311598879541609,
    0.5369023152397594, 0.5435110929867496, 0.5503657829502355,
    0.5545208367748536, 0.5585232708009261, 0.5624855771876766,
    0.5663591077470265, 0.5702236229418848, 0.5731717520865839,
    0.5736613757908345, 0.5772768634816873, 0.5796415241624133,
    0.5819434188306333, 0.5848635045838527, 0.5828444023171194,
    0.5917282086135688, 0.5911240867082626, 0.5928097831598227,
    0.5935148793286175
  ],
  "val_ious": [
    0.44771750778823655, 0.4971950458011765, 0.507869968811671,
    0.5199882422668347, 0.5274027310635733, 0.5202696884887806,
    0.5376844406127931, 0.5188670531995055, 0.5521380821431893,
    0.5522799476765204, 0.5604140393543935, 0.5536680215078851,
    0.559057883594347, 0.5601826506680339, 0.5732001368550287,
    0.5762605844200521, 0.5689032468674838, 0.5774790433006012,
    0.577639856416246, 0.5800891244325085, 0.5724835115066473,
    0.5881319547045059, 0.5713684029769208, 0.579861243781836,
    0.5689244906323543
  ],
  "training_time": 520.4545907974243,
  "avg_gradient": 0.0031953785144833227,
  "memory_usage": 1063.56640625
}
