{
  "train_losses": [
    0.27376360559593077, 0.2504939713879772, 0.2376000678733639,
    0.23127035569885504, 0.22470619626667188, 0.2215286856112273,
    0.2155056641963513, 0.2119201237902693, 0.21092534486366354,
    0.20681541040539742, 0.20555372762939203, 0.2035647735161626,
    0.2024078460653191, 0.19942758491505747, 0.1981911666529334,
    0.19582405524409335, 0.19432031509021055, 0.19363255588256795,
    0.19202771143096944, 0.19207248593802037, 0.18921699901313885,
    0.1892181867328675, 0.18707710237282774
  ],
  "val_losses": [
    0.25916875153779984, 0.24280102907315546, 0.25146345113930496,
    0.23356583163790082, 0.22613795684731525, 0.22432249557712805,
    0.2177678592827009, 0.21620774916980579, 0.21328877430895102,
    0.21182077766760535, 0.20759745719640152, 0.21293006740186526,
    0.20706235908943674, 0.2054925949677177, 0.2051309567430745,
    0.20638864973317023, 0.20402041012826172, 0.19982421592525815,
    0.1967951720175536, 0.20418723348690115, 0.20205427090758862,
    0.19807612118513687, 0.21406047629273456
  ],
  "train_ious": [
    0.4492968758703143, 0.4891485845319174, 0.5107572919324689,
    0.5216009591746588, 0.5323759996858628, 0.5378087304154598,
    0.548883247985572, 0.5552034622625163, 0.5570198345011559,
    0.563666384883117, 0.5660250461187918, 0.5690131864469983,
    0.572074806182713, 0.5777169876340509, 0.5798678539585379,
    0.583507152247256, 0.5859593756064989, 0.5876203482781631,
    0.5900511389625244, 0.5904422699865226, 0.5957712387477141,
    0.5961300023440003, 0.5989053767120496
  ],
  "val_ious": [
    0.46403873549855273, 0.5063563083177026, 0.4792172386162523,
    0.5206672813797342, 0.5283793572714364, 0.5354977367796759,
    0.549719278579173, 0.5513841507659442, 0.5541691050149392,
    0.5571562572233918, 0.5708723707475523, 0.5538757979006005,
    0.5613447594037956, 0.5698830558769944, 0.5715815463791722,
    0.5665562515673429, 0.5703894826381104, 0.5757471785165261,
    0.5846099870792335, 0.5803175605293635, 0.5741693915232368,
    0.5825390442126038, 0.5611015927532444
  ],
  "training_time": 477.2022399902344,
  "avg_gradient": 0.00852553677023404,
  "memory_usage": 1063.56640625
}
