{
  "train_losses": [
    0.27959303987091, 0.25367095766832, 0.23954774261168812,
    0.22975503993423088, 0.22535508490451003, 0.2197448403129111,
    0.21697211249367052, 0.21288185607156027, 0.21004743193802627,
    0.20889892688264017, 0.20570851489901543, 0.20474847948745542,
    0.20107310581142487, 0.20087781588992346, 0.19864063556103603,
    0.19719439210451167, 0.19652055390179157, 0.19473220642818057,
    0.194090003957567, 0.1908802990194248, 0.19108219606720883,
    0.19124897326464238, 0.18855236543585424, 0.18934824479662854,
    0.18656942183556763, 0.18524901755154133, 0.18472008731054224,
    0.18309282932592474, 0.18350306517727996, 0.18226147224397762,
    0.18136087221943814, 0.18191854509970415, 0.17972472723087538,
    0.17959677257939524, 0.18417526903035847, 0.17789028155738892,
    0.1793324629087811, 0.1760800458976756, 0.17574289343927219,
    0.17525399913606438, 0.1745576877956805
  ],
  "val_losses": [
    0.2648128203075865, 0.2522725028836209, 0.24531376426634582,
    0.2382717116371445, 0.22795975856159045, 0.2336052584907283,
    0.22930742411509805, 0.217126434587914, 0.21004218316596487,
    0.21601035575503888, 0.20976625156143439, 0.216810779079147,
    0.2078008910884028, 0.21191656168388284, 0.20451182548118674,
    0.20500742806040723, 0.20164180061091547, 0.20367675080247546,
    0.19740232501340949, 0.1984527302177056, 0.20052034699398538,
    0.20091217108394788, 0.1968250009028808, 0.1983893989868786,
    0.19592780101558435, 0.19466645400161328, 0.19756674118663953,
    0.19531910445379175, 0.1978783782409585, 0.1929257495895676,
    0.1906095014318176, 0.194862504368243, 0.19804299655167953,
    0.19897784033547278, 0.19208486928887988, 0.19287862499123035,
    0.1923864282991575, 0.19172467064598334, 0.19470773961233057,
    0.19585470498903937, 0.19538635922514874
  ],
  "train_ious": [
    0.4398789812905201, 0.48194421636129625, 0.507309520509148,
    0.5241818367301125, 0.5320312507396592, 0.5419122719786305,
    0.5474464398255384, 0.5535000377213178, 0.5582403305216114,
    0.5611169150882012, 0.5663147547916659, 0.56794225451523,
    0.5749511175613471, 0.5748242228359415, 0.5788918978710105,
    0.581943744442601, 0.5829186244071394, 0.5864616526641708,
    0.5866447384806646, 0.5932249339918295, 0.5928657407993854,
    0.5921444695280949, 0.5970573770827144, 0.5959078769429005,
    0.6001583203349429, 0.6031441145940967, 0.6034745523787063,
    0.6067139947975894, 0.6062589782303656, 0.607355702830398,
    0.6093043774582341, 0.6082290517895121, 0.612033376281244,
    0.6123036647188493, 0.6051858003264747, 0.6157264771020926,
    0.6130053270338238, 0.6188885300163774, 0.6196292346154432,
    0.6204177485643954, 0.6215569658771806
  ],
  "val_ious": [
    0.4540010268489518, 0.4927995856041494, 0.5059746443361476,
    0.5132311330973237, 0.5173922243757526, 0.5280044824964757,
    0.5344981101975924, 0.5418946291657464, 0.5616875433403513,
    0.551795118312905, 0.5611148176417836, 0.5544139278539713,
    0.5672759480666422, 0.5656525738861251, 0.5663066942622699,
    0.5697588644165923, 0.5753292542868766, 0.5766971955696742,
    0.5814509113197741, 0.5787968657154968, 0.5781643254601437,
    0.5731843779052513, 0.5849404423565103, 0.582352990689485,
    0.5864518811737282, 0.5907579176667808, 0.5849006288293478,
    0.5862367788086769, 0.5856588899657347, 0.5930636317833609,
    0.5958836540795754, 0.5907462561044141, 0.5921571604583574,
    0.5863963521045187, 0.5977984241385389, 0.5945116570894269,
    0.5928942107635996, 0.596881918285204, 0.5890483800051868,
    0.5951492509980134, 0.5904203299163043
  ],
  "training_time": 848.431155204773,
  "avg_gradient": 0.0063579728313325114,
  "memory_usage": 1063.56640625
}
