{
  "train_losses": [
    0.28142337752101215, 0.2559976508921903, 0.2437295913696289,
    0.23582298689238404, 0.23035647031729636, 0.225374402154399,
    0.22091695480048656, 0.21711440335797227, 0.213659874447014,
    0.21057834030817385, 0.20845135139382404, 0.2062453220233969,
    0.2046511937742648, 0.20346055957286255, 0.20233409746509531,
    0.20004505510239498, 0.19828190557334735, 0.19682985171675682,
    0.19562979568929775, 0.1949587591478358, 0.19296615335928358,
    0.19018706517375034, 0.18979758121397183, 0.1895675820338985,
    0.1880858646624762, 0.19035341080440127, 0.18701716277586378,
    0.18531612881823725, 0.18655210741512154, 0.1853056146722773,
    0.18309228438074174, 0.18144414565809394
  ],
  "val_losses": [
    0.2828706438126771, 0.2578179376280826, 0.2530413078873054,
    0.2460681099606597, 0.2338909150465675, 0.22265926748514175,
    0.22300082347963168, 0.2226738398489745, 0.21391540377036386,
    0.220958075121693, 0.2103884809690973, 0.21005418443161508,
    0.20900925961525543, 0.20484607537155566, 0.20531889310349588,
    0.206694098594396, 0.20784543422253235, 0.19888090180314105,
    0.20382815502260043, 0.19875771228386008, 0.20315384735231815,
    0.1975121329660001, 0.20267903027327164, 0.2015225420827451,
    0.19318563879831976, 0.20374156664247098, 0.19515911748875742,
    0.1972832780169404, 0.20861728003491525, 0.1951015883165857,
    0.19615196371855942, 0.20186471712330115
  ],
  "train_ious": [
    0.43570310814117147, 0.4779483760450629, 0.5010949171323708,
    0.5155801439684804, 0.5238209605972838, 0.5337841622531412,
    0.5408409114225186, 0.5469159181837155, 0.5533520414129547,
    0.5581849226593106, 0.5624274647106295, 0.5667782626182273,
    0.5698385244046432, 0.5709332729271361, 0.5738344482969547, 0.5780037805654,
    0.581215636399777, 0.583257143318221, 0.5850016829976136,
    0.5871779589333398, 0.5904313857140745, 0.5949598884992843,
    0.596332948114993, 0.5965111969389776, 0.5993135608732701,
    0.5963990645132204, 0.6007634022853509, 0.6045129088603932,
    0.601654653801866, 0.6035016978672451, 0.6071566109532034,
    0.6103485922558586
  ],
  "val_ious": [
    0.4283662679186766, 0.47090303811474127, 0.4953579856217769,
    0.501867279086424, 0.5113568204468574, 0.5340144633167031,
    0.532916376232237, 0.5397256396818851, 0.5534574002891347,
    0.5363477801067242, 0.5590151356182237, 0.5610725257707679,
    0.5603902912226275, 0.568437848402106, 0.5650542715321416,
    0.5668494597725247, 0.5645837902590849, 0.5746288223974947,
    0.5690613078034442, 0.5786823857089747, 0.5683678142402485,
    0.5810663123493609, 0.5667733185101246, 0.5771736511285755,
    0.5907250631978547, 0.5784145785846571, 0.5884351389131685,
    0.5854537936224453, 0.5701741869898811, 0.5876914811307106,
    0.5855653430672659, 0.5776557773351669
  ],
  "training_time": 667.3111262321472,
  "avg_gradient": 0.004870321950126972,
  "memory_usage": 1063.56640625
}
