{
  "train_losses": [
    0.27693209116873535, 0.25504031048520753, 0.2433195109276668,
    0.2337080938336642, 0.227018504605993, 0.22112089128273985,
    0.2173637296680523, 0.212399373964771, 0.20920695639822795,
    0.20838496834039688, 0.20742496507971184, 0.20265610005868517,
    0.20254001264338908, 0.19867933209499586, 0.19771978477744953,
    0.1963959770358127, 0.1962797242500212, 0.19452176056802273,
    0.1918048925049927, 0.190617097703659, 0.1889974622298842,
    0.18712075346189996, 0.18835686827483383, 0.18558876354085363,
    0.18487294390797615, 0.1841886209566956, 0.1847417646938044,
    0.1822589962216823, 0.18191859830656779, 0.18059213524279388,
    0.17844741524237653, 0.17811126666872398, 0.18068233772140482
  ],
  "val_losses": [
    0.26921866348256235, 0.258506141602993, 0.24289952898802963,
    0.25167426402154175, 0.23140147749496542, 0.2321224267715993,
    0.22074431731649066, 0.22124369053736978, 0.2151857413675474,
    0.21275168689696686, 0.2107036722742993, 0.2094475147516831,
    0.21008004410111386, 0.20627860012261764, 0.20805850495462833,
    0.20395594738099887, 0.20824405777713526, 0.2058742001004841,
    0.20002101912446643, 0.20108441101468127, 0.1983748288906139,
    0.20252256322166193, 0.20009323241917984, 0.19983502283044483,
    0.19666788305925287, 0.20567636742540027, 0.2031313721900401,
    0.19476029471210812, 0.19453785114962122, 0.19723259106926297,
    0.19813093089539072, 0.20189820100431857, 0.20477605254753775
  ],
  "train_ious": [
    0.44202352340832557, 0.4779444635184348, 0.5005849530461471,
    0.5171348722786573, 0.5289449122450922, 0.5391061986540108,
    0.5461844991676618, 0.5549558483172156, 0.5590338979078375,
    0.5607015981838323, 0.5630044053322161, 0.5709618633424026,
    0.5709089590911419, 0.5784061732499496, 0.5797388923448926,
    0.5821643615870374, 0.5827974648471325, 0.5861760323354297,
    0.5905436112720899, 0.5924803912639616, 0.5951929414725824,
    0.5989455822045391, 0.5970614603248198, 0.6008580506279849,
    0.6031696916274404, 0.6046062087019284, 0.603637134143408,
    0.6074582104557666, 0.6079690785187747, 0.6109880102609377,
    0.6148119150404481, 0.614841738472814, 0.6111016952149244
  ],
  "val_ious": [
    0.4376368402246978, 0.4804836649825608, 0.495775749070057,
    0.4903009575994119, 0.524630779589432, 0.5213751895488171,
    0.5404321394752766, 0.5478664373142133, 0.5557977153339249,
    0.5565895006276559, 0.5559484667104223, 0.5673419176668358,
    0.5663543362980306, 0.5730922673491464, 0.5689580554979436,
    0.5723154117231786, 0.5698193434787832, 0.5725926622964334,
    0.5784842207811881, 0.578918420534203, 0.58402573954368, 0.5782867045938106,
    0.5841623434553976, 0.5824114613342976, 0.5844093725301217,
    0.5749195209447888, 0.579904000180355, 0.5899387472781582,
    0.5874386738607849, 0.5898835486260013, 0.5876058255848676,
    0.5842884943105169, 0.5799081979886347
  ],
  "training_time": 687.2017385959625,
  "avg_gradient": 0.007578876644710517,
  "memory_usage": 1063.56640625
}
