{
  "train_losses": [
    0.2816014879423639, 0.2529323599908663, 0.2415917497938094,
    0.232137566027434, 0.22644886431162772, 0.22329943141211633,
    0.21976115092959092, 0.21605579465951608, 0.21204627208087756,
    0.21066709283901297, 0.20829612453994545, 0.20468693469529567,
    0.20178201454489128, 0.19964336101775584, 0.19832226083330487,
    0.19676162917976794, 0.1958206977857196, 0.19364472656794215,
    0.19171589936899103, 0.18994510351963664, 0.19049564182110454,
    0.18681188381236533, 0.18649956494893716, 0.1859770296546428,
    0.18494014028945696, 0.18250141819210156, 0.18219446463753347,
    0.18065976926490016, 0.1794905419582906, 0.17887878142621205,
    0.17724217644528203, 0.1817511912111355, 0.17691356194731983,
    0.17603280184709508, 0.17354017722865808, 0.17342793228833572,
    0.17275048954331357, 0.17110419249081094, 0.17174503846984843
  ],
  "val_losses": [
    0.2987808024753695, 0.248659353217353, 0.2580371090899343,
    0.2314006226218265, 0.23761310428380966, 0.23141983864100082,
    0.22550484408502994, 0.23406318283599356, 0.21334705210250357,
    0.21698875757663147, 0.20620231330394745, 0.20338114124277365,
    0.2048645045446313, 0.21062976802172867, 0.2084689590594043,
    0.19389064836761224, 0.1979926701473153, 0.1952062488897987,
    0.1962829267849093, 0.19498309655034024, 0.19307771681443506,
    0.19896503473105637, 0.1936390629929045, 0.18933992897686752,
    0.19710180649290915, 0.18998454608347104, 0.1905436729607375,
    0.1855860508006552, 0.18709638941547144, 0.18603913486003876,
    0.18942845515582873, 0.18660543373097543, 0.18405148257379947,
    0.18676263417886652, 0.18184671324232352, 0.18244895792525748,
    0.18200501605220462, 0.1845487382100976, 0.18601960624041763
  ],
  "train_ious": [
    0.43675041417979305, 0.48455053937715875, 0.5057873994759889,
    0.5234298922553441, 0.5339074809968043, 0.5396490990305725,
    0.5456741433050756, 0.5525166695208654, 0.5587004569183659,
    0.5613316643605196, 0.5655834649999939, 0.5722969475647678,
    0.5773788835259449, 0.5804921599725882, 0.5831675026835738,
    0.5857514268786143, 0.5873237884994866, 0.5920106599080389,
    0.5954271754708844, 0.5981164811637957, 0.5963975955070795,
    0.6035715491659402, 0.6041002987303594, 0.6058713625306666,
    0.6064726593161839, 0.6108499260052391, 0.611828162888254,
    0.6144821019168353, 0.6165009402818443, 0.618160761730826,
    0.6208845300302986, 0.6130664146680764, 0.6214534445949221,
    0.6237881404982096, 0.6276712126597976, 0.6276279245705707,
    0.62935177517542, 0.6314065637255927, 0.6303129157294398
  ],
  "val_ious": [
    0.45343513851580436, 0.4843644909020782, 0.5038239423563514,
    0.5293101882157119, 0.5254052503817325, 0.5151083039632742,
    0.5409330948107486, 0.5072151133115741, 0.5609714734381523,
    0.5553878919369933, 0.5658606331849443, 0.5725164856167807,
    0.5746443824491638, 0.568922075672426, 0.5654166396977243,
    0.5896575427141741, 0.5899489452873451, 0.5847451814274858,
    0.5857010682423909, 0.5928574552138649, 0.5917375789604326,
    0.5909219580715981, 0.5899423598379329, 0.5994009405806444,
    0.5885550815990005, 0.5958898199209268, 0.5978014078261197,
    0.6093135126259015, 0.6059686826623004, 0.6083790791639384,
    0.6027830854274224, 0.6037806402082031, 0.6096241903909739,
    0.6072311474793199, 0.6142821083034296, 0.6122464777334877,
    0.6159272211185399, 0.6119610701782114, 0.6012016547762831
  ],
  "training_time": 1042.4367094039917,
  "avg_gradient": 0.004687911769676276,
  "memory_usage": 1402.1875
}
