{
  "train_losses": [
    0.2807557719719151, 0.254171019177074, 0.24093985274110152,
    0.23285889188232628, 0.22749662698934908, 0.222266073703118,
    0.21887415752786657, 0.2162774138800476, 0.21097842838777148,
    0.208396609224703, 0.20640612749949747, 0.2034941925464765,
    0.201515500717189, 0.1991375367278638, 0.19706131866120774,
    0.19714212765836198, 0.1941733715812797, 0.1923296796562879,
    0.19123471196254957, 0.19115553423762321, 0.19157381752586883,
    0.18706198716941086, 0.1865068254587443, 0.18499565318874692,
    0.18442117082683937, 0.183736991542189, 0.1820327330218709,
    0.18070269343645676
  ],
  "val_losses": [
    0.2751162554258886, 0.2691978284198305, 0.23964094564966534,
    0.22755173399396564, 0.22709672412146692, 0.22179802733918894,
    0.22771358975897665, 0.21277673380530399, 0.2099441717500272,
    0.2149255460371142, 0.20650968441496725, 0.2060700862304024,
    0.20369426063869311, 0.2122879877038624, 0.20380083957444067,
    0.20041576643352924, 0.20041999479998712, 0.19691164240888928,
    0.19928785219140674, 0.19794327182614285, 0.1938073201024014,
    0.19776144980088525, 0.192471950598385, 0.20482399994912354,
    0.1938844229216161, 0.1885744459603144, 0.18541240400594214,
    0.20592231141484302
  ],
  "train_ious": [
    0.43595165082202253, 0.4815341821075349, 0.5058106442886422,
    0.5215014338871273, 0.5309848005249013, 0.541307021553318,
    0.5466573522628649, 0.550255651788219, 0.5607317321110462,
    0.5642967433061288, 0.5683934786829398, 0.5742569769314233,
    0.5772870300688608, 0.5811938982510911, 0.5854102251646311,
    0.5858498037509292, 0.5910873275952065, 0.593419279957163,
    0.5953694863811783, 0.5962450359610542, 0.5953809309048929,
    0.6030130867400895, 0.6036188598128328, 0.6067306887952314,
    0.6076397136177706, 0.6091137781091358, 0.6122595413007599,
    0.6145236072116999
  ],
  "val_ious": [
    0.4369436859868574, 0.4473842050934183, 0.5065858298237772,
    0.5312063606536906, 0.5307661015270414, 0.5455048771008201,
    0.5406887932963993, 0.5560855571774469, 0.5613053365462068,
    0.5417108331685481, 0.5689100154500076, 0.5651007923095123,
    0.5717569190090981, 0.5614859442348065, 0.573561518088631,
    0.5828591343285381, 0.578411886441535, 0.5878174648336743,
    0.581337954255118, 0.5831930047791938, 0.5922881036564922,
    0.5825703994951386, 0.590131897641265, 0.5696983475616014,
    0.590420420187107, 0.6021230922660967, 0.6074951094561729,
    0.5720261123733242
  ],
  "training_time": 745.9266836643219,
  "avg_gradient": 0.006595838587447115,
  "memory_usage": 1402.1875
}
