{
  "train_losses": [
    0.2728681872882273, 0.24667743390992933, 0.2333792403502309,
    0.22507142291768736, 0.21907711903686108, 0.2139172209021838,
    0.2091005050941654, 0.20707275378315346, 0.20576901013112586,
    0.20274330748488073, 0.2018469279712957, 0.1974120986364458,
    0.19594782453192316, 0.1937483592039865, 0.1935598172409379,
    0.18882666107105173, 0.18812159019643845, 0.18961441905602164,
    0.18548321999285533, 0.18658983262012835, 0.18282709926690743,
    0.18350228667259216, 0.18254031346220037, 0.18096930501253708,
    0.1793220538807952, 0.17767110839486122, 0.17663611147714697,
    0.17566809568392194, 0.17523056390168873, 0.17442905684204205,
    0.17309855410586233, 0.1727995596340169, 0.17220086401895338,
    0.17205820532272692, 0.17110133357346058
  ],
  "val_losses": [
    0.2533605101963748, 0.24203026165132938, 0.2344028233833935,
    0.26102322663949884, 0.2186978025280911, 0.21656772397134616,
    0.21657468022211737, 0.21977839716102765, 0.21056668654732083,
    0.21521415399468463, 0.20632314196099405, 0.20208858115517575,
    0.20596013218164444, 0.2045112070829972, 0.19474996172863504,
    0.1951777740665104, 0.19347202162379804, 0.20200008834185806,
    0.19456023075010465, 0.19432229678268018, 0.19233358554218127,
    0.18987296359694522, 0.1916753766329392, 0.1889047868873762,
    0.18639441126066705, 0.1865987554192543, 0.18899310153463614,
    0.19091857775397922, 0.18466845932214157, 0.18977273417555768,
    0.1857763590372127, 0.1871052948029145, 0.18560922566963278,
    0.18562070377494977, 0.19088912204555844
  ],
  "train_ious": [
    0.44901040373235096, 0.4958844128726185, 0.5190587580959868,
    0.533029256496525, 0.5442581524991474, 0.5530666031645258,
    0.5618265574878974, 0.5655327460904054, 0.5671063700987812,
    0.5737736256982103, 0.5751914855470693, 0.5828630690179442,
    0.5860742136728077, 0.589789596264777, 0.590175066143274,
    0.5977867853598319, 0.5997663897232733, 0.5974255035212935,
    0.6043209117175871, 0.6024073810465093, 0.6088144649090111,
    0.6072471064609894, 0.6096526632166426, 0.6128551982667131,
    0.6159328416097857, 0.6178305368276606, 0.6202574195745196,
    0.6221161977104518, 0.622867949414944, 0.624562384533709,
    0.6265498785760958, 0.6271489426709603, 0.6280351981412674,
    0.6287855711104213, 0.6300475205416266
  ],
  "val_ious": [
    0.4864872372236805, 0.49587351386097894, 0.5244214384668116,
    0.5066317407333333, 0.5466576114944789, 0.5518204619487126,
    0.5574901183878164, 0.5470725554918898, 0.5648271778355476,
    0.5536866494710896, 0.5742712869592335, 0.579274701467459,
    0.5760910394399062, 0.5768466613430907, 0.5924692348293636,
    0.5919047470973886, 0.5916991356922233, 0.5764390664256139,
    0.5926582895327306, 0.5941303879886433, 0.59925587259341,
    0.6005058567161146, 0.6027599899233251, 0.6009821388600529,
    0.6072484945905383, 0.6042746389689652, 0.6012984410576199,
    0.6011670724205348, 0.6125623164833456, 0.6008090430843659,
    0.6126837762801545, 0.6077528947937314, 0.613702597393506,
    0.6113014668226242, 0.5980069861895797
  ],
  "training_time": 932.9730308055878,
  "avg_gradient": 0.0032533910957684648,
  "memory_usage": 1402.1875
}
