{
  "train_losses": [
    0.28178866393864155, 0.2524658996287895, 0.23976964050013086,
    0.22839887051478677, 0.2223845061076724, 0.21788822559882765,
    0.2130879184798054, 0.21145519225493722, 0.2073325512363859,
    0.2040747085829144, 0.20162035322383695, 0.201382622608672,
    0.1987926874147809, 0.19486940595442834, 0.19343422701501328,
    0.19116024527212847, 0.19065959346683128, 0.1883323319742213,
    0.18676444296927555, 0.18625078074958012, 0.1840238534723935,
    0.18342838655023472, 0.18493557907640934, 0.18196064671096596,
    0.18105576106387636, 0.17989691014847028, 0.17794094574840172,
    0.17936342444432818, 0.17751978791278342, 0.17546075023710728,
    0.1758140991239444
  ],
  "val_losses": [
    0.27824829065281415, 0.2467285958321198, 0.2331842932364215,
    0.2346362656225329, 0.21911512477242429, 0.214739716247372,
    0.2199108477519906, 0.20801088116739108, 0.2135058068062948,
    0.20310959284720215, 0.2142822894713153, 0.2047733719582143,
    0.19676348664190457, 0.19999953780485236, 0.20270435512065887,
    0.1963249538903651, 0.19906902993502823, 0.19309215409600217,
    0.18690272291069446, 0.19262865736432697, 0.19462661477534668,
    0.19380193495232126, 0.19045841888241147, 0.19303313934284708,
    0.18894886614187903, 0.18789000420466714, 0.18815994683815085,
    0.19835241203722748, 0.18441278487443924, 0.1947239294000294,
    0.18743665548770325
  ],
  "train_ious": [
    0.43445200458897837, 0.4846154302628576, 0.508920549077616,
    0.5290306993098798, 0.53856128429913, 0.5467525032227453,
    0.5549558663227855, 0.5584511462653029, 0.5660177074048833,
    0.5717530227333738, 0.5765296066368837, 0.5768642065425713,
    0.581864463624315, 0.5878504884523753, 0.5907124382970125, 0.59454413778756,
    0.5961311699795551, 0.5999680886018102, 0.6020063042532703,
    0.603598680347204, 0.6073102897060092, 0.6081969983119893,
    0.6058064931868641, 0.6114530800909231, 0.6131214940569538,
    0.6143994960879932, 0.618164282616066, 0.615909683099691,
    0.6190683657600397, 0.6225165718815465, 0.6221272936765695
  ],
  "val_ious": [
    0.45651359704957506, 0.4982640965693239, 0.5192135163191436,
    0.5126268397206845, 0.5411490033502163, 0.5548214126324309,
    0.5522823115621788, 0.5608786314293958, 0.5659404157296472,
    0.5768143450436386, 0.5455931673447291, 0.5723575975583949,
    0.5851134219463319, 0.5861623818459717, 0.5815631421147913,
    0.5874913535688235, 0.582558505129123, 0.5900194208691085,
    0.6012620226196621, 0.5895504521718925, 0.5994925490324049,
    0.5968284984861595, 0.6032361608484517, 0.5928631154955296,
    0.6041982210632685, 0.6018276393845463, 0.6061284902735032,
    0.5957348532434821, 0.609932119215744, 0.5964765039043152,
    0.5966066510780998
  ],
  "training_time": 827.4950451850891,
  "avg_gradient": 0.0028732651879106795,
  "memory_usage": 1402.1875
}
