{
  "train_losses": [
    0.2814328922363727, 0.25322533690411114, 0.2401824254218651,
    0.230009188875556, 0.22439078217291314, 0.22130218302102192,
    0.21653719173501368, 0.2111538591106301, 0.21036080684026945,
    0.2056970912963152, 0.20369848851924358, 0.2037264079503391,
    0.20043618005254996, 0.19752443217388962, 0.19560558737620062,
    0.19359562910445358, 0.1925510072513767, 0.18985347263514996,
    0.1902596646029016, 0.18843294080832731, 0.1868669962429482,
    0.18452455265366513, 0.1848963984976644, 0.18282668584066888,
    0.18163396782525207, 0.18100838185004567, 0.1805254431522411,
    0.17841697613830151, 0.17766687541228274, 0.1767551099638576,
    0.1759836408917023, 0.17582617376161658
  ],
  "val_losses": [
    0.2684157898892527, 0.24869520184786423, 0.24497406022704166,
    0.258264473274998, 0.22846139092808185, 0.22175877282153006,
    0.21275525086599847, 0.2205240315069323, 0.2093555567705113,
    0.21212939270164655, 0.21405823302009833, 0.20874349254628885,
    0.20755878382402917, 0.19850161218124887, 0.20102698550276135,
    0.19667311854984448, 0.2020985432293104, 0.1956077791426493,
    0.20154950249454248, 0.19631289269613184, 0.1973055895903836,
    0.19499092613873276, 0.1900629802890446, 0.19525034207364786,
    0.2008552382821622, 0.1911675324258597, 0.18660341332788052,
    0.18949565712524497, 0.18510094058254492, 0.19116903873889343,
    0.18637932998978574, 0.192198581021765
  ],
  "train_ious": [
    0.43821456975074147, 0.48399573896566156, 0.5079493455966745,
    0.5260793225758748, 0.5362868103590135, 0.5418808324451465,
    0.5497417040709135, 0.5596460536986162, 0.5614552601524022,
    0.5692693629990454, 0.5734503919231716, 0.5741255327627277,
    0.5783969597432062, 0.5832221410304738, 0.5875311776779698,
    0.5911531508832737, 0.5929365304393178, 0.5971065273211486,
    0.5967555878063043, 0.5999085764954054, 0.6024184062861014,
    0.6063603799844133, 0.6057197034790892, 0.6105063830272875,
    0.612350995287947, 0.6132601437469322, 0.6145570998390517,
    0.6174179031041221, 0.6196177637447482, 0.6209309804050818,
    0.6222347476776097, 0.6228204214594504
  ],
  "val_ious": [
    0.46016004260467464, 0.49138561398654745, 0.5084743907918101,
    0.4814648851752282, 0.5391155282656354, 0.5367942794725515,
    0.5576743749172791, 0.5420177548691845, 0.5618593383958373,
    0.5586921330811323, 0.556355816298637, 0.5663058198448541,
    0.5700646802998971, 0.5819601127202959, 0.5829892728639685,
    0.5872887314661689, 0.5852117527654207, 0.5855074596145878,
    0.5801836247893347, 0.5864211921242699, 0.5787418279526891,
    0.5886030838541363, 0.59634522035502, 0.588046943579895, 0.5859658074551735,
    0.5950067006591437, 0.6047448971565218, 0.6002411453620248,
    0.6097454845473387, 0.6010878777158435, 0.6060318985710973,
    0.5881043100270671
  ],
  "training_time": 852.4313778877258,
  "avg_gradient": 0.006457487294325071,
  "memory_usage": 1402.1875
}
