{
  "train_losses": [
    0.2790479276977155, 0.2485695401125628, 0.2359666696385197,
    0.22498124424854052, 0.2211257518147645, 0.2145653723374657,
    0.21250412880402544, 0.20826906686567742, 0.20631472134719725,
    0.20308169074680493, 0.20072209932233975, 0.19863098179516586,
    0.19589311540450738, 0.19499398079579291, 0.19424507200070049,
    0.19121696411267572, 0.18953927250012106, 0.18935510289409888,
    0.18793687750787838, 0.1847259924625573, 0.18310323551945065,
    0.18321406055727732, 0.18324974235957084, 0.1818859153629645,
    0.18073067684536395, 0.1784177638752305, 0.17888638352894265,
    0.1785676787080972, 0.17631681141969952, 0.17564825324908548,
    0.17467875560016735, 0.17150407082036787, 0.17185410541360793,
    0.17125153152838998, 0.17012533812743166, 0.1698875844316638,
    0.17085665512991988, 0.16859984867598699, 0.1690111043660537
  ],
  "val_losses": [
    0.26562402980483096, 0.24382040520077167, 0.24401813130015912,
    0.2299586119859115, 0.21912782444902087, 0.21309753442588059,
    0.20816241172344788, 0.20676307153442633, 0.21140998375156653,
    0.20204281450613684, 0.20082784930001135, 0.19887393324271493,
    0.19282802453507547, 0.1964709169190863, 0.19393941468518713,
    0.19022238643273062, 0.18854363845742267, 0.19828789616408554,
    0.18511316083047702, 0.18689166527727377, 0.18443575566229614,
    0.1840435486772786, 0.18499343226785245, 0.18364922572737155,
    0.17948417527520139, 0.19203340229780777, 0.1822160806344903,
    0.18595123971286026, 0.1791497864153074, 0.18160386707471765,
    0.17838818158792413, 0.18346622424281162, 0.17768626692502396,
    0.1787614683094232, 0.17790569818538168, 0.17850053537151087,
    0.17934259901876035, 0.18093467374210773, 0.1848774694878122
  ],
  "train_ious": [
    0.4417568319911588, 0.4939287994326885, 0.5171118510374123,
    0.5350176220678767, 0.5425672395343795, 0.5529985274525656,
    0.557758004957999, 0.564774946620067, 0.5691326865521461, 0.574329388530358,
    0.5778970344235068, 0.582592040948246, 0.5871793990549834,
    0.588839234109374, 0.5895327971033427, 0.5954147379143515,
    0.5983358773848285, 0.598383232897174, 0.6012220287128638,
    0.6069634428814704, 0.6103321666410868, 0.6098718886142193,
    0.6097001814539883, 0.6121244130899074, 0.6151623838189716,
    0.6183147908768795, 0.6176021836050175, 0.6184704978072987,
    0.6218560861180655, 0.6234252318415953, 0.6249253242344095,
    0.6307289339601995, 0.6302108244727485, 0.6312758253104441,
    0.6333957498056302, 0.6336578321305737, 0.6318893818103752,
    0.6360930500255116, 0.6355596982158616
  ],
  "val_ious": [
    0.4657205093813979, 0.5080466246691302, 0.508753615660944,
    0.5187534481502961, 0.5382747099451396, 0.5521927320438883,
    0.5623579709858134, 0.565182331895483, 0.5465548554624337,
    0.5707122353108034, 0.5645314795167549, 0.584993190523507,
    0.5844452160855999, 0.5861730044302734, 0.5915531697480576,
    0.5955397614102431, 0.59978772116744, 0.5857715183410093,
    0.6045759309461153, 0.6013448886249375, 0.606637621703355,
    0.6071201826351278, 0.6035594128180242, 0.6057311717582786,
    0.6153910147107166, 0.5982500854609669, 0.611518151950145,
    0.6065040286900342, 0.6153763908406963, 0.6120342785033627,
    0.6178608292686765, 0.6155236752136893, 0.6193024034517398,
    0.6169880386711896, 0.6194731271353319, 0.6212004360513411,
    0.6161519485539286, 0.6168244066445722, 0.609759444127912
  ],
  "training_time": 1039.0537014007568,
  "avg_gradient": 0.0052509645728761834,
  "memory_usage": 1402.1875
}
