{
  "train_losses": [
    0.28164953940912435, 0.25236527119641716, 0.23957277202735777,
    0.23223423431424992, 0.2267538398180319, 0.22074256764481898,
    0.2180475209556196, 0.21475557991020058, 0.212092822012694,
    0.20979615616733613, 0.20536867075640222, 0.2074159362717815,
    0.20223250483041225, 0.20057259742980418, 0.19703859884453856,
    0.19678403874454292, 0.1937758276320022, 0.1939983396264522,
    0.19090733207438304, 0.18938753899672758, 0.18834292475620043,
    0.18711327413178008, 0.18604111404198667, 0.18595832926423653,
    0.18282847811022532, 0.18282106599729994, 0.18192057060482708
  ],
  "val_losses": [
    0.2700931306766427, 0.2579009289974752, 0.23635152921728467,
    0.22347034125224405, 0.24381096499121707, 0.22126987220152564,
    0.22244584884332574, 0.21458333180002545, 0.21648002869409064,
    0.21665646103413208, 0.20404910166626392, 0.2127043533584346,
    0.21060603403526804, 0.1989805118545242, 0.2065629790658536,
    0.19958240247291067, 0.19868801015874613, 0.19505133674196576,
    0.1967655099604441, 0.20038063111512558, 0.19438256517700528,
    0.18838257925665897, 0.19898470717927683, 0.19223055502642755,
    0.19224066416854443, 0.1900970080624456, 0.20049700853617294
  ],
  "train_ious": [
    0.4330283704318616, 0.48477069906674436, 0.5087058750399648,
    0.5227949835522019, 0.5325187625282485, 0.5421191268479049,
    0.5474082384852396, 0.5530109451948733, 0.5585488083677878,
    0.5624052166560853, 0.5703302445295066, 0.5672966446457566,
    0.5748922402120153, 0.5796251087516976, 0.5853029452804208,
    0.5860098128517468, 0.5914413355344881, 0.5904984969267811,
    0.5965276666633461, 0.599871504349985, 0.6001564730228722,
    0.602442209541366, 0.6046551952435485, 0.6049699589502121,
    0.6105688630562762, 0.6114347835165868, 0.6120595068711303
  ],
  "val_ious": [
    0.47045349599658587, 0.47550837738790364, 0.5188793845582699,
    0.5391491442054943, 0.49071563315996214, 0.5379977617142856,
    0.5433142407648804, 0.5449798520708429, 0.5524550706580065,
    0.5519576746484506, 0.5719545798889105, 0.5554787231528241,
    0.5642745177383007, 0.5829650278108707, 0.5715259443158689,
    0.5805462678705435, 0.584402734386748, 0.5875033474918726,
    0.592142765936644, 0.5789468692264695, 0.5930282525394273,
    0.6009241113628166, 0.5896963852903118, 0.6002726053846056,
    0.5999574611584345, 0.5987416693697807, 0.5694534541040227
  ],
  "training_time": 718.9673850536346,
  "avg_gradient": 0.00311110885988244,
  "memory_usage": 1402.1875
}
