{
  "train_losses": [
    0.27876244882202666, 0.25122172223485034, 0.23920016403755415,
    0.2307169300544521, 0.22423130079455997, 0.2184778831737197,
    0.21634151090098463, 0.21279237597532893, 0.20827878914449527,
    0.2060638703405857, 0.2033986109106437, 0.20034411978786407,
    0.1987098266735025, 0.19527141660775826, 0.19404474289520926,
    0.1925954128737035, 0.1907319377945817, 0.18927977541866509,
    0.1875943539907103, 0.18639100496859654, 0.18511240516343844,
    0.18505320001555525, 0.18262228329220545, 0.18203123310661834,
    0.1806193617698939
  ],
  "val_losses": [
    0.2721097048210061, 0.25116043991368747, 0.24584815780753674,
    0.22801213517137195, 0.22302952246821445, 0.2529620165410249,
    0.21873092489398044, 0.21162965148687363, 0.21554747644973837,
    0.215065052975779, 0.2148265100043753, 0.19981576113597208,
    0.19827218515717465, 0.2020760521940563, 0.19426413074783658,
    0.1992670608603436, 0.18930579721927643, 0.1933852165289547,
    0.18849919542022373, 0.1859291655861813, 0.18875928838615832,
    0.1914798546096553, 0.193221357529578, 0.18475585236497546,
    0.20211579456277515
  ],
  "train_ious": [
    0.4421085390309545, 0.48787407428566104, 0.5100753679601612,
    0.5249109515461372, 0.5374022950890703, 0.5471776656914449,
    0.5506293890808803, 0.5573310584261799, 0.5656445306604325,
    0.5692951647915698, 0.5737574220351555, 0.5794045853873958,
    0.5814058668371562, 0.5889111952181312, 0.5908851510696654,
    0.5932005249719688, 0.5962039888229059, 0.5993183649860433,
    0.6022622491894424, 0.604453756271497, 0.6063151572817475,
    0.6065586711941423, 0.6108290980151597, 0.6117166959937074,
    0.6140891105152558
  ],
  "val_ious": [
    0.4684043706975122, 0.4903688720171003, 0.4902546686538751,
    0.5289275068519774, 0.5385095464146655, 0.4723026033328929,
    0.5498700817857964, 0.5587672506985456, 0.5570522598598315,
    0.5520334999630415, 0.5495889307796091, 0.5777760351049728,
    0.5784034374831379, 0.5742616780858109, 0.5921783291775248,
    0.5818299847668496, 0.5967288513978322, 0.5853631308545238,
    0.5977174602988837, 0.6033876533957495, 0.6016633473876595,
    0.5937916930171028, 0.5893755162107773, 0.6060559604910837,
    0.5761930553809458
  ],
  "training_time": 666.0344936847687,
  "avg_gradient": 0.00295024106309429,
  "memory_usage": 1402.1875
}
