{
  "train_losses": [
    0.2791714876404275, 0.2511838723136031, 0.23826667083346326,
    0.23081182348339455, 0.22411093650304753, 0.21993698455069377,
    0.2159198597073555, 0.21208397274755914, 0.2091669463754996,
    0.2070807131898144, 0.2053436192319445, 0.20160416246432325,
    0.19984809851840787, 0.19844389795933082, 0.19452209624907243,
    0.1948377779158561, 0.19233396195847055, 0.19003455016923987,
    0.1896012830345527, 0.18845067651051542, 0.18683673992105151,
    0.18509528478202614, 0.18450677500146886, 0.18269695463063923,
    0.18244211319024148, 0.18277458401153918, 0.17919092244752075,
    0.1799937586259583, 0.1777384461754042, 0.17790331343269866,
    0.1753681232423886, 0.174621791538337, 0.17495771035875962,
    0.172184223552113, 0.17313343140742052, 0.17090944281738737,
    0.17393290413462598, 0.1717315406093131
  ],
  "val_losses": [
    0.26105553883573285, 0.2538110908606778, 0.23745720315238703,
    0.23440304916837942, 0.21509454852860907, 0.22900296812472137,
    0.21187522553879282, 0.21397232069917346, 0.20878408201362775,
    0.2048453960729682, 0.20470977445011554, 0.19940122832422671,
    0.19705808065507724, 0.19237244647482168, 0.19283912622410318,
    0.19224834960439932, 0.19622722527255182, 0.19673815013273901,
    0.19011991600627484, 0.1956014066286709, 0.18831262899481732,
    0.1833739792523177, 0.18629538267850876, 0.18541602887537167,
    0.18491797926633255, 0.19033611792585123, 0.19284173684275668,
    0.18099520614613657, 0.18432955119920813, 0.1836194447849108,
    0.18009728031313937, 0.17981765710789224, 0.18231935378002084,
    0.18047230982262155, 0.18003919364317603, 0.19015263636475024,
    0.1815056680985119, 0.1890021954541621
  ],
  "train_ious": [
    0.43787793463696667, 0.4882612182502297, 0.5107219535047591,
    0.5254968461459097, 0.5365863212424776, 0.5444767782599594,
    0.5515074640566459, 0.5590011253143132, 0.5634080336793607,
    0.5675932120369831, 0.5707298943745918, 0.5776202380117299,
    0.5805292110080303, 0.5832566111416059, 0.5903008415539195,
    0.589628395502982, 0.594435257540233, 0.5983704376047934,
    0.5989085903958135, 0.6005699483920699, 0.6038273459003456,
    0.6061277528819831, 0.6078433521307894, 0.6109110230876916,
    0.6116745942744655, 0.6109131088183407, 0.6173031824654427,
    0.6156646007321018, 0.6200724784014883, 0.6196950819289341,
    0.6244036373884779, 0.6254040613986445, 0.6256040622466716,
    0.6293995460306389, 0.6280751762290798, 0.6317478432927442,
    0.6271315642996975, 0.6315843763126842
  ],
  "val_ious": [
    0.45554706637842063, 0.4848686037720113, 0.5182124172215875,
    0.5136529524689135, 0.5527350167217461, 0.5369228770335517,
    0.5537322573903678, 0.554278412590856, 0.5627764668585598,
    0.5688761416552723, 0.5743873447611711, 0.5830084223678148,
    0.5818983385528343, 0.5938679860985797, 0.5942550420329191,
    0.5913140603165696, 0.5878311106260272, 0.5845905954855075,
    0.5942824351182882, 0.5800847000833871, 0.5998466334481168,
    0.6045620707066162, 0.6040843282488809, 0.602220163613126,
    0.6042870447255563, 0.5959821289432222, 0.5982006395208662,
    0.6127716894598975, 0.6070823611124703, 0.6103137528550796,
    0.6147744923398113, 0.6147595797327983, 0.614823832244113,
    0.6164176595815712, 0.6144787662703056, 0.6017665366331738,
    0.6120123629984648, 0.6008156190315881
  ],
  "training_time": 1012.0800940990448,
  "avg_gradient": 0.0037480834495781335,
  "memory_usage": 1402.1875
}
