{
  "train_losses": [
    0.28134167785553826, 0.2519809475735478, 0.2403546945070443,
    0.2303262557024541, 0.22491520116834537, 0.22080641644804375,
    0.2157551423525033, 0.21229956695890945, 0.2092824034878741,
    0.20571566324519075, 0.20411036722362041, 0.2025953264016172,
    0.20035695114537425, 0.19715800549349058, 0.1948847009435944,
    0.19275951223528903, 0.19252653217510038, 0.18986187292181927,
    0.1901612153843693, 0.18885941277055637, 0.1866090542272381,
    0.1864155747158372, 0.18308304679458556, 0.18320576287806034,
    0.18139272442330484, 0.18029144981309123, 0.18077981771658297,
    0.1784097038857315, 0.17688471491893995, 0.1770378288043582,
    0.17600737552603948, 0.17445418594971948
  ],
  "val_losses": [
    0.29576262119023694, 0.2543165894306224, 0.23468575885762338,
    0.229799905548925, 0.22479646167029504, 0.22824600792449454,
    0.22226110165533813, 0.21758157112028287, 0.21126806638810947,
    0.21553613018730414, 0.20669176137965659, 0.2078166435594144,
    0.20486265453307526, 0.20030115382826846, 0.2021819443806358,
    0.21230442724798038, 0.21718792390564215, 0.19974921773309293,
    0.19987110631621402, 0.19071278721094131, 0.19450756907463074,
    0.18990836746018866, 0.19713900788970615, 0.20126615788625635,
    0.19317440494247104, 0.19376324311546658, 0.19157716048800427,
    0.19715371922306393, 0.18574127781650293, 0.1874470234565113,
    0.18629100530043893, 0.19313914523176526
  ],
  "train_ious": [
    0.43848033990555735, 0.48630895093083376, 0.5081518199564756,
    0.5261098579976007, 0.5362608526981826, 0.544296910473402,
    0.5517264117581258, 0.5584474691878195, 0.5641271356979142,
    0.569953195831698, 0.5727928885515187, 0.575319257821294,
    0.5797759059654625, 0.5846950728176298, 0.5886820163847742,
    0.5925563361657704, 0.5934715365478098, 0.5984232383577718,
    0.5974709425607454, 0.5998227741515294, 0.6043672360263875,
    0.6046188356543798, 0.6101074998901374, 0.6100907812191961,
    0.61292811628917, 0.615229463123757, 0.6141887139259044, 0.6180023704318034,
    0.6208422872899235, 0.6201935636716476, 0.622160231721574,
    0.6254168239192682
  ],
  "val_ious": [
    0.44295828141596005, 0.48846109438201657, 0.5142278733892718,
    0.5308321349430777, 0.5370117455073025, 0.5217749318782834,
    0.5395660831228547, 0.5503285512112189, 0.5582993052143981,
    0.557834068502205, 0.5655801808056623, 0.5626972915901655,
    0.5702887244414593, 0.5765334937883458, 0.5759057197449865,
    0.5597164719433024, 0.542304438741311, 0.5765525845513827,
    0.5807740817899288, 0.5956387200217315, 0.5921301913002264,
    0.5987455797368201, 0.5866202249907065, 0.5816989461148993,
    0.592944299829179, 0.5913721158884575, 0.5901912055585695,
    0.5790646680887195, 0.6066050158030744, 0.6012575524872628,
    0.6054366660722789, 0.5927941125372183
  ],
  "training_time": 852.2804141044617,
  "avg_gradient": 0.004493002748642779,
  "memory_usage": 1402.1875
}
