{
  "train_losses": [
    0.2791690432830997, 0.2484094429275264, 0.2344934613970311,
    0.22384169632973877, 0.22021284294517143, 0.21329534871746664,
    0.21169164622931377, 0.20741609524449575, 0.20456859339838443,
    0.20260325171377347, 0.19970223348101843, 0.1980224756281013,
    0.19555001778771047, 0.19390109173305656, 0.19179993819283403,
    0.19118425735960837, 0.18863762445423915, 0.18710272637722286,
    0.1856805713766295, 0.18466461919572041, 0.18375624141291433,
    0.18144005237390165, 0.18199113205723141, 0.17967072299317174,
    0.1791942788530951, 0.17841650464612505, 0.17670589887901492,
    0.17593136842807997, 0.1752961404297663, 0.1753422149821468,
    0.17365923183767693, 0.1712735883243706, 0.17213655967751276,
    0.17071640418599482, 0.17092573990964371
  ],
  "val_losses": [
    0.27909751625164697, 0.26087313113005267, 0.24998716426932294,
    0.23592376287864603, 0.2323325691015824, 0.23699504590552786,
    0.22826995409053305, 0.2270326581986054, 0.22911933356005212,
    0.21690417664206546, 0.2099221598194993, 0.21129432093837988,
    0.20674829087827518, 0.20492772855188535, 0.22124244045952093,
    0.20374405319276062, 0.20871539737867273, 0.1986039410466733,
    0.19956784468630087, 0.1991405674944753, 0.19595086218222327,
    0.19718966503506122, 0.1998363610195077, 0.19709130247002063,
    0.19542488909286002, 0.1929262678908265, 0.19249346755121066,
    0.19798373301392017, 0.20021644299444946, 0.19199894433436188,
    0.19280544571254565, 0.19147409012784128, 0.1917498050176579,
    0.1928159659323485, 0.1998970618714457
  ],
  "train_ious": [
    0.4406346935387431, 0.4920111269946546, 0.5162864824945943,
    0.5352135674245113, 0.5414905136964027, 0.5544889317690466,
    0.5578202201404432, 0.5655348624602177, 0.569813092684616,
    0.574233204666255, 0.5795110207105028, 0.5821746424164463,
    0.5872221931923127, 0.5904787217901238, 0.593719728992901,
    0.5947713970706083, 0.5994740736441336, 0.6023439962578857,
    0.6039307399828363, 0.6066371545843458, 0.6084697292982666,
    0.6119155115515427, 0.6109857659085073, 0.6148195657069265,
    0.6163523940072543, 0.6179108977101853, 0.6202979754602563,
    0.6216536838615286, 0.6234010042811652, 0.6231334282868151,
    0.625388205645309, 0.6294734565460166, 0.6282195490447507,
    0.6314915422404161, 0.630501595798178
  ],
  "val_ious": [
    0.4432044807227625, 0.4807632911032525, 0.5114035710044529,
    0.511921322648076, 0.5296139073544655, 0.5174565688855406,
    0.5230480008151218, 0.5360508422920669, 0.5307957459835039,
    0.546470862691817, 0.5642983703941536, 0.5661208906035491,
    0.5750123869249785, 0.5720282687225202, 0.5454471600444422,
    0.581886276602745, 0.576752860908923, 0.5847863354112791, 0.576788344245026,
    0.5834857827943302, 0.5930234442154567, 0.5905607282251552,
    0.5863306904616564, 0.588077462453773, 0.5942252736160722,
    0.5999573896760527, 0.5975743046273359, 0.5858654006235842,
    0.5901056081056593, 0.599693749261939, 0.599366559282593,
    0.6002624659002692, 0.5959910525791886, 0.6002183355714964,
    0.5861005508813306
  ],
  "training_time": 932.1094951629639,
  "avg_gradient": 0.0032322560139261096,
  "memory_usage": 1402.1875
}
