{
  "train_losses": [
    0.2849562110622292, 0.2554214085735705, 0.24249586495368378,
    0.23284818272551763, 0.2265782988751712, 0.2217819955523895,
    0.21782793898297392, 0.21450135945949866, 0.21110475913661977,
    0.20846761827883514, 0.20480894378345946, 0.20460872101071087,
    0.2018644352969916, 0.19799288799581322, 0.1992104558031196,
    0.19641166812051897, 0.19409096581132515, 0.1921629856300095,
    0.19161912207694157, 0.189594781431167, 0.1896175221418557,
    0.1890865886664909, 0.18627251846634824, 0.18581989196979481,
    0.18454134731513003, 0.18431603544108247, 0.1824574423548968,
    0.18235532615495764, 0.18069124918269075, 0.1794001363703738,
    0.18038891425923162, 0.17842589448327603
  ],
  "val_losses": [
    0.26826750551876816, 0.25995549591987027, 0.24352868905533914,
    0.22945138488126837, 0.2254607648305271, 0.22522006475407144,
    0.22746040704457657, 0.21444178890922796, 0.21184129462293957,
    0.20361848467070123, 0.2066293319930201, 0.20489836322224658,
    0.21440995160652243, 0.20162816766811453, 0.199917482941047,
    0.1989409052159475, 0.2004459309189216, 0.19158245299173438,
    0.19956692016643027, 0.1939876328991807, 0.19190775279117667,
    0.1950430711326392, 0.1883329794458721, 0.1870994172666384,
    0.19551364040893057, 0.188463285241438, 0.18796416922755863,
    0.1947544715974642, 0.18339915346840155, 0.1892646781128386,
    0.1970103117434875, 0.19446858666513278
  ],
  "train_ious": [
    0.43405403658423736, 0.4783558907068293, 0.5030624050431062,
    0.5209574229691338, 0.5332201878553713, 0.5410080140429558,
    0.548481994591977, 0.5546373812400779, 0.5601677630042687,
    0.5654196877950347, 0.5715488482104699, 0.5717916999390159,
    0.5762854526764244, 0.5841069179924505, 0.5825894446368666,
    0.5867977881723128, 0.5903592762415822, 0.5940539533461351,
    0.5953046518607418, 0.5983282724476378, 0.5986104484485542,
    0.6004158795095874, 0.6042937255208044, 0.6056976815064745,
    0.6072425398489709, 0.6091141769851464, 0.6115735811923725,
    0.6120719157051349, 0.6148880822719007, 0.6167823847221289,
    0.6152844639036098, 0.6183857317959915
  ],
  "val_ious": [
    0.4576245267754017, 0.47730132699876593, 0.5095739435890448,
    0.5271171328166259, 0.5260548671518547, 0.5391347075718036,
    0.5288018249515174, 0.5503707627455394, 0.5602643729551978,
    0.5741507834282473, 0.5712426669787671, 0.5727543558763422,
    0.5566632475541986, 0.5807272539190623, 0.5801027037095333,
    0.5833127887352654, 0.578937887929488, 0.5953817093285961,
    0.578359211916509, 0.5866033203791882, 0.5901867267878158,
    0.5947516664214756, 0.5988469339799188, 0.6043904076019921,
    0.5896749576364736, 0.6002176913662233, 0.6026333129924276,
    0.5966833285663438, 0.6095995227063913, 0.6004374653532886,
    0.5914771427278933, 0.5849936032208845
  ],
  "training_time": 853.1129658222198,
  "avg_gradient": 0.00269236587215748,
  "memory_usage": 1402.1875
}
