{
  "train_losses": [
    0.2735030783907227, 0.24689932127037775, 0.23313839725502158,
    0.22330098178075708, 0.21841802391345086, 0.21549124788978827,
    0.21077806632155957, 0.2079527585402779, 0.20462427498853725,
    0.20256565713688082, 0.20002920504497446, 0.19971423992968124,
    0.19476805271013922, 0.19609731557252613, 0.1928676888346672,
    0.1907096382068551, 0.19005923855887807, 0.1874319718259832,
    0.1861349143411802, 0.18504586216548216, 0.18522030188013677,
    0.18082029080909232, 0.1809073429878639, 0.18028504612005275,
    0.17830557894447577, 0.1796635314822197, 0.1775968254584333,
    0.1755337986447241, 0.17567331376283066, 0.1754080091157685,
    0.17513005678420482, 0.17182923545655998, 0.17176516086834928,
    0.17019754518633304, 0.17031078834248625, 0.17048131472066694
  ],
  "val_losses": [
    0.2733042693656424, 0.2356805474213932, 0.22492598839428113,
    0.23638779151698816, 0.21431619350029074, 0.22142301013936166,
    0.20548288912876791, 0.20935881494180017, 0.20925036720607593,
    0.20342617255190146, 0.21359306087960367, 0.20206109855485999,
    0.20195643117894296, 0.19792524401260458, 0.1938564297945603,
    0.19402220488890357, 0.19136832330537878, 0.19112442757772363,
    0.19421224879181903, 0.19164129897304202, 0.18708797932966895,
    0.18775094592052957, 0.18703909639431082, 0.18529428638841794,
    0.1824468581572823, 0.1898289870308793, 0.1894473128992578,
    0.18552575973065003, 0.19142265391090643, 0.18640281907890155,
    0.18300176930168402, 0.18973291211802026, 0.1834924052590909,
    0.18309902367384537, 0.18463079015845837, 0.19656697433927786
  ],
  "train_ious": [
    0.44693306598819094, 0.49628201124352816, 0.5199252159159253,
    0.5377167159340521, 0.5468035776276087, 0.5512572479690766,
    0.5599164050882279, 0.56498260817666, 0.5706459445797878,
    0.5746045583940073, 0.5789570749561854, 0.5792815116760525,
    0.5877066626065021, 0.5870090173422429, 0.591570371788913,
    0.5960352831668613, 0.5969716006539004, 0.601570755081332,
    0.603629155651383, 0.6066509000417117, 0.6055585646974869,
    0.6132941048430357, 0.6132828656961956, 0.6150341553856498,
    0.6181292234231596, 0.615598338129728, 0.6192944723086943,
    0.6229986115966153, 0.6227364785213405, 0.6234099485951926,
    0.6250795851583064, 0.6292518672087916, 0.6298079671527166,
    0.6323797775675418, 0.6325291767176512, 0.6320201089416725
  ],
  "val_ious": [
    0.46941528080598177, 0.5199475272194201, 0.5340207680196002,
    0.5345602290353915, 0.5549481064081194, 0.5283890654859336,
    0.5667634867671607, 0.5662351039008818, 0.5589938947687977,
    0.5690831013995667, 0.5679323010254597, 0.5789258035196774,
    0.5769770678834639, 0.5747062940744386, 0.5901980847120284,
    0.5927801043659017, 0.5912440704262775, 0.5934080913446951,
    0.5840191279632458, 0.59422872485458, 0.6014373501141865,
    0.5969393298677775, 0.6033361199973286, 0.6098546156848685,
    0.6109789197427637, 0.6019536626079808, 0.5997164797955664,
    0.6083223288473876, 0.6011848287737888, 0.6075009107589723,
    0.6144031165302664, 0.599272932479347, 0.610237166069556,
    0.6117313186759534, 0.6123676868020625, 0.5835405840821888
  ],
  "training_time": 959.2032206058502,
  "avg_gradient": 0.003188927466102382,
  "memory_usage": 1402.1875
}
