{
  "train_losses": [
    0.2807669053259103, 0.2544782011891189, 0.2403620252304751,
    0.23241353942000348, 0.2248411917168161, 0.22320195935342624,
    0.21709045281876688, 0.21318343678570312, 0.2094986592621907,
    0.20813267904779184, 0.20669495719282524, 0.20412447562684183,
    0.20140507485231626, 0.19975908254475697, 0.19919147633987924,
    0.1960582918608966, 0.1952946228987497, 0.19202280360395493,
    0.19226343516746294, 0.18929383142486864, 0.18911733049089494,
    0.18719174405154976, 0.18532620265108088, 0.1855195285347493,
    0.18570538909862871, 0.1832411260870488, 0.18148663907271365,
    0.17998037956978963, 0.17976720906470134, 0.17966377087261365
  ],
  "val_losses": [
    0.27703145340732904, 0.2580281564075014, 0.26583867779244547,
    0.23559255736029666, 0.2374286259646001, 0.21649044914090115,
    0.218431632803834, 0.21313191561595254, 0.2291133504198945,
    0.20743269019800684, 0.21332990604898203, 0.20352992998517078,
    0.20721962173347888, 0.2114953884611959, 0.2039338904230491,
    0.21443264153988464, 0.2035762641740882, 0.19309690562279327,
    0.1933452399528545, 0.18977373287729596, 0.2058420207189477,
    0.1944393612768339, 0.19075997562512106, 0.19195754696493564,
    0.19334050559479257, 0.19151827692985535, 0.18433119032693945,
    0.19072810949190802, 0.18894408999577814, 0.1897712712702544
  ],
  "train_ious": [
    0.43704320233909105, 0.4812845607436654, 0.5071657299995422,
    0.5219375409347855, 0.5360939081326344, 0.5387792277379314,
    0.5492949358093134, 0.5567902754722297, 0.5621516458906127,
    0.5648923853709217, 0.5686695481772007, 0.5725340835642122,
    0.5778534763317176, 0.5800512379062347, 0.5808284025693287,
    0.587052109718755, 0.5889092581751555, 0.5935502110076125,
    0.5947137742262817, 0.599137384822403, 0.5998773431756359,
    0.6028132730744024, 0.6065469734586667, 0.6057914348076219,
    0.6059007920000863, 0.6102333622242232, 0.6134811350400896,
    0.6163220655550988, 0.6164795479912687, 0.6166840909399847
  ],
  "val_ious": [
    0.45450711271901056, 0.4677109987191533, 0.4938896371834521,
    0.5174195944615032, 0.5246885306593303, 0.54749661360098,
    0.5511387493731318, 0.5546230859514596, 0.5216522516979688,
    0.5674828135448953, 0.5622615144736525, 0.5747008831172751,
    0.5646698515916215, 0.5614761021258176, 0.5697210513163303,
    0.5544819402090017, 0.5674604784319368, 0.5929751538712046,
    0.5885138317294742, 0.5996501361546309, 0.5749504302722822,
    0.5867736810359402, 0.6001448942267377, 0.5964001015476559,
    0.5940251981002698, 0.5966999729474387, 0.6095427119213602,
    0.594032360807709, 0.6046689997116723, 0.5882783627164536
  ],
  "training_time": 800.5133662223816,
  "avg_gradient": 0.0040927804591545545,
  "memory_usage": 1402.1875
}
