{
  "train_losses": [
    0.28617588398249255, 0.2569579708835353, 0.2429581127412941,
    0.2343553225307361, 0.22753260082200819, 0.2226907561492661,
    0.21847099114371382, 0.2143426382023355, 0.21076512288140214,
    0.20712786354124546, 0.20410105286409025, 0.20277471994252308,
    0.20002492209491524, 0.1966084969918365, 0.19698467178513174,
    0.19505015323343483, 0.1925483733901511, 0.1907677199367596,
    0.19121162058866542, 0.18796052330214044, 0.18662219802322594,
    0.18552560731768608, 0.18363036037139271, 0.1828710153374983,
    0.18134502094724905, 0.18028285216702067, 0.18147421822599744
  ],
  "val_losses": [
    0.2736967763175135, 0.262878220366395, 0.2381174962805665,
    0.23147251003462335, 0.2351286129459091, 0.2273521167428597,
    0.22678521502277124, 0.21887434500715006, 0.21527486974778381,
    0.2085971006232759, 0.20535851334748062, 0.2122567257155543,
    0.21502102490352548, 0.20177285243635593, 0.19873309588950613,
    0.20390299059774564, 0.1968253099400064, 0.19970422043748523,
    0.20108463517997577, 0.1917913753701293, 0.19308068894821664,
    0.19058165634455887, 0.18830067858747815, 0.18619275157866272,
    0.19222030885841535, 0.1875085273514623, 0.2066625291886537
  ],
  "train_ious": [
    0.42613234510713804, 0.4758590564293706, 0.5015749059131612,
    0.5186062228960402, 0.5309559809772865, 0.5391211365282105,
    0.5470596481708514, 0.5541205682886249, 0.5608570766297803,
    0.567133522120075, 0.5718045541881651, 0.5748257771998214,
    0.5795735848014768, 0.5846044231152185, 0.5850663387581058,
    0.5888008738233558, 0.5928555595270104, 0.5959077862941702,
    0.5961861522409363, 0.6012286040661994, 0.603649738420179,
    0.6056217057225498, 0.608517530873634, 0.6093607903930589,
    0.6126306070473746, 0.6140516039685925, 0.6129563592806244
  ],
  "val_ious": [
    0.43597583634697856, 0.46337059442547773, 0.5073638524914134,
    0.5249259342317997, 0.5129199483688326, 0.5394797230112381,
    0.5335296538213026, 0.5456897454417268, 0.5515964372434476,
    0.5689336804376133, 0.5686755957810774, 0.5592786317718201,
    0.5521356072546779, 0.5785394822773725, 0.5856503377790038,
    0.5663626051467398, 0.5879058781741322, 0.5807930207338886,
    0.579361438103344, 0.5947630744481431, 0.5958675694638405,
    0.6007052549849384, 0.5996686179136885, 0.6065354455208434,
    0.5935886260392009, 0.6030284609051719, 0.563559347304745
  ],
  "training_time": 718.8752703666687,
  "avg_gradient": 0.003379452660530167,
  "memory_usage": 1402.1875
}
