{
  "train_losses": [
    0.2774912931996843, 0.2509214761464492, 0.23446676588576773,
    0.22681006076543228, 0.2207240314911241, 0.21587235561531523,
    0.21252459943618462, 0.20819681753282962, 0.20414175992102726,
    0.20308669834681178, 0.20202408407045447, 0.19818014376189397,
    0.19647063144847102, 0.19332962029654047, 0.19176332741651847,
    0.19220792583149413, 0.1894601139685382, 0.1886748775191929,
    0.1865346811549819, 0.18729568442896657, 0.18518590352133565,
    0.1825321156369603, 0.18250984034460524, 0.18013578896289287,
    0.18176818064049535, 0.17905911754654802, 0.17667383854479893,
    0.17916769712515498, 0.17557980095886666, 0.17641096659328626,
    0.17402018598564292
  ],
  "val_losses": [
    0.26319441134515015, 0.2547139272741649, 0.23200127093688303,
    0.23732287015603937, 0.22085813497719559, 0.22287505379189615,
    0.21656961253155832, 0.21068985468667487, 0.20935362383075382,
    0.21078322503877722, 0.20746345105378525, 0.20403058438197427,
    0.20069053995868433, 0.19911302302194678, 0.19553382791902707,
    0.1945676123318465, 0.19353946589905283, 0.19774257618448007,
    0.1935892448477123, 0.191940958733144, 0.19348950586889102,
    0.19069075033716534, 0.19461464201626572, 0.19156673259061316,
    0.18832440641911133, 0.19246172127516373, 0.18531159765046576,
    0.1882466968634854, 0.1855197691399118, 0.18556514641512994,
    0.19246589262848315
  ],
  "train_ious": [
    0.4438688678504978, 0.4885040261256308, 0.517909168171278,
    0.5319107757692321, 0.5419618581570144, 0.5502061421132601,
    0.5575035555909075, 0.5637689988682236, 0.5712910279415658,
    0.573165014818095, 0.5759834859358229, 0.5817733928021311,
    0.5851807971147526, 0.5902139436507572, 0.5935922774175804,
    0.5932338272315869, 0.5979721988348858, 0.5989918191579807,
    0.6026032710636872, 0.6015986450340438, 0.605348968743414,
    0.6101954794772293, 0.610593395172686, 0.6140265096032966,
    0.6116228021573326, 0.616745083120422, 0.6206806167096328,
    0.6158266782868601, 0.6225066188236938, 0.6208723821825742,
    0.6246393917371398
  ],
  "val_ious": [
    0.4745347509565562, 0.49082000542809995, 0.5256611281546995,
    0.5184335331769957, 0.5467753207338031, 0.536365343608718, 0.5499429549428,
    0.5530502916030261, 0.5639256114761034, 0.56406275074983,
    0.5638621858712556, 0.5765666751110036, 0.5750429118457048,
    0.5823353142410085, 0.5863427221775055, 0.5865079019812569,
    0.5893493167300156, 0.5833625585056734, 0.5878266901641649,
    0.5957514090814453, 0.5930656648200491, 0.5998019424901494,
    0.5882490391748539, 0.6015967765580054, 0.600396117438441,
    0.5994616617327152, 0.6089379372804062, 0.605866879440736,
    0.6042038757300032, 0.6058268501706745, 0.5889188260703845
  ],
  "training_time": 825.9737453460693,
  "avg_gradient": 0.002480237814103127,
  "memory_usage": 1402.1875
}
