{
  "train_losses": [
    0.28375027693160204, 0.2523350984505985, 0.23738695600110551,
    0.23011924245435258, 0.22266913051514522, 0.21910583333152792,
    0.21462549463562344, 0.21225056918742863, 0.20904531354165595,
    0.20653375343460104, 0.20448431461725547, 0.20177932383249636,
    0.19835743210885837, 0.19931293902513775, 0.1975630587371795,
    0.19481053624464117, 0.19415674083258794, 0.19204393207379009,
    0.18899477961594643, 0.18890475165908752, 0.18590372331116511,
    0.18612507018058197, 0.18471820684878723, 0.18310790889613007,
    0.18133285050482853, 0.18282975256443024, 0.18030854104005772,
    0.17731918216399525
  ],
  "val_losses": [
    0.26739465153735614, 0.26133358899665915, 0.23837911013675772,
    0.2337452493931936, 0.22148873138686884, 0.22119206287290738,
    0.2193820657937423, 0.21437914313181586, 0.2099626559926116,
    0.21405604514090912, 0.20591482228558997, 0.20428746226041214,
    0.21068842028794083, 0.20496953343567642, 0.19820885586997736,
    0.19652321578367896, 0.19303385038738666, 0.19907763146835825,
    0.1912579348553782, 0.18940987211206686, 0.20545484417158624,
    0.18945258240336957, 0.18816591831653015, 0.18775975768980774,
    0.18985094907491104, 0.1863880730841471, 0.18836541571046994,
    0.20301068120676538
  ],
  "train_ious": [
    0.42823889772250334, 0.4850152908837882, 0.5122806204185967,
    0.5261259114072807, 0.5385408848524093, 0.5455347970667959,
    0.5538300274992769, 0.5566221314441896, 0.5634260568227891,
    0.56730688403806, 0.5711910957335564, 0.5764647322720378,
    0.5818868933272533, 0.580331230617088, 0.5835786594104938,
    0.588443938156833, 0.5896703665131243, 0.594799793878759,
    0.5993424630791383, 0.5997120379537775, 0.6044108600396172,
    0.6036224988815576, 0.6075747024969781, 0.6097619568092236,
    0.6131738570613274, 0.6106302232845972, 0.6152099734307199,
    0.6202587478294749
  ],
  "val_ious": [
    0.4488062488212101, 0.4871067706009617, 0.518156462173531,
    0.5228440223828607, 0.5410034444884978, 0.5386795006368471,
    0.5380766670341077, 0.5512955186591632, 0.5666402723046317,
    0.5593098756195843, 0.5610177257786627, 0.5770385539618091,
    0.5584215770165125, 0.5668990000866461, 0.5800948955010676,
    0.5872183480988377, 0.5924095537351525, 0.5854917514151422,
    0.5971689163774685, 0.5985931659090344, 0.569755778580472,
    0.6028559581525084, 0.6023740459611452, 0.6041345939688061,
    0.6017642865578333, 0.6075561482837235, 0.6004791991866155,
    0.568474673922511
  ],
  "training_time": 746.6781568527222,
  "avg_gradient": 0.004966550869700049,
  "memory_usage": 1402.1875
}
