{
  "train_losses": [
    0.27549413567327935, 0.24722478951772917, 0.23418898499854232,
    0.22543553457311963, 0.2193053554257621, 0.21551939877478973,
    0.21257276177082374, 0.20919367193203905, 0.20526681573170683,
    0.20252956668643848, 0.2024312115719785, 0.19655303802827132,
    0.1973844678343638, 0.19434036816591801, 0.19330376532414686,
    0.19007077699770097, 0.19067735362636007, 0.18788323292265768,
    0.18631300273472848, 0.18559515168485435, 0.18374625512439272,
    0.18404549190207667, 0.1824699657280808, 0.18095511594868224,
    0.1793856922051181, 0.1769836326332196, 0.1770137274718803,
    0.17741144723866298, 0.17504390377713286, 0.17459128473116003,
    0.17383539838635403
  ],
  "val_losses": [
    0.28892009316579154, 0.24086696492589038, 0.2390865460038185,
    0.23034393787384033, 0.23930394681899445, 0.23190725562365158,
    0.22605694830417633, 0.22155895375687143, 0.2120204069044279,
    0.20950943620308585, 0.20874548444281454, 0.20184959017712137,
    0.2176741857243621, 0.2002150358065315, 0.20355105529660764,
    0.20106703366922296, 0.19734443011491196, 0.1989011233267577,
    0.20604455989340079, 0.19577991573706918, 0.19588857953963074,
    0.19841963473869406, 0.19005205968151923, 0.2026114522115044,
    0.19103764645431354, 0.18838636253191077, 0.19237854396519455,
    0.18934032288582428, 0.18775988499755444, 0.19155146926641464,
    0.1986506079202113
  ],
  "train_ious": [
    0.445344594446963, 0.49441366029930306, 0.5184212770528981,
    0.5348384175449611, 0.5436038299045267, 0.5509184053626612,
    0.556866300926692, 0.5621821369867825, 0.5691935560409571,
    0.5755851558693076, 0.5748863504200739, 0.58492570694374,
    0.5840229310527224, 0.5897218794494438, 0.5907681547645212,
    0.5963217757534288, 0.596392710355745, 0.6006688651615295,
    0.6043298020958899, 0.6050878732964613, 0.6079472142501153,
    0.6081504965929881, 0.610198897674032, 0.6136898911301639,
    0.6162581404914025, 0.6201451619466148, 0.6202428639474985,
    0.6203107340396317, 0.6243620230883791, 0.6240900276579716,
    0.6256560202741966
  ],
  "val_ious": [
    0.421261304638524, 0.5073672145389129, 0.5136765065616455,
    0.519228355176207, 0.5171182116736536, 0.518383335808049,
    0.5261278480723285, 0.5473379391259043, 0.5621257147927216,
    0.5556175536003665, 0.5627386552700095, 0.5754489116910573,
    0.5563058727893277, 0.5762008478244147, 0.5721465815668522,
    0.5749290434346682, 0.5800204337507053, 0.5880992015202839,
    0.5712997714678447, 0.5856415609950605, 0.5905429885007334,
    0.5859533243853112, 0.5966933246539986, 0.5772496330133382,
    0.5953243484963542, 0.6035217133121215, 0.5938989854809167,
    0.6010242288095363, 0.6029086471467778, 0.6008858333031336,
    0.5876584577819577
  ],
  "training_time": 825.9781448841095,
  "avg_gradient": 0.004134395136395104,
  "memory_usage": 1402.1875
}
