{
  "train_losses": [
    0.2760085451376179, 0.24849932859449284, 0.23533539749358012,
    0.22776030668097993, 0.2225529118238584, 0.21754003316164017,
    0.21297325525918734, 0.20934612984242645, 0.20688590674620608,
    0.2052636459145857, 0.20159876775806365, 0.19899343091832555,
    0.19733198254328707, 0.19603426398142523, 0.19333388194765733,
    0.19140080613610538, 0.191610184457639, 0.18885324992563413,
    0.18803328397157398, 0.1863422311194565, 0.18522465261428253,
    0.18455387611428034, 0.18227933185256046, 0.1819547839138819,
    0.18014689243358115, 0.17932124030978783, 0.17799099801999071,
    0.17723317128484664, 0.17617683784793253, 0.17525756448183372,
    0.1752155743053426, 0.17415959622872912, 0.17343232173310674
  ],
  "val_losses": [
    0.25550310216520145, 0.2436933287459871, 0.22501315953938858,
    0.2279340725230134, 0.2271012041879737, 0.2198403574850248,
    0.2236662707898928, 0.2265291330607041, 0.20819388589133386,
    0.20209400938904803, 0.19915343432322793, 0.19847490023011746,
    0.2004541142479233, 0.1951319976993229, 0.2097916871957157,
    0.19418938166421393, 0.19172413711962494, 0.19003592528726743,
    0.191492460668087, 0.1878956345760304, 0.19053974520900976,
    0.1863519895983779, 0.18517579105885132, 0.18190481934858405,
    0.18587145565644556, 0.1815321986442027, 0.18291901602693225,
    0.1819354490093563, 0.1805084830392962, 0.18492860865333807,
    0.18359788377647815, 0.18127415199642596, 0.1886989027261734
  ],
  "train_ious": [
    0.44310460345266206, 0.49220107377007416, 0.5158957199503976,
    0.5294274314158206, 0.5392538367946078, 0.5484940136742332,
    0.5556064221360115, 0.5619979609289895, 0.5675073985172351,
    0.5688446552587159, 0.5769267752226711, 0.5811328030582793,
    0.5848974745072748, 0.5862043160891187, 0.5915149272675962,
    0.5945400858594888, 0.5939029529690745, 0.5998928434606912,
    0.6011210701063922, 0.6041492254513762, 0.6057913756348949,
    0.6067600775564059, 0.6112922657875044, 0.6116581762722433,
    0.6144443770357667, 0.6164394130093466, 0.6186899237226747,
    0.6202330589294435, 0.621669681445844, 0.6237197661421438,
    0.6231283830559772, 0.6253831981532813, 0.6264218468812927
  ],
  "val_ious": [
    0.4717763510087261, 0.4988438826108323, 0.5323737654565038,
    0.5309488877006198, 0.5326810477004534, 0.5447345477515374,
    0.5217265331226847, 0.5375369556140209, 0.5588804097927134,
    0.574014403897783, 0.5790513537932133, 0.5816582454287488,
    0.5756135395039683, 0.5903774266657622, 0.5600978038881135,
    0.5928564717372257, 0.5895432965910952, 0.5999933235023334,
    0.5959260552257732, 0.5995631440394168, 0.5994791075371315,
    0.6042227628438368, 0.606924907884736, 0.6084799636965214,
    0.6092074407615524, 0.616006634157637, 0.6076254851144294,
    0.6117368290821711, 0.6124889442454214, 0.6082516984231229,
    0.6050768526999847, 0.6166892861542494, 0.605513984526413
  ],
  "training_time": 879.4784278869629,
  "avg_gradient": 0.0031445144045911754,
  "memory_usage": 1402.1875
}
