{
  "train_losses": [
    0.2788828863235919, 0.2515294380971919, 0.2371486071497202,
    0.2307769829488319, 0.22230251862303071, 0.21939521695932615,
    0.21474815532565117, 0.21053750059850837, 0.20820559796107851,
    0.2053702361881733, 0.20285074842040954, 0.19999915369502877,
    0.20019440684953463, 0.196117523247781, 0.19404134664522565,
    0.19296873652416727, 0.1923307581278293, 0.18965232461366965,
    0.18780021110306616, 0.187585496870072, 0.18580433151320272,
    0.18504246753518996, 0.1841414246060278, 0.18279737331297086,
    0.18089353600921837, 0.17980927812016528, 0.17958727430390276
  ],
  "val_losses": [
    0.25105837408615195, 0.24022158462068308, 0.23270119953414667,
    0.21959516827179038, 0.22229491303796353, 0.21673920135135236,
    0.20788102273059927, 0.21020945226368698, 0.20067214609488196,
    0.20212491504524066, 0.2034896965260091, 0.19779736483874527,
    0.20231492396282114, 0.19367639428895453, 0.19641663166491882,
    0.20047340639259503, 0.18945990600015805, 0.19115745179031207,
    0.1882304552456607, 0.1840249640138253, 0.19007766927066055,
    0.18455479974332062, 0.1844674591784892, 0.18431000281935153,
    0.18660908613515936, 0.18271539651829263, 0.18774954845076022
  ],
  "train_ious": [
    0.44057890772777314, 0.4879446956666484, 0.5135933103012869,
    0.5257777347080946, 0.5396030428616893, 0.5457360425667052,
    0.553912313358075, 0.5612015102490566, 0.5657252284927647,
    0.5703095077280547, 0.5748357962331047, 0.5798099739072117,
    0.5800803860892418, 0.5867128790072775, 0.5904021386759005,
    0.5923828461571883, 0.5926319118319213, 0.5984698031907497,
    0.6012548457669179, 0.6021287877490555, 0.6045959529237471,
    0.6068949620036975, 0.6087708520716518, 0.6108486810024233,
    0.6133995840622898, 0.6163902291893095, 0.6164465924535969
  ],
  "val_ious": [
    0.4864107119864312, 0.5068517317590505, 0.5084248587921046,
    0.5358397332222563, 0.5308023834790009, 0.544612303160239,
    0.5655497055554735, 0.5632342443518017, 0.5750782446584841,
    0.5781328827142715, 0.576387441460637, 0.582635482152303,
    0.5692278742790221, 0.5915829232637432, 0.5825642982254857,
    0.5850939053124276, 0.5983463566804278, 0.5893944728633633,
    0.5985967151928638, 0.6054347740567249, 0.5916095058555189,
    0.6056266316901084, 0.6060971749433572, 0.6116281648476918,
    0.6051447393669598, 0.6116281143133192, 0.5979354642871499
  ],
  "training_time": 719.316109418869,
  "avg_gradient": 0.003808351339487358,
  "memory_usage": 1402.1875
}
