{
  "train_losses": [
    0.27535553114569705, 0.2462918469277413, 0.2335872760285502,
    0.2257931769380103, 0.2208938886937888, 0.21527461464638295,
    0.21247100279383038, 0.2083406407871972, 0.20607435395536217,
    0.20308840898391994, 0.19953638582449892, 0.19679348859126153,
    0.19590057780885178, 0.1944009691638791, 0.19177086173516253,
    0.19025885103189427, 0.18727847787996996, 0.18790838932213577,
    0.18681078614748042, 0.18431991217253002, 0.18463749640985674,
    0.18188780546188354, 0.18168585366852905, 0.1808818220768286,
    0.1807659435207429, 0.17651615559082964, 0.17702013675285422,
    0.17492941645500454, 0.17442920366707054, 0.17322942217730958,
    0.1726128348837728, 0.173065602293481, 0.17199346115407738,
    0.17094767555270507, 0.16938212748778902
  ],
  "val_losses": [
    0.2644813828494238, 0.24462698983109515, 0.2421104120819465,
    0.22170025984878125, 0.22576550426690475, 0.22073543525260428,
    0.21173486923393997, 0.20998505664908368, 0.20880228831716205,
    0.2035615956005843, 0.2037444746364718, 0.2037611270080442,
    0.19720046351785245, 0.19526635077984436, 0.1981243131601292,
    0.19489537697771322, 0.19406750927800717, 0.20153086502914844,
    0.19541172229725381, 0.1987771524683289, 0.19394585231076117,
    0.18893080755420352, 0.1882714331150055, 0.1926741182156231,
    0.18776583671569824, 0.18448031369758688, 0.19077602482360342,
    0.18356943519219107, 0.18571171196906464, 0.18340347415727118,
    0.18371450091185776, 0.18739741522332895, 0.18088828999063242,
    0.18231067093818085, 0.19153638669978018
  ],
  "train_ious": [
    0.44729539224257087, 0.4958665917856972, 0.5191821671104521,
    0.5322150552672322, 0.5414194745969946, 0.551522910810899,
    0.5567171944278305, 0.56379276762406, 0.5674564369238807,
    0.5735056616257931, 0.5801223199004711, 0.5844185487029779,
    0.5865922012514825, 0.588242964036223, 0.5931925501512445,
    0.5960000626526882, 0.601152467338935, 0.600245746527461,
    0.6025091175907769, 0.6068296138251171, 0.6058237128823566,
    0.6107323092502961, 0.6113614472358122, 0.6131483904909395,
    0.6136380306080632, 0.6205657930585786, 0.6191128753665563,
    0.6234138908161632, 0.624286212189042, 0.6267611830886726,
    0.6272541505918988, 0.6267677723173649, 0.6283064845787443,
    0.6302236022724622, 0.6335337627409166
  ],
  "val_ious": [
    0.47582673000684667, 0.5026367191171299, 0.49813788967288053,
    0.542318939190844, 0.5402890478355297, 0.5412250220559646,
    0.5561770203968753, 0.5598907045264176, 0.5610789386690527,
    0.5747864278762238, 0.5772632064594739, 0.5739198175893315,
    0.5855935662984847, 0.5927211281614027, 0.5805408609086188,
    0.5898521523112837, 0.5918377918609674, 0.5830163376918737,
    0.5860300530558047, 0.5791797979154449, 0.5964702324590823,
    0.5987115282079446, 0.6030908952588622, 0.5972262789373813,
    0.6027799494888473, 0.606806767159614, 0.6019989826541018,
    0.6113679717848265, 0.6094755934200425, 0.614265439303025,
    0.6128208794887513, 0.6115997919569842, 0.6160184661115425,
    0.6165988125662871, 0.5992869181909424
  ],
  "training_time": 932.1280641555786,
  "avg_gradient": 0.003987844913349244,
  "memory_usage": 1402.1875
}
