{
  "train_losses": [
    0.2792500172458265, 0.2498324251855197, 0.23648393008372057,
    0.22766703917928363, 0.22089326422175634, 0.21674458326204962,
    0.21165077517861905, 0.20841743659390055, 0.20542417968744817,
    0.20209461474872153, 0.19958857374022837, 0.19889468221884707,
    0.19497410750583463, 0.19425643324528052, 0.19313787693238776,
    0.19119511552802895, 0.1895065165894187, 0.1887037366952585,
    0.1859017544142578, 0.18619027766196625, 0.1842015719284182,
    0.18092598571725513, 0.18226100391019945, 0.18020786976684694,
    0.18107457653335904, 0.17804176149808842, 0.17697880967803623,
    0.17620449343129344
  ],
  "val_losses": [
    0.2673468929917916, 0.2506370077962461, 0.24439885370109393,
    0.2283261939883232, 0.21668208228505176, 0.21986014557921368,
    0.21623398039651953, 0.21086123812457788, 0.217709932314313,
    0.21502800059059393, 0.20174210777749185, 0.20631357120430988,
    0.20037280735762222, 0.20168766865263815, 0.19713724080635153,
    0.19695391667925793, 0.1966123114461484, 0.19255804756413336,
    0.19122783159432205, 0.19268936761047528, 0.19418266059263892,
    0.19700447567131207, 0.19317807192387787, 0.19176521184651749,
    0.19087114638608435, 0.1859131448942682, 0.18785303345193033,
    0.19344411239675854
  ],
  "train_ious": [
    0.43781536260674964, 0.4903341776326945, 0.5144193151668793,
    0.5300618113167044, 0.541461212452555, 0.5498994012781674,
    0.5584144700534533, 0.564799897696661, 0.5695134842957276,
    0.5753699032508806, 0.5803820993481339, 0.5815413431196971,
    0.587945466672165, 0.5893221377138644, 0.5920608197541339,
    0.5957759312097581, 0.5985485645739932, 0.5998844629612523,
    0.6043608935306899, 0.6049878526532994, 0.6079783305201842,
    0.6133130797441454, 0.6109417132169442, 0.6148669920537785,
    0.613853234851706, 0.6188228461837424, 0.6212967449016326,
    0.6218927733168226
  ],
  "val_ious": [
    0.4486228195221528, 0.486065988847311, 0.4866651333328606,
    0.5179157820732697, 0.5480484839366829, 0.5401218831539154,
    0.5481267468868822, 0.5567343787870547, 0.544257408466892,
    0.5536674189826716, 0.571632083343423, 0.5703572974256846,
    0.5702753264618957, 0.5732685988364011, 0.5812655581512313,
    0.5805593148089838, 0.5847365465285123, 0.5917214168154675,
    0.5913050308607626, 0.5934099881113439, 0.5892267283322156,
    0.5795663068259973, 0.5911671080882996, 0.5951337822969409,
    0.594621263336444, 0.6025655168122139, 0.5950716271780541,
    0.5904397359792736
  ],
  "training_time": 746.2013280391693,
  "avg_gradient": 0.003437427532293531,
  "memory_usage": 1402.1875
}
