{
  "train_losses": [
    0.278436376105832, 0.2520226151884898, 0.23434731161788755,
    0.22859218020154082, 0.22189533564707506, 0.2171453905656286,
    0.21221375708346782, 0.20864151442504447, 0.20874136159925358,
    0.20520352823254856, 0.2014566397537356, 0.19976333277704922,
    0.19793675580750342, 0.19556732483856057, 0.19434765896395498,
    0.19228194702578627, 0.18982674626876478, 0.18864599979766036,
    0.18780354693855927, 0.18600772134959698, 0.18473322397988776,
    0.18543801310917604, 0.183110315595632, 0.18156088702380657,
    0.18102331459522247, 0.1796125226208697, 0.1782337422280208,
    0.17677832953631878, 0.17665041918339935, 0.17591578051771806,
    0.1752320089094017, 0.17581780246742393, 0.1728407493590013,
    0.1727065420507089, 0.17209555921347244, 0.17201162445480409,
    0.17100172878607459, 0.1691501920475908, 0.16852286935824415,
    0.17028038268503937
  ],
  "val_losses": [
    0.25846970372873806, 0.24920456273400265, 0.23234576667132584,
    0.22543903116298758, 0.22350463757048483, 0.2222355238121489,
    0.2150185043397157, 0.21291759610176086, 0.20803813215183176,
    0.20552289550719055, 0.2047413717145505, 0.205695699090543,
    0.20369583983784137, 0.196638195734957, 0.19475804301707642,
    0.19629064591034598, 0.20046647087387418, 0.19273055830727454,
    0.1900913757474526, 0.20418948097073514, 0.19686061791751697,
    0.18970829475185144, 0.19123030680677164, 0.18761599387811578,
    0.18593966993300812, 0.18402362420507098, 0.1807768179670624,
    0.18362787787033164, 0.1886089926828509, 0.18328215635341147,
    0.1824002774513286, 0.18303863056327985, 0.18428476770286975,
    0.17748432120551233, 0.18098641640466193, 0.18103415907725043,
    0.179931638357432, 0.18245272953873096, 0.18303382461485657,
    0.18991400981726853
  ],
  "train_ious": [
    0.4378207897344392, 0.4857906785024251, 0.5173341749856867,
    0.5276059525060482, 0.5402711027342338, 0.5491478442335908,
    0.5574202392574237, 0.5638172813839669, 0.563847080628941,
    0.5703233954483187, 0.5772389287965887, 0.5803215241302614,
    0.5841534218170505, 0.5867826994238556, 0.589876919930828,
    0.5932144788836221, 0.5978302118246971, 0.5997711251071399,
    0.6014937692578289, 0.6050691687758418, 0.6070990701732425,
    0.6049425942094433, 0.6093384539303576, 0.6125134039616238,
    0.6139758838259656, 0.6156143984500911, 0.618611025907423,
    0.6209860493199547, 0.621316490937834, 0.6219881446897113,
    0.6235883681886439, 0.6230533893449584, 0.6282782200453938,
    0.6286168050398865, 0.6287550630344861, 0.6294159056159896,
    0.6310362921136872, 0.6339518068817216, 0.6359036060563029,
    0.6319489351649219
  ],
  "val_ious": [
    0.4776311444415564, 0.5046690828774285, 0.5213492596926895,
    0.5336195675359258, 0.5391178099789483, 0.5506291823542636,
    0.5562667781892031, 0.5611805136221042, 0.561460662147273, 0.56661946553251,
    0.5660554997730946, 0.5772316283073977, 0.5726633510295893,
    0.5881330992864526, 0.589496436110441, 0.587378830149554,
    0.5831760550322741, 0.5913726411003996, 0.595324506362279,
    0.5705088392116021, 0.5948197437801224, 0.6018599837586498,
    0.5963972202245741, 0.6004344449527023, 0.6045949733343677,
    0.6085149898477222, 0.6135892915552941, 0.6087636461724407,
    0.5979958785616831, 0.6143306333949601, 0.6126707166001416,
    0.6097559628711231, 0.6062814329845317, 0.6211676794117775,
    0.6151534552159518, 0.6169245599404625, 0.6187545752179794,
    0.6121719004451366, 0.6147766378910644, 0.6075339045213616
  ],
  "training_time": 1065.7557034492493,
  "avg_gradient": 0.002187325277813345,
  "memory_usage": 1402.1875
}
