{
  "train_losses": [
    0.2776116856738277, 0.24761553270661313, 0.23294540745732578,
    0.22732586778052474, 0.22228576955587967, 0.21567986079532167,
    0.21265060997203641, 0.20928478216671426, 0.20428019535282385,
    0.20353151290960933, 0.20001538826719575, 0.1997262167379908,
    0.19638499739053455, 0.19556831754744053, 0.19344332465982955,
    0.19189573176529096, 0.1893371197840442, 0.18863820568051026,
    0.1868906392837348, 0.18556497043565565, 0.18521663441282252,
    0.18325624938892282, 0.1827866959830989, 0.18367628089111784
  ],
  "val_losses": [
    0.25338652503231296, 0.2531294093831726, 0.22248358182285144,
    0.2240416090125623, 0.21913406706374625, 0.2113632566255072,
    0.21381522747485535, 0.20352041462193365, 0.20694594214791837,
    0.1996411117522613, 0.20468959374272305, 0.20623417069082675,
    0.19812614211569662, 0.19743415680916412, 0.20768177412126376,
    0.1905677882225617, 0.19379305094480515, 0.1904975094872972,
    0.19815858421118362, 0.19003738754469415, 0.1890331898694453,
    0.1884868358788283, 0.18281069754258447, 0.20551930141189825
  ],
  "train_ious": [
    0.44062657044370396, 0.4945982832839522, 0.5201214915546386,
    0.5304633295298485, 0.539262928176617, 0.5514290643774945,
    0.5569217685016171, 0.5623984477226284, 0.5711286232091378,
    0.5730541505567407, 0.5791670614178626, 0.5799091213207315,
    0.5855623130025205, 0.5875126492717994, 0.590858117501805,
    0.5938333594712657, 0.5989258813577283, 0.599612632739371,
    0.6028864483578475, 0.6044648694063443, 0.6058665828212447,
    0.6087356530993744, 0.6102164161486039, 0.6084645618887053
  ],
  "val_ious": [
    0.47751396581314626, 0.479038116508636, 0.5357700688899426,
    0.5410769093727719, 0.5479629139105481, 0.5613935211862343,
    0.5443333668121392, 0.5727147092853767, 0.5702048954756365,
    0.5816816834435946, 0.5751244367464731, 0.5623090759567593,
    0.5872506665578788, 0.590080497921377, 0.569315903428672,
    0.5963597686394402, 0.5926831131396088, 0.597397641427275,
    0.5805899243855823, 0.5990240118209867, 0.6003671940686047,
    0.6018836474505024, 0.6085064948900885, 0.5717187716045241
  ],
  "training_time": 640.102823972702,
  "avg_gradient": 0.003440773407078749,
  "memory_usage": 1402.1875
}
