{
  "train_losses": [
    0.2816768917862488, 0.2516103639550831, 0.2357665557090355,
    0.22769852598076282, 0.22133590507766474, 0.2158725205808878,
    0.2127414694784776, 0.2122803149825853, 0.20664215824850227,
    0.202693077614126, 0.20105947027711765, 0.19918687139516292,
    0.1973986344654923, 0.19372339668157307, 0.1926061018653538,
    0.19113871819623138, 0.1893448457121849, 0.1893416709550049,
    0.1867110352639271, 0.18620430645735367, 0.1835862859759642,
    0.18308639283413472, 0.18123279495731645, 0.17968737690345102,
    0.1798647559531357, 0.18110247369369734, 0.17800332954072434,
    0.1774008342915255, 0.17590550908251948, 0.1746782998189978,
    0.17541014087264953, 0.17289803914077903, 0.17239462762423183,
    0.17272587736015735, 0.16970433319068473, 0.1690721832539724,
    0.16878037365234416, 0.17010744320957558, 0.16797404169388438,
    0.16613765344347642, 0.16704079897507376, 0.16564410139361155,
    0.1647855129254901, 0.16577357078052085, 0.16484542531163796,
    0.16341843330503805, 0.16293129713638968, 0.1626325055308964
  ],
  "val_losses": [
    0.26120909044276114, 0.25400013185065723, 0.23336095881202948,
    0.23600509697976318, 0.21877735756013705, 0.22181638686553293,
    0.21881509248329245, 0.21975171404040378, 0.20992225440947906,
    0.20857415315897568, 0.21652125113684198, 0.20002469128888586,
    0.19662753881319708, 0.20197697275358698, 0.19381320994833243,
    0.19442075523345367, 0.19123096116211102, 0.1900311818589335,
    0.20324438486410223, 0.1869696566592092, 0.19342166250166687,
    0.19082383325566415, 0.18543101328870523, 0.18443796265384424,
    0.18817572457634885, 0.18406275497830432, 0.1875876508977102,
    0.19196770631748697, 0.18622275377097336, 0.18816620629766714,
    0.18742709768855054, 0.18615487995355026, 0.18172941680835641,
    0.18256784781165744, 0.18003098731455597, 0.18333548436994138,
    0.18192894238492716, 0.17712170565905777, 0.18028844504252725,
    0.18177893077549728, 0.1782850036802499, 0.17824911941652713,
    0.18206151477668597, 0.18204638847838278, 0.17816360845513965,
    0.17822607865800028, 0.17768238549647125, 0.18150682326244272
  ],
  "train_ious": [
    0.4340990669536065, 0.48660001066931796, 0.5147481941604525,
    0.5304087035735877, 0.5407290065094182, 0.5493308638856894,
    0.5557780790588128, 0.5571305898382609, 0.5667917246025975,
    0.5743182368468548, 0.5774919271361137, 0.5809308590664379,
    0.5831746148566403, 0.5899094479239505, 0.5917179485162098,
    0.594766599004683, 0.5973475414017837, 0.597837554047937,
    0.6026510072575096, 0.6040360489725206, 0.608077590826197,
    0.6095733194463496, 0.6124071461566983, 0.6150044039215731,
    0.614797134168338, 0.6129010546466579, 0.6190772784360942,
    0.6192518310162466, 0.6219269980986912, 0.6243355858909043,
    0.6229812045568143, 0.6275013077302257, 0.6273881984145744,
    0.6269053956088814, 0.6331891177789029, 0.6331731518865494,
    0.634866117027359, 0.6322372172945652, 0.6358289604169733,
    0.6393091858405134, 0.6374983591014064, 0.6404738375998061,
    0.6413231934218302, 0.6396515329462893, 0.6417263613986794,
    0.6440058682059897, 0.6450731473016568, 0.64553676162293
  ],
  "val_ious": [
    0.47450922451157496, 0.48610491769901215, 0.5149135735371838,
    0.5140719185920729, 0.5506297982689261, 0.5438918490772663,
    0.5552787033544071, 0.5420210006228392, 0.5573313080746195,
    0.564635089342145, 0.5443502046923707, 0.5793762254542199,
    0.5861056811999584, 0.5725982120071633, 0.5936762014592905,
    0.5926623521507651, 0.5978905351265617, 0.5959803606720938,
    0.589742342846981, 0.6036243764818578, 0.5961012101691704,
    0.6017158692297727, 0.6077032760865445, 0.6096392001794732,
    0.5999051468527836, 0.6101104539373646, 0.6074451741533003,
    0.5968840582215267, 0.6118087656256082, 0.6060281981160676,
    0.6063573861467664, 0.606462007847385, 0.6162125466094499,
    0.6121593521556992, 0.6196275852296665, 0.6118979767180869,
    0.6174256298421084, 0.6229882749958314, 0.6194591597802397,
    0.6165493391994115, 0.6221169812091883, 0.6199731686408969,
    0.6203142024468684, 0.6177267244328621, 0.6213428911523542,
    0.6230308940445167, 0.6238645893940028, 0.6171124780523604
  ],
  "training_time": 1280.08766579628,
  "avg_gradient": 0.001922560351292236,
  "memory_usage": 1402.1875
}
