{
  "train_losses": [
    0.27866875291194604, 0.2519736677894126, 0.23860242695588132,
    0.22751457940625108, 0.22065053758737835, 0.21604966469432996,
    0.21260438486933708, 0.2080544738665871, 0.20545245366899864,
    0.20402556447231252, 0.20148499439591946, 0.19911574831475382,
    0.19637034898218902, 0.1942736252170542, 0.19258293436597224,
    0.1930779716728822, 0.18884314944886643, 0.18806254709868328,
    0.18705445892460967, 0.18600824588666792, 0.18461555088667767,
    0.1841424332688684, 0.1817840990488944, 0.18098626601631226,
    0.17960198806679767, 0.17843644199487957, 0.1770929102178501,
    0.1756439580703559, 0.17547023409734602, 0.1758638460027135,
    0.17387717103828554, 0.17453867674845716, 0.17219447814252065,
    0.1711093992318796, 0.17271820723038653, 0.1699234291749156,
    0.16849034214797226
  ],
  "val_losses": [
    0.25876301235478855, 0.25924934025691904, 0.23171819811281952,
    0.25055429274621216, 0.21764402998530347, 0.21976750506007153,
    0.2206173416065133, 0.2063142171372538, 0.21196065033259598,
    0.2074420277191245, 0.2059047128195348, 0.20401807129383087,
    0.21466048742118088, 0.1963696463600449, 0.2007359191775322,
    0.19154504816169324, 0.19110071367543677, 0.1930541302198949,
    0.19534318149089813, 0.19614149792038876, 0.19059937933216925,
    0.18712617035793222, 0.186246982411198, 0.1873890951923702,
    0.19253110140562057, 0.1890955826510554, 0.1878101466142613,
    0.19531055183514304, 0.18776337575653326, 0.1828142385119977,
    0.18298192710980124, 0.18256845551988352, 0.18188998491867728,
    0.18943796242060867, 0.1797710929227912, 0.18200867331546286,
    0.18852628573127414
  ],
  "train_ious": [
    0.4361767247466851, 0.48596765014572446, 0.5115858627942158,
    0.5303333089079547, 0.5424121118596067, 0.550476999224528,
    0.5571973967109469, 0.5640999611089196, 0.5702433627692686,
    0.572681039733731, 0.5765553236115672, 0.5810249753944255,
    0.5858475586426429, 0.5900661229979304, 0.5934942997452142,
    0.5929867396860018, 0.5995372023595414, 0.6008975235340389,
    0.6029513726631797, 0.6048861339256384, 0.6069585185336033,
    0.6075098255406256, 0.6124175637960438, 0.6137238178888091,
    0.6159860178612279, 0.6181588039557999, 0.6201108437625392,
    0.6236969395608145, 0.6236841671600724, 0.6226630037029586,
    0.6256514900512452, 0.6242840846703533, 0.6290791534103345,
    0.6309385014616924, 0.6278260382621184, 0.6328499561202697,
    0.6356353311650996
  ],
  "val_ious": [
    0.4731534968899644, 0.46782732787339576, 0.5244746754566829,
    0.5026758918943611, 0.5507484014699425, 0.542440075373304,
    0.5274721776013788, 0.5679741221061652, 0.5609673186056856,
    0.5539246264143266, 0.5708349891330885, 0.5648618545653163,
    0.558364149884901, 0.5850442699764086, 0.5804713057435076,
    0.5898644358351612, 0.5927507704582766, 0.5847390706556431,
    0.5805267017820607, 0.5916003433690554, 0.5982075515000717,
    0.6011395288118416, 0.605207355989926, 0.6028986534346705,
    0.5881867408752443, 0.5996447913888572, 0.6067890816408654,
    0.5930469096570775, 0.6000316713167275, 0.6105276497377864,
    0.6109670506439346, 0.6126091095848359, 0.6117135072531908,
    0.6040549420792124, 0.6164720896361532, 0.6128171140301056,
    0.6002900909254515
  ],
  "training_time": 987.2397367954254,
  "avg_gradient": 0.002890227155523201,
  "memory_usage": 1402.1875
}
