{
  "train_losses": [
    0.28481014178174996, 0.2514482127583545, 0.23661383743519368,
    0.2291512878044792, 0.2227249279132356, 0.21803061534529147,
    0.21337928509582643, 0.2107471797777259, 0.209435957443455,
    0.2053421377811743, 0.20318508051011874, 0.20032837420054103,
    0.19814139531682368, 0.19652006767042304, 0.19414307541497375,
    0.19344521313905716, 0.18942710457612638, 0.18869125268057638,
    0.18750673030381618, 0.1853424047484346, 0.18509256507715452,
    0.1844770356040934, 0.1820545039423134, 0.18112183896743733,
    0.179597574164686, 0.17955213736580766, 0.1781463975329762,
    0.17783171845519025, 0.17669707293743672, 0.17597037092175172,
    0.1747835806530455, 0.17591853261641835, 0.17287354163177635,
    0.17076145047726837, 0.17243216413518656, 0.17114277839984582
  ],
  "val_losses": [
    0.25471912227247073, 0.24556183069944382, 0.24887423055327457,
    0.22275570812432663, 0.2191063751992972, 0.22416109624116318,
    0.2166278414104296, 0.21165131680343463, 0.20384004938861597,
    0.20417003042024115, 0.1979276479586311, 0.20343973098889642,
    0.20340616029241812, 0.20531194268361383, 0.19676087991051053,
    0.19864367110573727, 0.19740725081899893, 0.19162332169387652,
    0.18870742683825287, 0.20283057896987253, 0.1912491263254829,
    0.18887699136267538, 0.1868844071160192, 0.18730349352826242,
    0.186945715352245, 0.18336213898399603, 0.18644921449215515,
    0.18349439877530802, 0.1820771266584811, 0.1845554327187331,
    0.18011298775672913, 0.17931866678206818, 0.1822014020188995,
    0.18857767173777457, 0.18197009744851486, 0.1858541230144708
  ],
  "train_ious": [
    0.43325925563418627, 0.4865435961417961, 0.5150372624883184,
    0.527983874298524, 0.5395547689303107, 0.5467569863936609,
    0.5557467898866834, 0.5594874221453631, 0.5625464008122251,
    0.5691329968310354, 0.5742282972171682, 0.5795011882116833,
    0.5829216964758823, 0.585538951761049, 0.5900752501751205,
    0.5911957919057728, 0.5983533850614572, 0.5993736357684584,
    0.60147813351258, 0.6058460618706724, 0.6063317339057503,
    0.6069175344014514, 0.611378956478143, 0.6128820275914844,
    0.6159370604200642, 0.6161634306544843, 0.6182929391878238,
    0.6191355949402723, 0.6216408222157884, 0.6226345649447992,
    0.6250973027469456, 0.622983399292697, 0.6281866689846997,
    0.6308617542727271, 0.6288564919453601, 0.6312303443749749
  ],
  "val_ious": [
    0.47646328526130627, 0.4992039028717123, 0.4856111790606942,
    0.5365705142418544, 0.5447413338267285, 0.5418851265440816,
    0.5501925878334736, 0.5537343042484228, 0.5687521829985189,
    0.5769068816865698, 0.5789429720329201, 0.5742839009001632,
    0.5760067811478738, 0.5709420187749725, 0.5830621885648671,
    0.5792211844869282, 0.5872463767511256, 0.5933205405439156,
    0.6020841831746307, 0.5770731754061105, 0.5967786119899888,
    0.6013685365517933, 0.6050092888915021, 0.6013692746991698,
    0.603795091311137, 0.6100723186264869, 0.6057476729586504,
    0.6122067765049313, 0.6127620181743649, 0.6094326832588169,
    0.6163848593183185, 0.6164495398600895, 0.610766168737757,
    0.602481158963148, 0.6177004841358766, 0.6017135351464369
  ],
  "training_time": 958.5544528961182,
  "avg_gradient": 0.0017889793073872105,
  "memory_usage": 1402.1875
}
