{
  "train_losses": [
    0.2801766346168259, 0.253672672678595, 0.23809321297575597,
    0.22864856279414633, 0.22159818219749824, 0.2174690937542397,
    0.21402277862248215, 0.2106656751231007, 0.20765930592365886,
    0.20425412674313007, 0.20265045033200926, 0.19853002124506494,
    0.198594330607549, 0.19640403459577457, 0.19350002584574016,
    0.19223347136183924, 0.19075453662030076, 0.19047503140957459
  ],
  "val_losses": [
    0.28852645469748456, 0.23737724805655686, 0.25436481120793714,
    0.23191736573758331, 0.22724992684696033, 0.2321095136196717,
    0.20871608704328537, 0.20451290063236072, 0.20802189701277277,
    0.20961551886537802, 0.19854880027149036, 0.2015860300997029,
    0.19763824570438135, 0.19771516387877258, 0.2063654803711435,
    0.20535721014375272, 0.1919596694085909, 0.21618573853503104
  ],
  "train_ious": [
    0.4392820635770004, 0.48395352797123886, 0.5118996686963498,
    0.5286474394463542, 0.5414685435809088, 0.5479744728654624,
    0.5545665400939573, 0.5607258560864817, 0.5653047919057418,
    0.5714984597719236, 0.5744497962296008, 0.5826037128766377,
    0.5821064856929191, 0.5861877479954908, 0.5914350477033767,
    0.5934356219418669, 0.5956538808734524, 0.5965165019683215
  ],
  "val_ious": [
    0.46724083652530896, 0.5135412954765818, 0.4838014866994775,
    0.5269004430459895, 0.529855940868889, 0.5264515315276989,
    0.5571874174950778, 0.5692754247482272, 0.5650356649488643,
    0.5615314178276752, 0.5801259510327076, 0.5664225365372672,
    0.5812308699756431, 0.5854252594104713, 0.560559277409229,
    0.5637329901042191, 0.5933583888454713, 0.5491840327563492
  ],
  "training_time": 479.3245429992676,
  "avg_gradient": 0.002457930364448563,
  "memory_usage": 1402.1875
}
