{
  "train_losses": [
    0.28032428908931173, 0.2537478317871042, 0.23802388742890046,
    0.23063612138123615, 0.22440743940355984, 0.2193165718699279,
    0.21401259173517642, 0.21266682656562846, 0.20975326779096023,
    0.2056059652696485, 0.20436254597228506, 0.20230824119694854,
    0.20207148263959782, 0.19720891741630825, 0.19542283589101356,
    0.19457341536231662, 0.19289497771988745, 0.19222901923500973,
    0.19070524779026923, 0.18867516671509846, 0.18775857442423052,
    0.18576697430208974, 0.18539649507273798, 0.18379891299359177,
    0.1823768536357776, 0.18124061879580436, 0.18259689041777796,
    0.17896461195271948, 0.17851629205372022, 0.17732779835553272,
    0.17575681079988895, 0.1749621397289245, 0.17400742322206497,
    0.17316468886059264, 0.17316157953894656, 0.17222286420671837,
    0.17266224818709103, 0.17100025421899298, 0.17040372963832773,
    0.17065277744246565, 0.16845674343083217, 0.168592038280938,
    0.16692619770765305, 0.16653329457925714, 0.1654674749335517,
    0.16577426198384035, 0.16561376663815716, 0.16603120047923015,
    0.1648920802804439, 0.16441612026613692, 0.16271035494687763
  ],
  "val_losses": [
    0.2645065236998641, 0.25571862834951153, 0.25364782758381055,
    0.2299360150228376, 0.22264142269673554, 0.22069158243096393,
    0.2132788255162861, 0.2082599424149679, 0.2033990411006886,
    0.206589222278284, 0.21869250548922498, 0.20568957989630493,
    0.20194250798743704, 0.19865813333055246, 0.19663636548363644,
    0.19597072186677353, 0.20366107445696127, 0.18938286246164984,
    0.19015036912068076, 0.19054468494394552, 0.19047242726968683,
    0.1917310233997262, 0.192711487736391, 0.1890457862097284,
    0.1917978923605836, 0.18863718082075534, 0.18421824729960898,
    0.19159818505463394, 0.18762543473554694, 0.18526598649180454,
    0.1846037481142127, 0.17989992155976917, 0.18056896102169287,
    0.18082842684310416, 0.18206079887307208, 0.18194534305645071,
    0.18216864408358283, 0.17859011985685513, 0.1850643290773682,
    0.18280688219744226, 0.17753200945646866, 0.17960802368495776,
    0.1778081960004309, 0.17777029262936633, 0.18005458427512128,
    0.17657012816356576, 0.18287741360457047, 0.178336171352345,
    0.17908878980771356, 0.18076885167671286, 0.18572220789349597
  ],
  "train_ious": [
    0.4365592228516133, 0.48275996590762027, 0.5113775861867961,
    0.5247421405021696, 0.5359562072309035, 0.5450537233087033,
    0.5546944792503897, 0.5569494168233612, 0.5624257362299206,
    0.5687354397622572, 0.5717949022309504, 0.5757719460820807,
    0.5769031280516718, 0.5843726546382125, 0.5874289838948111,
    0.5890813852133961, 0.5928461071697702, 0.5938780426547149,
    0.5964462241508821, 0.5992273507450802, 0.6018160651235478,
    0.6047189906239511, 0.6064419824144113, 0.6082925031474532,
    0.6114336423899818, 0.6131684694817103, 0.6110728951036069,
    0.616708646811869, 0.6185626384896642, 0.6197435010386552,
    0.6229731970183229, 0.6241212499638397, 0.6259174305891646,
    0.6267607166175393, 0.627234125320894, 0.628783625537071,
    0.6286868502156461, 0.6309463025975056, 0.6318108605733812,
    0.6322893023598884, 0.6355067283131072, 0.6350101237387764,
    0.6383065259003118, 0.6390809628950515, 0.640276104049838,
    0.6404216203676618, 0.6406267023496868, 0.6400579751293727,
    0.6417571871500948, 0.6426759128445302, 0.6463423710910304
  ],
  "val_ious": [
    0.4655740973742112, 0.47035234378299856, 0.488275301521239,
    0.5197748366905295, 0.5371453946699268, 0.5445535014504971,
    0.5565108319987421, 0.5668476010146349, 0.5697510374197062,
    0.5724929417820945, 0.5564166985560155, 0.5708213817814123,
    0.5763320670179699, 0.5820395855799967, 0.5872421167466951,
    0.5883364401001859, 0.5685118838496832, 0.5990151043819343,
    0.5933030269284181, 0.598862191689187, 0.5984351321838904,
    0.5941150827684264, 0.597554001039353, 0.5991154077692308,
    0.5954833259617074, 0.6000760700823603, 0.6082391667625177,
    0.600504590333372, 0.6066889004862827, 0.609566888947418,
    0.6077772640231728, 0.6166197089613348, 0.6162484396195067,
    0.6123749689347502, 0.6128597497076228, 0.6173888403868328,
    0.6136973968882493, 0.6183641442786092, 0.6093149850333948,
    0.6106882170922514, 0.6224084926256234, 0.620371050592782,
    0.6192298259424126, 0.6219787154940591, 0.6162760890480401,
    0.6252220860425975, 0.6172046039415441, 0.6224703574958056,
    0.6216737675494043, 0.6134274608415105, 0.613911377347034
  ],
  "training_time": 1358.5717179775238,
  "avg_gradient": 0.0035271453518976696,
  "memory_usage": 1402.1875
}
