{
  "train_losses": [
    0.2813662814543299, 0.24975125038105508, 0.23520581626697726,
    0.22685796735079392, 0.221829600389237, 0.21539730934993082,
    0.21314806167198264, 0.20938914560753366, 0.2053046655719695,
    0.20362326729556787, 0.20069531181260294, 0.19927846065357976,
    0.19660220797295155, 0.19519674243486446, 0.19288625041751759,
    0.1917184127251739, 0.1897953914721375, 0.18772174336987993,
    0.18670230877140295, 0.18634035567874493, 0.1848991301882526,
    0.18392534529709298, 0.1834250414825004, 0.1814888195823068,
    0.17973804166135582, 0.17953071767545264, 0.17840204072063384,
    0.177456130395117, 0.17461169341012187, 0.17404922721502575,
    0.1728799597400686, 0.17291824503437334, 0.17321517148419566,
    0.1705179220146459, 0.1711775760125855, 0.16968299156945685,
    0.17045976642681204, 0.16781208202566789, 0.16768059426027795
  ],
  "val_losses": [
    0.25448643869679904, 0.2457041040710781, 0.23717064475235733,
    0.22533293100802795, 0.2232686420497687, 0.21823507353015567,
    0.2124521003469177, 0.21153775505397632, 0.20579812805289807,
    0.2045573737958203, 0.21451989334562552, 0.20091969487459763,
    0.2011309486368428, 0.19414525900198065, 0.20215032184901444,
    0.20013601170933765, 0.19591175311285516, 0.1923188272377719,
    0.19068638721238013, 0.19621651392915976, 0.1897047881198966,
    0.2000907406858776, 0.18653878537209137, 0.18644337356090546,
    0.19300993823486826, 0.1892717036864032, 0.1888499739377395,
    0.18618942214095074, 0.18351730056430982, 0.18617901497560999,
    0.18384269624948502, 0.18561984080335367, 0.18058379674735275,
    0.1854144551831743, 0.18595071752434192, 0.19389596095551614,
    0.18108847089435742, 0.17998224982748862, 0.18620101135710013
  ],
  "train_ious": [
    0.4379738025178295, 0.49066546983153025, 0.5164893320829111,
    0.5304994906528269, 0.540003163902008, 0.5513129403841669,
    0.5549847450431276, 0.5620313562128854, 0.5690688094043216,
    0.5714049145471358, 0.5775426485832187, 0.5802255885648556,
    0.5849062589307628, 0.5867755363384881, 0.5915083324779635,
    0.5937125778392605, 0.596560874548943, 0.6009004912946535,
    0.6019729581540045, 0.6034359738662624, 0.6052609586521333,
    0.6077024866489397, 0.6087472970071045, 0.6116868930774322,
    0.615024849070587, 0.6157578737947389, 0.6173786786587343,
    0.6192145544117775, 0.6245021270992962, 0.625463782337265,
    0.6270705758985401, 0.6276318478951421, 0.6269836360993591,
    0.6317370158714666, 0.6299798019446325, 0.6330385997459507,
    0.6316476165708425, 0.636881545078064, 0.6360473389318887
  ],
  "val_ious": [
    0.48676167460887326, 0.5080201527562694, 0.522552896560966,
    0.5401162170413613, 0.5378557429581449, 0.5453605177825775,
    0.5603325416644415, 0.555640703310137, 0.5729458174411802,
    0.5710999758347222, 0.5617583949064863, 0.5750883761523428,
    0.5760293050088744, 0.5880739319583644, 0.5769639062708701,
    0.5844803705163624, 0.5904713620742161, 0.593537683720174,
    0.5982100665569305, 0.5893901571415474, 0.5963389504214992,
    0.5880748366100202, 0.6049380177173062, 0.6022482145091762,
    0.5939370825670768, 0.6035536218812501, 0.6019155344237452,
    0.605369005298269, 0.6099461276030194, 0.6024574674126031,
    0.6130138197238894, 0.6090854607198549, 0.6162243263013121,
    0.6102663900541222, 0.6094851074875265, 0.6039834888516993,
    0.6176455852346144, 0.6175013316282328, 0.6088917462722115
  ],
  "training_time": 1038.2596380710602,
  "avg_gradient": 0.003571298487431747,
  "memory_usage": 1402.1875
}
