{
  "train_losses": [
    0.27638047901184665, 0.25046972752265306, 0.23699114366394022,
    0.22752170612954575, 0.22273861770720585, 0.21582910110769066,
    0.21133433719692024, 0.2096838541328907, 0.2058575101520704,
    0.20281375248147093, 0.199908629545699, 0.19652382138630617,
    0.19524899003622326, 0.1936304076048343, 0.19296737250102602,
    0.18977855259309645, 0.18949550430735815, 0.1865859449557636,
    0.18592051303257112, 0.18545106223419958, 0.18321481800597647,
    0.1814893583726624, 0.18242568085375038, 0.1796147620872311,
    0.17823555158532184, 0.17785276189122512, 0.17700777494389078,
    0.17590161858369474, 0.1767685578569122, 0.17450515334696873
  ],
  "val_losses": [
    0.26516135458065115, 0.24952844886676126, 0.23497788672861847,
    0.24122822900181232, 0.222963095035242, 0.21748782856308896,
    0.2184319651645163, 0.21374808770159018, 0.2191841245993324,
    0.20785922265571097, 0.22319383174180984, 0.20055283087751138,
    0.20126906296481256, 0.20107798505088556, 0.19708365590676016,
    0.19505213330621304, 0.19753855272479678, 0.1974269786606664,
    0.19349956382875858, 0.19135310630435529, 0.19210400561923566,
    0.20152763147716937, 0.189259830052438, 0.19154090985007907,
    0.18884434291849966, 0.19131619029718896, 0.19010894162499387,
    0.18680472412834997, 0.1940007553152416, 0.19040103353883908
  ],
  "train_ious": [
    0.4406516965751981, 0.4882798210272321, 0.513831510707952,
    0.5296260001596765, 0.5382524705289501, 0.5499921964238518,
    0.5578883297039546, 0.5612222921049251, 0.5684192295361686,
    0.5736147226306839, 0.579062877735798, 0.585274743375139,
    0.5881274600067866, 0.5900234819754309, 0.5920985263866795,
    0.5970132457821269, 0.5983116068485853, 0.6031286200859409,
    0.6043569602720112, 0.6039865435357542, 0.6093500520008198,
    0.6117646698502525, 0.6107880020163201, 0.6152290479968421,
    0.6176686257231928, 0.6174689787237541, 0.6195879401504129,
    0.6217557008283726, 0.6208791472557662, 0.6242832632168482
  ],
  "val_ious": [
    0.4613688772787217, 0.48156032322541525, 0.5193921962509984,
    0.5224581708510718, 0.5410810017931289, 0.550064890065055,
    0.5518300147808116, 0.5551511660434197, 0.5520790875821873,
    0.5697105310965275, 0.5429158059583193, 0.5802620759476786,
    0.5799651610246604, 0.5806344075911289, 0.5850234997013343,
    0.5862927475701207, 0.5913024641897368, 0.5910297198140103,
    0.5924960562716359, 0.5986732609462049, 0.5921636219473851,
    0.5841542845186979, 0.5981331223594969, 0.5961418462836222,
    0.6024711168762567, 0.5950890302226164, 0.6003758414931919,
    0.6062844605117603, 0.5996623328630475, 0.595778805622156
  ],
  "training_time": 799.9376547336578,
  "avg_gradient": 0.0032455224006936816,
  "memory_usage": 1402.1875
}
