{
  "train_losses": [
    0.28820552790294524, 0.2579184671782929, 0.24287149544967257,
    0.23258331247969813, 0.22692411425321, 0.22103554488200208,
    0.2164382438134888, 0.2146008433369191, 0.21100287609126256,
    0.2093629229651845, 0.20573352196294328, 0.20626900774305282,
    0.202551975765306, 0.19933627521538216, 0.19759342106788055,
    0.19518091869742973, 0.19441559335783773, 0.191699528094867,
    0.19119398465946966, 0.18918599455576876, 0.18994836663098438,
    0.1863986586584993, 0.18406037994376992, 0.18282350290404714,
    0.18393008540505948, 0.182467108025499, 0.1807986041126044,
    0.17912065302548202
  ],
  "val_losses": [
    0.27480220114407333, 0.2561313944018405, 0.25424716135729913,
    0.24711521520562793, 0.23641431202059207, 0.22515862111164175,
    0.2234441466305567, 0.23372216004392374, 0.21865151854960815,
    0.21692879757155542, 0.213063545525074, 0.2072944103375725,
    0.20779171424067538, 0.2002543761678364, 0.20578595218451126,
    0.1963976223183715, 0.2004509088785752, 0.19641251343747843,
    0.19747016254974448, 0.19901943271574768, 0.19417426994313364,
    0.1905761192674222, 0.18948265845360962, 0.18945247906705606,
    0.19282309095496716, 0.19012441615695538, 0.19147039399198865,
    0.20096031090487604
  ],
  "train_ious": [
    0.4230341940801473, 0.4761251982139502, 0.5028692457716967,
    0.5225022608765226, 0.5310950432026733, 0.542198390200518,
    0.5502653248824073, 0.5528377702162748, 0.5598958506100419,
    0.5622298513147711, 0.569041788092126, 0.5673820500572524,
    0.5750448484567632, 0.5804516721138919, 0.5830902781715427,
    0.5878385794551477, 0.5887093426308768, 0.593598116243231,
    0.5954824798888918, 0.5987341559991457, 0.5973557025410122,
    0.6031810029045398, 0.6075708406127017, 0.6099603225787483,
    0.6082790643516657, 0.6117027436477549, 0.6142594161024991,
    0.6165624709556932
  ],
  "val_ious": [
    0.4557161022355592, 0.48619841903016175, 0.4707293526633926,
    0.5188638780643976, 0.506392994004747, 0.5374386779208115,
    0.542604914178019, 0.5250824308697729, 0.5446032592351885,
    0.554151077201401, 0.5540256292923639, 0.5675599911938541,
    0.5615268019230469, 0.5814955325230308, 0.5748849638562271,
    0.5878893568895862, 0.5803558239038439, 0.584370258277741,
    0.5890743542408597, 0.580077720509059, 0.5854530202737752,
    0.5941667371038077, 0.602753872240799, 0.6029453877953516,
    0.5967839571876802, 0.6004142199737439, 0.5982419319342875,
    0.5810942103465399
  ],
  "training_time": 746.2694976329803,
  "avg_gradient": 0.00420323760211084,
  "memory_usage": 1398.6875
}
