{
  "train_losses": [
    0.2811194927958043, 0.2527795802477909, 0.240070806492282,
    0.23114865427107914, 0.22402099949186263, 0.2192494470788085,
    0.21563063302765723, 0.21116465775539045, 0.20988046264518861,
    0.20545108235724593, 0.20279807135786698, 0.20108723324602065,
    0.19925320091778817, 0.19727991416078547, 0.19355122299621935,
    0.19297859096980613, 0.19158373594931935, 0.19036255452943884,
    0.18940012173160262, 0.18687119982812717, 0.18468203347014345,
    0.1838149854346462, 0.18313604447504747, 0.18182607432422432,
    0.18074810180975043, 0.17949523776769638, 0.1800292782161547,
    0.1757627569300973, 0.1773225611642651, 0.17424555487282897
  ],
  "val_losses": [
    0.26308453212613647, 0.2503068230074385, 0.23696721993062808,
    0.22726129286963007, 0.22079882673595264, 0.21752280774323837,
    0.22231335063343463, 0.2078080711805302, 0.21309480978095013,
    0.20958278490149457, 0.21000594321800314, 0.20411539369303247,
    0.19613151414238889, 0.19377946886031525, 0.19675981253385544,
    0.1915285120839658, 0.19138038417567377, 0.1953663965282233,
    0.20017189014217127, 0.1905826022443564, 0.1892541089783544,
    0.18642357186130856, 0.18822794828725897, 0.1918774532235187,
    0.18697714578846228, 0.18295319929071094, 0.1806328688626704,
    0.1846807084005812, 0.18385605837987817, 0.19333578225063242
  ],
  "train_ious": [
    0.43582069326826534, 0.4846203760446418, 0.5073141583605956,
    0.5244427926946382, 0.5366863011503996, 0.5445602495169295,
    0.5509904307191785, 0.5597534363522478, 0.5619401706895534,
    0.5687067840194355, 0.573946509672248, 0.5775646321691466,
    0.5809201324979463, 0.5849347892014877, 0.5906337088216905,
    0.5920947005135426, 0.594873880562575, 0.5967670738481096,
    0.598395408819551, 0.6025745068555292, 0.6064676734740321,
    0.608026772089626, 0.6090059632948341, 0.6113250600578993,
    0.6133254182835417, 0.6162481187586333, 0.6141785071163935,
    0.6222482024003633, 0.6188651770353317, 0.6252790165768153
  ],
  "val_ious": [
    0.47384573886359943, 0.4865462827509729, 0.5217362583979317,
    0.5205665904542675, 0.5357406450354535, 0.5467757366705631,
    0.5480807580161785, 0.565270793394766, 0.5606187817411146,
    0.5644486753836924, 0.5644344192916069, 0.5773860643739286,
    0.5877167407585226, 0.5926477773034052, 0.5886417413535325,
    0.593482466927473, 0.5961623895859371, 0.587271844347318,
    0.5831240655287453, 0.5978678521038829, 0.5957842184149701,
    0.6011070991339892, 0.6025118322476097, 0.5979319245055101,
    0.6019381636726685, 0.6075347508641255, 0.6131742102080497,
    0.6101950726647308, 0.6085855552683707, 0.5951672492251882
  ],
  "training_time": 799.2515857219696,
  "avg_gradient": 0.003991141805338069,
  "memory_usage": 1402.1875
}
