{
  "train_losses": [
    0.2829580493271351, 0.25517214113927406, 0.2391832359135151,
    0.2306227037764114, 0.22405542700510958, 0.21832565137225649,
    0.2128762932413298, 0.2099353581181039, 0.2077688488137463,
    0.20488266468695973, 0.2017642016644063, 0.19798934759329195,
    0.19867314284910326, 0.1965558461682952, 0.19748806556605775,
    0.19327761548692765, 0.19162743773473345, 0.1902983258275882,
    0.1894668324486069, 0.18718923612133317, 0.18770322219833083,
    0.18844115701706513, 0.18404542525177417, 0.18176961706384367,
    0.18362403167006763, 0.18170258759156518
  ],
  "val_losses": [
    0.2606701530192209, 0.24582734736411468, 0.24079451159290646,
    0.23329154920318854, 0.2302896665490192, 0.23408450413009393,
    0.21278376974489377, 0.2107603760517162, 0.20647107680206714,
    0.21590995950543362, 0.20307535840117413, 0.2004379782339801,
    0.22305275337851566, 0.20414361066144446, 0.2009892586780631,
    0.19539824873209, 0.19954537049583768, 0.2005013165914494,
    0.19199128675719965, 0.19078110838713852, 0.2066709363590116,
    0.1908997549958851, 0.1891267118246659, 0.19495612577251767,
    0.18875400041756424, 0.20104064662819324
  ],
  "train_ious": [
    0.4345798833418865, 0.47972197101815894, 0.509900894690899,
    0.5254552143261484, 0.5375691339697529, 0.5475535486433386,
    0.5569869284180625, 0.5614878760137852, 0.5661130558861341,
    0.5711010344650435, 0.5769474852452242, 0.5835986793905071,
    0.5822571554909579, 0.5861865949911483, 0.583751329045365,
    0.5917400807358216, 0.5950351165796537, 0.5966255805198696,
    0.598035375007253, 0.6036194547254972, 0.6014812354916248,
    0.6006170723425304, 0.6079546889641146, 0.6123370862417463,
    0.6088936026545542, 0.6122116587408211
  ],
  "val_ious": [
    0.47069110419007326, 0.5002971293701642, 0.5112589153906574,
    0.5208162675085274, 0.5275921440426855, 0.5064737562468086,
    0.5566738962695217, 0.5606460463309634, 0.5674487596404726,
    0.5540715456008912, 0.5680336181236351, 0.5801172215437544,
    0.5407804671836935, 0.5749889754730724, 0.5797879719647808,
    0.5867888944736425, 0.5796518945607586, 0.5774793346291001,
    0.5917459465023399, 0.5913042253342229, 0.5733730542486992,
    0.5934248611978862, 0.5970194449891214, 0.5898475003415259,
    0.6017794393110966, 0.5787157584791597
  ],
  "training_time": 693.1778316497803,
  "avg_gradient": 0.006465135773079057,
  "memory_usage": 1402.1875
}
