{
  "train_losses": [
    0.2767068514519412, 0.24899075253178243, 0.23351265093230683,
    0.2287575980729383, 0.2224409737340782, 0.21669350256738457,
    0.21275758241181789, 0.2098791701314242, 0.20751776311384595,
    0.2038946968867727, 0.20099585778687312, 0.19914996186676232,
    0.19766691472867262, 0.19484749468772308, 0.19312854491822098,
    0.1919712825151889, 0.190074163529536, 0.18702003052053245,
    0.18674338268844978, 0.1850521935392981, 0.18306941701018292,
    0.1844648960167947, 0.18228906919450863, 0.18243616584526456,
    0.18034226852266685, 0.1787504175596911, 0.17750136351779752,
    0.17576910887399447, 0.17554973503169807, 0.17371514204727567,
    0.17264915006640164, 0.17407156648519245, 0.1727268174290657,
    0.17181317305759244, 0.1704941378177508, 0.16968681096382762,
    0.16890034395391526, 0.16865008518747662
  ],
  "val_losses": [
    0.2785753167193869, 0.26394660803286923, 0.22913229789422906,
    0.22610026112069254, 0.22486047317152438, 0.22075384174999985,
    0.2160954251885414, 0.2192545206002567, 0.2043500811509464,
    0.2042964952795402, 0.2103264208721078, 0.19837991213021072,
    0.19934534540642862, 0.19678900196500446, 0.1959044269245604,
    0.19912900775671005, 0.197026118312193, 0.19195462050645248,
    0.19212691550669464, 0.18856463354566824, 0.18787146618832712,
    0.19008743471425513, 0.19579877315656, 0.18597451046757077,
    0.19385331383217935, 0.18963568690030472, 0.18627968462912933,
    0.18293249445117038, 0.18435779440662134, 0.1814648207762967,
    0.18201922042214352, 0.1872048170670219, 0.18500964926636737,
    0.18059675201125766, 0.18120850946592248, 0.18158313567223755,
    0.17926115737013196, 0.18573964128027792
  ],
  "train_ious": [
    0.44557115898899524, 0.4925511204300154, 0.5194655604714504,
    0.5290629318982795, 0.5396207789688007, 0.5493777473929569,
    0.5571004986439063, 0.5619008929833121, 0.5656991717338128,
    0.5722306300548543, 0.5780187472161175, 0.5815224875898464,
    0.5844079045497853, 0.5887015198451886, 0.5920247751949489,
    0.5937453366924026, 0.5968447754132573, 0.6028990951245247,
    0.6036590739436768, 0.6071117517632854, 0.6095815999028474,
    0.6079238504171368, 0.6110518149815609, 0.6112653815551944,
    0.6149566779857962, 0.6185839331668356, 0.6198121477188404,
    0.6230819841333922, 0.623457532160092, 0.6261351974006147,
    0.6279324029126896, 0.6264167922562447, 0.627715377002091,
    0.6299648736266122, 0.632067363763201, 0.6330430630216564,
    0.6346522386631239, 0.6351249020924604
  ],
  "val_ious": [
    0.455582907450372, 0.45929000515868695, 0.5200721878504407,
    0.5306732591943464, 0.5208463964686878, 0.5407985506066376,
    0.5518358665100043, 0.5481400565392728, 0.5709084658950997,
    0.5726244788670887, 0.5597341479598612, 0.5777594645818075,
    0.5750511023013489, 0.5802970232738964, 0.5879808331745259,
    0.5785711930281874, 0.5845807760521984, 0.5937173366546632,
    0.5935466229051785, 0.599707425288532, 0.6000062149503957,
    0.5981817599655926, 0.5843298471924186, 0.6031010561231256,
    0.5936073086399964, 0.5965042060268099, 0.599912903231123,
    0.6109398190957914, 0.6079262540392254, 0.6147709672433744,
    0.6123365805200908, 0.6048239115355672, 0.6115253112022427,
    0.617123981964761, 0.6154416531756304, 0.6147809579320576,
    0.6194455118282982, 0.604893223962922
  ],
  "training_time": 1013.254152059555,
  "avg_gradient": 0.002384308568084579,
  "memory_usage": 1402.1875
}
