{
  "train_losses": [
    0.2771527725069419, 0.2482925471242355, 0.23670774552485216,
    0.2288851249639107, 0.22271096301467522, 0.2169247530400753,
    0.21484672342953476, 0.2111514894210774, 0.2078723947962989,
    0.20543868612983954, 0.2030919742487047, 0.19999916584271452,
    0.19897908239584902, 0.19627919080464737, 0.19480349544597708,
    0.19422539671802003, 0.19180449106447076, 0.19056431884350983,
    0.18811635527273882, 0.1889189995177414, 0.18626174403597479,
    0.18327320998777513, 0.1823499387373095, 0.1833362384982731,
    0.1803842047634332, 0.18019831026701824, 0.18084670263140099,
    0.1780899099033812, 0.17753553552472073, 0.1760951646644136,
    0.1769006805413443, 0.17618986113887766, 0.17315027231107588,
    0.17379714840132257, 0.1720652908248746, 0.17259861917599387,
    0.1710404400592265, 0.17162618486453657, 0.16925553329612897,
    0.16985367554361405
  ],
  "val_losses": [
    0.26007710429637326, 0.24924449719812558, 0.2487262853461763,
    0.22565648704767227, 0.21966934819584308, 0.21611213424931403,
    0.21254357727973358, 0.20349862944820654, 0.2044366436160129,
    0.20530931619198425, 0.20298862586850705, 0.20395314758238586,
    0.20187107635580975, 0.20457052504238876, 0.19934743966745294,
    0.20964027811651645, 0.19524866051000098, 0.18907413988009744,
    0.1919960768326469, 0.1952016473464344, 0.1858633782552636,
    0.1879800460908724, 0.19535929515309955, 0.19102441163166708,
    0.1851952173139738, 0.1830646016675493, 0.18825440076382263,
    0.18404854348172311, 0.18308590870836508, 0.18052328766688056,
    0.18280641281086465, 0.1792735583756281, 0.18979649440101956,
    0.17962794070658478, 0.17884380046440207, 0.17924050630434699,
    0.1849825459977855, 0.17992713982644287, 0.17769362518320914,
    0.18331403673990912
  ],
  "train_ious": [
    0.4433848751789847, 0.4935409166728672, 0.5138424100975193,
    0.5286679339959567, 0.5387385283745283, 0.5495211802207044,
    0.5537583400643822, 0.5605557113345978, 0.5658983834951684,
    0.5698807982430941, 0.5742989422726457, 0.5803615396329456,
    0.5820000571185261, 0.5878124742944169, 0.5894814744267777,
    0.5907113840398581, 0.5956334645549456, 0.5962735427462534,
    0.6015668440664163, 0.6001807354066683, 0.6051341829200587,
    0.6104556731339811, 0.6116895310148813, 0.6094764704829541,
    0.6149706381602564, 0.615288617062396, 0.6143762310561927,
    0.6189446701951652, 0.6199509423712025, 0.6223651172890182,
    0.6211210204207376, 0.6225230171736601, 0.6271252571672634,
    0.6258298081980237, 0.6290338153316493, 0.6288678172597851,
    0.6316789126266606, 0.6301713625266068, 0.6340893104780408,
    0.6341592200316378
  ],
  "val_ious": [
    0.4612709198524985, 0.4942401973665625, 0.5050816429050072,
    0.5339596537144288, 0.5419289580937745, 0.5492783268724661,
    0.5519006252288818, 0.5686596102904583, 0.5655642545957495,
    0.5721516876980878, 0.5742843341136323, 0.5721284678016881,
    0.5709393629129383, 0.5732855902633804, 0.5785331361103749,
    0.5641405394543771, 0.588844742032065, 0.5951961257319521,
    0.5913173459146335, 0.5840178900870723, 0.6034775456224665,
    0.599814017613729, 0.5894899931938753, 0.5923123104848722,
    0.599394347788631, 0.6063518599755522, 0.6023184071848356,
    0.6076551978138911, 0.607607577158057, 0.6116155353577241,
    0.6077738931213598, 0.6154182121373605, 0.594516695841499,
    0.6185100743736046, 0.6178641792224802, 0.6162194812643356,
    0.6078691609959671, 0.6121779969636943, 0.6204577924116798,
    0.6104646789422933
  ],
  "training_time": 1068.137409210205,
  "avg_gradient": 0.003514768932249603,
  "memory_usage": 1402.1875
}
