{
  "train_losses": [
    0.2783041257897149, 0.2464690828776878, 0.23482522408923376,
    0.22539680556434652, 0.22087329739461775, 0.21513789373895395,
    0.21150941960513592, 0.2079808712815461, 0.2058151203977025,
    0.2012903709774432, 0.1993874035289754, 0.19815419606216575,
    0.1961365578615147, 0.19489235771091087, 0.1926319774888132,
    0.19138598628342152, 0.18913996357308782, 0.18927482248324415,
    0.18548540025949478, 0.1850402978775294, 0.18255503184121588
  ],
  "val_losses": [
    0.26140860468149185, 0.24179447053567224, 0.24151415798975073,
    0.2262899263397507, 0.22322996446619864, 0.21713279803162036,
    0.21892392149438028, 0.21731557243544122, 0.20665564711975015,
    0.207919640061648, 0.20778360023446704, 0.20149184309917947,
    0.19903958588838577, 0.1983687194145244, 0.20446589621512787,
    0.19699529461238696, 0.1954806145766507, 0.19462767405354459,
    0.1933269471577976, 0.19493954142798547, 0.20881638999866403
  ],
  "train_ious": [
    0.44326137102283275, 0.4960446426293989, 0.5182940061811521,
    0.5348677498328945, 0.5428692211221524, 0.5531524010812459,
    0.5590677578272162, 0.5655132737820563, 0.5689059542896956,
    0.5770638120239197, 0.5806613410080692, 0.5825178026613118,
    0.586938632193251, 0.5882816976611164, 0.5933339444623477,
    0.5954891451351023, 0.5989125566422079, 0.59853334368571,
    0.6054355547479965, 0.6063707220921482, 0.6112445776445273
  ],
  "val_ious": [
    0.46689223433318344, 0.5025605783946273, 0.5079615064289258,
    0.5283008686442305, 0.5356228985432265, 0.5475656899853029,
    0.5486303127330282, 0.5402140888398972, 0.566380689109581,
    0.5607491297566373, 0.5639592699598577, 0.5773586846780087,
    0.5812145553637244, 0.5834139166534811, 0.5689971323894418,
    0.580177328724792, 0.5871785384589348, 0.5897437707669494,
    0.5916576936193134, 0.5889024926700455, 0.5625601721846538
  ],
  "training_time": 559.3789885044098,
  "avg_gradient": 0.0032116466720137258,
  "memory_usage": 1402.1875
}
