{
  "train_losses": [
    0.27950784094307735, 0.2497497149945601, 0.2378863879357991,
    0.2275771463856749, 0.22123032411479432, 0.2162682953412118,
    0.2112046210500209, 0.20791698109520518, 0.2047817382313635,
    0.20316544879713785, 0.20120627230600172, 0.1983378037162449,
    0.1960622878016337, 0.1942959571176249, 0.19201888370773065,
    0.19078804528259713, 0.1893450718211091, 0.1873879571971686,
    0.18728850603751515, 0.1847834766882917, 0.18460957252460977,
    0.1813848202481218, 0.18132885828938172, 0.18117558753684812,
    0.17821859576455926, 0.17805568817193093, 0.1770813482935014,
    0.17704884934684503, 0.1752151135031296, 0.17440542586795663,
    0.1727052019180163
  ],
  "val_losses": [
    0.2650182435046072, 0.2544995666198108, 0.2387576627990474,
    0.23370356307081555, 0.23283927498952203, 0.21791462794594144,
    0.2223530333975087, 0.21805437978195108, 0.20905756529258646,
    0.21074064918186353, 0.2038404083122378, 0.20016628374224124,
    0.20163360821164172, 0.19991646933814752, 0.1999136844406957,
    0.19688698325468146, 0.19307490697373514, 0.19374583693950073,
    0.2000005203096763, 0.19751330011564752, 0.18747677848390912,
    0.19495668845332187, 0.1914294536994851, 0.1886854728926783,
    0.190193855892057, 0.18705577986395877, 0.19661268656668457,
    0.18803751306689304, 0.18700000157822733, 0.19115325808525085,
    0.18868199282366296
  ],
  "train_ious": [
    0.4421208373986293, 0.490102898383486, 0.5113512900374505,
    0.5289479905226528, 0.5406743232160807, 0.5484735897701719,
    0.5578890618584722, 0.5638904380949513, 0.5697763420209505,
    0.5731786548335484, 0.576520498626042, 0.5813059546053412,
    0.5850631437007928, 0.5879740130858143, 0.5927639607394085,
    0.5948661377356536, 0.5976893101157486, 0.6003332295711488,
    0.6012446589336012, 0.6056524300812812, 0.6063668883905029,
    0.6113701058902604, 0.6119592643842315, 0.6123802842761293,
    0.6176711310619027, 0.6181686477384701, 0.6191398659046147,
    0.6200154623475627, 0.6231475613363414, 0.6244662649713564,
    0.6275008976783443
  ],
  "val_ious": [
    0.4663016908410667, 0.47314242878253904, 0.5111543108587678,
    0.5241690031860186, 0.5297271193585534, 0.5530946572189744,
    0.5467582576084828, 0.551164645647657, 0.5641000529994133,
    0.5644723563522532, 0.5715794351653777, 0.578575094324955,
    0.5783460500879565, 0.5763481082259743, 0.5831288624068967,
    0.5892418681279473, 0.5947956628557565, 0.5896782471217971,
    0.5815366387799166, 0.5896015044139779, 0.6042948535818984,
    0.5916596001041109, 0.6003275887257811, 0.6012899951226468,
    0.5973370340855225, 0.6053503099559009, 0.5963363422863724,
    0.6078953136136566, 0.6034470485604326, 0.5975370171709338,
    0.6024834787931995
  ],
  "training_time": 825.6437849998474,
  "avg_gradient": 0.003623600501516031,
  "memory_usage": 1402.1875
}
