{
  "train_losses": [
    0.2824369455971148, 0.2520081903785467, 0.2398365433935238,
    0.23158718313535917, 0.22424571872081445, 0.2186501576848652,
    0.21571999626315158, 0.21348032233831676, 0.20913391114900942,
    0.2056884825553583, 0.20354253604360248, 0.203419783031163,
    0.19812491438958957, 0.19837336744303288, 0.19612828212911668,
    0.19478019901915736, 0.19229753963325336, 0.1916231914706852,
    0.191136649283378, 0.1886825738069804, 0.1881553811709518,
    0.18559341254117695, 0.18547486538148444, 0.184232576628742,
    0.1829380222150813, 0.1816332916850629
  ],
  "val_losses": [
    0.2682321858794793, 0.24426575717718704, 0.23820723301690558,
    0.2244095575550328, 0.2222962512270264, 0.21706248139557632,
    0.21756643024475678, 0.2179814901040948, 0.20713694685179254,
    0.20502350932877997, 0.2061945138418156, 0.20367616350236145,
    0.196304631298003, 0.2049807047714358, 0.19548104638638703,
    0.19629498603551285, 0.1916507913366608, 0.19433833399544592,
    0.1980169046184291, 0.19887116907731348, 0.18997542786857355,
    0.19121372375799262, 0.18687117002580478, 0.18881768992413644,
    0.19070440077263376, 0.2071404389065245
  ],
  "train_ious": [
    0.433817709583968, 0.4838700307182214, 0.5073499910101509,
    0.5232018153790545, 0.5359100359289544, 0.5453050076907526,
    0.5512805079798336, 0.5560908922520668, 0.5627518782689087,
    0.5692926406644395, 0.5728866964092719, 0.5733777420676273,
    0.584042929922757, 0.5827237374108769, 0.5875584143011465,
    0.5898397339750894, 0.5932500986517345, 0.5954240176124852,
    0.5957237759578057, 0.5995850930719273, 0.6004264776365481,
    0.6050843366462252, 0.6057218596663162, 0.6072081281547098,
    0.6096139162562895, 0.6125108664990336
  ],
  "val_ious": [
    0.4729266030632932, 0.507599020673745, 0.514875639391982,
    0.5329128986467487, 0.5389396474845166, 0.5484959526338438,
    0.5477131809229434, 0.5560538047465725, 0.5684357335170109,
    0.5689917493989503, 0.5729404189016507, 0.5730280502550843,
    0.5854666310807934, 0.5780623535747111, 0.5858568477889765,
    0.5876878588527872, 0.5941596895024397, 0.5927554880795273,
    0.578305446151374, 0.5850009903095771, 0.601764626045158,
    0.5997525073479916, 0.6020750843960306, 0.6003975118847863,
    0.5949443740689234, 0.5703634135964988
  ],
  "training_time": 692.3793246746063,
  "avg_gradient": 0.0042764102681596755,
  "memory_usage": 1402.1875
}
