{
  "train_losses": [
    0.28512986036746396, 0.2519416472996059, 0.23918833251556623,
    0.23025944537442664, 0.22491789544406143, 0.21984668950671735,
    0.2155246190402819, 0.2131150649941486, 0.20972429596535538,
    0.20710620664707993, 0.20537150432558163, 0.20232471548344777,
    0.19987822680369668, 0.1973067560111699, 0.19620831788558027,
    0.19445979376525982, 0.1931643371834703, 0.19130179391283056,
    0.18993306767357432, 0.19005349359434584, 0.1866039268510497,
    0.1873083169693532, 0.1860659417250882
  ],
  "val_losses": [
    0.2617344610069109, 0.26046248298624286, 0.25122485439414566,
    0.23247486936009448, 0.2224074287906937, 0.2204126453270083,
    0.21430659326522247, 0.21657018525444943, 0.2168580918856289,
    0.20322504963563837, 0.21929320660622223, 0.20633194498393848,
    0.19988284227640732, 0.1939324487162673, 0.1962058757958205,
    0.20239302321620609, 0.1947852496219718, 0.19378578209358713,
    0.19330607743366904, 0.19200819536395694, 0.19149556788413422,
    0.18786310728477396, 0.20133129021395807
  ],
  "train_ious": [
    0.4308030237452182, 0.48595718882870004, 0.5098264517289575,
    0.5265165770939293, 0.5362731878092322, 0.5442359919349352,
    0.5521582203876715, 0.5572872690154594, 0.5627275795500344,
    0.5670516791119089, 0.5704085350954449, 0.5755062998420951,
    0.5802582649217132, 0.5848936099505077, 0.5868997138695442,
    0.5899261033189469, 0.5920481435630632, 0.5952270246394301,
    0.5983366910098254, 0.5976873079071873, 0.6038013298766337,
    0.6023153422427349, 0.6047158687766909
  ],
  "val_ious": [
    0.472196951724481, 0.4784226445616155, 0.48652390790158423,
    0.5172406603460729, 0.5457624875117039, 0.542165681503821,
    0.5563416152760602, 0.5472681398193042, 0.5400864186062331,
    0.5717064591421597, 0.549768115947212, 0.5690191500428795,
    0.5761774545130522, 0.5906478386858235, 0.5864139905442362,
    0.5812572301297945, 0.5838683197895685, 0.5950037394312845,
    0.5939426929622458, 0.5884724192429279, 0.5917635182107703,
    0.599368882783945, 0.5734171500240547
  ],
  "training_time": 612.4444854259491,
  "avg_gradient": 0.0022377970729761274,
  "memory_usage": 1402.1875
}
