{
  "train_losses": [
    0.28422161005437374, 0.2546475799349339, 0.24021973088383675,
    0.2309671998347925, 0.22464357640432275, 0.220871330279371,
    0.21653628883802373, 0.21289591798963753, 0.21062517198531525,
    0.20851025268759416, 0.20432755310574305, 0.20205818383913973,
    0.20030051793741144, 0.19884045988969182, 0.19558317181856735,
    0.19539063334788964, 0.19274486755223377, 0.19037991422026054,
    0.18958186034275137, 0.1895744756835958, 0.18769971443259198,
    0.18551624906451805, 0.18423449458635371, 0.18284444446149078,
    0.1810509758475034, 0.18114972041676874, 0.1799710107076427,
    0.1798683815514264, 0.1769712074133365, 0.1771047690316387,
    0.17772127679832603, 0.17672963489008986, 0.1738866885881061,
    0.17460493573352046
  ],
  "val_losses": [
    0.27891596665848856, 0.2542110691251962, 0.22983358055353165,
    0.22617240671230399, 0.22383480389481006, 0.22142392558896024,
    0.21186420710190482, 0.21308853768784067, 0.2105138181992199,
    0.20405948226866516, 0.2034924720292506, 0.20221597053434537,
    0.19946507202542346, 0.2059953977232394, 0.19330161421195322,
    0.19210023983665134, 0.2058134454747905, 0.19107279051905093,
    0.1870171813213307, 0.18940283163734103, 0.2045656860522602,
    0.19042097485583762, 0.19372241814499316, 0.18591250446827515,
    0.18804597368706827, 0.18584380979123322, 0.18675319785657135,
    0.18799093527638394, 0.18921427104784094, 0.18238452562819357,
    0.18380271384249564, 0.18576758128145468, 0.18171462384255035,
    0.19311160853375559
  ],
  "train_ious": [
    0.4245395259846205, 0.4797114650246455, 0.5079176469935457,
    0.5241810380332712, 0.5353460500853646, 0.543041319815793,
    0.5489332899451254, 0.5561329103142452, 0.5601462629232288,
    0.5634124520356236, 0.571425857697276, 0.5752882245874057,
    0.5792860653305397, 0.5823274232663107, 0.58739343021011,
    0.5878915018469523, 0.5930585294314055, 0.5963777708618536,
    0.5983157523138369, 0.5986100938980995, 0.6017348236147907,
    0.6047769057146014, 0.6076397826166257, 0.6097351873050562,
    0.6135828070126583, 0.6131633372194526, 0.6153194340134874,
    0.6147938600700835, 0.62044886564431, 0.6206148155573482,
    0.6193070397644805, 0.6205506891660069, 0.6257569749934081,
    0.6243637076754502
  ],
  "val_ious": [
    0.432675166082555, 0.4846997259967569, 0.5294152499325032,
    0.536687509737153, 0.5344334380782169, 0.5337988586313483,
    0.5545220230368602, 0.5490037718976752, 0.5574778711450271,
    0.5642440757457762, 0.5730942673441293, 0.5814390318549199,
    0.5778335920278577, 0.5747305338365444, 0.5891227482453635,
    0.5933358550503633, 0.5720690594635149, 0.5932482163543287,
    0.6022877535526302, 0.6004249395235726, 0.581189780563548,
    0.5978436066188674, 0.5902861626683801, 0.6046626457701559,
    0.598445470350376, 0.6030851561522139, 0.6064334744992464,
    0.6043068624061088, 0.6036028678434484, 0.6095064558844635,
    0.6104640172443527, 0.6072118964748104, 0.6154757522154547,
    0.5909010288508041
  ],
  "training_time": 905.6314651966095,
  "avg_gradient": 0.0045102892243751285,
  "memory_usage": 1402.1875
}
