{
  "train_losses": [
    0.2785000858585472, 0.25185761778898863, 0.23656175625712975,
    0.23041375119077123, 0.22433044251216494, 0.21813412941992283,
    0.21469123515745867, 0.21208802651128042, 0.20779733683751977,
    0.2048391378282205, 0.20412836669255857, 0.20175738373528357,
    0.2008469453000504, 0.1979819872295079, 0.1974910793259092,
    0.19473354461724343, 0.19366246461868286, 0.19177847663345543,
    0.19001269745437996, 0.18877642293987068, 0.1888742793513381,
    0.18694950737383054, 0.18507645578812, 0.18551219667753446,
    0.18478494080836358
  ],
  "val_losses": [
    0.26137754450673645, 0.2645694824016612, 0.24606718803229538,
    0.22500137304482254, 0.22164925868096558, 0.22349289901878522,
    0.20978904807049295, 0.2141806577210841, 0.20983576094326767,
    0.2033045265985572, 0.205824107579563, 0.20448713944010113,
    0.20206623459639755, 0.19813857551502145, 0.19592867111382278,
    0.19779684362204178, 0.19630577123683432, 0.19795295045427655,
    0.1968820069147193, 0.202254521134107, 0.19079915660878885,
    0.20090676844120026, 0.19083051545464474, 0.19008429931557697,
    0.20472912652337033
  ],
  "train_ious": [
    0.4424282897641696, 0.4865784888034283, 0.5150465622976208,
    0.5247771829582641, 0.5372361179873134, 0.5472343669853348,
    0.5533684044536473, 0.5577972384466638, 0.5649104374798312,
    0.5710349117230247, 0.5724207786978155, 0.5757074306948465,
    0.5787483062865078, 0.5830205484036951, 0.5838872538204644,
    0.588876573557871, 0.5905557103671026, 0.5943742590969886,
    0.5975193717665431, 0.5990894758614937, 0.599911792770676,
    0.6029699804882208, 0.6060829314848653, 0.6055268149660984,
    0.606461849387573
  ],
  "val_ious": [
    0.47656516082908795, 0.4855347092168919, 0.46978074538966885,
    0.5332144184604936, 0.5389456998394884, 0.5321139195475026,
    0.5637618547332458, 0.5548544742059017, 0.5625966297111651,
    0.5722566769606825, 0.5651625459608823, 0.5628370912610621,
    0.5690544342649155, 0.5818366233421408, 0.5844832017369891,
    0.5786572325488794, 0.5855736503566521, 0.5823601041583047,
    0.5913910390674204, 0.5766627626574558, 0.5970744905264483,
    0.5786056289638299, 0.5935902802840524, 0.592588964363803,
    0.5721325105515078
  ],
  "training_time": 627.1612548828125,
  "avg_gradient": 0.00606352375512573,
  "memory_usage": 1390.48828125
}
