{
  "train_losses": [
    0.2833166381587153, 0.2533823082466488, 0.23720227457259013,
    0.23209359666899496, 0.2263970581571693, 0.22100144041621167,
    0.21716724319950395, 0.21327987645307314, 0.2089359229835479,
    0.2087022280725448, 0.20537595418484314, 0.20238445804494878,
    0.20093033333187518, 0.1970405973817991, 0.19562315341571104,
    0.19487249592076178, 0.19389915547293166, 0.19238221969293512,
    0.19064707470976788, 0.18998289075882538, 0.1895728852275921,
    0.18823633124322994, 0.18546834466573986, 0.1862555973879669,
    0.1840301348787287, 0.18362331001654916, 0.181822477961364,
    0.18119500269708427, 0.1790427694340115, 0.17897039481803126,
    0.1785953790759263, 0.1774235775127359, 0.17689619853120783
  ],
  "val_losses": [
    0.2649403285721074, 0.24346103130475336, 0.2425276552853377,
    0.23114631875701572, 0.22939932832251425, 0.217180539732394,
    0.21598807171635007, 0.20608215843853744, 0.2201219855443291,
    0.21486629092175027, 0.20622260836155518, 0.2059913491425307,
    0.1965870449076528, 0.19621424862872, 0.22135336794283078,
    0.19630944566882175, 0.19806378302366837, 0.19169703644254935,
    0.19063923313565875, 0.19059052609879037, 0.19602579817823743,
    0.1861944972820904, 0.19243024224820343, 0.18672385423079782,
    0.20190827483716217, 0.1927315667271614, 0.18676750264737918,
    0.18360524397829306, 0.18732927091743634, 0.18304958486038705,
    0.18650341811387436, 0.1852232985522436, 0.19678956723731497
  ],
  "train_ious": [
    0.4339086380196679, 0.4840963441284671, 0.5145662394554719,
    0.5218117562379099, 0.5308403808191636, 0.5413361813441139,
    0.548185580774494, 0.5557486705374027, 0.563283550620511, 0.563145515819391,
    0.5697281221332757, 0.5739599535430687, 0.5777012861563243,
    0.5843185204742611, 0.5863197794643, 0.5880818134848621, 0.5899715922448945,
    0.5928438935914765, 0.5956310333981029, 0.5973255544145036,
    0.598121088807998, 0.5998125169156253, 0.6053070877611206,
    0.6038731307979077, 0.6077361393557943, 0.6077307413561621,
    0.610971137503351, 0.6126483076832434, 0.6161272890217926,
    0.6170239748730173, 0.6172614295737465, 0.6193308597025666,
    0.6206452791997485
  ],
  "val_ious": [
    0.46742572894562856, 0.49680072090763955, 0.5000502533022909,
    0.5178657507766848, 0.5219534308366154, 0.5489007726959559,
    0.5553776969512304, 0.5709621785343559, 0.5318964277056679,
    0.5517558346408002, 0.5769927199336067, 0.5715966827195623,
    0.5868057144292887, 0.5796386679445489, 0.5492838855454886,
    0.5869275489147157, 0.5855152449314147, 0.5886825573617132,
    0.5965393891801005, 0.5977592321409694, 0.5892799427543862,
    0.6034618847180103, 0.5985939895761184, 0.59946453873662,
    0.5847945468149323, 0.597156849892243, 0.5993275037710218,
    0.6052795864533688, 0.6100546721962913, 0.6134588411752728,
    0.6053594964137975, 0.6073047739008198, 0.5946971057117849
  ],
  "training_time": 830.5290846824646,
  "avg_gradient": 0.00389259700729516,
  "memory_usage": 1390.48828125
}
