{
  "train_losses": [
    0.28209091075088666, 0.2531804564692404, 0.2403022574017877,
    0.2325537930364194, 0.22446322732645532, 0.2190609457700149,
    0.2176476925935434, 0.21476309106725713, 0.21055949851870537,
    0.209092746205304, 0.20594466210383436, 0.20331169000786284,
    0.2022972068870845, 0.20037598705486112, 0.19872858836922958,
    0.19608550591637258, 0.19468777302814566, 0.19364105610419874,
    0.19232208095490932, 0.1909695199650267, 0.19043200859880965,
    0.18972228410775246, 0.18740298453232515
  ],
  "val_losses": [
    0.2603794624624045, 0.24782780622658523, 0.23986281324987827,
    0.22273365149031515, 0.22488943455011948, 0.23366420554078143,
    0.21509342640638351, 0.23184396909630817, 0.22313193588153177,
    0.21058496379333994, 0.21420949762282165, 0.20580937551415485,
    0.2003797308906265, 0.20031502227420392, 0.20048518446476563,
    0.19615880464730057, 0.197520876708238, 0.20140035191307898,
    0.193497852138851, 0.1914915118528449, 0.1968333957635838,
    0.1889877941297448, 0.20588862928359405
  ],
  "train_ious": [
    0.4370671208691444, 0.4841522508827246, 0.5085396706464066,
    0.5215352847092392, 0.5360415596784887, 0.5468601399249787,
    0.5481657056218905, 0.5532221887800574, 0.5606009851115334,
    0.5620284080505372, 0.5680361828510313, 0.5724269554450891,
    0.5746233446010647, 0.5776158753188624, 0.5811594724115253,
    0.5860155318742212, 0.5891948488095534, 0.5902174800310446,
    0.5924889245003033, 0.5952231218849409, 0.5963563987094423,
    0.5974118730350247, 0.6012075980180416
  ],
  "val_ious": [
    0.47269253475942463, 0.5058216921229293, 0.5093914545748545,
    0.5380013942502547, 0.5420067455025687, 0.5330569575662197,
    0.5593448473491531, 0.5366574642450916, 0.5384080209161926,
    0.5618778711211855, 0.557138339008974, 0.5644506013047869,
    0.5826958506435588, 0.5780139930438303, 0.5735980311165685,
    0.5850948671931806, 0.5888634628575781, 0.5652293325334355,
    0.5957999866509782, 0.5942420950834302, 0.5842506498962209,
    0.5934685475152471, 0.5623278391102084
  ],
  "training_time": 577.9567186832428,
  "avg_gradient": 0.004907084447987547,
  "memory_usage": 1390.48828125
}
