{
  "train_losses": [
    0.27968693370728387, 0.254352534432774, 0.23937975931102815,
    0.23216807655990124, 0.22613114078083765, 0.22118947152858195,
    0.21668158139547575, 0.21423800654061462, 0.21072296369010987,
    0.20711389394557994, 0.20616695163366588, 0.20315021057815655,
    0.20163457443856675, 0.199371219896104, 0.19747528563375058,
    0.19521176636866902, 0.19478816862987436, 0.19300591232983963,
    0.19219445607260519, 0.18941325176021326, 0.19000417860629765,
    0.18789963286532008, 0.1857567207644815, 0.18448329303899538,
    0.18551284414918526, 0.18562949456922387, 0.18263630892919458,
    0.18082910727547563, 0.1813457588786664, 0.18015895775802757,
    0.17825873058451258, 0.17732161105326985, 0.17667611040498898,
    0.17523790191373098, 0.1749576609581709, 0.17469772647904314,
    0.17302477238294872, 0.17434862045490224, 0.17203583560236121,
    0.17110471119699272, 0.17075913844873075, 0.1705756273282611,
    0.17010625006388064
  ],
  "val_losses": [
    0.26495737647232803, 0.24098756812188937, 0.23712648807660394,
    0.238676230220691, 0.23252638429403305, 0.22744629337735797,
    0.21412531934354617, 0.21356318696685458, 0.2116198925220448,
    0.2237835341821546, 0.21261154730682788, 0.2068553100461545,
    0.20385458935862003, 0.2083646596773811, 0.21419827510481296,
    0.19770680044008337, 0.20022488644589548, 0.20850690875364386,
    0.1971970356029013, 0.1945111664093059, 0.19966925097548444,
    0.19435597729423773, 0.194588052837745, 0.19451598596313727,
    0.19204233943120294, 0.1971446116981299, 0.19770783801441608,
    0.19690623231556104, 0.18720785917147345, 0.1959331965316897,
    0.19313759259555652, 0.19551876187324524, 0.18472206041864728,
    0.18808772479710373, 0.18805942846381146, 0.19277588828750278,
    0.1923908072969188, 0.1836508046025815, 0.18869310066751813,
    0.18803037703037262, 0.1863058293643205, 0.1838284947949907,
    0.18766381105651025
  ],
  "train_ious": [
    0.43899178734400146, 0.48032018490999523, 0.5091372746164387,
    0.5229675926915978, 0.5333612586061163, 0.5419604510500807,
    0.5499274468832259, 0.5538966702432301, 0.5601033235805625,
    0.5662249070254791, 0.5693250867011754, 0.57467858136996,
    0.5764614400332392, 0.5809664340770765, 0.5838474454763142,
    0.5879178291213685, 0.5889444763677707, 0.5912548505525654,
    0.5932368785142896, 0.5992362890662492, 0.5971615604948306,
    0.6012244603016236, 0.6049032897512981, 0.6076748784145581,
    0.6056340982516609, 0.6052830286216037, 0.6107732805868856,
    0.6134423321463924, 0.612857765045719, 0.6152176008816218,
    0.6185310987242755, 0.6196653090849303, 0.620785996749781,
    0.6236627513839711, 0.6239506295085817, 0.6246249505143231,
    0.6275537924274152, 0.6260359034590097, 0.6292841573232326,
    0.6307820770619571, 0.631444616162259, 0.6312868703102721,
    0.6322187402866026
  ],
  "val_ious": [
    0.45944279389104975, 0.4976998525469201, 0.5106722697399665,
    0.5204352122070134, 0.5192154074708621, 0.5137458849644314,
    0.5485510230064393, 0.5522878627846207, 0.5552786612424297,
    0.5325798556424568, 0.5507334984730984, 0.571467360292656,
    0.5725347278774648, 0.5663125361653342, 0.5531700357146885,
    0.5860841984766115, 0.5790844447370888, 0.5694034166526105,
    0.5853699383096418, 0.5849000669043997, 0.5786488686782728,
    0.590952375660772, 0.5902124617410743, 0.5934199900298879,
    0.596200821408327, 0.587814790831096, 0.5860067934229753,
    0.5879337841617889, 0.6041388703861098, 0.5882083754176679,
    0.5941516255986864, 0.5918374949175379, 0.6081114944772442,
    0.6042233284400859, 0.6037011898082235, 0.5960284259872161,
    0.6023487189541692, 0.6114597132672432, 0.6052004571842111,
    0.6016381074121033, 0.6079408595527428, 0.6108084200085073,
    0.6024183561836463
  ],
  "training_time": 1079.5429286956787,
  "avg_gradient": 0.004282011082477154,
  "memory_usage": 1390.48828125
}
