{
  "train_losses": [
    0.2791070700015711, 0.25150458441804285, 0.23867110252056434,
    0.22838892496150473, 0.22251395484351594, 0.2194766742379769,
    0.215282560609605, 0.21165291616774123, 0.20880077277188716,
    0.20619651626633562, 0.2062916196072879, 0.20147311169168222,
    0.20034147175433842, 0.1991914647590855, 0.19642103333836017
  ],
  "val_losses": [
    0.2671196256642756, 0.25199396163225174, 0.2534557661932448,
    0.22213936208382898, 0.22040753746810166, 0.22290160053450128,
    0.22141162630008615, 0.21272661990445593, 0.21112368968517883,
    0.21132277470567953, 0.2080569228400355, 0.20585972135481628,
    0.2170129045844078, 0.20104141241830328, 0.2263453097447105
  ],
  "train_ious": [
    0.4380086145947512, 0.4863261377465896, 0.508726194905846,
    0.5283907846534164, 0.5386219683872614, 0.542783502354354,
    0.5514806251217059, 0.5569461170260028, 0.5635837919578173,
    0.5666461947063606, 0.568495056119518, 0.5754796107826025,
    0.5778415613416314, 0.580630346322837, 0.585082704498284
  ],
  "val_ious": [
    0.4624682041290013, 0.49999943213618303, 0.4982045789559682,
    0.5371270305004672, 0.5440622384565463, 0.5360200608122176,
    0.5415920441349347, 0.5581155207709989, 0.5575052140199619,
    0.560294521027717, 0.5597103583639946, 0.5661941949224127,
    0.5458532848219941, 0.5799576117508655, 0.543375085985315
  ],
  "training_time": 376.82807421684265,
  "avg_gradient": 0.007864424900644049,
  "memory_usage": 1391.98828125
}
