{
  "train_losses": [
    0.2905539486395276, 0.2581983480764472, 0.2444858561553385,
    0.23891130292221255, 0.23224625639293506, 0.22673713367270387,
    0.22512399510520956, 0.22089106233223624, 0.21809407817604748,
    0.2154054223033397, 0.21238513444752796, 0.208831453371955,
    0.20775004290044308, 0.2075486901499655, 0.20436546579003334,
    0.20265814613388933, 0.20056043727242429, 0.19957687155060147,
    0.1976401744329411, 0.19485990298183067, 0.19373366333868192,
    0.1945824462758458, 0.1913391566308944, 0.19044982941578265,
    0.18907778880194478, 0.1882849653939838, 0.18612914370453876,
    0.18620351378036581, 0.1861177078731682, 0.18340142929683562,
    0.18330019145556117, 0.18148170379192932, 0.18038098643655362,
    0.17985341244417688, 0.17960428074002266, 0.1789472381705823
  ],
  "val_losses": [
    0.2870308121909266, 0.24995488900205362, 0.24983463047639184,
    0.2431149110198021, 0.2311531360382619, 0.23690043227828067,
    0.22669847763102988, 0.21776517351036487, 0.21459559610356455,
    0.205180698438831, 0.21395227928524432, 0.21368808364090713,
    0.20701935531004614, 0.20134002618167712, 0.20635462843853494,
    0.21087723840837894, 0.20140582647012628, 0.19754213580618735,
    0.20290430343669394, 0.19404712254586426, 0.19625036029712015,
    0.19907324113275693, 0.19401393992745358, 0.1882986167202825,
    0.18837849147941754, 0.18625809317049774, 0.19465075303678928,
    0.1857018914559613, 0.18836915298648502, 0.19183774033318396,
    0.18667609924855438, 0.1911277861698814, 0.18592269005982773,
    0.1833750233054161, 0.18152799586886945, 0.1887937421384065
  ],
  "train_ious": [
    0.42218090770799893, 0.47414030879735963, 0.49993099876935926,
    0.5109273441999718, 0.5233972704820876, 0.5323036073342616,
    0.5350313269249771, 0.5429700838158962, 0.5479873865302923,
    0.5525417869397693, 0.5582152413393279, 0.5642518049672897,
    0.5653638369471263, 0.5680273707848094, 0.5725489664768828,
    0.5758431192649446, 0.578416992086863, 0.5809955825300321,
    0.5841128649055094, 0.588169037215951, 0.5913372961939246,
    0.5897605374887369, 0.5957450008802657, 0.5965151781405227,
    0.5998573525660277, 0.6009404871450817, 0.6053145159089911,
    0.6045262219141359, 0.6045679541277709, 0.6097958168905715,
    0.6094910228166028, 0.6126597948588319, 0.6149288922332333,
    0.6155421499540841, 0.6170464253619958, 0.6173668807723385
  ],
  "val_ious": [
    0.4260448774565821, 0.4861270622282788, 0.5014001946302429,
    0.513974311451117, 0.5295880785670832, 0.526577276704104,
    0.5319224597103352, 0.5440003823326982, 0.5517029803300249,
    0.5648985617402671, 0.54720120218353, 0.5612254492614579,
    0.5589355164463968, 0.5782847743535389, 0.5694669821987981,
    0.5542421930510064, 0.5732238236544789, 0.5849344611599825,
    0.5768987516994062, 0.58661756200203, 0.58985497791698, 0.5882399678230285,
    0.5887457968100255, 0.6012575362903484, 0.600552829279416,
    0.6057933273090833, 0.5807809579199639, 0.6063691818195841,
    0.6021978416736572, 0.6012741169635801, 0.6027523978896764,
    0.5963687702365544, 0.6020743391220121, 0.6095859283122463,
    0.6128524438194609, 0.6036260341820511
  ],
  "training_time": 903.7701370716095,
  "avg_gradient": 0.0035452779925107597,
  "memory_usage": 1390.48828125
}
