{
  "train_losses": [
    0.2854338568513808, 0.2534651925544376, 0.2419393270721902,
    0.233239252768133, 0.2255342019640881, 0.22132601378404576,
    0.21890765906352064, 0.2138090571793525, 0.21052753479908343,
    0.20913423265775907, 0.20731511987421825, 0.2044314521810283,
    0.20186974391665147, 0.1999740255591662, 0.19823383847656456,
    0.1969113460863414, 0.19540436322922292, 0.1942785490790139,
    0.19468831951203552, 0.19073087892130666, 0.1896397639065981,
    0.18825932227722977, 0.18696592529506786, 0.18585862859111765,
    0.18532943304466165, 0.1855423489342565, 0.18237624560361324,
    0.18261579278370607, 0.18184784338202165, 0.18051713049087836,
    0.17861763112570928, 0.1783408321764158, 0.17797822837272417,
    0.1768078105929105, 0.17573288018288818, 0.1762627577814071,
    0.17506323293175385, 0.17428436357042063, 0.17252726925779943,
    0.1720807762897533, 0.17051575567735278
  ],
  "val_losses": [
    0.2732065838316213, 0.2548041745372441, 0.237836259862651,
    0.23300784858672516, 0.24611802982247394, 0.22778466926968616,
    0.22010570570178653, 0.21754998260218164, 0.21957609543333884,
    0.21583654601936755, 0.21230781207913937, 0.21254998607480008,
    0.20981085591990015, 0.20381094806868097, 0.21234057228202405,
    0.20655307368091916, 0.20095644470142282, 0.20441550113584683,
    0.20160173300815665, 0.20812580864066663, 0.1959501145326573,
    0.20412414294222128, 0.2055697123641553, 0.19790535906086798,
    0.19473208649002988, 0.20021217834690344, 0.20024160328118698,
    0.19896630456914072, 0.20172314961319385, 0.19646156611649887,
    0.19376659490492032, 0.19559997676507287, 0.18991024727406708,
    0.19065955443226773, 0.19063447836948477, 0.19477112008177716,
    0.1903455808110859, 0.1897447627523671, 0.1895206551189008,
    0.18911774780439294, 0.19530231635207715
  ],
  "train_ious": [
    0.4293710900212474, 0.48171364129993366, 0.5050189220279023,
    0.5206749497278446, 0.534915780081697, 0.5416095987556203,
    0.5457673739048016, 0.5543994310757386, 0.560725236014612,
    0.5632468080283078, 0.5662899010315321, 0.5709705816014953,
    0.5757249364818354, 0.5785598720329397, 0.5818954004325728,
    0.5842582888469315, 0.5875342618404094, 0.5896260194696376,
    0.5891466652569565, 0.5951852604638841, 0.5971294667949713,
    0.5997963670263253, 0.6020436891071175, 0.6047385314452475,
    0.6063846165611262, 0.6051694682758787, 0.6105077502088271,
    0.6104101697387905, 0.611538118102412, 0.6146560434413997,
    0.6176408983335115, 0.6178402283593369, 0.6185771272774195,
    0.6200714495194996, 0.6227487387756507, 0.6218935023399367,
    0.6237899890520441, 0.6247112363900829, 0.6281033135626625,
    0.6289432606511356, 0.6323957337957357
  ],
  "val_ious": [
    0.46227784379236925, 0.4879994573800461, 0.5177936328278071,
    0.5206055482444556, 0.5036387725368789, 0.5274995578371959,
    0.547269710596057, 0.5486030229839726, 0.5436326638943908,
    0.5494455686513929, 0.5549955860428187, 0.5623191500055619,
    0.5596258092833601, 0.5738178256197252, 0.5636746933062873,
    0.5720981452344119, 0.5789062264172926, 0.5700268494910088,
    0.579672119323758, 0.5669332513774651, 0.5912966954967249,
    0.5711676106936688, 0.5763826655304951, 0.5853514442409294,
    0.5921891223693239, 0.5828347873428594, 0.580391857503117,
    0.5838598172733749, 0.5823444104281027, 0.5854622510032378,
    0.5961830181920009, 0.5936344397672708, 0.6019579113825507,
    0.6013214823560439, 0.6026858825614487, 0.5973832926888396,
    0.6032709101403971, 0.6046031396026196, 0.5991825208715771,
    0.606510746738185, 0.5961623511452605
  ],
  "training_time": 1028.9330813884735,
  "avg_gradient": 0.003349442315284381,
  "memory_usage": 1390.48828125
}
