{
  "train_losses": [
    0.27798761969999125, 0.2537750234098538, 0.2406669611354237,
    0.2308096451603848, 0.22527753075827722, 0.21871577948331833,
    0.21509587861921475, 0.21127370234740817, 0.20914211958322837,
    0.20749837807987048, 0.20303400257683318, 0.20102680207270643,
    0.19897920970359576, 0.19567764623333578, 0.19650958567533805,
    0.19419571271409158, 0.19279767216547675, 0.1912062256394521,
    0.19026418313707993
  ],
  "val_losses": [
    0.2590207881901575, 0.24309418285670487, 0.2373992366635281,
    0.23444692693326785, 0.22235612959965415, 0.22644591817389365,
    0.21705928380074707, 0.24106589996296426, 0.21119253272595612,
    0.219061017036438, 0.20243595767280329, 0.20291211844786353,
    0.19906525119491245, 0.20018463743769604, 0.19700750611398532,
    0.20425720318504, 0.19805824043958084, 0.1974381937280945,
    0.20577424311119577
  ],
  "train_ious": [
    0.4413969825756688, 0.48152449708162004, 0.5061301551759243,
    0.5239811646279648, 0.5339304807771376, 0.5451348329205874,
    0.5523711484789419, 0.5584746196974012, 0.5616332472072566,
    0.5654559380010422, 0.5733166843976664, 0.5770686590585159,
    0.5800789715047333, 0.58621751598042, 0.5849702602279357,
    0.5889835448368739, 0.591821358795615, 0.5946081915627356, 0.596599392700886
  ],
  "val_ious": [
    0.472400525017925, 0.5056107496653778, 0.5230331641176472,
    0.5155292488094692, 0.5393488809898281, 0.5382914647891901,
    0.5436878340399783, 0.5221504070188688, 0.5579645035491473,
    0.5439225776471954, 0.5713126408881036, 0.5713868763135828,
    0.5820740400881009, 0.582292374925337, 0.5833467826031257,
    0.5706367855486664, 0.5844824100318161, 0.5849838537582455,
    0.5570367044512775
  ],
  "training_time": 477.3904209136963,
  "avg_gradient": 0.004215110747928449,
  "memory_usage": 1390.48828125
}
