{
  "train_losses": [
    0.2771729355596978, 0.25029719321300153, 0.23819479305783045,
    0.2286612090209256, 0.2243460517214692, 0.21921058039626348,
    0.21534773375353086, 0.2121901887914409, 0.20834447322008404,
    0.20712834402270938, 0.2027423352650974, 0.20177063167743062,
    0.19961326123903628, 0.19689288743488167, 0.1945043440260317,
    0.19528710113271422, 0.19303506790943767, 0.19064347583638586,
    0.19118570479685845, 0.18834957051212373, 0.18854031436469243,
    0.1868237973717244, 0.18642418661519236, 0.1838132875931004,
    0.18391543804951335, 0.182016931069286, 0.1802232177199229
  ],
  "val_losses": [
    0.26811199764842575, 0.25267036453537317, 0.2343674700545228,
    0.22862775947736658, 0.2204524155544198, 0.22188983825237854,
    0.22034644886203433, 0.22630455668853677, 0.20562675757252652,
    0.20524245144232459, 0.21145916082288907, 0.20046457356732825,
    0.19989142826069956, 0.19770619597124017, 0.19730145808147348,
    0.1941120235816292, 0.19458316946807114, 0.2060573499487794,
    0.19194317803434705, 0.20335137487753577, 0.198856964059498,
    0.19642941232608713, 0.18829890761686408, 0.19539139193037283,
    0.18887421423974243, 0.18900585530892663, 0.19709813400455142
  ],
  "train_ious": [
    0.44281643304460944, 0.4887806066190419, 0.5117113766786844,
    0.5289897403369347, 0.5363198344096329, 0.5455117466441095,
    0.5523826224540455, 0.5586590656227824, 0.5646501819508658,
    0.5673402715744317, 0.5750758390927659, 0.5767779192090898,
    0.5807221182014632, 0.5849882376690705, 0.5900503197225972,
    0.5876906819209673, 0.5924787336177585, 0.5959500017697397,
    0.596035446215799, 0.6006951193338721, 0.5991692931215832,
    0.6033549295819324, 0.6036463538589685, 0.6079368413142536,
    0.6083933111766111, 0.6113463839974954, 0.6146630705266759
  ],
  "val_ious": [
    0.46661512424116547, 0.49546424213094986, 0.512888273359209,
    0.522661663699841, 0.5433960641207903, 0.5451165105121724,
    0.5339998244375423, 0.5345990661045781, 0.5653794826804728,
    0.5729381692582283, 0.5580860233825186, 0.5749330216127891,
    0.5758618502945141, 0.585001923035884, 0.5854391665130422,
    0.5889285951852798, 0.5863933818063876, 0.5748463383187419,
    0.5934609366931777, 0.5794433811004612, 0.5836341823788658,
    0.5902608959139258, 0.6006357438754345, 0.5865664842767994,
    0.6024371137221654, 0.6014215218416159, 0.5856061523807223
  ],
  "training_time": 677.906806230545,
  "avg_gradient": 0.006824317548773834,
  "memory_usage": 1390.48828125
}
