{
  "train_losses": [
    0.2780899808782598, 0.24824550391539282, 0.23654004915252977,
    0.22831362437294878, 0.22423489561871343, 0.2168585841908403,
    0.21482713488133057, 0.2111563523016546, 0.20736517109300778,
    0.20623857617054298, 0.20255323313176632, 0.20044784717585729,
    0.19955434099487637, 0.19720464094501475, 0.19542316582215868,
    0.1948925405740738, 0.19284541580988013, 0.19221426643755124,
    0.1917157709274603, 0.18767375644782316, 0.1879342577379683,
    0.1874671822980694, 0.1860624197870493, 0.18463108267473138,
    0.1842869368746229, 0.1827366517289825, 0.1808251127924608,
    0.18115703850660636
  ],
  "val_losses": [
    0.257280591065469, 0.24189254997865015, 0.23299286838458932,
    0.23891157980846323, 0.21843657739784406, 0.21674067235511282,
    0.22421835330517395, 0.2219896177234857, 0.2174646945103355,
    0.20902653200470883, 0.20412741601467133, 0.20274346321821213,
    0.19877138345137887, 0.204478875450466, 0.19973278110441955,
    0.21645042008679846, 0.19441433024147284, 0.1962649511254352,
    0.194133961978166, 0.19282300057618515, 0.19408700971499734,
    0.1920390112892441, 0.19325743259295172, 0.19170215369566626,
    0.18919978873885196, 0.19697148773981177, 0.189932591241339,
    0.19720048651747082
  ],
  "train_ious": [
    0.44123209043122497, 0.49285781942307955, 0.5147610497863399,
    0.5292672426102385, 0.5362864267081022, 0.5489977635443211,
    0.552679367336458, 0.5595757721558862, 0.5665551427805771,
    0.5678599291359602, 0.5745625911631443, 0.5781429685868216,
    0.5799256161503173, 0.5836592852205469, 0.5877335761012373,
    0.5887871611917364, 0.5917236335251642, 0.5925053737625693,
    0.5935587694571502, 0.6005091296805852, 0.6001857318308045,
    0.6015840910807032, 0.6031979815899464, 0.6057698702358681,
    0.6074828939053459, 0.6099201858691546, 0.6130272000488158,
    0.612154712171658
  ],
  "val_ious": [
    0.47290612206510874, 0.4989298546443815, 0.5187617059851037,
    0.503083433901918, 0.5464807330914165, 0.5504724586355513,
    0.5416980895443239, 0.5438584598942079, 0.5424073722915372,
    0.5575690590169119, 0.5689035885143972, 0.5735951828351918,
    0.5764918206394585, 0.5766863732234292, 0.5848578514828198,
    0.5560264313134595, 0.5883456725573193, 0.5888424710087156,
    0.5913352035525916, 0.5920586508253346, 0.5907013431407404,
    0.5960901688406435, 0.5937526055436204, 0.5961899604054465,
    0.6000429622936939, 0.58616137245427, 0.5985393265019291, 0.5867537188789119
  ],
  "training_time": 702.5782146453857,
  "avg_gradient": 0.003353681124429035,
  "memory_usage": 1390.48828125
}
