{
  "train_losses": [
    0.28061677313045313, 0.25287968381915404, 0.23983265070811563,
    0.23072284103735632, 0.22576203205339287, 0.221224009261831,
    0.218085003449865, 0.21444472816327345, 0.21128913387656212,
    0.2088059310031974, 0.20711602537852267, 0.20511721592882406,
    0.20305438364005607, 0.201409792608541, 0.19861889525276163,
    0.19636116144449814, 0.195756356191376, 0.19384832364385543,
    0.19200205997280453, 0.19223608521987562, 0.1924993165809175,
    0.1894841789389434, 0.1884053220729465, 0.18685538702360963,
    0.1864560009992641, 0.18533424976403298, 0.18274565713237162,
    0.18295550216799197
  ],
  "val_losses": [
    0.2586047322205875, 0.24893852161324542, 0.23509681548761285,
    0.22648210661566776, 0.21931567464185797, 0.23986942936544833,
    0.21585963018562482, 0.2190718926165415, 0.21307746547719705,
    0.20668905422739361, 0.20617678405150122, 0.20527100174323373,
    0.19997511771710022, 0.2039195587453635, 0.20053213834762573,
    0.19722788295020227, 0.19397808384636175, 0.19491995644310248,
    0.19055938915066098, 0.19805843933768894, 0.19434515710758127,
    0.190470517653486, 0.19839141420696094, 0.18827585843594177,
    0.19451360145340796, 0.19461916192718173, 0.18807130080202353,
    0.20752506541169208
  ],
  "train_ious": [
    0.4383084875585484, 0.4854873527867204, 0.5094436356338897,
    0.5254274983013023, 0.5343295101994187, 0.5426678357618873,
    0.5471129013306418, 0.5536748223492634, 0.5597340542607114,
    0.563414531422482, 0.5660491086326646, 0.5703073108325831, 0.57362096219499,
    0.5770772103814109, 0.5815591728449728, 0.585068967409324,
    0.5865463482728908, 0.5903514226817567, 0.5936842807501123,
    0.5931830649682578, 0.5927499229817286, 0.598087976322226,
    0.5995413587037204, 0.6030454968736655, 0.6035281003493329,
    0.6052447774487993, 0.6098989969578343, 0.6096559651735903
  ],
  "val_ious": [
    0.4660020553763363, 0.5034898029289383, 0.5178927404509075,
    0.5337620003931765, 0.5407690806449326, 0.5147668708493743,
    0.5556107914966087, 0.5421810173901958, 0.5523433452067167,
    0.5671313819677933, 0.5658688050681266, 0.5708683973205262,
    0.5730838855539543, 0.5724350211844926, 0.5762667696977006,
    0.5772190858488498, 0.5916862630325815, 0.5848227229671202,
    0.5953606889731643, 0.5812435379062872, 0.5899926536325094,
    0.5915670464004297, 0.5810370954914369, 0.6025912027428115,
    0.5857621373041816, 0.5874945691962172, 0.6018229666827382,
    0.5635782188695411
  ],
  "training_time": 704.2242305278778,
  "avg_gradient": 0.005713464328891212,
  "memory_usage": 1390.48828125
}
