{
  "train_losses": [
    0.27977249188267667, 0.24928770781211232, 0.23674328471331493,
    0.22832417909217917, 0.22324083875054898, 0.21805450514606808,
    0.21390735252719859, 0.21148632280528545, 0.20856351065246956,
    0.20533954263057397, 0.20336103334051112, 0.20127709242312805,
    0.20010476591794388, 0.19686099773515825, 0.19533160895757054,
    0.1962560539174339, 0.19351921311539153, 0.19280737128270709,
    0.19007512368261814, 0.1906672948566468, 0.1901147984292196,
    0.18864105641841888, 0.18574811850229037, 0.18604901651649372,
    0.1839989750119655, 0.18300382452814476, 0.18237331234242604,
    0.18081809450750766, 0.18090224322741447, 0.18062949739396572,
    0.1809133101740609, 0.17773275636136532, 0.1793958696982135,
    0.17625565600136053, 0.17549210641047228, 0.17557299315281535,
    0.17369677255982938, 0.17557749087395874, 0.172220839349472,
    0.17185614436216975, 0.17170639271321503
  ],
  "val_losses": [
    0.26623657378165616, 0.2373676747083664, 0.23965193557998407,
    0.25689083337783813, 0.22707521526709848, 0.2219881697193436,
    0.21678808299095734, 0.21006879178078278, 0.21301298620908157,
    0.20701139549846234, 0.20681585501069608, 0.20611872362053912,
    0.2117609067455582, 0.19809718462436096, 0.2050524428486824,
    0.20170182151638943, 0.19662685821885648, 0.19953359793061795,
    0.19267544474290765, 0.19708562026853146, 0.1895531198900679,
    0.19608185634664868, 0.1874909018692763, 0.18771635611420093,
    0.1898668550926706, 0.18862808560547623, 0.1901860509229743,
    0.1876371966108032, 0.18986956386462503, 0.19019760904104813,
    0.1835243757004323, 0.1898766911548117, 0.1874694137469582,
    0.18403486065242602, 0.18558502974717514, 0.18626192924769028,
    0.18556312115296072, 0.1868127840368644, 0.18409175782100015,
    0.1863858349945234, 0.184744191882403
  ],
  "train_ious": [
    0.43982000487849804, 0.4915845922693826, 0.5153687970469827,
    0.5289923699869626, 0.5382164009725272, 0.5469117859729391,
    0.555193906460983, 0.5592933631353622, 0.5632140520096254,
    0.5702812610653002, 0.5737495312764156, 0.5777632714505646,
    0.5792847514908381, 0.5856720704747285, 0.5889318698234316,
    0.5874411493431831, 0.5911501265954279, 0.5928554209894027,
    0.5971961185012175, 0.5959835050870546, 0.59785336677147,
    0.6008247429154058, 0.6043938164585745, 0.6044345176306324,
    0.6084338677102243, 0.6099909169842367, 0.6114272567565024,
    0.6141061265615448, 0.6139118148256906, 0.6138178143056406,
    0.6141040228523208, 0.6188722800841365, 0.6164884978122468,
    0.6223632056212082, 0.6232007172336612, 0.6230160678210466,
    0.6263320595565917, 0.623341443853966, 0.6284971534665942,
    0.629530021191939, 0.6300583761455355
  ],
  "val_ious": [
    0.4643027452023131, 0.5057963354216105, 0.49930207010196603,
    0.47362629345793655, 0.5301186956357263, 0.5396003067709397,
    0.5586125362610472, 0.560962964443193, 0.5606072460827621,
    0.5706044776716093, 0.5650236988845079, 0.5736754867045775,
    0.555906381296075, 0.5818736129912777, 0.5710640875757604,
    0.5789542018935299, 0.5826000921104266, 0.5788934045079824,
    0.5921788565490557, 0.5903569744980854, 0.6005350288705549,
    0.5858068710220034, 0.5999470011911531, 0.6002141723166341,
    0.6000933932221453, 0.5985108773777451, 0.5996637236380923,
    0.6046763079753821, 0.5958909005790517, 0.6027605976315512,
    0.6119028388158133, 0.6010597276946774, 0.6011777833320094,
    0.6122445690891015, 0.6089812156514847, 0.6107345169437106,
    0.6084428693073383, 0.6078369587227919, 0.6124150683914406,
    0.6087749520505683, 0.6114323502001554
  ],
  "training_time": 1030.1507930755615,
  "avg_gradient": 0.003014420529763199,
  "memory_usage": 1390.48828125
}
