{
  "train_losses": [
    0.27646195669860946, 0.24885452927454657, 0.2382808836257976,
    0.230074277471589, 0.22448326080389644, 0.21893759679211222,
    0.2146417561756528, 0.21035142558748307, 0.2095156925851884,
    0.2072466667741537, 0.20525058861012044, 0.20270567411637824,
    0.20016107416671255, 0.19861502904930842, 0.19557653181254864,
    0.19470313118527766, 0.19170617684721947, 0.19216410613254362,
    0.19065245257123656, 0.18829166289904845, 0.18852040033949458,
    0.18561307405648025, 0.18408329039812088, 0.1845069011754316,
    0.18195077169524587, 0.183466588349446, 0.1809799867155759,
    0.17913242146048858, 0.1794445620768744, 0.17969911990930204,
    0.17747602781847768, 0.17742918796189452, 0.17630575281446395,
    0.17519217713371568, 0.1743044615925654, 0.17371090801189776,
    0.17404725362101328, 0.17246530188814455
  ],
  "val_losses": [
    0.2591915710464768, 0.2464862605151923, 0.23476614219986874,
    0.2301344460119372, 0.23122665318457977, 0.2221008322161177,
    0.2140729932681374, 0.2135188262099805, 0.20803871945194577,
    0.21005754010832828, 0.2063992577402488, 0.21542926683374072,
    0.20003961674545123, 0.19934021390002707, 0.19794380826794583,
    0.2036071818159974, 0.21358191610678381, 0.2028825752761053,
    0.1971019522651382, 0.19354922453994336, 0.19573997155479764,
    0.19144739631725394, 0.19191974563443143, 0.19116224348545074,
    0.19652143055978027, 0.19617937861577325, 0.19895225633745608,
    0.1849799149710199, 0.19176776448021765, 0.1904967602180398,
    0.19291474249051965, 0.18934926001921945, 0.18763884027367053,
    0.1823994442820549, 0.18345972830834595, 0.18496002321657928,
    0.19215272043062293, 0.18855425456295843
  ],
  "train_ious": [
    0.4452329795888583, 0.49155304697004787, 0.5109580381624942,
    0.5255937862439428, 0.5356233287332719, 0.5451937157228804,
    0.5530804932333423, 0.5600687888707373, 0.5620434591411682,
    0.5657441934327719, 0.5702084071826244, 0.5739730342790702,
    0.5789501715073548, 0.5819383943858353, 0.5869906455602336,
    0.5882129402480267, 0.5932439643943651, 0.5931698945553407,
    0.596235247409862, 0.6001593606087607, 0.5995933949083523,
    0.6050112299837062, 0.6077422500736469, 0.6066898768362793,
    0.6108511946015599, 0.6087899763083111, 0.6130222071880014,
    0.6162451647653959, 0.6158398431388363, 0.6156356404333013,
    0.6191808803789859, 0.6197276595386044, 0.6213379533610487,
    0.6229186000275437, 0.6252409609007662, 0.6256783071203504,
    0.6249884244432481, 0.6282851252758852
  ],
  "val_ious": [
    0.4689092937371005, 0.4997245492278665, 0.524137683428716,
    0.5283706464629244, 0.5215224700345509, 0.5384271080079285,
    0.5546778803286344, 0.5575760181831279, 0.5620418193115705,
    0.5633701286886048, 0.5722902160191883, 0.5472117530694905,
    0.5786611755257067, 0.5828438131273657, 0.58524757904419,
    0.5726353279922318, 0.5553935027640801, 0.5750228363102761,
    0.5877989580233891, 0.5907958128314086, 0.5819776438284611,
    0.5978970594596172, 0.597228221487308, 0.5983488654744797,
    0.5951405476400818, 0.5929848253726958, 0.5860093251086663,
    0.609131658638733, 0.5995134089304054, 0.5947513593279798,
    0.5964922736520353, 0.6020127541345098, 0.6080584454795589,
    0.6145474524169728, 0.6120710370765216, 0.6107355667197186,
    0.5982106790162516, 0.6057754336059957
  ],
  "training_time": 955.9651000499725,
  "avg_gradient": 0.005248218593472075,
  "memory_usage": 1390.48828125
}
