{
  "train_losses": [
    0.28532453634492727, 0.2532009107425161, 0.23817126817353393,
    0.23041597996716914, 0.22481736840437289, 0.2203676434962646,
    0.21515426938624485, 0.21320023314784403, 0.20934671244543532,
    0.20834652593602304, 0.20433483345677023, 0.20237408497411272,
    0.20125357085919898, 0.1992859075088864, 0.19780713076824727,
    0.19671371125656625, 0.19321947115594926, 0.193471388567401,
    0.19092271128750365, 0.19087509770432246, 0.18932005066586577,
    0.1874373906656452, 0.18599276641464751, 0.18558775827936505,
    0.18347270163181034, 0.18406748164283193, 0.18206526995029138,
    0.1812049697112778, 0.1802293674453445, 0.17895303618000902,
    0.17750212866003098, 0.1778078656643629, 0.17704917960192845,
    0.1772096421893524, 0.17562436409618543, 0.17407231462066589,
    0.17450498927222646, 0.17329166521844658, 0.1716077094492705,
    0.17228148537485496, 0.17035900396497353, 0.17029638855677584,
    0.17025480953895528, 0.17164545060823794, 0.16842076895029648,
    0.16805152983769125, 0.16765297171862228
  ],
  "val_losses": [
    0.28546944584535516, 0.25708024560109427, 0.2342236411312352,
    0.2368742846276449, 0.2285059385973474, 0.21992416550283847,
    0.22030611465806546, 0.21325963411642157, 0.2139161523917447,
    0.2178470515038656, 0.23187097388765085, 0.21297293771868167,
    0.20163013624108356, 0.21799729310947916, 0.20464766057937042,
    0.20983082574346792, 0.196159648830476, 0.19733113050460815,
    0.19992574660674386, 0.2040418324911076, 0.19678141889364822,
    0.20609588014042896, 0.193635368152805, 0.19498712277930716,
    0.19424934652836426, 0.19293864492488944, 0.1945760363469953,
    0.19158734510774197, 0.1925730770048888, 0.18736600325159405,
    0.1918425278171249, 0.1921638775130977, 0.18945567730976187,
    0.18742667624483939, 0.1910622398490491, 0.19252853516651236,
    0.18727922828301138, 0.18702581557242767, 0.18906882243311923,
    0.1858764248697654, 0.19563071138185004, 0.18633914285379907,
    0.18856108836505725, 0.1855174098973689, 0.1838780813243078,
    0.18611471776081168, 0.19580663319515146
  ],
  "train_ious": [
    0.4318160779328773, 0.4828955107840939, 0.5112325855247352,
    0.5258562462809294, 0.5361620082209504, 0.5430883598932321,
    0.5525400595388551, 0.5562738902003005, 0.5628740700312713,
    0.5641215351288731, 0.5711450902880102, 0.5744524055525012,
    0.5771798278758492, 0.580844981190951, 0.5826001296872676,
    0.5845680716784968, 0.5912987967764124, 0.5906229560681877,
    0.5950059071183208, 0.5953218706384085, 0.5983004581345162,
    0.6007694001107111, 0.6043305286354778, 0.6046576742352783,
    0.6085860229272774, 0.60736224854338, 0.6111653927659646,
    0.6121778440648232, 0.6136421513730201, 0.6162001112125056,
    0.6190705121751278, 0.6179880342189819, 0.6192973119517168,
    0.6197908240491931, 0.6224364365140598, 0.624883764517912,
    0.6237700150172776, 0.625703150001557, 0.6292373052109839,
    0.6271097057539485, 0.6314460817670476, 0.63153427682709,
    0.6318255746062251, 0.628630714625984, 0.634702346355155,
    0.6357587767036067, 0.635804021758014
  ],
  "val_ious": [
    0.4515670854328335, 0.4859322082737218, 0.5233174848599712,
    0.5099043905519057, 0.5299095213413237, 0.5366983789464703,
    0.5445388025347737, 0.5580395179382269, 0.5571280885217849,
    0.551072059766106, 0.5170026209907256, 0.5516906759661176,
    0.575317957047103, 0.5467900707237964, 0.5730088209544402,
    0.5586700492363046, 0.5818842850301579, 0.5840783279011216,
    0.5838389733563298, 0.5809759167225466, 0.5857232245414152,
    0.5686422486020171, 0.5937180324741033, 0.5931947805743285,
    0.5887494644393091, 0.5958937644094658, 0.5866417161364488,
    0.5967715514310892, 0.5982022507899051, 0.6034980386063671,
    0.5957755701265474, 0.5959713916847672, 0.6000326234793317,
    0.6045495075160179, 0.595174969754357, 0.600361072714778,
    0.6034821448982627, 0.6097038316985837, 0.5986151528963144,
    0.605897910784984, 0.5970941823029862, 0.6069807755774345,
    0.6058422301126564, 0.6085902800162633, 0.6101021671640698,
    0.6102205283831859, 0.5947408822999484
  ],
  "training_time": 1181.4940450191498,
  "avg_gradient": 0.00397351602837671,
  "memory_usage": 1390.48828125
}
