{
  "train_losses": [
    0.2814517113501611, 0.2540618274360895, 0.24066303006332854,
    0.2318871206725421, 0.22783987645221793, 0.22070490625565467,
    0.21849300493688686, 0.21445915135352508, 0.211873734369874,
    0.20821700585277184, 0.20822373891006346, 0.20387199334800243,
    0.2033540587062421, 0.20092225811727668, 0.19989220482175765,
    0.19732956288625364, 0.19537113525945207, 0.19397904707685762,
    0.19426075288135072, 0.19203489306180374, 0.1914129535789075,
    0.1893356628715992, 0.18906241153245387, 0.1875672516129587,
    0.18592520050056602, 0.1852780706046716
  ],
  "val_losses": [
    0.27757381064736325, 0.2396199518571729, 0.23763574757005856,
    0.2443740918584492, 0.21942095620476681, 0.21840882528087366,
    0.2144156827226929, 0.21629370684209076, 0.20669641864040625,
    0.21085009302781976, 0.20492329448461533, 0.20578460881243582,
    0.21503074110850043, 0.21579298279855563, 0.19565870450890582,
    0.19494605388330377, 0.19292242987000424, 0.21585005230229834,
    0.1927014356074126, 0.19674294603907544, 0.19186021938272144,
    0.185489558979221, 0.19464874656304068, 0.18868135855249737,
    0.1869328556501347, 0.19306621408980826
  ],
  "train_ious": [
    0.4368492864187052, 0.48305489263240825, 0.5068426992798196,
    0.5224981765546228, 0.5288947332326487, 0.5423299633776368,
    0.5459446229472539, 0.5536705672578967, 0.5586549861869518,
    0.5643247528730526, 0.5642035234773504, 0.5722930671350247,
    0.5732857364945221, 0.5771703337845595, 0.5799109272766805,
    0.5845257423386194, 0.5877989518145723, 0.5901778533622838,
    0.5895841165405256, 0.5933327548529789, 0.5946743813329846,
    0.598868878153355, 0.5993039701403916, 0.6017318349061669,
    0.6042645829527279, 0.6058234564852023
  ],
  "val_ious": [
    0.4506853620211282, 0.5095754096257513, 0.5228599709445152,
    0.4861291147012642, 0.5428312564457672, 0.5469234122530274,
    0.5574945023526316, 0.5541156487188479, 0.5705476947452711,
    0.5538870978398601, 0.5678214342265888, 0.5729645635338797,
    0.564721271611642, 0.5511754252340482, 0.5889208066290703,
    0.5917019558989484, 0.5932309104912523, 0.5587213233761165,
    0.5898160973320836, 0.5906103341907696, 0.5959132518889249,
    0.6079189004241555, 0.5922892100137214, 0.5972607563371244,
    0.5993900394094163, 0.5883210659890935
  ],
  "training_time": 652.5884160995483,
  "avg_gradient": 0.005153893500113819,
  "memory_usage": 1390.48828125
}
