{
  "train_losses": [
    0.28300070406302164, 0.2534143944149432, 0.2391998450393262,
    0.22955620296947335, 0.2240686776197475, 0.21780282267085885,
    0.2144328105546858, 0.211681526478218, 0.2095052243574806,
    0.20784313466561877, 0.20461077510338763, 0.2025679730526779,
    0.19884425911890424, 0.19814917242721372, 0.1955870242546434,
    0.19468368622271912, 0.1956702544475379, 0.1907303801373295,
    0.18953694127823995, 0.18853268731871378, 0.1882257944215899,
    0.18598343634411044, 0.18646426061573235, 0.18410907791036626,
    0.18276049382984638, 0.1822072271581577, 0.1809770501340213
  ],
  "val_losses": [
    0.2780127891379854, 0.24549838025932727, 0.23445016048524692,
    0.23241728932961173, 0.2243860295933226, 0.22080638583587564,
    0.22728070940660394, 0.22170065051835516, 0.20762957729723142,
    0.21334624096103336, 0.21190135375313138, 0.22591504843338675,
    0.20463788541762726, 0.20173354803220087, 0.1997310561330422,
    0.20422850387251895, 0.19848528957885245, 0.20269523982120596,
    0.19272756414568942, 0.19578772621310275, 0.19538070650204367,
    0.19406239072913709, 0.1999258415206619, 0.19020452415165695,
    0.19165743531092352, 0.1935681775212288, 0.21778571540894714
  ],
  "train_ious": [
    0.4325127845842637, 0.48380156943871516, 0.509948390306554,
    0.5274103088979273, 0.5357473547961833, 0.5467813995977245,
    0.5529001393503902, 0.557547038636994, 0.56174709531816, 0.5657428115390349,
    0.5703613866606483, 0.5745102642778902, 0.5806754445252212,
    0.582915205940388, 0.5872418753046924, 0.5889711471247503,
    0.5869412096622201, 0.59582586284133, 0.5977481801764686,
    0.5994471643605958, 0.6004403987224552, 0.6038762778583644,
    0.6033508136760496, 0.6076661940070166, 0.6098591148637346,
    0.6108359172400359, 0.6126623214694902
  ],
  "val_ious": [
    0.4440837583464124, 0.4959765008610228, 0.5161545189178508,
    0.517377204977084, 0.5378577324791232, 0.543913935729559,
    0.5335221145895945, 0.5375707996064337, 0.5646377082752145,
    0.5475815232249274, 0.5615231537300608, 0.5467287081739175,
    0.572285549364228, 0.5703399249393007, 0.5788504094749259,
    0.573794678285502, 0.5690036055402478, 0.5761452980231548,
    0.5921272596587306, 0.5876929038676661, 0.58603519525217,
    0.5894086905147717, 0.5752183855443761, 0.5970807978208514,
    0.5941204353087189, 0.5959499093933381, 0.5563949938269629
  ],
  "training_time": 677.8716955184937,
  "avg_gradient": 0.003373151139591988,
  "memory_usage": 1390.48828125
}
