{
  "train_losses": [
    0.27958441760552966, 0.24994141794741154, 0.2362118876012771,
    0.22772482968866825, 0.2233360925608355, 0.21889254620865636,
    0.21384274878579637, 0.21154871461508068, 0.20952912582003552,
    0.20657488234017207, 0.2060544633347055, 0.20066895530275677,
    0.1997493692552266, 0.197458537619399, 0.1963869026335685,
    0.1955016954275577, 0.1916734306546657, 0.19108511807154055,
    0.19034003855093665, 0.1873752283661262, 0.1892167212360579,
    0.18509232115162455, 0.1848226298942514, 0.18371295200093932,
    0.18311084685442242, 0.1828808510757011, 0.18220945164237334,
    0.18011329703680848, 0.17814026222280835, 0.17734556215936723,
    0.1773139275610447, 0.17664872344745242
  ],
  "val_losses": [
    0.2576532788250757, 0.24383317970711252, 0.23880555415930954,
    0.22134357042934583, 0.2216352998562481, 0.2194187683255776,
    0.21140356102715369, 0.21504227849452393, 0.20507576219413592,
    0.20582091160442517, 0.206701527795066, 0.20383411386738653,
    0.20504735766545587, 0.19611538331145825, 0.1979404069159342,
    0.19468770791655002, 0.1947365351345228, 0.19051606240479843,
    0.19037807635639026, 0.1904140869560449, 0.1984536644557248,
    0.18832001122443573, 0.18533712495928226, 0.18738623319760614,
    0.1878542517838271, 0.18852292551942493, 0.18376384740290436,
    0.18930408488149228, 0.18480553348427234, 0.19562870328841003,
    0.18340401772571646, 0.19217835301938263
  ],
  "train_ious": [
    0.43877426612332626, 0.4902676004592493, 0.5150581895765185,
    0.5289127283824093, 0.537293109934831, 0.5451832034665604,
    0.5534954541025384, 0.5580725511940924, 0.5607297977135665,
    0.5670959294868118, 0.5683867784243993, 0.5777888712675676,
    0.5788646453208679, 0.583352141082287, 0.5849668072617572,
    0.5877436171623246, 0.5938620803256828, 0.5942521518555243,
    0.596514604391827, 0.6013936382596906, 0.5982788674317407,
    0.6059829325995584, 0.6064263612463856, 0.6081501851263253,
    0.6089590148109459, 0.6097680936041087, 0.6108627312317279,
    0.6146258773363155, 0.6177219090902287, 0.6192385074884998,
    0.6195856547657995, 0.6205076071555199
  ],
  "val_ious": [
    0.48132810828046524, 0.501042455110861, 0.520960673905801,
    0.5464280483083449, 0.5388878419779349, 0.5442493007234905,
    0.5603465280239134, 0.5444789450021758, 0.5726575086946072,
    0.57166646356168, 0.5648819825787474, 0.5764965412841326,
    0.5661400083614433, 0.5880305285471074, 0.5888222589872885,
    0.5832135372835655, 0.5873967424251031, 0.596696405954983,
    0.5931047157964843, 0.5983328298814056, 0.5899147544650064,
    0.6025400468404741, 0.6064021345497906, 0.602834841479426,
    0.6043209336374116, 0.6053497927344363, 0.609409052176752,
    0.6047103186880333, 0.6102520924979364, 0.6007268782975015,
    0.6148106598335765, 0.6003538650878965
  ],
  "training_time": 804.2848589420319,
  "avg_gradient": 0.0035403750352915016,
  "memory_usage": 1390.48828125
}
