{
  "train_losses": [
    0.28294778752910055, 0.2517895673442146, 0.23828513410104357,
    0.22936712918074234, 0.22486934673203074, 0.21844969965193584,
    0.21539080653177656, 0.21374857271819012, 0.2093668785756049,
    0.2059205251381449, 0.2035411037504673, 0.20008108287077883,
    0.19889904323803342, 0.19760863175210747, 0.19618248469803645,
    0.19362061333073222, 0.19225109927356243, 0.19199618235554383,
    0.1895841394915529, 0.1889537612543158, 0.1877510162961224,
    0.18591833560039167, 0.18563675467410815, 0.18570991589323335,
    0.18383237614255885, 0.1835336332897777, 0.18233392808748328
  ],
  "val_losses": [
    0.26638541597387067, 0.2503627201785212, 0.23227263760307562,
    0.23193763455618982, 0.22757246053737143, 0.21733398800310882,
    0.22539624409831088, 0.21960405551868936, 0.2107376216546349,
    0.20628485180761502, 0.2033417671918869, 0.20230153008647586,
    0.2032453916642977, 0.1964925572923992, 0.19403520518023035,
    0.19541639024796692, 0.19162393588086832, 0.19918740475955216,
    0.1932062587660292, 0.1899351373962734, 0.1937063077221746,
    0.18928065474914468, 0.18849221746558728, 0.19478466782880866,
    0.18718617279892383, 0.18861118477323782, 0.20560802260170813
  ],
  "train_ious": [
    0.4376124951691516, 0.48729162833288975, 0.5119658431605151,
    0.5270052234493737, 0.535249329374536, 0.546149947559056,
    0.5519599986896995, 0.5550928152827679, 0.5627806120808575,
    0.5687329840400948, 0.5733349048465055, 0.5792714457796968,
    0.5820912459082361, 0.5842847986605723, 0.5861706413544607,
    0.5907435352927533, 0.5926683502460733, 0.5944489920916768,
    0.5978713559283727, 0.5993355513698814, 0.6010665472974815,
    0.6047571604342561, 0.6053419527800187, 0.6049152701229287,
    0.6082100633909738, 0.6080896851161249, 0.610973999930033
  ],
  "val_ious": [
    0.46504939714635624, 0.5047555173868717, 0.5268021596298701,
    0.5142992633408394, 0.522747743172922, 0.5527790143438007,
    0.5336410037201383, 0.5546040165683497, 0.5608521352211635,
    0.5705160178999971, 0.5757191725399183, 0.5725004362023395,
    0.5757493631563326, 0.5867286687311918, 0.5901950252228889,
    0.5848654361738675, 0.5957766246536504, 0.5883821888246398,
    0.5909491613291313, 0.5981662273406982, 0.5930152855057647,
    0.5964442677255989, 0.5997307272492975, 0.5902720290249673,
    0.6024439838053525, 0.6044998743395876, 0.5673660404872202
  ],
  "training_time": 678.1776115894318,
  "avg_gradient": 0.005673899100285394,
  "memory_usage": 1390.48828125
}
