{
  "train_losses": [
    0.27684391087487986, 0.2480307272432939, 0.23612315839399461,
    0.2277432408021844, 0.22304434183499086, 0.21865748978503372,
    0.2147026290388211, 0.21266638592857381, 0.2089827409742967,
    0.20748995058238506, 0.20501249267355257, 0.2024365353357533,
    0.1993316858197036, 0.19946153057010277, 0.19707637571770212,
    0.1954557619503011, 0.19267272382326747, 0.19259932054125745,
    0.19015973814479684, 0.18895571120083332, 0.18806382446833278,
    0.18625938511737014, 0.18534373030390427, 0.18376644781750182,
    0.18330118011521257, 0.18359622318783533, 0.1823207063033529,
    0.18249313662881436, 0.17907457571962607, 0.17820792224096216,
    0.17772574649880762, 0.1777626878541449, 0.17687354220644289,
    0.175688317693446, 0.17552860380838747, 0.17350341444430145,
    0.172946789180455, 0.1719603322284377, 0.1706540014432824, 0.17163128008985
  ],
  "val_losses": [
    0.30353627256725146, 0.24819427858228268, 0.2417714291292688,
    0.22853949989961542, 0.23233734006467072, 0.21776060565658237,
    0.2174382012175477, 0.21313628327587378, 0.20969158767358118,
    0.2146183760917705, 0.21195430340974228, 0.20793293837619864,
    0.20259110597164734, 0.20215119032756143, 0.21057018346112708,
    0.20263736241537592, 0.20470615703126657, 0.20271307003238928,
    0.19604074112747027, 0.19964447747106137, 0.19951076481653296,
    0.20718190657055896, 0.19646551233270895, 0.19597124502710675,
    0.20241479316483374, 0.1916017376858255, 0.19702824885430542,
    0.1958252217458642, 0.19189697115317636, 0.18968663170285846,
    0.19042819867963376, 0.18940946394982544, 0.1930900021739628,
    0.1862861902817436, 0.19120921000190402, 0.1894097551703453,
    0.1884755715727806, 0.18656605611676755, 0.190161922055742,
    0.19138568024272504
  ],
  "train_ious": [
    0.4439749033865182, 0.49347531989864657, 0.515574509088976,
    0.5312052235223247, 0.5381605595728193, 0.5463119623777659,
    0.5528383206954038, 0.5580125830095747, 0.5633118710332159,
    0.5668775295379799, 0.5713928942771063, 0.5749042427734187,
    0.5812384934852953, 0.5805734066103679, 0.584609374134005,
    0.5870212989224901, 0.5933041442995483, 0.5930259083060252,
    0.5977600879859233, 0.6001814350053882, 0.6015180612819779,
    0.6051459119695685, 0.6064594365872334, 0.6092634960685089,
    0.60959004783544, 0.6097461608764921, 0.6122576634845005, 0.611948304148256,
    0.6172463981893618, 0.6195754556768182, 0.6200098142675727,
    0.6192658432907815, 0.6211445894686207, 0.6234506517108799,
    0.6233443722560789, 0.6276449584874554, 0.6282381012063958,
    0.6292624834762964, 0.6326090745303944, 0.6310484703036324
  ],
  "val_ious": [
    0.4080529392197512, 0.48912159072748135, 0.5112809712688129,
    0.5236079909879228, 0.5308731402391973, 0.5449162233566892,
    0.5533579693756241, 0.5620857827041459, 0.5620233597962753,
    0.5539953487290854, 0.5609181521163472, 0.5688382201436637,
    0.5743059671443441, 0.575181148406388, 0.5616930686477302,
    0.5734808466572691, 0.5738230617581936, 0.574647816626922,
    0.5910720699939176, 0.5813206306834151, 0.5869620161643925,
    0.5781649569238441, 0.5877053536798641, 0.589808220880619,
    0.5799902586833292, 0.5972955004460571, 0.5867550532886947,
    0.5935881131369135, 0.5938423308341401, 0.5985939794260522,
    0.6021855134462963, 0.5985579896664275, 0.600672495321951,
    0.6074539783640184, 0.598515922392624, 0.6020384292671647,
    0.6049054120329843, 0.6041111529305361, 0.6029325196708458,
    0.5964572081963223
  ],
  "training_time": 1003.7458724975586,
  "avg_gradient": 0.005418722107012682,
  "memory_usage": 1390.48828125
}
