{
  "train_losses": [
    0.27917254197856656, 0.24919748962249444, 0.23721486394820007,
    0.22849535974471466, 0.2234749054617208, 0.21940057052542333,
    0.21318672241076178, 0.21059570817843729, 0.2072963363936414,
    0.2045262869771408, 0.20121855888029802, 0.20152608232329722,
    0.19794684332673965, 0.19539695265500442, 0.19434627339891766,
    0.19318850735283416, 0.19161828210496384, 0.1886215260171372,
    0.18840417743701002, 0.18785684652950452, 0.1861611698632655,
    0.18617569574195406, 0.18390695386282777, 0.18252990014203216,
    0.18082808387344299, 0.17935610975584257, 0.1808578402775785,
    0.17808993881487328, 0.1784719108077495, 0.17693947846798794,
    0.17678573249798754, 0.17708676931974682, 0.17488348686500735,
    0.1742409944696271, 0.17201733921209109, 0.17125820984011111,
    0.1719787733062454
  ],
  "val_losses": [
    0.2572369015087252, 0.2632434811928998, 0.2385946781091068,
    0.24350903053646503, 0.2282082687901414, 0.21999344715605612,
    0.22167134220185486, 0.22080392908790838, 0.2129895405276962,
    0.21009685908970627, 0.20764241885879767, 0.2206852112127387,
    0.2004527057642522, 0.2005441943588464, 0.20107186002575833,
    0.19905587674483008, 0.19787918776273727, 0.19803014073682867,
    0.192970542156178, 0.19449207478243372, 0.20098707177068875,
    0.19591194067312323, 0.19742893298035083, 0.18927530069714008,
    0.18840539261050845, 0.19276942280323608, 0.19086365855258444,
    0.18964656215646994, 0.18784138139175333, 0.18722467383612756,
    0.18626184210829114, 0.19008171525986298, 0.1921493310643279,
    0.18234170293030533, 0.1848667860031128, 0.1850057639505552,
    0.19078288259713547
  ],
  "train_ious": [
    0.44046120302231984, 0.4914195834780517, 0.5135953093244547,
    0.5296664141874382, 0.5374597249201675, 0.5449090803285007,
    0.5563895322004518, 0.56056266275329, 0.5663347210249172,
    0.5705696120858191, 0.5769556586401184, 0.577814231424228,
    0.5834646416099174, 0.5877825078432977, 0.5905414968189124,
    0.5922135866746523, 0.5947079710878324, 0.6001577138144902,
    0.600531865073287, 0.6015823921323686, 0.6046931515245333,
    0.6043332147857419, 0.6085857563800569, 0.6105980297037655,
    0.6131226646619429, 0.6165067385072293, 0.6141575119741587,
    0.6182906513196834, 0.6183493216184601, 0.620782827175614,
    0.6214616217690959, 0.6208731850096278, 0.6240741637521893,
    0.624842467299406, 0.6288351160136687, 0.6304151273831943,
    0.6294694592555363
  ],
  "val_ious": [
    0.4704690011947052, 0.4567201437725538, 0.5216548807811044,
    0.4921454978377923, 0.5237117565196493, 0.5363982576822888,
    0.5475789123903149, 0.5483365849308345, 0.5561498975840167,
    0.5627904253593389, 0.5690608529940897, 0.5508836715117745,
    0.580358973879745, 0.5828061660994653, 0.5826068933027377,
    0.5811779481777247, 0.5886230464430822, 0.5850993630246839,
    0.5950610102086827, 0.5864932446376138, 0.5808244081942932,
    0.5824594545191613, 0.5925399576840193, 0.5955334340316661,
    0.5959841634916222, 0.5905067944440289, 0.5991426067075868,
    0.5982249269019002, 0.6009698145199512, 0.6037515004475912,
    0.606340735502865, 0.5981740305821102, 0.599224502193755,
    0.6152634253536445, 0.6086458207472509, 0.6083056179509646,
    0.5986678390831186
  ],
  "training_time": 928.4932973384857,
  "avg_gradient": 0.004220698576144336,
  "memory_usage": 1390.48828125
}
