{
  "train_losses": [
    0.28158830754134967, 0.25335532119092735, 0.23945826316333335,
    0.22996388238085352, 0.22356716357171535, 0.2192097921734271,
    0.21601139592087787, 0.21296060725074747, 0.20900638984597247,
    0.2058959246977516, 0.20474608048148776, 0.20287331088405589,
    0.20039213068135406, 0.19895599247968715, 0.19666891877094042,
    0.19505033804022748, 0.19403679369260435, 0.19135073588594145,
    0.1921326649253783, 0.18986355772484903, 0.18779801439655863,
    0.18587742430036483, 0.18562350964740568, 0.18575936183333397,
    0.18382653569721658, 0.18193870628981487, 0.1814632768864217,
    0.18078797683119774, 0.179512245013662, 0.1795847909120114,
    0.17820895900544914, 0.17761541328028493, 0.17643032733189024,
    0.17471218368281488, 0.17470679577925932, 0.173949949119402,
    0.1730409224882074, 0.1717556204808795
  ],
  "val_losses": [
    0.2627467040134513, 0.24294985830783844, 0.23479115865800693,
    0.22877111480287884, 0.2345706279511037, 0.2157673408155856,
    0.21809881925582886, 0.20787579760603284, 0.2052630837196889,
    0.20455603042374487, 0.21388299018144608, 0.2025415547516035,
    0.19938968316368436, 0.1983066194731256, 0.20079583350730978,
    0.1930768084914788, 0.19425062964791837, 0.19278581796780878,
    0.19671075467182242, 0.1888677623608838, 0.1916704922914505,
    0.1976845523585444, 0.18858112880717154, 0.1881539672613144,
    0.18361283709173618, 0.1904610823030057, 0.18351621893437012,
    0.1851703071075937, 0.18441890892775162, 0.18262547416531522,
    0.18165726668160895, 0.18401235115268957, 0.18031923084155374,
    0.1827324975443923, 0.18206793620534564, 0.18325428502715152,
    0.18475069073231323, 0.18455741684073987
  ],
  "train_ious": [
    0.43531021190996183, 0.48219643255182804, 0.5080212759852841,
    0.5255020045121943, 0.5377334010503863, 0.5443219110585643,
    0.5497410797338557, 0.5548837404104248, 0.5616184681977915,
    0.5683673191005768, 0.5701099801538644, 0.5729445838301942,
    0.5772614285241872, 0.5803274533346944, 0.5844716921556687,
    0.5869717796643574, 0.5886580443036729, 0.5943535341462792,
    0.5924103551044844, 0.5969945397497952, 0.600022470605546,
    0.6040999019599481, 0.6044398754079275, 0.6037220167185089,
    0.6077628843486309, 0.6109706330234587, 0.6119295195069004,
    0.6131178835487884, 0.615125612342271, 0.6152565463621543,
    0.6174723295953823, 0.6190078326541445, 0.6209731924792994,
    0.6237223582423251, 0.6241332876725475, 0.6253029266777247,
    0.6269235874971618, 0.6290766635666721
  ],
  "val_ious": [
    0.46215638118809543, 0.5021339847125869, 0.5166192512581315,
    0.53334613662699, 0.5249419020137924, 0.5483330001217732, 0.552825716742571,
    0.561454163081404, 0.5766986990752426, 0.5749897993561149,
    0.570170606823935, 0.5762689504502478, 0.5830518082864042,
    0.5805309153553371, 0.5829399731280147, 0.5912753682637562,
    0.5885580428268599, 0.5927545341892518, 0.5848077930833983,
    0.6003259221712748, 0.5935726451916973, 0.5871338660734287,
    0.6004685137582862, 0.6021902472644612, 0.6090300970751304,
    0.5976451859957929, 0.6114422987768616, 0.6077338180680207,
    0.6073970723411313, 0.6154333780641139, 0.6148721433204154,
    0.6136279209800388, 0.6174727550883222, 0.612341265099636,
    0.615835359778957, 0.6149443318878393, 0.6133373073045759,
    0.6044023272351944
  ],
  "training_time": 954.7811117172241,
  "avg_gradient": 0.003110049244176235,
  "memory_usage": 1390.48828125
}
