{
  "train_losses": [
    0.27721496274613816, 0.25037478939022706, 0.2348576961490123,
    0.226341775254063, 0.22310270118000713, 0.2191185654019532,
    0.21287785851113175, 0.20971720268868882, 0.20856188124288683,
    0.20595510555026325, 0.20122677500805128, 0.20065591476209785,
    0.1981771839377673, 0.19640521648461404, 0.19413447809284148,
    0.1939484256765117, 0.19190101851911648
  ],
  "val_losses": [
    0.26079390619112097, 0.23821796347265659, 0.23544150947228723,
    0.23314867039089618, 0.2259897119973017, 0.21371555911458057,
    0.20718101768389993, 0.2115207214070403, 0.21433301820703174,
    0.2118405537760776, 0.20437227319116177, 0.19912522448145825,
    0.19799260471178137, 0.20883654090373413, 0.20023874808912692,
    0.19822569871726242, 0.2103571839954542
  ],
  "train_ious": [
    0.4428814811888488, 0.48931005019424606, 0.5178857732132294,
    0.532537909521573, 0.5379578957091208, 0.546350424218437,
    0.5561542826826159, 0.5619066814095646, 0.5630698769852737,
    0.5684330540614717, 0.5775336475260018, 0.5775776682556538,
    0.5818967364620474, 0.585915673362172, 0.5896667496341729,
    0.5900789171565269, 0.5938954490466393
  ],
  "val_ious": [
    0.46777143070231314, 0.514162972893404, 0.5201291278868482,
    0.518490832137025, 0.5340135519703229, 0.5551076416952023,
    0.5666353428277418, 0.5601283622824627, 0.5538895931364832,
    0.5608282564342886, 0.5699582117191261, 0.582170790952185,
    0.583558789845826, 0.560810452138168, 0.5790913156841111,
    0.5822914720013521, 0.56021729198055
  ],
  "training_time": 426.63106656074524,
  "avg_gradient": 0.004907329009505557,
  "memory_usage": 1390.48828125
}
