{
  "train_losses": [
    0.28031310212353, 0.251687272168372, 0.23764846878855125,
    0.22942979220786822, 0.22497875316311483, 0.21875599617867367,
    0.21650615949993549, 0.21290676069000494, 0.20975719497579595,
    0.20570186452697153, 0.2048445290521435, 0.20280383421998957,
    0.19987216988659423, 0.1984820872059335, 0.1986138652200284,
    0.19549927406984827, 0.19355738300668157, 0.19159297774667325,
    0.1915740108360415, 0.19036628540767275, 0.1883037183433771,
    0.18579679152563863, 0.18680186432016932, 0.18576461343985537,
    0.18608338175260503, 0.18166349609584911
  ],
  "val_losses": [
    0.25148575461429096, 0.23871961851482806, 0.23810874411593314,
    0.231973332879336, 0.21620646799388138, 0.22822927424441214,
    0.22083495427732883, 0.20632504542236743, 0.20748434896054474,
    0.20283558511215707, 0.20396210285632507, 0.209336143148982,
    0.19544203417456668, 0.19707099931395572, 0.22003798057203708,
    0.19297608927540158, 0.20005626846914706, 0.19812662122042282,
    0.19798129732194153, 0.1890320619163306, 0.19117220620746198,
    0.18829972037802573, 0.18846225414587103, 0.18651227361482123,
    0.184744695606439, 0.20238468601651813
  ],
  "train_ious": [
    0.438020880161987, 0.4867990037723297, 0.5131202361721925,
    0.5279702386022477, 0.5357274843676798, 0.5463191244643233,
    0.5493043726715061, 0.5562323957843628, 0.5614846260219382,
    0.568651312611241, 0.5704032307949618, 0.5753643426342286,
    0.5795557615009773, 0.5816958774205137, 0.5824620070448822,
    0.5869324600890927, 0.5908752735974132, 0.5944057351545147,
    0.5951057414969673, 0.5981735896481121, 0.6005059894768224,
    0.6052164070956085, 0.6032171031271198, 0.6059102390123449,
    0.605326262505158, 0.6127313382491686
  ],
  "val_ious": [
    0.4747160717413045, 0.5044841236178426, 0.5193481334093688,
    0.5351501979689669, 0.5497316375806711, 0.5384095771157223,
    0.5474465256151946, 0.5661543380954991, 0.5689453050710153,
    0.572296274744946, 0.5675587829040444, 0.5651373418344966,
    0.5871579320966336, 0.5853815406992815, 0.5507100372426751,
    0.5867079427276833, 0.5859736333722655, 0.575832090947939,
    0.5835845671270204, 0.5992294688155686, 0.5929495230101158,
    0.6030390001293542, 0.5954131261594054, 0.605448306902595,
    0.604382270920104, 0.5797124479127967
  ],
  "training_time": 652.4969747066498,
  "avg_gradient": 0.003309811238636579,
  "memory_usage": 1390.48828125
}
