{
  "train_losses": [
    0.2797852106716322, 0.2528369000748448, 0.23723175546721273,
    0.22954343648060507, 0.2242901294451693, 0.22016615072346252,
    0.215272585173016, 0.2119120999198893, 0.20838318044400733,
    0.20572261236931966, 0.2038117651220249, 0.2013845672102078,
    0.19957748468479383, 0.19681175466140974, 0.1950780705589315,
    0.19241387575216914, 0.1927297418208226, 0.1898804646309303,
    0.1886917093525762, 0.18744446159056996, 0.18704076500042624,
    0.18621832253816334, 0.18506023603612962, 0.18229106846063034,
    0.1832779109801935
  ],
  "val_losses": [
    0.2606961704466654, 0.2451386535945146, 0.25505813081627304,
    0.22882218011047528, 0.22858682695938193, 0.2192984019284663,
    0.2188584532426751, 0.2168135422727336, 0.20933402297289475,
    0.2138423608696979, 0.20436483686384949, 0.20303514146286508,
    0.20747501694637796, 0.20264621694450793, 0.20055578681437866,
    0.19519614590250928, 0.19971019321161768, 0.20599845732035843,
    0.19786150623922763, 0.1922217805100524, 0.19152714409258054,
    0.20020544950080954, 0.19447867410338443, 0.19712479639312494,
    0.20905015261276907
  ],
  "train_ious": [
    0.44390279562145035, 0.4859230028114458, 0.5141526932787636,
    0.5271807288939966, 0.5365082749260078, 0.5439170343072519,
    0.5522975487823504, 0.558703898033802, 0.5645625471690859,
    0.5693785083358703, 0.5723718320006048, 0.57653530822068,
    0.5799809884873856, 0.5852180034786035, 0.5882482410449047,
    0.5929059644324193, 0.5925268219864884, 0.5969856943989147,
    0.5993530962994132, 0.6020537107319075, 0.6020674216358554,
    0.604390627232151, 0.6054020573695502, 0.6110440503427946,
    0.6089376893596374
  ],
  "val_ious": [
    0.46816301874924404, 0.4915284662359003, 0.4786882267697998,
    0.520414212151714, 0.5309559219125387, 0.5417067210959351,
    0.5489914730407189, 0.5535585828449414, 0.561347805503486,
    0.5505884607201036, 0.5697425359833069, 0.5769999115795331,
    0.5655637126469958, 0.5762716877287714, 0.5827270100514093,
    0.5867968789045361, 0.5724750469992126, 0.566978385914927,
    0.5866021565769028, 0.5918264371761377, 0.5947774933732074,
    0.5781810095776683, 0.5932294275017752, 0.5851885743331218,
    0.5658486072999843
  ],
  "training_time": 628.342600107193,
  "avg_gradient": 0.0063483513325245915,
  "memory_usage": 1390.48828125
}
