{
  "train_losses": [
    0.2746954686615778, 0.2503458651835504, 0.2402052790250467,
    0.2301180064678192, 0.22427972479035024, 0.2202091229998547,
    0.21575403440257776, 0.21287028823533785, 0.21024242602288723,
    0.20619703100427336, 0.2052080603721349, 0.20226647729135078,
    0.1996606411817281, 0.19782815573979978
  ],
  "val_losses": [
    0.261148843428363, 0.2507002055644989, 0.23528986391813858,
    0.22449926286935806, 0.2479452429258305, 0.2320297512671222,
    0.21853360695683438, 0.21723218586133874, 0.2124528943196587,
    0.210474394261837, 0.2046975940465927, 0.2106221758801004,
    0.20585858400749124, 0.2340529849347861
  ],
  "train_ious": [
    0.44471311831401433, 0.487530012736502, 0.5082338629695381,
    0.5255695079871706, 0.5359340541442671, 0.5423161556701295,
    0.5512070289502539, 0.5560809583875581, 0.5608311159995154,
    0.5673515012460772, 0.5698694870469793, 0.574578088370786,
    0.5794368259932683, 0.5829240132285204
  ],
  "val_ious": [
    0.4806735508035921, 0.490573165965253, 0.5164898819681528,
    0.5340498230163603, 0.5020753562018492, 0.5264953089796977,
    0.5519086163545002, 0.5485731377333836, 0.5700422022221745,
    0.5621570711550505, 0.5775672223256981, 0.5683709398127984,
    0.569354675170304, 0.5327854844323103
  ],
  "training_time": 351.3489887714386,
  "avg_gradient": 0.0039610700079132245,
  "memory_usage": 1390.48828125
}
