{
  "train_losses": [
    0.2775324809000544, 0.25079921908352687, 0.23599763246981995,
    0.22832823690512907, 0.22245972028569036, 0.21744131151100862,
    0.21379275271750015, 0.21242327680406364, 0.20729901406752027,
    0.20583393084614174, 0.20229872769635657, 0.201383291784188,
    0.20047923582403557, 0.19684215740341207, 0.19556103314718473,
    0.19409311684253422, 0.19308233358289884, 0.19173932917740033,
    0.18943529163041842, 0.18973191576483456, 0.18723551596960294,
    0.1869946736842394, 0.18423226661980152, 0.1855342863532512,
    0.18289850231098093, 0.18270239533613558, 0.1811376934790093,
    0.18042592550425426, 0.17786339014444663, 0.17972690320533255,
    0.17709043217094048, 0.17671285108055756
  ],
  "val_losses": [
    0.26108398353276047, 0.23962787376797717, 0.2313271508268688,
    0.22305609868920367, 0.2186476380928703, 0.22156914453143658,
    0.21715473739997201, 0.20883557427188623, 0.20777238451916238,
    0.20308808723221655, 0.19826386447833932, 0.20212580425583798,
    0.1968701303653095, 0.204554237101389, 0.19337515759727228,
    0.19238795178092044, 0.19511336995207745, 0.19321590921153192,
    0.18946228305930676, 0.19221130693736282, 0.19262055242839066,
    0.18826815647923428, 0.18569035083055496, 0.19228305181731348,
    0.18630443448605744, 0.19116488034310547, 0.18550710995560107,
    0.18598464163749115, 0.18401725978954978, 0.18558592381684677,
    0.18411471565132556, 0.19975487531527228
  ],
  "train_ious": [
    0.445208896012248, 0.4906292260772939, 0.5155650897194514,
    0.5285288922596667, 0.5380158353650916, 0.5474175721190978,
    0.5543646966849547, 0.555943162868852, 0.5655693303307762,
    0.5683762044038462, 0.5734078018399685, 0.5763869400581588,
    0.5779422205211461, 0.5836758073149382, 0.5865111882271971,
    0.589740454718687, 0.5915266068085383, 0.5940970345467761,
    0.5981062348878042, 0.5968866032966669, 0.6010816927621327,
    0.6018717881778012, 0.6069846441024453, 0.6056189273038636,
    0.6098537678843821, 0.6092806088643663, 0.6123674414727999,
    0.6144705373199951, 0.6179757098788801, 0.615484009024458,
    0.6197253964517428, 0.6200877768190012
  ],
  "val_ious": [
    0.47876587445321284, 0.5137197991860085, 0.526684443263904,
    0.5386850255123085, 0.5412316200309906, 0.5417890413731767,
    0.5462729263564815, 0.5647375281306283, 0.5596383563850238,
    0.5753845239894979, 0.58145733156066, 0.5766161248303842,
    0.5860051447930543, 0.5777252988106962, 0.5936541710642801,
    0.5937447964713192, 0.5868172310832617, 0.5929229432258053,
    0.5994249351214672, 0.5946004675782245, 0.5940415874339531,
    0.5970495837754098, 0.6030831412560697, 0.5969658018886179,
    0.6051344811052515, 0.599562075259029, 0.6071918023669203,
    0.6040793480216592, 0.6034411472686824, 0.6031695889390033,
    0.609733037110688, 0.5779341089984643
  ],
  "training_time": 804.2810781002045,
  "avg_gradient": 0.005134860345199745,
  "memory_usage": 1390.48828125
}
