{
  "train_losses": [
    0.27854478804637556, 0.2514987404093794, 0.23813765253061833,
    0.22904962860047817, 0.2238050274874853, 0.2189880523668683,
    0.21448594898633336, 0.21143770169304765, 0.20785842374291108,
    0.20529304080359315, 0.2036567529582459, 0.20029601365651772,
    0.1974435818746038, 0.19698773599837138, 0.19719188684678596,
    0.1949701568354731, 0.19230062433558961, 0.19076368860576465,
    0.19062447053906711, 0.1881934925103965, 0.18690992292502653,
    0.18460206590268924, 0.18512959260007608, 0.18453211288737215,
    0.18334262226910694, 0.1809510989519565, 0.181892321890463,
    0.17972970510954442, 0.17825999604943005
  ],
  "val_losses": [
    0.25947097883276315, 0.23911208432653677, 0.24254408446343048,
    0.22256842061229373, 0.22217389228551285, 0.2194933223983516,
    0.21574336776266928, 0.20998209779677185, 0.21524216785379077,
    0.20198764975952066, 0.20904024107300717, 0.20401068485301474,
    0.2035215441947398, 0.19983855084232663, 0.19608174426400143,
    0.1934693429781043, 0.2036997598150502, 0.19252226501703262,
    0.19342070915128873, 0.19007030971672223, 0.1879099931405938,
    0.19038553050030832, 0.1898712872163109, 0.18768017091180966,
    0.18936960010424905, 0.1886075394956962, 0.19037663807039676,
    0.18560732965884003, 0.19847494655329248
  ],
  "train_ious": [
    0.44148493384051574, 0.4872444710437801, 0.5119198249464015,
    0.5268568667596665, 0.536431241861504, 0.5453828646922888,
    0.5534362792698803, 0.559091267648382, 0.5649982554217181,
    0.5691836150228113, 0.572428895511489, 0.5783993830445451,
    0.5837843970436115, 0.5846235724570957, 0.5837349608756492,
    0.5873602265357104, 0.5926796607133271, 0.5955022285705884,
    0.5959817255860653, 0.5993912538540532, 0.6026569805175496,
    0.606334083754083, 0.606128821068484, 0.606629821161429, 0.6090816827895847,
    0.6126966377099354, 0.6106986284687901, 0.6153799197704032,
    0.6181226864565111
  ],
  "val_ious": [
    0.4698617436747619, 0.5110590021679365, 0.5164834642107937,
    0.5381127362665922, 0.5455700075928714, 0.5466961864975916,
    0.5474286005980726, 0.5645782576091047, 0.5412636938086455,
    0.5706511059964913, 0.5722977931516757, 0.5787969819013622,
    0.5761250374109851, 0.5767642793016158, 0.5888057562752048,
    0.5921074767475543, 0.5667575824519862, 0.5923844819915466,
    0.5978614664164142, 0.5938875100750856, 0.6031008511781693,
    0.5987709715314534, 0.6004611553921216, 0.6057912709488384,
    0.5988848354073536, 0.6038851178642632, 0.6018002100180889,
    0.6099799709475558, 0.5857854446639187
  ],
  "training_time": 728.4311811923981,
  "avg_gradient": 0.002695660869304293,
  "memory_usage": 1390.48828125
}
