{
  "train_losses": [
    0.2784223596200995, 0.2521444759129182, 0.23683059037379597,
    0.2278529457423998, 0.22305793258482995, 0.21772568008821944,
    0.21358181163668633, 0.2112741914132367, 0.20924492277528928,
    0.20498998584630695, 0.2031791752771191, 0.2006471387880004,
    0.19947915483752024, 0.19608708600635114, 0.19588019690759803,
    0.19257999689358732, 0.19423378898721674, 0.18998072903765284,
    0.18875155946158845
  ],
  "val_losses": [
    0.2791945377121801, 0.24686190712711084, 0.23118608477322952,
    0.24098212271928787, 0.21942132355078406, 0.21689337913108908,
    0.22059500379406888, 0.21269694618556811, 0.2025259273207706,
    0.2034064579917037, 0.20764549173738645, 0.1987428069114685,
    0.200707014164199, 0.19890450329884238, 0.2013321275944295,
    0.1954639301351879, 0.19788774329683054, 0.19708765071371329,
    0.2017958433083866
  ],
  "train_ious": [
    0.4424393681684455, 0.48558221897785225, 0.5132105979744506,
    0.5292181961130406, 0.5381806865874409, 0.5467356358641297,
    0.5543450891053766, 0.559108739475841, 0.5628239128846622,
    0.5700548204552868, 0.5730417186691278, 0.5767574581601049,
    0.5785669638518836, 0.5856136201300481, 0.5857739423172196,
    0.5903097035876216, 0.5886616225799788, 0.5960021446040573,
    0.5973903990310173
  ],
  "val_ious": [
    0.4623687203595603, 0.487071891301784, 0.5233943980673085,
    0.49681031984695495, 0.5447581774298695, 0.540864827948204,
    0.5378630377244259, 0.562049384350362, 0.5756333496259607,
    0.576747210993283, 0.5602920163368834, 0.5827371415452679,
    0.5800618190264357, 0.5829543179791907, 0.5810848228309463,
    0.5918912399506223, 0.5872506136479586, 0.5838011827157893,
    0.569900768822518
  ],
  "training_time": 477.0741231441498,
  "avg_gradient": 0.003531418451312361,
  "memory_usage": 1390.48828125
}
