{
  "train_losses": [
    0.27875120921627333, 0.2515188098439704, 0.23546061964462633,
    0.2312220755316641, 0.22434783046660217, 0.2198158907501594,
    0.2147224255554054, 0.21301980980712434, 0.20888768500931884,
    0.2063674831196018, 0.20278597210088503, 0.20224410416963307,
    0.20062586705645788, 0.19810238974573818, 0.19491352537727874,
    0.19460986052518306, 0.1925131045281887, 0.1900985230408285,
    0.1894498583253311, 0.18933598300361115, 0.18834543981305932,
    0.185009793418905, 0.18492730577354846, 0.18308864736362643,
    0.18310314797512864, 0.18087396956980228, 0.18002176487251467,
    0.1791453091022761, 0.17930099700132143, 0.17653136578914913,
    0.17618210913370486, 0.17663248029092085, 0.17607919361604296,
    0.17546471313613912, 0.1732068844139576, 0.17240440950769445
  ],
  "val_losses": [
    0.2833608537912369, 0.2515960296858912, 0.24134494979744373,
    0.27208114091468893, 0.22616869761891986, 0.2313716343563536,
    0.21422575025454813, 0.21702406263869742, 0.21406718019558035,
    0.20982262297816898, 0.2210331740586654, 0.20558321087256723,
    0.19842711058647736, 0.2018870244855466, 0.19822777418986612,
    0.20523021013840384, 0.2027091186331666, 0.20093077356400696,
    0.19860972528872284, 0.2082794814006142, 0.19540021082629327,
    0.18970888302378033, 0.1908453644617744, 0.1931138751299485,
    0.18757153172855792, 0.18872117704671362, 0.1878112450889919,
    0.18737507222787195, 0.18509913009145987, 0.18541609560665878,
    0.18656644711027975, 0.18698429283888443, 0.18419482299815054,
    0.1825129104697186, 0.1832822418731192, 0.19063840061426163
  ],
  "train_ious": [
    0.4374921541556418, 0.4865763843653426, 0.5152861230291318,
    0.5226668813738272, 0.5361919458145682, 0.5442708297430172,
    0.5524328077023012, 0.5563813723029867, 0.5626604520864245,
    0.5674278783625447, 0.5734450058012768, 0.5747894336725927,
    0.5777110436364359, 0.5818224762012991, 0.5878485923875936,
    0.5882247418057223, 0.5920313157789083, 0.5966076589040998,
    0.5975746644687824, 0.5986019632630591, 0.6009313612636449,
    0.6056218895035375, 0.6057898514512656, 0.6089843875472098,
    0.6090611665901067, 0.6133692225684293, 0.6149309095589143,
    0.6162347800597765, 0.6159242394825684, 0.6204693391379241,
    0.6203269681528859, 0.6206717751380324, 0.6217193549525915,
    0.6227816936114557, 0.6265398514983446, 0.627550440368013
  ],
  "val_ious": [
    0.4401211492933226, 0.4896854733427367, 0.4930820296639983,
    0.47435815211223525, 0.538906334966853, 0.534525205043779,
    0.558332123834154, 0.5503162793491195, 0.5539094313331273,
    0.5662119025769441, 0.5416771514692167, 0.575317958558815,
    0.5844096422627354, 0.5842229212107864, 0.58376820212689,
    0.5680613377387972, 0.5767548051865206, 0.5816003896188046,
    0.5847943334475809, 0.5690724478251691, 0.5923204154208085,
    0.602082695434059, 0.6012268357950709, 0.598473286283189,
    0.6068958031094595, 0.604884395132894, 0.6064709483281424,
    0.6056141658969548, 0.6099895374930424, 0.6068713898244109,
    0.6087176750103633, 0.607656734145206, 0.6080275793438372,
    0.6180262472750485, 0.6133572128803833, 0.6044343645158022
  ],
  "training_time": 903.4153201580048,
  "avg_gradient": 0.004380984055992603,
  "memory_usage": 1390.48828125
}
