{
  "train_losses": [
    0.2775616615038851, 0.2487187651998323, 0.2376815988479749,
    0.22869805076523966, 0.2243556764948627, 0.2197532593070165,
    0.21573468670248985, 0.2113666843784892, 0.20880893909412881,
    0.20728181610288826, 0.2036986317809509, 0.2031227064359447,
    0.1988214745145777, 0.1972799329492061, 0.1948654293690039,
    0.19499226627142532, 0.19268345857120078, 0.1907492983762337,
    0.19010340228028919, 0.18755238365543925, 0.18799530382713545,
    0.18510075642362886, 0.18731491632111694, 0.18432253477690014,
    0.18347915885565075, 0.1812094407884971, 0.180990284713714,
    0.18045204327158307, 0.17728337758909102, 0.17789405989258186,
    0.17807703740570857, 0.175923732554783, 0.17544505583203357,
    0.17334601453141027, 0.17376920224531836, 0.1723117621858483,
    0.17230232707832172, 0.1722370374785817, 0.17039102113441282,
    0.16913572334400986, 0.16922046819134898, 0.16876215682081555
  ],
  "val_losses": [
    0.2592819828702056, 0.24322763020577637, 0.23029753015093182,
    0.22876397747060526, 0.22315224843180698, 0.22329428079335586,
    0.2196423301230306, 0.22279342717450598, 0.2358048474011214,
    0.2167651504278183, 0.2197017355457596, 0.20560911038647528,
    0.1993162538046422, 0.20857378743264987, 0.19600997217323468,
    0.20515579050001892, 0.2039089264429134, 0.19571951971105908,
    0.19390239404595416, 0.19773146089004434, 0.19839607114377228,
    0.19333446868087933, 0.1920810562113057, 0.19253327600334003,
    0.19801083595856375, 0.19651227573985638, 0.18755106822304105,
    0.1920313559796499, 0.1886748678010443, 0.18935482949018478,
    0.19409270357826483, 0.1879220219409984, 0.18830387132323306,
    0.1871835997571116, 0.1852314459240955, 0.1876807306771693,
    0.18842605047899744, 0.1870148845988771, 0.1861044119881547,
    0.1875675346540368, 0.1837869814556578, 0.18885424312042154
  ],
  "train_ious": [
    0.4404518659634892, 0.4929050432815068, 0.5124468741857485,
    0.5279465192200048, 0.5359504204513371, 0.5430153212847487,
    0.5509035124888889, 0.5582580379601838, 0.563063346254437,
    0.5655126139197659, 0.5725775245523104, 0.5736758061077285,
    0.5799844413455845, 0.5834351802325766, 0.5873130105867761,
    0.5879613949876764, 0.5914668697269932, 0.5955229265534359,
    0.5965121909436107, 0.6012957406540712, 0.6008619090569193,
    0.605757472847683, 0.6012811408634634, 0.6059786397153917,
    0.6079206902371801, 0.6115195275000902, 0.6127596236765385,
    0.6136977768678595, 0.61906889318556, 0.6179800379103509, 0.618575303018957,
    0.6219182585136614, 0.6224923507998816, 0.626237778775934,
    0.6254836686927338, 0.6283841179548831, 0.6282756332901941,
    0.6286044843710851, 0.6312385376380835, 0.6339612119439718,
    0.6338410972469096, 0.6348810548475691
  ],
  "val_ious": [
    0.4806564857346424, 0.5045761691703312, 0.5261951698989109,
    0.5334662471128546, 0.5396691996982131, 0.5462133402841678,
    0.5487907701644346, 0.5364063155391942, 0.51503477288761,
    0.5461825290019963, 0.544307182988395, 0.5701195100943247,
    0.5825644854618155, 0.5730883958547013, 0.5871031778878061,
    0.5650656469490217, 0.5812813488469608, 0.5876033513442329,
    0.5918885506149651, 0.5849618393441905, 0.5908354831778485,
    0.589191564399263, 0.5989599199830623, 0.5974645079046056,
    0.5931678435940673, 0.5911934477263602, 0.6059245495260627,
    0.5986037370951278, 0.6012127060389174, 0.6050283381904381,
    0.5933410458374714, 0.6065991028495457, 0.6034607638915381,
    0.6036976467872013, 0.6129692721626032, 0.6086676278408021,
    0.607347186708796, 0.6101460646891939, 0.6145427313403805,
    0.6111514116974844, 0.6130444994871166, 0.6043252662040187
  ],
  "training_time": 1053.837320804596,
  "avg_gradient": 0.003485955030352762,
  "memory_usage": 1390.48828125
}
