{
  "train_losses": [
    0.2745848025964654, 0.24850069512815579, 0.23848052492932134,
    0.228847976450039, 0.22352876400817995, 0.21930145399402018,
    0.2154508781335924, 0.21332203078529108, 0.21046902028762776,
    0.20709116441076217, 0.2057225509830143, 0.2048034959513208,
    0.2019861524357744, 0.20014635157649932, 0.19822202379936757,
    0.19688812594698823, 0.19482565023328946, 0.1929076128517804,
    0.1929052738553804, 0.19249443491191967, 0.18990424591238084,
    0.18829556797509608, 0.18743800963072674, 0.1857280046071695,
    0.18527736482412918, 0.1863772661789604, 0.1847146511401819,
    0.1820303511036479, 0.1815466805482688, 0.1818891622773979,
    0.17892771432905094, 0.18057508961014127, 0.17818939742510734,
    0.17728305308391218, 0.17644586794726227
  ],
  "val_losses": [
    0.2513688980885174, 0.24736758937006412, 0.24501538341460022,
    0.22223470651585123, 0.22593452554682028, 0.21918123668950537,
    0.2161702244825985, 0.21251616529796435, 0.2061205383228219,
    0.20290190467368002, 0.2090867738360944, 0.2156844582894574,
    0.207237439311069, 0.2035446426142817, 0.1975333923878877,
    0.19927342009285223, 0.1938876998813256, 0.20944037288427353,
    0.1965358406305313, 0.198685297175594, 0.1953431478013163,
    0.18696818047243616, 0.1990120469228081, 0.19147211183672366,
    0.18850885364024536, 0.1927168589571248, 0.19028704192327417,
    0.18812156306660693, 0.18541467546120935, 0.18469612591940424,
    0.18431654086579446, 0.18793186091858408, 0.1899984537259392,
    0.1848809087406034, 0.18741268178691034
  ],
  "train_ious": [
    0.4472546812815024, 0.4915149423523226, 0.5102839171346548,
    0.5279554995451718, 0.5375554695509479, 0.5454706593916037,
    0.5517132083035036, 0.5563047421097324, 0.561034103990465,
    0.5667442971219622, 0.5692875423347173, 0.5706138629736243,
    0.5763668855787187, 0.5795716570177372, 0.5823485855607019,
    0.5846183600201119, 0.5882783782115019, 0.591868768351665,
    0.5922003291223362, 0.593578351634568, 0.5970817005288775,
    0.6004499523104103, 0.6024908138897971, 0.6053277424172221,
    0.6058670601443107, 0.6046556095606178, 0.6074716053579163,
    0.6120782010797141, 0.6122047152856118, 0.6120720666603767,
    0.6168374008350614, 0.6150904654700686, 0.618328138753988,
    0.6200935924290745, 0.6215294924551161
  ],
  "val_ious": [
    0.48495151188926416, 0.501461587306382, 0.5056130792135778,
    0.5404990529236586, 0.5374766451077184, 0.5554551483280415,
    0.5458620370946069, 0.5568810671135999, 0.5691621045487516,
    0.5724180787801744, 0.5648860860130062, 0.5513539783980536,
    0.5567604592744855, 0.5718800579940064, 0.5782834587321766,
    0.5778665073971818, 0.5894149835558905, 0.5604330061570458,
    0.5872086405322172, 0.5873615182396295, 0.579031695922216,
    0.6054378192925799, 0.5873746232710024, 0.599796341813129,
    0.6028631739858268, 0.5898050212341804, 0.6007641564676726,
    0.5958483506372009, 0.609531200018482, 0.6078879122716793,
    0.6093247481014415, 0.6058240969111953, 0.6042544962703318,
    0.6139696536288746, 0.6019066524678384
  ],
  "training_time": 878.4357988834381,
  "avg_gradient": 0.0034350114770681176,
  "memory_usage": 1390.48828125
}
