{
  "train_losses": [
    0.27814325941321644, 0.25130338505234406, 0.23901792704735114,
    0.22985313735578372, 0.22475566439654515, 0.21966518429310425,
    0.21585160785395166, 0.21372557407164056, 0.20923511627251687,
    0.208848489853351, 0.20567771905790205, 0.20267596994729145,
    0.20196127948229728, 0.1983121216459119, 0.19864197893311147,
    0.1954795650166014, 0.19457853747450787, 0.19197748779602672,
    0.19048726461503818, 0.1911954785818639
  ],
  "val_losses": [
    0.254021343977555, 0.24729086685439813, 0.23495619484911795,
    0.22265734329171802, 0.22012556311876877, 0.2215437471218731,
    0.22015789572311484, 0.2098637284791988, 0.20381309415983118,
    0.2047225240132083, 0.20928964634304462, 0.20756652368151624,
    0.20349145551090655, 0.21264682548201602, 0.19902385738880737,
    0.19774232189292493, 0.19623813778162003, 0.19241666793823242,
    0.19141192701847656, 0.2063382941743602
  ],
  "train_ious": [
    0.4439962982483531, 0.4892364981435776, 0.511292403833806,
    0.5272516696781355, 0.5359589965555118, 0.545688062609322,
    0.5516804503141967, 0.5565391579183981, 0.5635617915270986,
    0.5642696363122568, 0.5701286115184211, 0.5753857233170148,
    0.5764230504308054, 0.583001647738443, 0.582557132008715,
    0.5872778452500914, 0.5896809624804971, 0.594142216379228,
    0.5968106701646161, 0.5969229227714778
  ],
  "val_ious": [
    0.4826763163226239, 0.49818496643633087, 0.50988077285929,
    0.5409005290788155, 0.5419062927797222, 0.5455920480299686,
    0.5435934130480325, 0.5623405603826911, 0.573172227843948,
    0.5703793010417967, 0.5613826028462767, 0.5707030201303784,
    0.569630606126958, 0.548516786724761, 0.5797560452551082,
    0.5801378313613975, 0.5863920612179715, 0.5920897523562113,
    0.5948957215616669, 0.5692795485905979
  ],
  "training_time": 502.1154134273529,
  "avg_gradient": 0.006109053795430901,
  "memory_usage": 1390.48828125
}
