{
  "train_losses": [
    0.2803462380948274, 0.2535748457455117, 0.24229679410548313,
    0.2334437086854292, 0.23053148923360783, 0.22305906669277212,
    0.22104673524913582, 0.21792036116771077, 0.21541949677402558,
    0.21023242232268272, 0.20931873025129671, 0.2073257915351702,
    0.20457024969484494, 0.20276748542876347, 0.20057641998257325,
    0.199287049472332, 0.19645079792193745, 0.1959705301762923,
    0.1949645297034927, 0.19298236055866533, 0.19175816254447337,
    0.1919485468255437, 0.1897066250929366, 0.1890979699952447,
    0.1867794571849315, 0.18737758064399596, 0.18487717397511005,
    0.18415879628256612
  ],
  "val_losses": [
    0.2693949490785599, 0.25358976132195926, 0.22757380650095319,
    0.2644554567725762, 0.23087355397317721, 0.217414112518663,
    0.20753683570934378, 0.21321541006150452, 0.20738880692616754,
    0.2115247113549191, 0.19972364118565683, 0.20310304054747458,
    0.2028139758369197, 0.20047881097897238, 0.19350939114456592,
    0.18979063954042352, 0.1916011801880339, 0.19083546620348227,
    0.18813866571239804, 0.19671748967274374, 0.18734175387931906,
    0.19454938788776813, 0.18384676588618237, 0.18562617023353992,
    0.1892378621775171, 0.18651885053385858, 0.18332003607698108,
    0.19582914593427078
  ],
  "train_ious": [
    0.4362931697548405, 0.4820102564720568, 0.5030739195374907,
    0.5194763136568711, 0.5248996666160187, 0.5377872442637667,
    0.5422207085496706, 0.547942413152128, 0.5511867757346756,
    0.5611286980734356, 0.5635240723959347, 0.566399141714193,
    0.5702431273201235, 0.5740967714700141, 0.5779887996613978,
    0.5801534443769766, 0.5850026976803077, 0.5863392948564408,
    0.58846683514075, 0.5914625654509965, 0.5943705278678216, 0.594394859628401,
    0.5975362950585026, 0.5996382876798723, 0.6022749096155167,
    0.6012961875809274, 0.6066161814699139, 0.6082438099859415
  ],
  "val_ious": [
    0.4378657458700996, 0.46184689853934274, 0.5320998382741127,
    0.4463671484719153, 0.5324014781609824, 0.5467702518554702,
    0.5686693800532302, 0.5470490844353385, 0.5632103560627373,
    0.554834693454314, 0.5772243381842325, 0.5758197136979171,
    0.5772186478842859, 0.5817420305549235, 0.5903843295746956,
    0.6010600760363151, 0.5952855044085048, 0.5984676430622737,
    0.5998572607835133, 0.5815706935481749, 0.6027533049168794,
    0.593806441495384, 0.6087077305368754, 0.6051197503355966, 0.5999659349521,
    0.6014361260593801, 0.6132322705310324, 0.5906470808861913
  ],
  "training_time": 703.4847993850708,
  "avg_gradient": 0.0029516679568854795,
  "memory_usage": 1390.48828125
}
