{
  "train_losses": [
    0.2803254949495844, 0.2502352251144855, 0.2379735774644043,
    0.22864481401832207, 0.22303939132910708, 0.2213093778523414,
    0.21427199787095838, 0.21203940961024034, 0.20950691175201666,
    0.20722146259377833, 0.2033788951356774, 0.20086712908485663,
    0.2006978152076835, 0.1993847565482492, 0.19725327128949371,
    0.19564500410595667, 0.1923762680557759, 0.1912976864563382,
    0.191689085053361, 0.1891688370834226, 0.18828574138814988,
    0.18648121230628179, 0.18648743742833968, 0.18478928409192874,
    0.18313147330089755, 0.18236560487876768, 0.18276000111971213,
    0.17974625495464905, 0.18053665141696515, 0.1782095301086488,
    0.17823539463722188, 0.17824132602823817, 0.17658653766240762
  ],
  "val_losses": [
    0.254224168865577, 0.24345891663561697, 0.2409538542446883,
    0.22136461637590243, 0.22124133647783942, 0.21572252168603565,
    0.21756350054689075, 0.22405655682086945, 0.22086738697860553,
    0.21315868911535843, 0.22426039045271667, 0.20334801175024197,
    0.21871045490969782, 0.2054290674302889, 0.20448817085960638,
    0.19202542143023532, 0.19861252022826154, 0.2035038448546244,
    0.19774126974136932, 0.1959460066712421, 0.190634878433269,
    0.19871036060478375, 0.18819470735995666, 0.18730810997278793,
    0.18522586576316669, 0.18732144035722897, 0.18548013561445734,
    0.18920630022235538, 0.1851710835876672, 0.1862075513471728,
    0.18639117058204568, 0.18589294896177624, 0.1858879026511441
  ],
  "train_ious": [
    0.4383209146005844, 0.4900345298313141, 0.5115463986344961,
    0.5289548027558605, 0.5389678936343693, 0.5414870976051988,
    0.5546060445569992, 0.5573104188602042, 0.5621960388793464,
    0.5663272965753428, 0.5739451303970121, 0.5785517662331682,
    0.5781804585856373, 0.5806217881972374, 0.5849405209115448,
    0.5879723697468855, 0.5935286249209576, 0.59546952219545, 0.594548617746087,
    0.5988342918023679, 0.6006933958742061, 0.6042495724083722,
    0.6039464133589165, 0.6072925361602198, 0.6095653312361758,
    0.611199907688559, 0.6107871629621674, 0.6155362501740453,
    0.6139727811990439, 0.6187090840784536, 0.6190932712693143,
    0.6182880450202071, 0.6216380929817324
  ],
  "val_ious": [
    0.47984177219694935, 0.5051245955021484, 0.5131209109356438,
    0.542780780489894, 0.5395859147327532, 0.5525548060735066,
    0.5531485108793646, 0.5466398411038991, 0.5359257223165554,
    0.5554778273554816, 0.5391521762678589, 0.5754642097846322,
    0.5385831749957539, 0.5649312849062077, 0.5690855105286059,
    0.5918064503997997, 0.5811681728000226, 0.5749468695426332,
    0.5811225996501203, 0.5914874828380087, 0.5966287354628245,
    0.5793035313271092, 0.6054299514794697, 0.6035386745048607,
    0.60538845260938, 0.6023812326400176, 0.6100895923116932,
    0.5984219828809517, 0.6076968865118165, 0.605919902091441,
    0.6105797161226686, 0.6030832349822143, 0.6031813142092333
  ],
  "training_time": 829.1901273727417,
  "avg_gradient": 0.0029686198708795053,
  "memory_usage": 1390.48828125
}
