{
  "train_losses": [
    0.28475215593757836, 0.25588126909797604, 0.2402340275761874,
    0.23078470555660519, 0.2266011708618506, 0.21933345245602337,
    0.21729122733940248, 0.21337835166765295, 0.21166641629584457,
    0.20756461706174456, 0.20518629042350728, 0.20301155033318893,
    0.20098260360891404, 0.19709849203734295, 0.19800406443360058,
    0.19484344821261323, 0.19342993596649688, 0.19250748444186605,
    0.18983781483510268, 0.18998347303789595, 0.18719444415815498,
    0.1876577722799519, 0.1855803048643081, 0.18656138921885387,
    0.18324635364115238, 0.1829570650892413, 0.18174308457452318,
    0.18017448630669844, 0.1795811069238445
  ],
  "val_losses": [
    0.2645561526650968, 0.2495684299779975, 0.24910571912060614,
    0.2230469782067382, 0.22377329384503158, 0.2168949962310169,
    0.22102884786284488, 0.21366066453249558, 0.22100189749313437,
    0.21215378493070602, 0.20886408893958383, 0.20863655857417895,
    0.20515635933565057, 0.20471269540164783, 0.20612746541914734,
    0.19772748616726502, 0.19739817309638727, 0.19428475913794144,
    0.19769429868978003, 0.20203866744818894, 0.1929317777571471,
    0.19160819895889447, 0.19268359632595725, 0.19219373846831528,
    0.1976118447340053, 0.19417433311109958, 0.19286621200001758,
    0.1856962422961774, 0.20122318131768185
  ],
  "train_ious": [
    0.4356060884791709, 0.4793164004720208, 0.5081393431224253,
    0.5244224830058175, 0.5317349128857042, 0.5442989299856668,
    0.5486023910613596, 0.5549181810971623, 0.558669518166478,
    0.5647469717955247, 0.569402583213388, 0.574170095711083,
    0.5766290444070876, 0.5836682335838028, 0.5825233410342016,
    0.588278462813384, 0.5918056885509386, 0.5926386073663619,
    0.5965825745808908, 0.5968964680813363, 0.60139697007295, 0.601169383828191,
    0.6048046485453409, 0.603177333007688, 0.6086707341390246,
    0.6101783957818275, 0.6118207055589425, 0.6143254515161548,
    0.6155818942664328
  ],
  "val_ious": [
    0.456858291466167, 0.5040202722817229, 0.5006058423415475,
    0.5374656400602797, 0.5405869414840918, 0.5507496966831927,
    0.5427777114985646, 0.5495941354960635, 0.5415833788937415,
    0.5488772083451782, 0.5672398723553921, 0.5673707462307336,
    0.5693319545707842, 0.5719591614560805, 0.5796593133954033,
    0.5837146302928096, 0.5873741051857025, 0.5889611900716589,
    0.5875022132759508, 0.5661932078824528, 0.5956886104051616,
    0.5959329866412758, 0.5942125348509222, 0.5968454953121103,
    0.582484807981097, 0.5935283426357352, 0.5941966154437135,
    0.6053594376729882, 0.5840503683556681
  ],
  "training_time": 727.8081657886505,
  "avg_gradient": 0.0030328120370040177,
  "memory_usage": 1390.48828125
}
