{
  "train_losses": [
    0.28065226704854035, 0.2525870827553065, 0.2390719725062018,
    0.22999336975424187, 0.22253324698818766, 0.21986613665585933,
    0.2154439345973989, 0.210795684353165, 0.20988420988230602,
    0.20728184444748837, 0.20742697438792043, 0.2030211949478025,
    0.19937823850499548, 0.19824951036792735, 0.19665927059300567,
    0.19527449377852937, 0.1931377059739569, 0.19113490843902464,
    0.19112860030778075, 0.1886469514473625, 0.18867470656076205,
    0.18670672324040663, 0.1860975140462751
  ],
  "val_losses": [
    0.26646840896295465, 0.2467108449858168, 0.24648550962624344,
    0.23377542975156204, 0.23003955638926962, 0.22849211582671042,
    0.21849076352689578, 0.2083695368922275, 0.2059659792677216,
    0.20711807582689368, 0.20760596997064093, 0.2051110079754954,
    0.20387204347745233, 0.19726380738227264, 0.19770930480697882,
    0.19930383498254028, 0.1903343861517699, 0.19421185293923254,
    0.1932943897402805, 0.19550863135120142, 0.1922756767143374,
    0.19134304089390713, 0.20378662095121716
  ],
  "train_ious": [
    0.4363724335461207, 0.4849312335144781, 0.5106843035614148,
    0.526618767313767, 0.5394461088800344, 0.544153712473918,
    0.5519906173905602, 0.5592544824424861, 0.5616632925103541,
    0.5664223128308855, 0.5666260987898146, 0.5752029710759723,
    0.5804970682855103, 0.5822959360329136, 0.5850730095652565,
    0.5885784908913182, 0.5914000125898831, 0.5956311367344168,
    0.5953150745211304, 0.5999722385212131, 0.5992611122951992,
    0.6031801928428635, 0.6043378448356748
  ],
  "val_ious": [
    0.4504864748189414, 0.49915890384843387, 0.49247047510268027,
    0.5333084520222484, 0.5281012440505234, 0.5266707729602205,
    0.551745973419452, 0.5582405828695366, 0.5683520047560984,
    0.5660559774740882, 0.5671218113190888, 0.568996879717578,
    0.5718299940876339, 0.5847506097693373, 0.5827078564443449,
    0.5858511261749959, 0.5988882818947667, 0.5938005788602689,
    0.5935440905716108, 0.5869568368231041, 0.5971011830412823,
    0.6006146732015888, 0.5670244321227075
  ],
  "training_time": 577.9980611801147,
  "avg_gradient": 0.004180223149734409,
  "memory_usage": 1390.48828125
}
