{
  "train_losses": [
    0.27195557838548784, 0.2467851405558379, 0.23519012631605501,
    0.22822608863529953, 0.22054771763151107, 0.21892734406434972,
    0.21250318824920966, 0.20974470197182635, 0.20831815104769624,
    0.20469563098057456, 0.20244003945718642, 0.20096360470937646,
    0.1990914495418901, 0.19637503264390904, 0.19465479254722595,
    0.19560524983250577, 0.19227194915647092, 0.19189683728567933,
    0.19169504454602365, 0.1903552619497413, 0.1871499929415143,
    0.1873871225701726, 0.18415310541572777
  ],
  "val_losses": [
    0.26834417102129565, 0.258401929360369, 0.24814716758935348,
    0.2330528740649638, 0.23541832909635876, 0.23414030962664148,
    0.2263646958314854, 0.21337423149658286, 0.21843062956695972,
    0.2198405398622803, 0.21802522566007532, 0.20309167776418768,
    0.2027580316947854, 0.2012840677862582, 0.20253553954155548,
    0.20194250928319019, 0.20920586424029392, 0.20581177978411966,
    0.20127905613702277, 0.19742132723331451, 0.20034130695073502,
    0.19784864362167276, 0.20498072744711585
  ],
  "train_ious": [
    0.45173291982138053, 0.4964844359057968, 0.5162933955265993,
    0.5283619681292256, 0.5431294923351292, 0.544718188247171,
    0.5574125071744553, 0.5617202565181946, 0.5639100778793943,
    0.5712363780408662, 0.5749870193177375, 0.5771859154861043,
    0.5814880378868267, 0.5858182926000898, 0.58902262021666,
    0.5869774795744727, 0.5927621975433133, 0.593444271903971,
    0.5945307162684805, 0.5969943695742154, 0.6030543373114821,
    0.6019131280481816, 0.606714187054962
  ],
  "val_ious": [
    0.46676263947417757, 0.470421030793501, 0.49642341368008364,
    0.5221066591532333, 0.519287314751874, 0.5075590577030527,
    0.5320462313467177, 0.5595966070026591, 0.5432757353005201,
    0.5439874825702198, 0.5474160389191863, 0.5710465450217758,
    0.5758303233246873, 0.5742165593133456, 0.5718684278536533,
    0.5744381741337153, 0.5610274177962453, 0.5710073301325674,
    0.5745895958465078, 0.5866603497145834, 0.5723849018846733,
    0.5829520538665247, 0.568005047738552
  ],
  "training_time": 577.0734882354736,
  "avg_gradient": 0.004524455894961971,
  "memory_usage": 1390.48828125
}
