{
  "train_losses": [
    0.2821997838985661, 0.2560334380554116, 0.24172735384301,
    0.23117096762618292, 0.22507368757025056, 0.22211335996246856,
    0.21837786722766317, 0.2141785654036895, 0.21137601914613144,
    0.20910381898283958, 0.20669393508654574, 0.20485563009329463,
    0.2011196517749973, 0.1995275548618773, 0.1976810326070889,
    0.19661054225719493, 0.1954605169594288, 0.19351036158268867,
    0.19168248740227325, 0.19270080465661443, 0.18994094471892584,
    0.187713619645523, 0.18696686107179392, 0.1876673180124034,
    0.18570682584591533, 0.1851211985492188, 0.18331056711790356,
    0.1815349471795818, 0.18246090727979722, 0.18090586372367715,
    0.17907272076801115, 0.1799649729028992, 0.17762184515595436,
    0.17710814252495766
  ],
  "val_losses": [
    0.2666295410498329, 0.24738547789013904, 0.22945896989625433,
    0.22067943021007205, 0.22248670847519583, 0.2173155750269475,
    0.2155755256181178, 0.21660655315803445, 0.20637856553430142,
    0.2038157433271408, 0.2091110763342484, 0.20913664283959763,
    0.20206996960484463, 0.1995292254116224, 0.19614975996639417,
    0.20234878231649814, 0.19952402782181036, 0.19186766089304633,
    0.194922037422657, 0.19474091737166696, 0.19879884272813797,
    0.18892918980639914, 0.1907455642586169, 0.18703722111556842,
    0.18871066524930621, 0.19017098196174786, 0.18745913939631503,
    0.18582532781621683, 0.18662804786277853, 0.18204981380182764,
    0.18295626439478085, 0.18189021653455237, 0.18815334594768027,
    0.1872344548287599
  ],
  "train_ious": [
    0.4362366624223743, 0.4799102075343982, 0.5057497946680454,
    0.5242731238350921, 0.5351550843620643, 0.5407138523254275,
    0.5469912933050722, 0.5548395131701143, 0.5594178132064961,
    0.5637956765898757, 0.5684749535352421, 0.5704212290221368,
    0.5777912685728593, 0.5800329791246981, 0.5839740493591286,
    0.5855444810636663, 0.588051980820255, 0.5909511698004992,
    0.5946573134025801, 0.5927799724150394, 0.5975796148396921,
    0.6013160995815111, 0.6023191795077016, 0.6019727206532507,
    0.6046333505191666, 0.6058529042031453, 0.6095506222243757,
    0.6129357264633629, 0.6110218770910002, 0.6142232224237228,
    0.6168266040799408, 0.616214611068152, 0.6195207220920615,
    0.6206874487840608
  ],
  "val_ious": [
    0.4662389801680179, 0.49589523370715155, 0.5259614596548287,
    0.5438028705724772, 0.5445121187662734, 0.5412022622599117,
    0.5475418400289358, 0.547381017735039, 0.5678778092066448,
    0.5726344159979752, 0.5662763213765795, 0.5571332439996193,
    0.574313363303309, 0.5764711892259295, 0.5849664692861446,
    0.5771681867215944, 0.5826498790495638, 0.5910816065211225,
    0.5902959114831429, 0.5885336699261181, 0.5867226903421291,
    0.5981846978698951, 0.5952317140240598, 0.6015316533005756,
    0.5993218197338822, 0.6001758240703223, 0.6064390479654506,
    0.6075180924457051, 0.6082679443601249, 0.6124362982269647,
    0.606770505507787, 0.612680263493372, 0.5998766171759453, 0.5969257890314295
  ],
  "training_time": 853.7671177387238,
  "avg_gradient": 0.007329789241170228,
  "memory_usage": 1390.48828125
}
