{
  "train_losses": [
    0.2810891270637512, 0.25224094659737917, 0.2384331249024557,
    0.23105660340060358, 0.22529010166940483, 0.21996300303093766,
    0.2158015478078438, 0.2132118272230677, 0.21024210621481357,
    0.2083316574116116, 0.20521637894537137, 0.20222584482120431,
    0.2013555024952992, 0.19880118034780025, 0.196415101542421,
    0.1969276467419189, 0.19412003052623375, 0.19382847659289837,
    0.19227878911339719, 0.18983090628424418, 0.18928746198830398,
    0.18595630011480788, 0.18679754006797852, 0.1855978880725477,
    0.18412896383391775, 0.18384673397826112, 0.18187443782453952
  ],
  "val_losses": [
    0.26032168580138165, 0.24052113877690356, 0.2621678062107252,
    0.24164385931647342, 0.22429594235575717, 0.21420386109663092,
    0.2176576969416245, 0.2125569475085839, 0.2138649212277454,
    0.2065619421393975, 0.21246146475491318, 0.20769616702328558,
    0.21307858727548434, 0.20077512834383093, 0.20053057404963867,
    0.1967848461607228, 0.198007521422013, 0.20534066305212353,
    0.20400632755911868, 0.18941401755032333, 0.19173110276460648,
    0.20496909223172977, 0.19326030268617297, 0.19341281024010284,
    0.1928215486847836, 0.1920645687243213, 0.20057974561401035
  ],
  "train_ious": [
    0.4395189302690003, 0.48718017515173, 0.5117941044163014,
    0.5257223934691019, 0.5342269298499044, 0.5451195066713769,
    0.5522490424792401, 0.5560423611676779, 0.5618757620129897,
    0.564253657489367, 0.5701561109095381, 0.575571592843187,
    0.5771960792658126, 0.5809475211021691, 0.5862555217159832,
    0.5856634749342564, 0.5900746941350505, 0.591520386653534,
    0.5935734539576197, 0.5983732088968375, 0.5992606175874454,
    0.6049699342229229, 0.6032535642709421, 0.6054983863580053,
    0.6078627882660301, 0.6084808670524238, 0.6120481644959554
  ],
  "val_ious": [
    0.47500991141018645, 0.5044641990376555, 0.46560248408628563,
    0.5262965225223183, 0.5278089558300766, 0.5539085036818533,
    0.5504691594320795, 0.5550944038491319, 0.5503177607189056,
    0.5675552621267843, 0.5588616493387498, 0.5695851950541787,
    0.5608947248994439, 0.5761463037435559, 0.5809975354999736,
    0.5846591313248095, 0.5793849240610566, 0.5719580583382343,
    0.5646184743314552, 0.5949685390012851, 0.5960902526326802,
    0.5759859437095948, 0.5889576947775439, 0.5905544660661531,
    0.5913294989993607, 0.5909354023743365, 0.576298672867858
  ],
  "training_time": 677.8007361888885,
  "avg_gradient": 0.0027641435435419195,
  "memory_usage": 1390.48828125
}
