{
  "train_losses": [
    0.2809999529272318, 0.25037700253660267, 0.23818800525496836,
    0.23081427950250066, 0.22497685229324776, 0.22129534395492595,
    0.21712844891716604, 0.21268254818151827, 0.2105014414081107,
    0.20747820458010488, 0.20405246276894343, 0.2029670926377825,
    0.20001246294249658, 0.19991128778328066, 0.19693581622255885,
    0.19539577335767125, 0.19620444366465445, 0.19238857398538486,
    0.1917728092521429, 0.19159731681904066, 0.19034477177521456,
    0.18765699774350808, 0.18697743061120095, 0.1863889881288228,
    0.18628275734574898, 0.1827710585911637, 0.1834333193204973,
    0.18155560318542563, 0.1823923248473717, 0.18058560375610125,
    0.17982476075058398, 0.17871995561796686, 0.1779697426473317,
    0.17810791042511878, 0.17564266822908237, 0.17808416024174378,
    0.1745860664902822, 0.17370105826336404
  ],
  "val_losses": [
    0.2613483181466227, 0.2470903257312982, 0.24186150794443878,
    0.23710179685250574, 0.2264375016093254, 0.21501363425151163,
    0.21042557384656824, 0.22472575112529422, 0.2137012018457703,
    0.20457488849111224, 0.20822171704924625, 0.20319406234699747,
    0.20385845037906067, 0.19928110164144766, 0.2037724697071573,
    0.19583612097346265, 0.20819854963084924, 0.19698723081661307,
    0.1934134555251702, 0.1970294811155485, 0.1999871989955073,
    0.18841939095569693, 0.1883976012468338, 0.18796726672545724,
    0.19166292476913202, 0.19048287557519, 0.1873162774288136,
    0.18428364363701447, 0.1938765340525171, 0.1881340424651685,
    0.19326725083848703, 0.18444406759479773, 0.1836578016695769,
    0.18522362184265387, 0.188096784055233, 0.18428357107483823,
    0.18530288500630338, 0.1847882844183756
  ],
  "train_ious": [
    0.43502626672388855, 0.4885896974769625, 0.5119927256111648,
    0.5248744367095438, 0.534766121160077, 0.5424616911273076,
    0.5493258783944707, 0.5577255102495355, 0.5616529663835746,
    0.5661307848126126, 0.5725013260068236, 0.574629585866047,
    0.5799366894407553, 0.5803770788985749, 0.5846938930883786,
    0.587478363427563, 0.5861726623784373, 0.5933877939655299,
    0.5947800342911397, 0.5943420462418295, 0.597989301480677,
    0.6020387672427774, 0.6022660811094268, 0.6039319913024487,
    0.6045691095076613, 0.6103528067469596, 0.6094308876688932,
    0.6125282162017578, 0.6106986361353293, 0.614074777163889,
    0.6157503764050596, 0.617469955775617, 0.6190532816277028,
    0.6189052956583708, 0.623303699752559, 0.618667706415273,
    0.6246660691348541, 0.6263502314686775
  ],
  "val_ious": [
    0.4752859482946605, 0.5070102790343588, 0.5047497879983723,
    0.5217622520699018, 0.5360375306960465, 0.5476037223917851,
    0.5628323993389159, 0.5482115380573963, 0.5580259732146194,
    0.5714037673196931, 0.5578366729660312, 0.5761768854614617,
    0.5767644000226173, 0.5797655949558037, 0.5776660172403723,
    0.5874540162259256, 0.566722325656725, 0.5882787881554037,
    0.5863067207561024, 0.5869418119174847, 0.5838372530280681,
    0.5998184421788091, 0.5995591470728749, 0.5960791203854741,
    0.5945824654637905, 0.6028443739034127, 0.5979896360549374,
    0.6100761508164197, 0.5946921710518824, 0.6081520239080208,
    0.6013827453488888, 0.6100632317256235, 0.6083010489094085,
    0.6052647358265475, 0.6009646813938582, 0.6116947847000067,
    0.6109993520422259, 0.609932996224666
  ],
  "training_time": 953.7992510795593,
  "avg_gradient": 0.008160967763118969,
  "memory_usage": 1390.48828125
}
