{
  "train_losses": [
    0.2791933730730544, 0.2529232726310906, 0.236807674817417,
    0.22765340858503527, 0.22360660953690176, 0.21886565196125404,
    0.21319156990427038, 0.2107658523094395, 0.20785623715947504,
    0.20536752458175886, 0.20229519328669363, 0.20251178652372048,
    0.1996327875101048, 0.19550742046988528, 0.1954456141785435,
    0.19236982872952585, 0.1917833262325629, 0.18996829102220741,
    0.1881199841104124, 0.18732148797615714, 0.18747490903605585,
    0.18534033705034983, 0.18286957688953565, 0.18106549905370112,
    0.18175122522465562
  ],
  "val_losses": [
    0.2734470085605331, 0.25280803927908774, 0.23858812159818152,
    0.2581221198906069, 0.23296080918415732, 0.2261125344945037,
    0.2206624351117922, 0.22289596724769342, 0.2106426643288654,
    0.21119692208974258, 0.2109798889445222, 0.20808287450800772,
    0.21086544867443002, 0.2002442333361377, 0.203861338612826,
    0.19615559960189072, 0.20386841893196106, 0.19551075055547382,
    0.19760009063326794, 0.19265753873016522, 0.1951990286293237,
    0.19026225772888763, 0.1913977514790452, 0.19249807913666186,
    0.267414065806762
  ],
  "train_ious": [
    0.43892067992398387, 0.4847574817637602, 0.5131280319630237,
    0.530535894729521, 0.5365107316469799, 0.5452304210891755,
    0.5548144699600729, 0.5593135525890881, 0.5652164346336025,
    0.5686225034296514, 0.5737265641598599, 0.5730296108277809,
    0.5789763912342594, 0.585769162337849, 0.5859472204161721,
    0.5917719392024953, 0.5923921775234781, 0.5957964269471342,
    0.5995706395934458, 0.6010420462251573, 0.600854028556226,
    0.6047037200111413, 0.6090764564772444, 0.6123221283373628,
    0.6120673129200069
  ],
  "val_ious": [
    0.44514562815859693, 0.4935085137469181, 0.5073652390552604,
    0.5131384609402091, 0.5177467402772628, 0.5392565598738367,
    0.5471075118883796, 0.5359643625392431, 0.5582420437232308,
    0.5612370071635729, 0.5620070952868115, 0.562841647129128,
    0.5581202800723092, 0.5824058837648749, 0.5769835311001625,
    0.5864508281583374, 0.578732160338457, 0.5865344128746915,
    0.588711958648502, 0.5901324764110041, 0.5841323299252469,
    0.5951627726140228, 0.5985408060360645, 0.5972575407097304,
    0.5138929009005643
  ],
  "training_time": 627.3080344200134,
  "avg_gradient": 0.004100712803362085,
  "memory_usage": 1390.48828125
}
