{
  "train_losses": [
    0.275653056314458, 0.2485009278778149, 0.23344064633483472,
    0.22693914555661057, 0.2222743217387925, 0.21779280228783254,
    0.21293093498958193, 0.21230655584646307, 0.20722216262441615,
    0.20405938281961108, 0.20273902623549753, 0.20121332549530527,
    0.19862319747714893, 0.196460314337974, 0.19671318493783474,
    0.19292167825219425, 0.19027936312815416, 0.19039795021324055,
    0.18806040829614454, 0.1871992143113976, 0.1867978870058837,
    0.1838341101842082, 0.18305887759703657
  ],
  "val_losses": [
    0.25776951468509174, 0.24285377464864566, 0.23034668875777203,
    0.23366909668497418, 0.224540162993514, 0.21751284113396768,
    0.22343118132456488, 0.21320819012496783, 0.21031463761692462,
    0.20839628998352133, 0.2037894048768541, 0.20249870646259058,
    0.2004768903488698, 0.20993738005990567, 0.20271858475778415,
    0.20290843915680182, 0.19678372015123782, 0.1961717343200808,
    0.19687416857999304, 0.19958718736534534, 0.19765649573958438,
    0.19548532561115597, 0.20841648040906244
  ],
  "train_ious": [
    0.4452541786030042, 0.491620936687442, 0.518408195021144,
    0.5292476424542458, 0.5390998456573138, 0.54683559636275, 0.554730465500683,
    0.5556183332658333, 0.5651457670914091, 0.5711412984283938,
    0.5744095965680003, 0.576297971703436, 0.581195642280838,
    0.5851918361217215, 0.5851033153417319, 0.5910161952825562,
    0.5952177077963734, 0.5958134619978026, 0.6004101708531379,
    0.6019448038676514, 0.6025193948028741, 0.6074143502375352,
    0.6090627639297991
  ],
  "val_ious": [
    0.47092268313618685, 0.5002241500693819, 0.5250805366946303,
    0.5221044977290044, 0.5376897631348043, 0.5494628419046816,
    0.5365256166112595, 0.5557556470883066, 0.5645336602693019,
    0.5669214638031048, 0.5753862560875173, 0.5772814244247862,
    0.5794080334945002, 0.5595035574574402, 0.5761421478312949,
    0.5795897871687794, 0.5914520314638166, 0.5921646568222322,
    0.5897894696049067, 0.5749572623467102, 0.5848958284958549,
    0.5888431197491245, 0.5739383434039959
  ],
  "training_time": 577.1596019268036,
  "avg_gradient": 0.0035318270525183364,
  "memory_usage": 1390.48828125
}
