{
  "train_losses": [
    0.3271208763446497, 0.3034630131138408, 0.30141272055714025,
    0.3006961105958275, 0.2978976472564366, 0.2920602937431439,
    0.2833484276805235, 0.2745681652880233, 0.26651822362581024,
    0.2563559008033379, 0.24654647926597492, 0.23699567936684773,
    0.23055065868665342, 0.21587581341357334, 0.20611767171193723,
    0.1981309201244427, 0.18961533377675907, 0.18364035508230978,
    0.17835125456685605, 0.1704088350676972, 0.16839940708292567,
    0.1596739917345669, 0.15660641318106133, 0.15091182275310808,
    0.14691657293587923, 0.14341876412863316, 0.14043506048619747,
    0.13366565885751144, 0.12781084162871476, 0.12783942055766997,
    0.12601943840475185
  ],
  "val_losses": [
    0.4700325202682744, 0.31273534375688306, 0.31124618649482727,
    0.3064070998326592, 0.3073327256285626, 0.30624855018180347,
    0.29152147277541784, 0.2849304799152457, 0.2786499731566595,
    0.26063982429711713, 0.24148946644171423, 0.2449557771501334,
    0.22942968846663184, 0.23967073631027472, 0.21418129361194113,
    0.21105428655510364, 0.1965624204148417, 0.19792784750461578,
    0.19725296646356583, 0.2293730034776356, 0.18656979047733804,
    0.18955247978801312, 0.18701871225367422, 0.18112224793952444,
    0.19941273234460666, 0.18341101706027985, 0.18149652429248975,
    0.17508340788924176, 0.1727484701120335, 0.18766657263040543,
    0.2000764064166857
  ],
  "train_ious": [
    0.31280905568390777, 0.36768614960643725, 0.3705101473399909,
    0.3721226426727482, 0.37691182805486945, 0.38648018760911823,
    0.39921005237814894, 0.4116139464100024, 0.42310911037502347,
    0.44364676731579444, 0.4796227046922928, 0.5011251388603578,
    0.5171566966624149, 0.5493723345461533, 0.5688992625075401,
    0.5834697160221958, 0.5984644951379818, 0.6088668645184105,
    0.6191748658708042, 0.633215922106435, 0.6365039325386718,
    0.653116189321314, 0.658975577548794, 0.6692437250976977,
    0.6773827481960905, 0.6827971481218718, 0.6878338008579138,
    0.7004301471878654, 0.7104148149382378, 0.7096762544327022,
    0.7140581249326899
  ],
  "val_ious": [
    0.29109759368562343, 0.3398158137781033, 0.3723816735588987,
    0.3718453511792967, 0.3470358211493146, 0.35694046124168055,
    0.39528138870778284, 0.3987020195826241, 0.4244805097148037,
    0.4363625351663517, 0.4850721418101719, 0.4985048228307911,
    0.5316108704909034, 0.5252021093299424, 0.5573941497267159,
    0.5475892330101434, 0.5947629811539167, 0.5946778310597807,
    0.6061563411916511, 0.5453567921683409, 0.6070003695246105,
    0.6050935723427413, 0.6205657502447348, 0.6186064291691435,
    0.595840802119262, 0.6265364235294038, 0.6254748265812363,
    0.6372677547776181, 0.6413086328817448, 0.622943416669749,
    0.6007939942073134
  ],
  "training_time": 729.8055086135864,
  "avg_gradient": 0.0024115342617071944,
  "memory_usage": 930.06640625
}
