{
  "train_losses": [
    0.31632642140207085, 0.30148278840858006, 0.29834978557799174,
    0.2926454908497956, 0.2837550416588783, 0.27804230712354183,
    0.26925882421757863, 0.2632267907585787, 0.25182722176870576,
    0.24259793709801591, 0.23481032219917877, 0.22731396968921888,
    0.21387824448554413, 0.20494668655421422, 0.19453710657746895,
    0.1881542471439942, 0.18127228416826413, 0.17547128446724103,
    0.17247268954372924, 0.1652653236751971, 0.16160644655642303,
    0.1577174689458764, 0.15059049779792194, 0.14669598306974638,
    0.14313982370431008, 0.13903751398396233, 0.13151633950031322,
    0.12952927702470965, 0.12479727666663087, 0.1240168641442838,
    0.12039305662493342, 0.11413574133716199, 0.1066669697832802,
    0.10239408796896106, 0.10493801509880502, 0.10045321439595326,
    0.1002633187757886
  ],
  "val_losses": [
    0.3070589582557264, 0.3114530288654825, 0.3015318370383719,
    0.2953552150208017, 0.28502983567507373, 0.2905066470089166,
    0.28013590852851455, 0.2587899902592535, 0.28750642227089923,
    0.24397372583980145, 0.24372869989146356, 0.2334347023912098,
    0.21182528818431107, 0.20910674139209415, 0.19636341735072757,
    0.20339043859554373, 0.19712340734575107, 0.18625766751558884,
    0.18022586794003195, 0.18373805478863095, 0.19362778087025104,
    0.17417921644190085, 0.18206884971131448, 0.1809399179790331,
    0.16595302943302237, 0.17446996368791745, 0.16598118776860443,
    0.176788917378239, 0.1700410250088443, 0.16451306381951208,
    0.16346269489630408, 0.1763046529629956, 0.17552714211785275,
    0.17366453033426535, 0.16701427539405617, 0.17161559248748032,
    0.1925487563661907
  ],
  "train_ious": [
    0.33575717587910225, 0.3701765209445274, 0.37455177920207444,
    0.3833108391018882, 0.3966785275741764, 0.40651933940640406,
    0.4177106069833112, 0.42743708371105726, 0.45196719450143347,
    0.49111326439036185, 0.5120740875169849, 0.5296317745755984,
    0.5545226271277752, 0.5700703236017969, 0.5883985287307398,
    0.6007849702314619, 0.6131344678663259, 0.623533417376271,
    0.6294821459206116, 0.6422431008431357, 0.6494738007153286,
    0.6569604440119822, 0.6694320390081928, 0.6761210996495638,
    0.6837048198001974, 0.690480173174022, 0.7040237636453864,
    0.7077125878869622, 0.7163368249716965, 0.7178393614248951,
    0.7242263293136723, 0.7369709453289057, 0.7508238828268605,
    0.759876314874577, 0.7550376271424085, 0.7634738573021652,
    0.7649768877612508
  ],
  "val_ious": [
    0.3673540880714637, 0.36340797012266907, 0.38278290111085644,
    0.385750593698543, 0.39090715327124653, 0.40728241874687915,
    0.41223735675431683, 0.4318708295462179, 0.4481025519848302,
    0.4815071450303429, 0.4877694148732267, 0.515695644677549,
    0.5640505987448968, 0.5720490561663241, 0.5934914398020591,
    0.5616279350242754, 0.6012811376780703, 0.6140519331978714,
    0.6141012648957364, 0.6155236920584802, 0.5830548233959987,
    0.6307463578987813, 0.619294501301171, 0.626154090831245,
    0.6493494007466498, 0.638010667933934, 0.6513295456551124,
    0.6327450394198515, 0.6433445629866228, 0.6514361705900965,
    0.6596492954354355, 0.6386504063139791, 0.6492222106975059,
    0.6562510644612106, 0.6651219781758128, 0.6601770330166472,
    0.6324332440676895
  ],
  "training_time": 871.6763095855713,
  "avg_gradient": 0.005045071774544483,
  "memory_usage": 930.06640625
}
