{
  "train_losses": [
    0.3268038256336813, 0.2979441728928815, 0.29619099296953366,
    0.2862684273201486, 0.2778826116219811, 0.2704906360772641,
    0.2599377912347731, 0.25063082753964094, 0.240083415709112,
    0.23186560088525648, 0.22364055754049963, 0.2180901177065528,
    0.20916990660454915, 0.20202389181308125, 0.1979458963741427,
    0.19244445738909038, 0.18864784316848154, 0.1821664187895215,
    0.17233813197716422, 0.16582561673029608, 0.1576674680185059,
    0.15282986637042917, 0.14959294203182924, 0.14757450661905433,
    0.14067257596584765, 0.13952565472573042, 0.13364865780686555,
    0.12942718528211117, 0.12420610200775706, 0.12245604116469622,
    0.11546490507443315, 0.11297974030932655
  ],
  "val_losses": [
    0.3219376135131587, 0.31388766027015186, 0.3074689935082975,
    0.31110440907271014, 0.3031234436708948, 0.2601797020305758,
    0.25105794130460074, 0.25755046210859134, 0.24561103239007617,
    0.23659824191228204, 0.23463781339966733, 0.21549017468224402,
    0.20801409463519635, 0.22787310247835907, 0.21311793638312299,
    0.197177036948826, 0.2056925889590512, 0.19242840065904285,
    0.2014868865194528, 0.22105985005264697, 0.18322001041277594,
    0.18149126288683518, 0.17518788155006326, 0.17251086526590845,
    0.18109933934781863, 0.17078616956005926, 0.17062154995358508,
    0.1733909450147463, 0.17433645219906516, 0.1688883139387421,
    0.16812688241834225, 0.18590305745601654
  ],
  "train_ious": [
    0.3054709997158617, 0.3784397865869244, 0.38007392049192523,
    0.39583847234430536, 0.4083917491353941, 0.41838344822195517,
    0.43693927829022156, 0.46607067332807556, 0.5005287925199863,
    0.5220410830435762, 0.5389865536944588, 0.5497171263871852,
    0.5669049965352679, 0.5828029739306025, 0.5903974593603525,
    0.5984983121085424, 0.6058532981660917, 0.6154386497548093,
    0.6324451930443018, 0.6440230767796005, 0.6585424434447633,
    0.6669333544762236, 0.6714214125945085, 0.675281878668761,
    0.6876130227161489, 0.6900633495247019, 0.7009347132474616,
    0.7086282109004864, 0.7180310020196268, 0.7211935305293053,
    0.7334680954615275, 0.7383027874689175
  ],
  "val_ious": [
    0.3508542672447536, 0.3626116583312767, 0.33623066198998613,
    0.3622711182072544, 0.3910692079343657, 0.42833763663319574,
    0.4685475065278403, 0.4622574879963329, 0.5052335683418356,
    0.5072496037768278, 0.5143941000535868, 0.5394495641407758,
    0.564558714736199, 0.5488787838730257, 0.554638018210729,
    0.5926136806391288, 0.5814789991447891, 0.6008582771688267,
    0.5789528626246729, 0.5813458675275678, 0.610261348926503,
    0.6224784979569741, 0.6374388818723569, 0.6387308123319047,
    0.6265322557394055, 0.6443795389023379, 0.6444049557481987,
    0.6407813987006311, 0.6476074502519938, 0.6504220245541006,
    0.6442176932873934, 0.6179154826247174
  ],
  "training_time": 753.2034692764282,
  "avg_gradient": 0.002873977480350698,
  "memory_usage": 930.06640625
}
