{
  "train_losses": [
    0.31220726101942686, 0.30065740207615105, 0.2940349194990552,
    0.28767559644968616, 0.2786700605698254, 0.27083103204874887,
    0.2610576936732168, 0.2505507274814274, 0.239546627778074,
    0.22865844947164474, 0.21584673841362415, 0.2063769335332124,
    0.19714449086914893, 0.19101566141066345, 0.18197331941970016,
    0.17567119723104913, 0.17131317277317462, 0.1664578116134457,
    0.16071028124703013, 0.1562264900168647, 0.15155246100671912,
    0.1460352263048939, 0.1416489992128766, 0.13940902872254018,
    0.13374828765897648, 0.1266184680811737, 0.13225359198353862,
    0.12405949179083109, 0.11807703052687904, 0.1153485229967729,
    0.10966165756563777, 0.10712169791045396, 0.10436327492251345
  ],
  "val_losses": [
    0.3130089601744776, 0.30228275384591974, 0.3151613046293673,
    0.3113458091798036, 0.2851843905189763, 0.26336471963187924,
    0.29790393522252206, 0.25631896697956585, 0.23470636716355447,
    0.2401051313980766, 0.26039148251647537, 0.21277976878311322,
    0.20309042671452399, 0.19941791632901068, 0.2057709946580555,
    0.18922085250201431, 0.1911918553321258, 0.18787630161513452,
    0.19140940224346908, 0.1781985963816228, 0.19511173341585242,
    0.1769609632699386, 0.17612871300915015, 0.17035918002543243,
    0.17490392307872357, 0.17430518761925076, 0.1786664095909699,
    0.17355524975320566, 0.16718073788544405, 0.17942922497573105,
    0.18900043193412863, 0.17194654792547226, 0.21076091540896374
  ],
  "train_ious": [
    0.35053017205206966, 0.3724830598740758, 0.3817711258753541,
    0.39192083222389446, 0.4057545946759711, 0.41928049516569027,
    0.4485413577159583, 0.47826210699597566, 0.5026648614447619,
    0.5251159235781087, 0.5502827482001074, 0.5687500366374202,
    0.584856436277429, 0.5955576539255573, 0.6127442669231392,
    0.6243425563139761, 0.6318615812106408, 0.641454420686848,
    0.6518790650626889, 0.6587762830482012, 0.6677518760704476,
    0.6782483041718389, 0.6851715789432976, 0.6900064053310864,
    0.7002864381757337, 0.7130819201145487, 0.7033482664197253,
    0.7176767563366373, 0.7285486444614936, 0.734101920510116,
    0.744492311462544, 0.7500932985997717, 0.7554393392326171
  ],
  "val_ious": [
    0.3623793682326441, 0.377891223931658, 0.3779149712181474,
    0.3572183052698771, 0.4009929288556611, 0.4327863053371455,
    0.4320770325544089, 0.4873345676755559, 0.5214840038747026,
    0.517959720738556, 0.5148994591141094, 0.5468784664636072,
    0.5710196856787239, 0.5764034284629682, 0.5868143540793571,
    0.6019991517498872, 0.5902262920702713, 0.6028841157322345,
    0.604844637323117, 0.6190997832927152, 0.6053294413115665,
    0.6327547895303672, 0.6357488414083701, 0.6423306201679119,
    0.6329777305540832, 0.6405037561620491, 0.6341429395952085,
    0.6430187661578689, 0.6561726068241008, 0.6460271022026091,
    0.6353594667237739, 0.6559540497651998, 0.6150451272294143
  ],
  "training_time": 777.7146408557892,
  "avg_gradient": 0.002688641181072817,
  "memory_usage": 930.06640625
}
