{
  "train_losses": [
    0.3120373620287232, 0.30233585202823515, 0.29808366055721824,
    0.2938254046375337, 0.2889896153431872, 0.2819599483324134,
    0.27119506450127, 0.2611097319294577, 0.2497753290378529,
    0.23941755092338377, 0.22961092869872632, 0.21952385034250177,
    0.21069434860154337, 0.20407105115768703, 0.1960551820533431,
    0.1880906170800976, 0.1825469818128192, 0.17719575544090374,
    0.16970525568594103, 0.16427363058471162, 0.15830836995788242,
    0.15371094696709645, 0.14901103605718716, 0.14629016638450001,
    0.13858403297870056, 0.1335911309832464, 0.13015559805638116,
    0.12439807467972455, 0.11817186941271243, 0.12032728156317836,
    0.1094680831403188, 0.10506636475253364, 0.10352190774258065,
    0.10380651473837055, 0.09741936332505682
  ],
  "val_losses": [
    0.30451572589252307, 0.3055611388838809, 0.31310688153557154,
    0.2947628290756889, 0.2910785830539206, 0.27559147062508954,
    0.2819688760715982, 0.25570148618324945, 0.251061132096726,
    0.2296593681625698, 0.2280782998903938, 0.23558109512795572,
    0.21419775680355405, 0.2272111524058425, 0.19257803066917087,
    0.20086054503917694, 0.1869201514384021, 0.19044059871331506,
    0.19569576337285663, 0.1773951707974724, 0.1761697381734848,
    0.17221346951049307, 0.17950661998728049, 0.18148156773784888,
    0.16845587705788406, 0.18118155520895254, 0.17382830899694693,
    0.17372261441272238, 0.20072675399158313, 0.16914097640825354,
    0.16972281265517938, 0.16675324802813324, 0.17725803573494373,
    0.16957906633615494, 0.1819194454861724
  ],
  "train_ious": [
    0.3514968506410959, 0.3685679811570098, 0.3758910209276572,
    0.38160758627840347, 0.3900151717598022, 0.40171392218790203,
    0.4170744049808253, 0.43542693884342376, 0.46981954457304964,
    0.5017960712421631, 0.5259576358602963, 0.5447373886093283,
    0.5609079788884392, 0.5747336637552664, 0.5879024891857655,
    0.6038344575605097, 0.613897896628233, 0.6243417889311693,
    0.6379667920046963, 0.6468434013642266, 0.6573633197964966,
    0.6661938706385917, 0.67418717906095, 0.6795553859269275,
    0.6931559693446193, 0.7017036175382309, 0.7076644951990548,
    0.7180234429197035, 0.7292927684451357, 0.7250316666736117,
    0.7457857000762999, 0.7541536480404328, 0.7571920273636564,
    0.7568477596817674, 0.7693781053674392
  ],
  "val_ious": [
    0.368850597868795, 0.37241586242434743, 0.378723111273586,
    0.3867109221392783, 0.3984154318121896, 0.4141621056242266,
    0.40726323240214435, 0.4422159739668765, 0.484831952314446,
    0.5202111823187358, 0.5267007491294887, 0.5397672986854677,
    0.5601545444865158, 0.5381693098208181, 0.5936454979405886,
    0.5811383048261419, 0.6043993054308753, 0.6023384324018507,
    0.6111268287767537, 0.6238631130992502, 0.6284458844558053,
    0.6357130736544511, 0.6300855391267416, 0.6218145249978357,
    0.6473357712013135, 0.632033792094908, 0.6399823960618696,
    0.6403937469358028, 0.6245757097351378, 0.6538029906974322,
    0.6543082681255065, 0.6599857928096385, 0.6473676959673563,
    0.6527461619048878, 0.6381106691947881
  ],
  "training_time": 824.591893196106,
  "avg_gradient": 0.007692264558781324,
  "memory_usage": 930.06640625
}
