{
  "train_losses": [
    0.3113957572242488, 0.30139018660006317, 0.3003303308201873,
    0.2985929056354191, 0.2981182173218416, 0.29365801163341687,
    0.2915276706866596, 0.28584446191139845, 0.2782634409225505,
    0.2728531161404174, 0.26598810882348084, 0.2601733026297196,
    0.25255462179041427, 0.2423074333726064, 0.23709877078299937,
    0.22797254116638846, 0.22145010360881037, 0.21417683330566986,
    0.20805536275324615, 0.2021892876566752, 0.19259190745651722,
    0.1862291630519473, 0.18096765252235142, 0.1737978561254947,
    0.16911102410243906, 0.1641446050742398, 0.15760654356816542,
    0.15275724754547296, 0.15099130846236064, 0.14164065140420976,
    0.1378613617271185, 0.13481728080660105, 0.12877264861827312,
    0.12677938430367605, 0.11979652750913215, 0.11892319944403741,
    0.11902611403037673, 0.11109102723877066, 0.10248119157293568,
    0.09956946709881657, 0.096305794649474, 0.09248912249408338,
    0.08838249228732742, 0.08645505162522844, 0.0836822944085883
  ],
  "val_losses": [
    0.30585264900456305, 0.3100585684828136, 0.30034600781357806,
    0.30141287199828937, 0.29951325771601306, 0.3267213306997133,
    0.29310072634531104, 0.29272628543169604, 0.3353969979545344,
    0.2706414480572161, 0.2743269260162893, 0.2621862120602442,
    0.2625333462720332, 0.2547365073924479, 0.24053074322316959,
    0.2253790458907252, 0.23212181388036066, 0.22268220134403394,
    0.21958251394655393, 0.2214386268802311, 0.20112574554007986,
    0.21857976783876834, 0.19119568233904632, 0.19458358281332513,
    0.19380838229604389, 0.19133740404377814, 0.18443282758412155,
    0.19317142956930658, 0.18195285939651987, 0.18223236566004547,
    0.19150233916614368, 0.18534358364084494, 0.185311001604018,
    0.18732714523439822, 0.18056188685738522, 0.18814627729032352,
    0.18444502612818842, 0.19310845855785452, 0.1874427060070245,
    0.1835975339231284, 0.18717984952356503, 0.1881812716955724,
    0.19819023784088052, 0.1997585108746653, 0.20436906555424567
  ],
  "train_ious": [
    0.352319869114001, 0.3693329421823389, 0.37150268353845795,
    0.3739442511637141, 0.3747441805899141, 0.38140693593068403,
    0.3847823654827865, 0.39349350786727394, 0.40569774990064505,
    0.41307408650942096, 0.42632630907727603, 0.44853649288331565,
    0.47699530779019633, 0.49953068723983113, 0.5089690171020187,
    0.5258800318275673, 0.5398062537761702, 0.5532972542973963,
    0.5650837296970945, 0.5746138681914061, 0.5938206753707018,
    0.605736689588082, 0.615208840456562, 0.6276769448557624,
    0.6365816304865093, 0.6453237783541715, 0.6570635533527187,
    0.6661660993552726, 0.6692109522072297, 0.6858174175132014,
    0.6921943107592888, 0.6981374281256096, 0.7087103052847625,
    0.7121905003660833, 0.7248428486611532, 0.7278396189752696,
    0.7271444373696612, 0.7426222615699838, 0.7590842453249991,
    0.7655087510204835, 0.772297586597826, 0.780338342692973,
    0.7887629036778124, 0.7929073376176156, 0.7990187719680261
  ],
  "val_ious": [
    0.3599149775083947, 0.3697636263526005, 0.3740438747665156,
    0.3720952563959619, 0.37595974276031263, 0.3504551033610882,
    0.3811230732910877, 0.39383114356061677, 0.3581217309271081,
    0.41997681450152735, 0.4320054854927719, 0.4339667258644351,
    0.4671124002315861, 0.46877346646742557, 0.5151360621270927,
    0.5349254008868467, 0.5122650694911893, 0.5501087574639183,
    0.5362761389410151, 0.5597685181360313, 0.5816526055551957,
    0.5468394560874372, 0.6040068715810776, 0.5874948830924172,
    0.603948814497478, 0.6018246929498686, 0.6094956155056537,
    0.6005902435036673, 0.6206506795209387, 0.6230605134497518,
    0.6100050502497217, 0.6171954423189164, 0.624386162645575,
    0.6246572106644728, 0.6353021028681076, 0.6307227775670479,
    0.632210787223733, 0.631832134032595, 0.6427203762358513,
    0.6398530168377833, 0.6426979450212011, 0.6409774405368862,
    0.6370896982110065, 0.6362722371367441, 0.6218447508155438
  ],
  "training_time": 1059.571872472763,
  "avg_gradient": 0.0018612344861889188,
  "memory_usage": 930.06640625
}
