{
  "train_losses": [
    0.3195800752095554, 0.29984311386942863, 0.2947625895233258,
    0.29255301699690195, 0.2869681813146757, 0.2723525516364885,
    0.2618269725176303, 0.25022514715142874, 0.24175360361519066,
    0.23233596867193346, 0.2229192022882078, 0.21590099435137666,
    0.20776489611877047, 0.1980508274358252, 0.1908993035878824,
    0.1837073251928972, 0.17539430093830047, 0.17099461607311084,
    0.16512988864079767, 0.1595283881963595, 0.1570425531624452,
    0.15219272997068323, 0.15079487815661274, 0.14215967715110467,
    0.13909942778232304, 0.13464364263674486, 0.1318938931774186,
    0.13012673774653155, 0.12182943599865488, 0.12389919408799513,
    0.11754511491112087, 0.11526418461099915, 0.11381458410102388,
    0.11113819439450036, 0.10413337515100189, 0.10071168532190115,
    0.10348893884245468, 0.09504290658008793, 0.08974880599619253,
    0.09001733925517487, 0.08607612971378409, 0.09919410312305325,
    0.08785535634049903
  ],
  "val_losses": [
    0.31398547278798145, 0.31467065992562665, 0.2991659271976222,
    0.2959258971006974, 0.28910138684770337, 0.2690074868176294,
    0.27511440217494965, 0.2621505785247554, 0.23875544673722723,
    0.2761060608469922, 0.25402978386567987, 0.22545403306898865,
    0.21547521650791168, 0.21080835779076038, 0.1979441801490991,
    0.1904527833280356, 0.18966483681098276, 0.1855583155284757,
    0.18555849142696546, 0.17598680827928626, 0.1785337494119354,
    0.18479882634204367, 0.1875176828192628, 0.18066246386455453,
    0.16795103413903195, 0.18309331069821896, 0.18711336054231809,
    0.17439016278671182, 0.176703709623088, 0.1730652007719745,
    0.1701692925847095, 0.1665995785075685, 0.1625291160915209,
    0.16861479567444843, 0.17100459823141928, 0.19598693627378214,
    0.17499088495969772, 0.16470359006653662, 0.1722356728885485,
    0.17284315209025922, 0.16892640001100043, 0.17065013783133548,
    0.18222284738136374
  ],
  "train_ious": [
    0.33134113653859076, 0.37397721102056297, 0.37980261909357,
    0.38303694236969593, 0.39094594509705244, 0.4150671425504963,
    0.4309885514208557, 0.4622475999187533, 0.49289699513937574,
    0.5198272410375266, 0.5383091636973877, 0.551327230273813,
    0.5685479521913371, 0.5843442158530585, 0.5933940051582411,
    0.6092326048815594, 0.6248509344523366, 0.6327664409696627,
    0.6443719576126425, 0.6558074253624764, 0.658461779679941,
    0.6684369492358059, 0.6710038755790914, 0.686329155944396,
    0.6915773389779999, 0.6994841067471367, 0.7044342954953512,
    0.7082323875764142, 0.7230259712407561, 0.7191155970744462,
    0.7307575685174568, 0.734820495373097, 0.7374326627215614,
    0.7431195669847988, 0.7559271294461641, 0.7629358039062094,
    0.7573850072272449, 0.7743542893533252, 0.7849564771505364,
    0.7843138212203116, 0.7926799336421316, 0.7674955219786237,
    0.7893851814062706
  ],
  "val_ious": [
    0.37297049812648597, 0.35457370980926173, 0.3810892176368961,
    0.38717002346031903, 0.3943372509185819, 0.42170633181281714,
    0.4211622925097313, 0.4605009218920833, 0.5205051403330722,
    0.4693384069571462, 0.4925841030435285, 0.5437146538625592,
    0.5575418758435526, 0.5612917668793512, 0.582054738873157,
    0.5984936441848244, 0.6003129417481627, 0.6131617034906927,
    0.6151497962250225, 0.6315852483545523, 0.6287624263677045,
    0.6140982206316962, 0.6197637861621553, 0.6249944528807763,
    0.6495351681242818, 0.6288554845512778, 0.627293416555377,
    0.6464752837799599, 0.6488177577654521, 0.645460540401763,
    0.6567643675683199, 0.6542465501073478, 0.6653059464002002,
    0.6572126182525055, 0.6659369866053264, 0.6351897414179815,
    0.6550432745961176, 0.6704416229673054, 0.6630170746989872,
    0.6643902953120245, 0.6645969780890836, 0.6637975098430244,
    0.6533089537119519
  ],
  "training_time": 1012.9291279315948,
  "avg_gradient": 0.003236674313523883,
  "memory_usage": 930.06640625
}
