{
  "train_losses": [
    0.31181988962318585, 0.3017628453671932, 0.2989745404085387,
    0.29401463221596635, 0.28521861589473224, 0.27385592638798384,
    0.26449579340608226, 0.25567506464279216, 0.24552964581095654,
    0.23482953603176968, 0.22485425882041454, 0.21436613636172336,
    0.204622162182046, 0.19845350038098253, 0.1898405040897753,
    0.18242452698557274, 0.17592424486318362, 0.17112886500747307,
    0.16284401407060417, 0.15958373799272205, 0.15406837144299693,
    0.15321827364032684, 0.14437965866502211, 0.14023881721431794,
    0.1373988373367035, 0.13333443568452544, 0.13152846058263726,
    0.12391411865373021, 0.11981694716150346, 0.11377106578615696,
    0.11487977206707001, 0.11153216927271822, 0.10771238585205181,
    0.10226801924569451, 0.10169015990813142, 0.09256295624958433,
    0.08895046980646641, 0.09482101549434921, 0.08848508528393248,
    0.09283857946486576, 0.09104442952767662, 0.07788943284717591,
    0.07491097166000502, 0.07086349877974261, 0.07044403838074725,
    0.06761002773419023, 0.06644044650475615
  ],
  "val_losses": [
    0.3129891759675482, 0.3016692393499872, 0.29767645247604535,
    0.3170398868944334, 0.2945652960435204, 0.278203493875006,
    0.26740606064381806, 0.2569194542972938, 0.2537364639017893,
    0.23700277863637262, 0.2418978729325792, 0.22105193721211475,
    0.20565347826999167, 0.2043888219024824, 0.2074691646772882,
    0.19416557641133017, 0.20117908489444983, 0.18489171888517297,
    0.18194540071746576, 0.18804771161597708, 0.1835798187100369,
    0.18034385047529056, 0.20694726932307947, 0.18142218790624454,
    0.18251443395148154, 0.17315019958693048, 0.18082151238037192,
    0.1753073846516402, 0.17241347483966663, 0.1685358224355656,
    0.18499069304569907, 0.1809980503242949, 0.17514429435781811,
    0.18366499536711237, 0.17984377657589706, 0.17769435663586078,
    0.1747624190605205, 0.176626892193504, 0.18348214176038039,
    0.18002123223698657, 0.18160291793553726, 0.18361888113229172,
    0.18266791332027185, 0.18574471544960272, 0.19182614172282425,
    0.19912150923324667, 0.19337322433357654
  ],
  "train_ious": [
    0.3511121878785598, 0.37013743083546125, 0.3748236665151258,
    0.3817279106141001, 0.39642472208841967, 0.4130772544422011,
    0.42704452039384516, 0.44895361643882975, 0.4802314020740547,
    0.5116375261998698, 0.5342972938619229, 0.5536988967678687,
    0.5737319943373619, 0.5826711095329641, 0.598658533091994,
    0.612030322029107, 0.6248709900925554, 0.6334215518141135,
    0.6468616328809572, 0.6540743600091209, 0.6637767829756808,
    0.6658104488599124, 0.6822576106566447, 0.6895538007543573,
    0.6946448060157511, 0.7022071718305781, 0.7043200299899648,
    0.71907074139386, 0.7260489760209686, 0.7379942040728483,
    0.7357429778878235, 0.7415408572532993, 0.7495991769044299,
    0.7605429632400257, 0.7619216934494354, 0.7803704815822232,
    0.7878568486674972, 0.7760233406139456, 0.7892927620289981,
    0.7813001926718414, 0.7844502721791679, 0.8117325294060983,
    0.8182507059064467, 0.827435842026835, 0.8286871790238052,
    0.8348208093556808, 0.8373173650192176
  ],
  "val_ious": [
    0.36492544585380005, 0.3732119610776072, 0.3775425961484079,
    0.36835533358912537, 0.39036273222038703, 0.4096727895995845,
    0.42898635199104523, 0.451091688963166, 0.47747042991112976,
    0.5210550902546316, 0.5256110810931179, 0.5396069671580758,
    0.5661796067935834, 0.5644311912465786, 0.5642588899835296,
    0.5957928361452144, 0.5794546022147372, 0.6100935968367949,
    0.6159978763780732, 0.6081186131290768, 0.6091312872974768,
    0.6240140471769415, 0.6042469203256179, 0.629734556960023,
    0.6243273475463839, 0.6366121626418568, 0.6268836756547295,
    0.638781660924787, 0.6470547013956568, 0.6502755180649136,
    0.6364740252062893, 0.642213266396868, 0.6545452255269756,
    0.6499189872672595, 0.6558192132607751, 0.6565123908761619,
    0.6624774466390194, 0.65761274855206, 0.6604966810647993,
    0.6529880386331807, 0.6576335812392443, 0.6604048665882882,
    0.6622658536054084, 0.6606045220641122, 0.6579197474579879,
    0.6574409081452134, 0.6590163167836007
  ],
  "training_time": 1110.2107734680176,
  "avg_gradient": 0.0016783507849768297,
  "memory_usage": 930.06640625
}
