{
  "train_losses": [
    0.30841855137892393, 0.2982478185516337, 0.29233180018870725,
    0.2915160717523616, 0.2809081946540138, 0.269807087338489,
    0.259582812047523, 0.2507885836226785, 0.2406592972414649,
    0.23157059692818185, 0.22145974214958108, 0.21290990102874197,
    0.2039052653733803, 0.19771782875708913, 0.1879604492822419,
    0.18030397334824438, 0.1744006898092187, 0.1671531092699455,
    0.16467948565664497, 0.158414114833526, 0.1506702871993184,
    0.14546340396222862, 0.14241019259814336, 0.13770839689380449,
    0.13115800755179446, 0.12723044038790723, 0.12229922717518132,
    0.11654327797662953, 0.11308313889995865
  ],
  "val_losses": [
    0.31364098061685974, 0.3030270895232325, 0.35302400977715204,
    0.28935401595157123, 0.2865824466166289, 0.27377679296161817,
    0.2685156273453132, 0.26190637764723407, 0.24341982505891635,
    0.23165650989698328, 0.22945933335501215, 0.23603956045015997,
    0.2084183760959169, 0.20993243125469788, 0.19294450496849808,
    0.19338579508273498, 0.18885583851648413, 0.18125366160403128,
    0.18893744181031766, 0.17083655362543854, 0.18021271604558695,
    0.17021674662828445, 0.17512451112270355, 0.16650585441485696,
    0.17252535243397174, 0.17139561927836874, 0.1749192275430845,
    0.16968088920997537, 0.20115783357101938
  ],
  "train_ious": [
    0.3586393209987075, 0.3752959137377532, 0.38447754355012503,
    0.3858697320456089, 0.4022808293069618, 0.41867760249948816,
    0.4373178846290631, 0.46606654886006443, 0.4986024336767912,
    0.5219463423650336, 0.5412315652314303, 0.5571943789018671,
    0.5741757285389781, 0.584503864383568, 0.6029661362315866,
    0.6176610371448856, 0.6275741080011149, 0.641539683808451,
    0.6448722024434719, 0.656711436214222, 0.6704731006445228,
    0.6801731226884801, 0.6858766583212909, 0.6932577353132808,
    0.7056617146708828, 0.712074354075003, 0.7209654732242875,
    0.7323242845418667, 0.7388248965684052
  ],
  "val_ious": [
    0.3736841470504853, 0.3743694536927818, 0.35717331542485004,
    0.39168313059253956, 0.40151164475558454, 0.4308458499347224,
    0.43613063407036057, 0.48124143902374344, 0.4922743895347567,
    0.5300930187754009, 0.5345722365638484, 0.5431092539127321,
    0.5732252755458803, 0.5856604183065718, 0.5937479898549509,
    0.5877296642764755, 0.609080277275348, 0.6192882793105167,
    0.5983695046625275, 0.6346066193520159, 0.6251889013725777,
    0.6401842348817466, 0.6297136404808015, 0.6490903200878614,
    0.6446724460608719, 0.6426906417245448, 0.6389986472069356,
    0.6531991161729979, 0.5951568271586861
  ],
  "training_time": 682.6637921333313,
  "avg_gradient": 0.0024585672351026214,
  "memory_usage": 930.06640625
}
