{
  "train_losses": [
    0.3230802283986755, 0.3005755061040754, 0.2948800595882146,
    0.2925153434600519, 0.2882425339649553, 0.2856106328899446,
    0.28014704682256863, 0.2684752809936586, 0.25538180549831496,
    0.24638599934785263, 0.23377101350089777, 0.22267617252857788,
    0.21159271377584207, 0.1996338279188975, 0.19278706812664217,
    0.18538370226388393, 0.17848952730064807, 0.17087881016018597,
    0.16506844710396684, 0.15892431650148786, 0.15856122249818366,
    0.1527684083127457, 0.14907872567520195, 0.1374756650108358,
    0.13703182841772618, 0.135086417319658, 0.1271094495187635,
    0.1247120319015306, 0.12177459304423435, 0.1185372578304099,
    0.10897213710552972, 0.10946141762415999, 0.11019218397205291
  ],
  "val_losses": [
    0.3267739732628283, 0.3057545734488446, 0.3397182543640551,
    0.298480572907821, 0.28657057427841687, 0.2862690324368684,
    0.28616077938805456, 0.2659408838852592, 0.25382319740627124,
    0.23948425443276114, 0.2362172571213349, 0.21685650944709778,
    0.20950524476559265, 0.20149643071319745, 0.2198037809651831,
    0.20088889482228653, 0.18339532354603644, 0.19212981864162113,
    0.1826784390470256, 0.1846854502092237, 0.17854545848525089,
    0.1934475795082424, 0.1702009507495424, 0.1828550349759019,
    0.1864494393053262, 0.1689571174590484, 0.1671640928024831,
    0.16837830226058545, 0.16860239434501398, 0.15868335832720218,
    0.16598904975082562, 0.1671896444066711, 0.19152831610130228
  ],
  "train_ious": [
    0.32687906562858293, 0.3719005989156043, 0.38052225722998834,
    0.38421373485007154, 0.3914147418910178, 0.39715117005550366,
    0.4048796287481336, 0.4205435663005355, 0.4516384849845661,
    0.4800601113398656, 0.5070582750806776, 0.5352387090038132,
    0.5606083027694536, 0.5838341063995294, 0.5958190456680628,
    0.6074322282836058, 0.6209496187343116, 0.6352306123876919,
    0.6465149368496907, 0.6567811433063898, 0.6578917457465676,
    0.667388761011155, 0.6736260487333591, 0.6942228400080963,
    0.6952126259929025, 0.699133390263803, 0.7134640138542305,
    0.7169473049757272, 0.7229179926756496, 0.729234454964382,
    0.7470687220709905, 0.746215406859266, 0.7455195092960547
  ],
  "val_ious": [
    0.252384424250087, 0.37123107780580933, 0.367076577267785,
    0.3738044273594152, 0.3951102466463466, 0.39665078123410547,
    0.407698891301086, 0.43541654810795327, 0.47746765743131225,
    0.498104786257381, 0.48760336758973805, 0.5433342767798384,
    0.5648023612473323, 0.5679736623297567, 0.5310755058907081,
    0.5798415779203611, 0.6048785376807916, 0.5925889079985412,
    0.616937654821769, 0.6106607770358308, 0.6210621788665869,
    0.6059455184832864, 0.636813420964324, 0.6300219757401425,
    0.6190704765959064, 0.643460598328839, 0.6508709449267043,
    0.6538332294726718, 0.6498045677292175, 0.6694659618795783,
    0.6586059118094651, 0.6573697849028354, 0.6295284862103669
  ],
  "training_time": 776.9857380390167,
  "avg_gradient": 0.003818766975794755,
  "memory_usage": 930.06640625
}
