{
  "train_losses": [
    0.31027501562367316, 0.3007098219316939, 0.2973800976963147,
    0.29075351956745854, 0.27841893858883693, 0.26486979214393574,
    0.255928092919614, 0.24148731403376744, 0.23079413345650487,
    0.2238073092277931, 0.211679988824155, 0.2046012185190035,
    0.19581779894297538, 0.18878150998574236, 0.17998430910317795,
    0.1747959517752347, 0.1675461922650752, 0.16139340149643627,
    0.16012621193152407, 0.15285173475580371, 0.14641225925120321,
    0.1405991272514929, 0.1368053178505405, 0.13750642886304337,
    0.1340109473499267, 0.12315082756559485, 0.11960611164407886,
    0.12078933466387831, 0.11418951310865257, 0.11479320846821951,
    0.10486243491101524, 0.10083011473002641, 0.10028443566483,
    0.09437467817864988, 0.09071308265075735, 0.08866594711561566,
    0.08543737609263348
  ],
  "val_losses": [
    0.3043382316827774, 0.32385310984176136, 0.30826512108678406,
    0.29012244745441107, 0.27536549451558484, 0.27827356788127317,
    0.25232440654350363, 0.2606951918291009, 0.233238127892432,
    0.2342909791547319, 0.21895304840543997, 0.22324061879645224,
    0.2311022783751073, 0.19917686575132867, 0.2026760736885278,
    0.19569016377563062, 0.20884820203418317, 0.19738273614126703,
    0.1921701356768608, 0.18826993878768838, 0.19779565444459085,
    0.1787673196066981, 0.18542474605467008, 0.18704370312068774,
    0.1779808955995933, 0.183885864265587, 0.17771799749006395,
    0.17665639406313066, 0.18148185831049216, 0.18955562393302502,
    0.1777482100802919, 0.17916270475024762, 0.1847363198580949,
    0.18623948518348776, 0.1853914280300555, 0.19262809824684393,
    0.19508102892533594
  ],
  "train_ious": [
    0.3549565148712355, 0.37076366382308973, 0.3764298344975795,
    0.3877841104631838, 0.4069212539580423, 0.42465534737031735,
    0.4484545412744433, 0.4933930699295108, 0.5164611822102163,
    0.5293377182459917, 0.5540850343911543, 0.5679221607852672,
    0.5855620673763149, 0.5996539164874433, 0.6153120616369921,
    0.6263187761971918, 0.63879760408747, 0.6493898211991876,
    0.6523371254080446, 0.6653267824887369, 0.676776269423789,
    0.6871939103348528, 0.6944031446524291, 0.6931810814725319,
    0.6997704739695877, 0.7194410472352435, 0.7253815743370332,
    0.7235903958587542, 0.7363738182230272, 0.7351605387377564,
    0.7542361776897877, 0.7623352752863496, 0.763549952997245,
    0.7755575964524265, 0.7834473934726437, 0.7874735447483654,
    0.7943958147712376
  ],
  "val_ious": [
    0.3720822452173772, 0.37332474710284796, 0.36843755258166266,
    0.3989835984033087, 0.4142793218294778, 0.4151669671570046,
    0.4796425003720365, 0.48186928951653896, 0.5193312484501064,
    0.5243719692031543, 0.5447563272023546, 0.5530004499183184,
    0.5300187916643376, 0.5779468806973401, 0.5853711779134863,
    0.5956927637259164, 0.582623746516048, 0.5999741177412047,
    0.602020617628443, 0.6127908970566762, 0.5948086442506834,
    0.6285043918136237, 0.6220594592716383, 0.619105474240538,
    0.6350645943396334, 0.632099844839262, 0.6492576739494352,
    0.644719286673311, 0.6407925551352294, 0.6320039583505064,
    0.6519770980745122, 0.6495805993892144, 0.6426291258438773,
    0.6511606448802394, 0.6527083995549574, 0.6487672698238621,
    0.6434568203445793
  ],
  "training_time": 873.1665542125702,
  "avg_gradient": 0.002450896773265171,
  "memory_usage": 930.06640625
}
