{
  "train_losses": [
    0.31614361266079155, 0.30308589776572975, 0.30163933693066886,
    0.299292863873036, 0.2955838689661544, 0.2923416372226632,
    0.28414542519527936, 0.2771664123334315, 0.2674287336514048,
    0.25817463668468205, 0.25006289253740205, 0.24126016356698846,
    0.23554670883585577, 0.2284912208662085, 0.21752406405689922,
    0.20953709437795306, 0.20019850507378578, 0.19341378488942332,
    0.18477172347838464, 0.17606205695673174, 0.17295401000782198,
    0.16813227688164814, 0.16292482760289442, 0.1574800971733487,
    0.1498972550034523, 0.1469846096942606, 0.14247006084769964,
    0.13580308368672495, 0.13202116399517524, 0.13018554777068936,
    0.12433627527207136, 0.11740730755517016, 0.11738339949237264,
    0.10948736443305793, 0.11095693075786466, 0.11275974871671718,
    0.10146180621307829, 0.09845644652681507, 0.09236740766336089,
    0.08914384614352298, 0.08620518393328656, 0.08333607135421556,
    0.08142267560343379
  ],
  "val_losses": [
    0.3000032312196234, 0.34684664334939874, 0.34590049995028455,
    0.2960904117511666, 0.2962057486824367, 0.28245105756365735,
    0.30917739803376404, 0.26871694592030154, 0.2546074147457662,
    0.25087001207082166, 0.24473257071298102, 0.2452877312898636,
    0.23445865447106568, 0.2381460180749064, 0.22284394599821256,
    0.20832055288812387, 0.21018024955106818, 0.19921892816605774,
    0.18656678951304892, 0.1893076682868211, 0.18706607559452887,
    0.1841792431862458, 0.1769936638681785, 0.19308714277070502,
    0.1838529550510904, 0.17519167810678482, 0.1909734606742859,
    0.1774612610106883, 0.17492095283840015, 0.17403862171846887,
    0.17869478561308072, 0.18252102026472922, 0.18194259152464246,
    0.18873026967048645, 0.18399313578139181, 0.18454335370789404,
    0.2077790213667828, 0.18080448553613995, 0.18545476865509283,
    0.18632661551237106, 0.18753326263116754, 0.20356572387011154,
    0.20681192013232605
  ],
  "train_ious": [
    0.34328425428601256, 0.368369496679301, 0.3703282730532828,
    0.37403647445034277, 0.38064765460465283, 0.38550080949493276,
    0.39703880986613466, 0.40849562992230914, 0.42064320545003203,
    0.4456027879579936, 0.4707635564234914, 0.49775427969955427,
    0.5115853606493791, 0.5251414752092913, 0.5450313275652952,
    0.5615579331212718, 0.5808225862843838, 0.5947930648706962,
    0.6104791325287543, 0.6250025597603421, 0.6319662256949191,
    0.6403011288763819, 0.6494428156402664, 0.659305513445018,
    0.6721171933779682, 0.677017332095167, 0.686090417638205,
    0.6978469769051974, 0.7039562381696013, 0.7078546932426054,
    0.7179329759184859, 0.7310694039299868, 0.7305798396144221,
    0.7461781425644523, 0.7433993268920029, 0.7402867611659609,
    0.7618741875757343, 0.7681268859600673, 0.7798974390911025,
    0.7869630756693478, 0.793505410299353, 0.7993266577090041,
    0.8035243964497596
  ],
  "val_ious": [
    0.3743394360594127, 0.2024166390411151, 0.3589751754981884,
    0.3755008014647857, 0.37653976462889416, 0.3988718578348989,
    0.3656265070472939, 0.4234423695699028, 0.4412656685917814,
    0.44658674278121063, 0.4838648724059264, 0.49722419700760767,
    0.501749120976614, 0.5055173241357873, 0.5455218151859615,
    0.5575769294215285, 0.5724524693644565, 0.5857921232995781,
    0.6044451392431189, 0.6041943577752594, 0.6076186569272609,
    0.6188159584999083, 0.6234605139580325, 0.5991848011811574,
    0.6248299978349519, 0.6329943846533266, 0.6109187594358473,
    0.6298436237418134, 0.6297858910284182, 0.641471234568651,
    0.640293877409852, 0.6352066339358039, 0.6411001695239026,
    0.6392729582561963, 0.6373051014067468, 0.6358335132616152,
    0.621141307811806, 0.6491634247527606, 0.6427367176266683,
    0.644576511953188, 0.6437717645928479, 0.6366254080464876,
    0.6374200619217278
  ],
  "training_time": 1014.4899730682373,
  "avg_gradient": 0.003065566888407677,
  "memory_usage": 930.06640625
}
