{
  "train_losses": [
    0.31516729538207466, 0.3021414986123209, 0.3004052745907203,
    0.29703394825691765, 0.29341696461905603, 0.28571234513884003,
    0.2785963117266479, 0.27234785615102103, 0.2605277540405159,
    0.24845619945098524, 0.23652041695364143, 0.22412589103307412,
    0.21445294178050497, 0.2032622492507748, 0.1930099698998358,
    0.18618159708769424, 0.178342762524667, 0.17133195228550746,
    0.16480905271094778, 0.15818416408222655, 0.1539988166693112,
    0.1477512022399384, 0.14292701054364443, 0.13768092231096132,
    0.1342785106162014, 0.1288191246111756, 0.12514222142003154,
    0.12172350607326497, 0.12348133536136668, 0.11207334798477266,
    0.10540003746586002, 0.0998512215750373, 0.10245013232950283,
    0.09487880628717982, 0.08944929451884134, 0.08677029354578775,
    0.08418967534342538, 0.0918901874481336
  ],
  "val_losses": [
    0.3391289393539014, 0.30099336414233496, 0.3009748134924018,
    0.29538647117822064, 0.28606862412846606, 0.2988789308330287,
    0.27778736210387683, 0.27143173632414447, 0.257236496909805,
    0.2643001656169477, 0.23293505609035492, 0.22226345150367074,
    0.20877089837323065, 0.20133888689072235, 0.20166911605907523,
    0.208459862548372, 0.18733615881722906, 0.1835860091706981,
    0.1813932615129844, 0.1865631989810778, 0.18207681081865146,
    0.18685271267009818, 0.17870758279510165, 0.19687045074027518,
    0.18574911258790805, 0.18221901616324548, 0.18505725620881372,
    0.1826811306502508, 0.17355654161909354, 0.18602820291467334,
    0.186006475078023, 0.17628319917813592, 0.18536918901878854,
    0.1788702782081521, 0.19720393775597864, 0.1891178177750629,
    0.19958656669958777, 0.21729399004708166
  ],
  "train_ious": [
    0.3422668889894417, 0.36955889557944127, 0.37213684235873684,
    0.37797265777315764, 0.3842396073723121, 0.3962302168534283,
    0.40613952527443553, 0.414720174028422, 0.43777683417215135,
    0.47815467677909235, 0.5093513313356951, 0.533169967594786,
    0.5523295926497035, 0.5721901542898532, 0.5909658459865529,
    0.6042494443987593, 0.6177515614021947, 0.6306656938100205,
    0.6432548431490644, 0.6561147311459417, 0.6628711754861084,
    0.6747756363365098, 0.6833053649119709, 0.6923933076145857,
    0.6992299718701322, 0.7090918201467263, 0.7153268928329151,
    0.7222414668379484, 0.7193468100782754, 0.740507481322772,
    0.7538870551987834, 0.7648428972216621, 0.7602612245018066,
    0.7751437936356101, 0.7869516220753607, 0.7920639930643895,
    0.7979542995816552, 0.7820962483360282
  ],
  "val_ious": [
    0.36150079274523095, 0.3722615630730339, 0.37513541203478107,
    0.37980375363343, 0.39482663139916846, 0.39920362916545604,
    0.40985913250757294, 0.41277360700178845, 0.43637281834091246,
    0.4348921918958101, 0.5292301193095635, 0.5321148146969685,
    0.5619817995938701, 0.579411387335563, 0.5821204861437065,
    0.5871377319529436, 0.5993143625665401, 0.6153088654728905,
    0.626946271545645, 0.6103744930115299, 0.6200146363049314,
    0.6228616684675216, 0.6282374038212541, 0.6183787057365195,
    0.6274384519328243, 0.6359130468057548, 0.6266227185294249,
    0.6297398982704547, 0.6486884362023809, 0.6349249823369842,
    0.6468664751104685, 0.6474386356447053, 0.6386249974585961,
    0.6527624560007149, 0.6448071521261464, 0.6462174003970795,
    0.6328061955130619, 0.625823403398196
  ],
  "training_time": 894.6641721725464,
  "avg_gradient": 0.0024273463161719948,
  "memory_usage": 930.06640625
}
