{
  "train_losses": [
    0.31273872939788777, 0.3016720730001512, 0.3005620874464512,
    0.2993480650627095, 0.2969279481988886, 0.29075181532813155,
    0.28315231349805126, 0.27360501431900525, 0.26126936191449995,
    0.24744064806272154, 0.23492186532720274, 0.2238661625786968,
    0.21234596893191338, 0.20333447121083736, 0.19509107020238173,
    0.1889471743741761, 0.18359153628673242, 0.17593811897803907,
    0.1690133892647598, 0.16311564312680907, 0.1570712797667669,
    0.15417662262916565, 0.14782525181932293, 0.1421404538028266,
    0.1387885629158953, 0.13409934520883404, 0.12833891314980778,
    0.12741841849587535, 0.12039527912502704, 0.1195498571285735,
    0.11084305705583614, 0.11003004382971836, 0.10890141943388659,
    0.10267865321720424, 0.09591416326229987, 0.09173156009258135,
    0.08874645395933287, 0.08865553096098744, 0.10044038109481335
  ],
  "val_losses": [
    0.3579633877329204, 0.3043173013821892, 0.31852134608704114,
    0.3178181557551674, 0.31391849077266193, 0.2884173477473466,
    0.27794189945511194, 0.2958557832500209, 0.2635364710636761,
    0.25664303257413534, 0.23602816494910614, 0.23469767784294876,
    0.21918933028760162, 0.20263708188481952, 0.203161286595075,
    0.21206506827603216, 0.18831251756004666, 0.19094027870375177,
    0.19436937019876813, 0.18382463474636493, 0.1797240454217662,
    0.1802473207530768, 0.18746788411036783, 0.1883055376617805,
    0.18579588247382123, 0.17505135419576065, 0.1876132323042206,
    0.1863763759965482, 0.17645032379938208, 0.16945265638439552,
    0.17911690473556519, 0.18465781892123428, 0.18004670561007832,
    0.16913569524236347, 0.17374588030835855, 0.19723801412012265,
    0.1833284447050613, 0.1893301496039266, 0.22398970535267954
  ],
  "train_ious": [
    0.34801500919686257, 0.36908597135589344, 0.3706434502441813,
    0.3728413032772748, 0.37754411217959033, 0.3887551741107649,
    0.39996015976952465, 0.41319013801439314, 0.4506282013671411,
    0.4846761893022102, 0.5130085804891109, 0.5338515841766543,
    0.5560662756957437, 0.5740205593461145, 0.5873132627457381,
    0.5992570567498171, 0.6103495318658542, 0.623873947458207,
    0.6355054597977712, 0.6473764187075955, 0.6579566026727359,
    0.6621976320942242, 0.6749400477046551, 0.6849598377619103,
    0.6902607720399248, 0.6989642382207988, 0.7093805855383042,
    0.7107797542559927, 0.7239919989437297, 0.7260892554793672,
    0.7431835596436178, 0.7445389550665154, 0.7465511013524254,
    0.7590087636549402, 0.7732058354261986, 0.7819272770505886,
    0.7884105410480846, 0.7888536974787709, 0.7653574735682084
  ],
  "val_ious": [
    0.3301889859679817, 0.3741681962341502, 0.3641342922397282,
    0.37118285289709124, 0.3757274520138036, 0.39244024347567896,
    0.40950376464836835, 0.39409272558987135, 0.4782693304013515,
    0.47146813422981376, 0.5127788008447142, 0.5232947381294293,
    0.5422200669628986, 0.5719927331243737, 0.568621010452077,
    0.5733130490002424, 0.6017967675259149, 0.5995504463064498,
    0.6039866517851317, 0.6155962512113046, 0.6196029624645261,
    0.6251471928064374, 0.6106230679197587, 0.6097576297495676,
    0.6223461323458216, 0.6306029502032462, 0.6304882646038913,
    0.6187369497357935, 0.6406603274138076, 0.6470491307369175,
    0.6436750292778015, 0.6400766800279202, 0.6367131512666095,
    0.6554754050313566, 0.6518152040847836, 0.6405743282774221,
    0.6541461320458979, 0.6392986629752145, 0.5890668146852135
  ],
  "training_time": 918.454517364502,
  "avg_gradient": 0.002664117387645043,
  "memory_usage": 930.06640625
}
