{
  "train_losses": [
    0.3100219602170198, 0.3016486336355624, 0.30042598088798317,
    0.299451417249182, 0.29684764648909157, 0.2919504985861156,
    0.2834170149720233, 0.27473990651576413, 0.2597154834024284,
    0.24228508106392363, 0.22708428991229637, 0.21659028975535993,
    0.20843018947736078, 0.20129716728368532, 0.19242987716975418,
    0.18614677607041338, 0.17996515657590784, 0.17614862752025542,
    0.17025511144943858, 0.16448555951533111, 0.16065401762076045,
    0.15604150922888, 0.1482956162451402, 0.14675337213860906,
    0.14393863584036412, 0.13827287907833638, 0.1340379240801153,
    0.13073518625258104, 0.12423263510446185, 0.12222455454099437,
    0.11992623110342285, 0.1150050028834654, 0.10724587422674117,
    0.10891635987259772
  ],
  "val_losses": [
    0.3041801174049792, 0.34440975474274677, 0.30222884468410327,
    0.305858820028927, 0.30258628726005554, 0.30563923651757446,
    0.2924142292012339, 0.2783156814782516, 0.26332108903190365,
    0.24631250455327655, 0.24854993431464487, 0.23514879397723987,
    0.2246799459275992, 0.2021287093343942, 0.20203100047681644,
    0.19586153781932333, 0.21458531980929169, 0.21033038296129392,
    0.19639967446741852, 0.18807593862647595, 0.18295944838420206,
    0.18496282528276028, 0.1831703807996667, 0.1871672026489092,
    0.18060119871212088, 0.18706022235362427, 0.17922458927268567,
    0.17963558953741324, 0.18173857745916946, 0.18905421184456866,
    0.18195745640474817, 0.1768077313899994, 0.19185991099347238,
    0.22851633734029272
  ],
  "train_ious": [
    0.3564932201218827, 0.3704314544251497, 0.37173948382017585,
    0.37380650686747957, 0.3775399777142951, 0.3851029932387896,
    0.3981561338494666, 0.41058441149727387, 0.44938519653601683,
    0.4998000962929664, 0.5303205796179994, 0.5493310934499555,
    0.5651266520599958, 0.5782764077834461, 0.5933439112605822,
    0.6043517276698694, 0.6161307074615487, 0.6238532589505548,
    0.6339341055979762, 0.6445994129863337, 0.6505030346629412,
    0.6593744744533211, 0.6736834959491441, 0.6765811611236869,
    0.6816181687881115, 0.6918176421220751, 0.6990872980027959,
    0.705742357595675, 0.7174808616223546, 0.7216350949652817,
    0.7254554525125717, 0.7350608049959376, 0.74999516127982, 0.7462112344801425
  ],
  "val_ious": [
    0.3648927217741996, 0.2009022658069138, 0.3666992330032847,
    0.37718459834223217, 0.373574095143788, 0.3755660375019312,
    0.38412414160953584, 0.41405078782430593, 0.4646544065056503,
    0.49018954577437335, 0.5325269517691238, 0.5062325299865958,
    0.5510211225221123, 0.5744754578108372, 0.581690368876941,
    0.5994282875587972, 0.5536066576622535, 0.5821591347887898,
    0.5872837094509081, 0.6029409852580747, 0.6099831718897475,
    0.6026697101584378, 0.6096192425575812, 0.6108350339143173,
    0.6269785958355751, 0.6141598911389059, 0.632333047364069,
    0.6258058008076488, 0.6325379003217254, 0.6194921863683757,
    0.6276787002233492, 0.6443078094634458, 0.634817901296892,
    0.5916790789452154
  ],
  "training_time": 801.8019871711731,
  "avg_gradient": 0.0025309073014795277,
  "memory_usage": 930.06640625
}
