{
  "train_losses": [
    0.3091194516290789, 0.3008607736100321, 0.2977086410898229,
    0.28868020617443585, 0.27761709827767767, 0.26685410827074363,
    0.2534950297001911, 0.24296628424654837, 0.2328069815007241,
    0.2239977068713178, 0.21520572042335634, 0.208832369874353,
    0.20281394611558187, 0.19150683397184248, 0.18349706948451375,
    0.17776689702725929, 0.17059280966287074, 0.16483984377397143,
    0.15908616554477942, 0.15597556766284548, 0.15129459746505902,
    0.14884785489867564, 0.14121803418611703, 0.13908081813512937,
    0.1328816951212028, 0.137581005409036, 0.12600642045878846,
    0.11977016306279795, 0.11468652858520331, 0.11475497990360727,
    0.1079053039379094, 0.10819659430695616, 0.10464941677839859,
    0.0977253099579526, 0.09432676163218591, 0.09336039492779452,
    0.08794404424564994, 0.08472634515846553, 0.10056823204554942,
    0.09885586620025012, 0.08065317720984636, 0.07488053170559199,
    0.07220967822586713, 0.07104114214282321
  ],
  "val_losses": [
    0.32258556459261023, 0.3201889538246652, 0.30138057923835254,
    0.29337689410085266, 0.2889121025800705, 0.26189918848483457,
    0.2516415196916331, 0.2534803923057473, 0.2446219885478849,
    0.22511154251254123, 0.23130539124426636, 0.21736181883708292,
    0.20726683185152386, 0.21490718197563421, 0.19940567794053451,
    0.1922528727546982, 0.1827342280227205, 0.18532692317081534,
    0.1939775733196217, 0.1847556450444719, 0.18272299870200778,
    0.1717890154408372, 0.17520051935444708, 0.17405275676561438,
    0.1764836803726528, 0.17448173690101373, 0.1681518979046656,
    0.17176931545786236, 0.17739578206901965, 0.17770679878151935,
    0.17196225180574085, 0.17504772770663965, 0.17473212921101114,
    0.17151906665252603, 0.17098867212948593, 0.17918731175039126,
    0.16911303640707678, 0.17437946018965347, 0.1837990692128306,
    0.17747502190911252, 0.176093982613605, 0.17952907603719961,
    0.18612426357424777, 0.18653877338637476
  ],
  "train_ious": [
    0.35730226371575513, 0.3712736770530814, 0.37601782836219977,
    0.39016693508302286, 0.4079983367047544, 0.4223834240839242,
    0.4466193124626311, 0.48292013060342026, 0.5150730168392905,
    0.5370912192983257, 0.5523795596715331, 0.5664363262392037,
    0.5763584176159424, 0.5947955360069219, 0.6096000646821397,
    0.621173870196377, 0.6337259710105002, 0.6442454259140765,
    0.6550488849912862, 0.6606012889980406, 0.6681902221255545,
    0.6732740745596266, 0.6867416628460952, 0.690834356120963,
    0.7017783466456595, 0.6941198203442753, 0.7139109615506473,
    0.7254480197485802, 0.7349625594266087, 0.7351540699601173,
    0.7484953097891116, 0.7476572181111661, 0.7541941707224954,
    0.7682522244319535, 0.7748755176106228, 0.7769702905114151,
    0.7884662740904352, 0.7956782378580256, 0.7649773794995703,
    0.7673528185249241, 0.8045373912090841, 0.8175386185015456,
    0.823437030116717, 0.8262496123063394
  ],
  "val_ious": [
    0.3737482465774097, 0.3205817128005236, 0.3775279368611349,
    0.38443352519602003, 0.4045967757701874, 0.43058529193850525,
    0.46388876376052685, 0.4850335336033849, 0.506547230201355,
    0.5426570905939393, 0.5415267675467159, 0.552185948236265,
    0.5754463178092155, 0.569620721690033, 0.5881383857433347,
    0.5971264345706373, 0.615407947720825, 0.6156081086483554,
    0.6013140242168868, 0.6195207665795865, 0.6263227446571641,
    0.640975059374519, 0.6391555332187294, 0.6395995243304018,
    0.6364160709191059, 0.6443051492822343, 0.6523766854534978,
    0.6514667615942333, 0.6494122560041538, 0.6493622181208237,
    0.6580151390770209, 0.6484768984542376, 0.6554392386173855,
    0.6648719014896863, 0.6661129446997159, 0.6586967089037964,
    0.6646797825460851, 0.6667831930993261, 0.6506560693184535,
    0.662579521752786, 0.670951817130697, 0.6662498101376105, 0.665075419821601,
    0.6642808756534605
  ],
  "training_time": 1037.8734188079834,
  "avg_gradient": 0.0015986809831481878,
  "memory_usage": 930.06640625
}
