{
  "train_losses": [
    0.33293836223690404, 0.3018855774856132, 0.2998078593417354,
    0.29375746619442233, 0.2868845043298991, 0.27730404796159785,
    0.26812613463920093, 0.26050142927662184, 0.2530757145065328,
    0.24411112782747849, 0.23531092711440896, 0.22722198214867842,
    0.2191543099672898, 0.20808853362889393, 0.1983761268303446,
    0.19161884535266005, 0.18447409983238447, 0.17697591682815034,
    0.1717471551635991, 0.1701189524129681, 0.1633101805396702,
    0.15765947087303453, 0.1518457312055904, 0.1445693158261154,
    0.1411347459677769, 0.13606018767408704, 0.12919002317863962
  ],
  "val_losses": [
    0.3211595701134723, 0.3124703557594963, 0.2980289122332697,
    0.2940694177928178, 0.29013187146705127, 0.2776148533043654,
    0.28208299240340357, 0.26426893505065335, 0.25328449321829755,
    0.24867063534000647, 0.24154743616995605, 0.2394524151864259,
    0.26725872865189676, 0.22182160324376562, 0.2557315781064656,
    0.20345655439988428, 0.19566942945770596, 0.21716467096753742,
    0.1846261037432629, 0.20871985800888226, 0.2106934601198072,
    0.1817250510920649, 0.20329597236021704, 0.18767216574886572,
    0.18861227968464728, 0.18324350533278091, 0.23613420971061871
  ],
  "train_ious": [
    0.3019244615279743, 0.3710305047382039, 0.37303573953924596,
    0.38369283369201707, 0.39541460862549865, 0.4088683602709826,
    0.4206887103799787, 0.4359124775685523, 0.4628744627942962,
    0.4889477440223531, 0.5088769075987132, 0.5258849912282565,
    0.5409766315766005, 0.5656069143526798, 0.5830656017676212,
    0.5979260747469418, 0.6098300555477971, 0.623716090819326,
    0.6336782939084196, 0.6359542293501074, 0.6497765587831753,
    0.6602198546887311, 0.6709372718697009, 0.6822672715761522,
    0.688945712764626, 0.697396564634814, 0.7098018280297949
  ],
  "val_ious": [
    0.35300500612957764, 0.3685775126105263, 0.3789973252493402,
    0.3927964075751925, 0.3938754872567412, 0.40997175202853436,
    0.4140643186963881, 0.43621260747380974, 0.47134088114767847,
    0.4849018910224885, 0.5133159973699112, 0.5155963679586633,
    0.4988435280063877, 0.551405574316564, 0.503851100154545,
    0.5746919611009998, 0.5923795619088669, 0.5648231741742812,
    0.6085619543125663, 0.5666703850678776, 0.5874758945858997,
    0.6172003446929697, 0.5885509816200838, 0.6146863877125407,
    0.6155070103165031, 0.6263398221437483, 0.5705338079428325
  ],
  "training_time": 635.5779476165771,
  "avg_gradient": 0.0035362741964849393,
  "memory_usage": 930.06640625
}
