{
  "train_losses": [
    0.3125601483751898, 0.30248047038912773, 0.3013731168340082,
    0.29995453924588533, 0.29415112231736595, 0.28413449778504996,
    0.27077033476013207, 0.26043772227738216, 0.24897930738718613,
    0.23498581997726276, 0.22294377138757188, 0.20972085841324017,
    0.1977107774304307, 0.1918077080955972, 0.1820350219698056,
    0.17655480377700017, 0.17010170456183993, 0.1626152566269688,
    0.1604374916009281, 0.15554032037439552, 0.14714508029915715,
    0.14289873967999997, 0.13787840869601653, 0.13287576166507992,
    0.13067314611828845, 0.1292209927316593, 0.12456640309613684
  ],
  "val_losses": [
    0.30733406867669977, 0.30535718474699103, 0.3116520688585613,
    0.2982220435919969, 0.28872400975745655, 0.27970392192187515,
    0.27348866896784824, 0.2604317742845286, 0.23771826501773752,
    0.2260093663049781, 0.21528709161540735, 0.21711651009062063,
    0.21572416178558185, 0.19736790721831116, 0.20306994765996933,
    0.18695796669825263, 0.18239218547292377, 0.1948838428310726,
    0.19705273470152979, 0.1797676585290743, 0.1778925799805185,
    0.20578345235275186, 0.180206212984479, 0.18313708577467047,
    0.18179959901001141, 0.18075644937546356, 0.20130939230970715
  ],
  "train_ious": [
    0.3476713842164035, 0.3687432447003484, 0.37034812858165955,
    0.37221952305743916, 0.3824474454283741, 0.39803349784942593,
    0.41637663318259505, 0.43150909744265475, 0.47106903662527166,
    0.5087580402395219, 0.536717893258817, 0.5596439023974582,
    0.5820625431943633, 0.5925545536413571, 0.6113751689646986,
    0.6214946994315023, 0.6342145030967137, 0.6472821066129038,
    0.6509404495844374, 0.660478987069666, 0.6752985706687837,
    0.683272409050361, 0.69210932765534, 0.7012357852165247, 0.70542015567206,
    0.7078036729084412, 0.7163792710913264
  ],
  "val_ious": [
    0.3689301782760067, 0.37583554623747867, 0.33659241769624787,
    0.3808940497861393, 0.38546395919771725, 0.4115861459918645,
    0.4174768043600995, 0.4426921390644882, 0.4944857839980852,
    0.5300185452552809, 0.5455624966517739, 0.5741128195887029,
    0.5383393163050431, 0.5807410613566205, 0.5780720397614053,
    0.6037372594726257, 0.6213455632113026, 0.5944889612171962,
    0.5884065007170042, 0.6214081257365752, 0.619646061481773,
    0.5934242595365081, 0.628604581606561, 0.626032348992168,
    0.6213110386245494, 0.6327062964007474, 0.6168084127315576
  ],
  "training_time": 636.0715544223785,
  "avg_gradient": 0.0019172518957077242,
  "memory_usage": 930.06640625
}
