{
  "train_losses": [
    0.31458539159401605, 0.30174263210400293, 0.30015387321295944,
    0.2988703267081924, 0.29535490987093554, 0.2904936663158562,
    0.27999135139195813, 0.2722915071670128, 0.2615627236664295,
    0.2503582531505305, 0.23982668854296207, 0.22846458066740763,
    0.21798538667676243, 0.21094241827402427, 0.20063380986128165,
    0.19405139828829662, 0.18657848967806154, 0.17943947414017242,
    0.17428066063186395, 0.16669412321694518, 0.1619140406989533,
    0.16260273576430653, 0.1547845921114735, 0.14845142027606134,
    0.14252162449385808, 0.13793890494043412, 0.1362741513825629,
    0.1315640427739076, 0.1328707132893412, 0.12057345271434473,
    0.11869045006840126, 0.11605863844084999, 0.11343303488810426,
    0.10800982473175162, 0.10864014644175768, 0.105375821945136,
    0.09867524432585291, 0.09459197063646886, 0.09147104118829189,
    0.08936169229285873, 0.08652063017792028, 0.0828375157535724,
    0.09149383773784274
  ],
  "val_losses": [
    0.36582618757434515, 0.30414222180843353, 0.30603981147641723,
    0.3038153214299161, 0.31555734704370086, 0.2926883587370748,
    0.28631015445875085, 0.2761358129589454, 0.262729293950226,
    0.24804954522329828, 0.23344062851822894, 0.23852052410011707,
    0.22064093856707864, 0.20847013689901517, 0.21590885001680124,
    0.20255767456863238, 0.20530182382334833, 0.20902575941189475,
    0.20307504256134448, 0.18722097478483035, 0.18704565776431042,
    0.18362122061459915, 0.18460228423709454, 0.17916243328996326,
    0.1827061169821283, 0.18184719169917313, 0.18128025078255197,
    0.18494464003521463, 0.17183946364599725, 0.17249542118414588,
    0.1743195529865182, 0.18476192944723627, 0.17556448701931082,
    0.17071582733289056, 0.1808201068121454, 0.17739589447560516,
    0.17712896155274432, 0.18664423052383505, 0.1750258132815361,
    0.17779156598060028, 0.1858215458367182, 0.19020346163407617,
    0.23007377852564273
  ],
  "train_ious": [
    0.3442630725463274, 0.36919109119847165, 0.3715270681284206,
    0.37354120981879113, 0.3799304786260412, 0.38713864259860165,
    0.40276440039282985, 0.413121727827195, 0.4331571115793901,
    0.46587680889954913, 0.4921545851840704, 0.5232481912750264,
    0.5428382794818151, 0.5553248016082722, 0.5752455488495205,
    0.5866214016695388, 0.6033841649043391, 0.6184639851090269,
    0.6277557455975079, 0.6408754635764207, 0.6495680837635546,
    0.6481744055298793, 0.6616919088730778, 0.6738440434353936,
    0.683979740555304, 0.6922730432580346, 0.6952615065527138,
    0.7039826479403009, 0.7016129782558349, 0.7246017254133155,
    0.7278013027988485, 0.7322832783279204, 0.7380274902975212,
    0.7477515403559241, 0.7460320457492184, 0.7529791341959572,
    0.7667735054873038, 0.7749117780746755, 0.7814167710426062,
    0.7857777226878249, 0.7913821787181969, 0.7997686842429464,
    0.7822198075228848
  ],
  "val_ious": [
    0.23965734785989581, 0.3697567031435344, 0.3651021820479544,
    0.374352107445399, 0.35294485178546625, 0.39041120375412103,
    0.3991181085938991, 0.4105474156935668, 0.453941123344112,
    0.4795841862434062, 0.5160739040677099, 0.5023979061431644,
    0.5380564996081849, 0.5582729408490487, 0.5497284167702646,
    0.5775788298983503, 0.5675985491362171, 0.5842475885714311,
    0.574515628317992, 0.6104739503800005, 0.6084665725196615,
    0.6183630005604979, 0.6152549931320591, 0.6274688371281693,
    0.6253041020338086, 0.6293124398891476, 0.6262673932141152,
    0.6252922946992128, 0.6440093197684356, 0.6495298406352168,
    0.645981591032899, 0.6388142417738403, 0.6499065447976625,
    0.6549182503983594, 0.642601993204891, 0.6461892039447591,
    0.6552461048831112, 0.6486502885818481, 0.6543843579896982,
    0.6543878889170244, 0.6490120242039363, 0.6554897321739059,
    0.5859017267391302
  ],
  "training_time": 1013.0118296146393,
  "avg_gradient": 0.002053783585917679,
  "memory_usage": 930.06640625
}
