{
  "train_losses": [
    0.32322305311327393, 0.3023163619572702, 0.3006243389909682,
    0.29671694516487745, 0.2956323795344519, 0.2912039423118467,
    0.28792372491696605, 0.2791019614947879, 0.26634348297248717,
    0.254053409413799, 0.245624631886249, 0.2379638161510229,
    0.23019628793649052, 0.2228318258472111, 0.2169356947035893,
    0.20835139254189056, 0.19804500286345897, 0.19179123640060425,
    0.1828645381104687, 0.1771501838836981, 0.1726644450555677,
    0.16500227226187353, 0.15917095841596957, 0.1549313765667055,
    0.1512005632824224, 0.1468377849896965, 0.13996174688572469,
    0.13570808432996273, 0.13016014708125073, 0.1268774701849274,
    0.12586895076800947, 0.12036489662916763, 0.11800805293023586,
    0.11338601565069478, 0.1052843954657083
  ],
  "val_losses": [
    0.32602477786333667, 0.316840727692065, 0.32460143514301465,
    0.29883546220219653, 0.3114645228437755, 0.2950930524131526,
    0.2860280832518702, 0.27853613249633624, 0.26641689305720123,
    0.25775051246518677, 0.2514045902568361, 0.23676326546979987,
    0.23470075007366098, 0.23666175228098166, 0.2134682856824087,
    0.21575955366310867, 0.2012971338370572, 0.1953893844848094,
    0.1934124500207279, 0.1861550509929657, 0.18342579577280127,
    0.1819663815524267, 0.18750129737283872, 0.20553603185259778,
    0.17356391866569934, 0.1837190214706504, 0.17457735538482666,
    0.1766883329204891, 0.1746451124224974, 0.18233330742172574,
    0.17132444582555606, 0.1810070373441862, 0.1723960800015408,
    0.1809284674084705, 0.1975841567568157
  ],
  "train_ious": [
    0.3229237698660587, 0.3694505474506606, 0.3716714370853034,
    0.3776048689690642, 0.37952549617831627, 0.38562746086656413,
    0.39068151984300103, 0.40575947887871583, 0.4241161570256659,
    0.44883811655404665, 0.4851446891325, 0.5086941505660828,
    0.5250773723169727, 0.5397136721868018, 0.5522622388072203,
    0.5638924605766501, 0.5842510692613277, 0.5952865772651158,
    0.6123081741017706, 0.6225918986281193, 0.6294606196275654,
    0.6444288535124582, 0.6542486499833021, 0.6614816567820049,
    0.669192721878273, 0.6760341920822428, 0.6886198326297429,
    0.6964379822214444, 0.7072708768689115, 0.7125483517521537,
    0.7146237536832906, 0.724474789277799, 0.7297363122520243,
    0.7383310373170652, 0.7540020829849484
  ],
  "val_ious": [
    0.3601972894824068, 0.36264975520147796, 0.35436012995415844,
    0.37919985700990877, 0.3662184496288714, 0.3851696298174236,
    0.39424100539822504, 0.4053477219481398, 0.4250239919925081,
    0.43157149980061815, 0.4900192442903485, 0.5122097300338572,
    0.5203954040788221, 0.5216906269391379, 0.5594289371932762,
    0.5531348529933157, 0.5774428142585616, 0.5822000273543856,
    0.5994650380334994, 0.6110698799940123, 0.6187296818563902,
    0.6146411306184272, 0.6137302622630976, 0.6091115131326345,
    0.6317736937300019, 0.6243400092142215, 0.6283663316913275,
    0.6335550276697547, 0.642742082476616, 0.6386513146369354,
    0.6489697394595629, 0.6337155090725938, 0.6487960124361342,
    0.6456623565459598, 0.6060583987745687
  ],
  "training_time": 824.9275515079498,
  "avg_gradient": 0.0028939510179115347,
  "memory_usage": 930.06640625
}
