{
  "train_losses": [
    0.3260750689584276, 0.3028294296692247, 0.300560360369475,
    0.2993768183109553, 0.2974163138348123, 0.2941484572770803,
    0.2837805718831394, 0.2736458073005728, 0.26202683596183424,
    0.2506376699261043, 0.23902445731927519, 0.2278532044071218,
    0.21906957208462383, 0.21127411909401417, 0.20104474331373753,
    0.19358427830688332, 0.18454301673109116, 0.17920450477496438,
    0.17310606720654861, 0.16481328569352627, 0.16083537163617817,
    0.15896978464139544, 0.15158630134132894, 0.14718900965121778,
    0.14232843158685643, 0.14018735714742672, 0.13963723000462935,
    0.13071346222220556, 0.12466539632852959, 0.12244470255530399,
    0.12262613338458797, 0.1176244787790853, 0.11394140140517899,
    0.10983146500328313, 0.10520046406789967, 0.10500464057954757,
    0.10027144768315813, 0.09488168500525795, 0.09190655382269103,
    0.08749269945142062, 0.09812066870053178
  ],
  "val_losses": [
    0.3232579665339511, 0.307312926520472, 0.31561421700145886,
    0.3058402207882508, 0.306813543257506, 0.2935879878375841,
    0.28306375508723053, 0.2786490301723066, 0.2664650523144266,
    0.2597251683473587, 0.24495415940232898, 0.2523425444960594,
    0.22890803800976794, 0.26456481574670127, 0.21338621850894846,
    0.20036942447009293, 0.19992247159066406, 0.18952360198549603,
    0.18573293705349384, 0.18472428490286288, 0.19353523494108862,
    0.17989247292280197, 0.18090487077184345, 0.17269565067861392,
    0.17580303679341855, 0.18076229516578757, 0.17370735659547473,
    0.16859052718981452, 0.17507941794136297, 0.17543493243663208,
    0.17979488068300745, 0.19000354376824005, 0.18782324538282727,
    0.1719783946223881, 0.17728652222001035, 0.18717353110728058,
    0.17600505961024243, 0.18280331336933633, 0.1744743064045906,
    0.17780403306950693, 0.1909059865967087
  ],
  "train_ious": [
    0.3160569464848844, 0.3695581426421259, 0.37201499989628,
    0.3730688798337012, 0.376454426895219, 0.38200701503428647,
    0.39932372795952253, 0.4149428370033158, 0.4389538631989309,
    0.48178587394321076, 0.5057749774549961, 0.5276292776014061,
    0.5453877460643434, 0.5596593846769434, 0.5787787975176526,
    0.5923746095673331, 0.6074295997673618, 0.6198892359068428,
    0.6281378222224504, 0.6437707702102872, 0.651604136047156, 0.65484535186619,
    0.6682135140982226, 0.6756465423690232, 0.6852184712778829,
    0.6877290556288287, 0.6887404059694298, 0.7048991426177647,
    0.7160039486336535, 0.7205055795501972, 0.7202870291320312,
    0.7296690079720989, 0.7366826905720474, 0.7443849996704123,
    0.7536778461350044, 0.7546975571608199, 0.7633662013795925,
    0.7745975145827172, 0.78099541614453, 0.7903098284766297, 0.7717292414087319
  ],
  "val_ious": [
    0.3532309583995653, 0.3669457098712091, 0.3662911345147776,
    0.36768506640109466, 0.36845665510565234, 0.3843280638473622,
    0.4011147504447169, 0.40733822274732107, 0.4667757672892101,
    0.47731187086606375, 0.5048090543435968, 0.4970884486169055,
    0.5310338302582932, 0.4858048142514368, 0.5571516010424364,
    0.5869037312441978, 0.582512306886307, 0.6031669030586879,
    0.6045391649223755, 0.6187494094820991, 0.6072101031524547,
    0.625057058273882, 0.6155837214943292, 0.6395794697429824,
    0.628318749692129, 0.6302616797063664, 0.6298915838849717,
    0.6479374325793723, 0.6467554491499196, 0.6445845907581026,
    0.6415180000274079, 0.6267297943865042, 0.6321616602548656,
    0.6542252433904704, 0.6526936957801598, 0.630811651331791,
    0.6565089029246483, 0.6562477579151375, 0.6577240053726279,
    0.6604390457488492, 0.6241258030784301
  ],
  "training_time": 966.6133921146393,
  "avg_gradient": 0.0017712137292122197,
  "memory_usage": 930.06640625
}
