{
  "train_losses": [
    0.3165351196151713, 0.3019584130657756, 0.2998838427922,
    0.29989903468800627, 0.2975909993376421, 0.2911429319368756,
    0.28437622498882853, 0.2756478280314933, 0.2657375860473384,
    0.2569858718501485, 0.24882548261919749, 0.2400277973679097,
    0.2303427209186813, 0.218233539601383, 0.20936536805137343,
    0.19938513790459736, 0.19084317415304805, 0.18585862065462963,
    0.17953299577145473, 0.17414244377742644, 0.16828810958110768,
    0.1623726453146209, 0.15560003637295702, 0.15208877857936465,
    0.14815988148684087, 0.14302608123778002, 0.14146718670330619,
    0.1330080609768629, 0.12850585770185874, 0.12390344375339539,
    0.1200541682622355, 0.11425991700557263, 0.11528220432608025,
    0.11062211859161439, 0.10401615828437649, 0.09743632015812656,
    0.10318992760680291, 0.09770662240360094
  ],
  "val_losses": [
    0.3328408825656642, 0.30535636777463165, 0.3064176356014998,
    0.30125033077986346, 0.3000348650890848, 0.28800525678240735,
    0.3067035091959912, 0.2731434851884842, 0.26226076451332675,
    0.2524126120235609, 0.2824157670788143, 0.2375834652263185,
    0.24354583575673724, 0.2261251256517742, 0.20557641270367996,
    0.2009310307710067, 0.1995281939921172, 0.18751001811545828,
    0.18942595111287158, 0.18929255300241968, 0.17757562062014703,
    0.18142590509808582, 0.1699169679828312, 0.17174883024848026,
    0.17022885058237158, 0.16573273552500684, 0.16774208357800607,
    0.16644985844259677, 0.16806699044030646, 0.1650886960003687,
    0.1648161764378133, 0.16594062680783478, 0.1663203012684117,
    0.17009592574575674, 0.1726370321019836, 0.1638058174563491,
    0.17540593250938083, 0.17783821600934732
  ],
  "train_ious": [
    0.3409543765871432, 0.37028415168995266, 0.3728538678294528,
    0.37236162512630644, 0.3765650200626967, 0.3871168560439453,
    0.3970417149956356, 0.40970531475621724, 0.42414701359295615,
    0.446905444610161, 0.4730357345618792, 0.49838106821466605,
    0.5231845107037517, 0.5449482281624837, 0.5607205385315247,
    0.5803965716690255, 0.5967910688208496, 0.6058780872195526,
    0.6169110337893169, 0.6256532836165547, 0.6371291019022463,
    0.6484943349184334, 0.6613633336256382, 0.6669096643294112,
    0.6745118656992045, 0.683719267123851, 0.6863191079186357,
    0.703009616853534, 0.7095105840244156, 0.7189845671148403,
    0.7253896857517355, 0.7371486674832256, 0.7355131075002143,
    0.7445199944726796, 0.7568280479830242, 0.770065567685642,
    0.7589177226890682, 0.7697289855475872
  ],
  "val_ious": [
    0.3528515014095584, 0.3616104341935419, 0.3695479646541071,
    0.37165726289369055, 0.37973500356294115, 0.3943587494069253,
    0.36296993234883185, 0.4141028463112152, 0.4288605299284362,
    0.4682715944675863, 0.45595609321110503, 0.5246212558037991,
    0.5124546857415766, 0.5143072831889858, 0.5629710062690402,
    0.5780497699760009, 0.582158277972021, 0.6040982377269992,
    0.6033621363449787, 0.6053349212675856, 0.6196429157170698,
    0.6298138976529024, 0.6328300673892532, 0.6347849122855975,
    0.6302792168613793, 0.6488866199185884, 0.647450610995293,
    0.6544299369704895, 0.6516581469255945, 0.6530101040135259,
    0.6647624770800273, 0.6584826157144877, 0.6578427907349407,
    0.6550047838169596, 0.6545090634321822, 0.665556755186855,
    0.6506508368512859, 0.6539343897847162
  ],
  "training_time": 895.1141269207001,
  "avg_gradient": 0.0021361487228829276,
  "memory_usage": 930.06640625
}
