{
  "train_losses": [
    0.31352058538924094, 0.30032894128690596, 0.2972597526791303,
    0.29363642794930417, 0.2876361310482025, 0.28090560476741067,
    0.2729819695586744, 0.26530847763237747, 0.25671634839280794,
    0.25019620148384053, 0.23924532192556755, 0.22784436518407386,
    0.21705284795683363, 0.20857791651202284, 0.20123106508475283,
    0.19408237812635692, 0.18824305992735468, 0.17988435794477878,
    0.1765984305707009, 0.17148067016640436, 0.16551762211905874,
    0.16073581130932207, 0.1580737336822178, 0.15094315487405527,
    0.1498056991916636, 0.14247185372464036, 0.14011949555867392,
    0.13774213579523822, 0.13020562084958606, 0.12749261700588724,
    0.12553504206564114, 0.1230620330442553, 0.11832395864083715,
    0.11339557737759921, 0.1143774152935847, 0.10706946832816237,
    0.10929227462443321, 0.10233023406370827, 0.09738090217275464,
    0.09456170479888501, 0.09150894678643216, 0.08877705883882615,
    0.08657741850323003, 0.09554742175437834
  ],
  "val_losses": [
    0.3234614619742269, 0.30324306371419324, 0.3028467323469079,
    0.29623807059681934, 0.3012253972499267, 0.28820658248403797,
    0.2706002920218136, 0.2671387895293858, 0.27356560366309207,
    0.24750891748977744, 0.23356823461211246, 0.24447567501793738,
    0.21312830532374588, 0.20836195932782214, 0.21957096457481384,
    0.19532784916784451, 0.20278305042049158, 0.18631896506185117,
    0.19193684244933334, 0.21338903094115463, 0.18343067233977112,
    0.1802269563726757, 0.18099885531093762, 0.1954723719669425,
    0.1865827347273412, 0.1848235567626746, 0.19238895631354788,
    0.17865136913631274, 0.1794373878966207, 0.1732215842475062,
    0.1863492163627044, 0.17446380983228268, 0.1800060414749643,
    0.17322414400784866, 0.17060325100370075, 0.17314350572617157,
    0.18078057727088098, 0.1716057522141415, 0.17317917943000793,
    0.18021018155243085, 0.18494234558032907, 0.18085642482923425,
    0.18550175460784332, 0.18733889544787613
  ],
  "train_ious": [
    0.3445414096073048, 0.37189826968571404, 0.3775732189524865,
    0.3833680984874566, 0.3934959149447038, 0.40336131990171864,
    0.4140735309918035, 0.42439363418507897, 0.43739834782969483,
    0.4621340996832323, 0.502012308160572, 0.5272809847838417,
    0.5480017979777806, 0.5656277046309434, 0.5775298564762308,
    0.5908547765642836, 0.6004393387423911, 0.6163699693329958,
    0.6218383577314841, 0.6324247008432509, 0.6421430996902611,
    0.6509715487127715, 0.6567160363538541, 0.668587612879017,
    0.6702071749537752, 0.6842278399221273, 0.6878410711668544,
    0.6926915432339991, 0.7068969133323514, 0.7111476962657077,
    0.7147853041364662, 0.7193801584451094, 0.7281070468758329,
    0.7374873706612032, 0.7360673581884395, 0.7504485386113323,
    0.7458027518637799, 0.7595005939188215, 0.7699836300874973,
    0.7758268267456173, 0.7825269085773524, 0.788107322124035,
    0.7928324335295223, 0.7750955573350623
  ],
  "val_ious": [
    0.34799274974975025, 0.361826352019241, 0.3783441280973131,
    0.3867464598970136, 0.3916690012683039, 0.4050665314214816,
    0.4196187376544095, 0.426804769547928, 0.43007012492423696,
    0.4797200414257638, 0.5238186072396196, 0.48892493583801866,
    0.5565668441679167, 0.5636988535955332, 0.5721611950708472,
    0.5843523562602375, 0.5877107282479602, 0.6060573456511981,
    0.6045199686634368, 0.5560729708792508, 0.6131505100191503,
    0.6248510808184526, 0.6243195037047069, 0.6027820144874463,
    0.6155258520789768, 0.6170917901655901, 0.6144807232894761,
    0.634439056550247, 0.6311387791149858, 0.6388732266166938,
    0.624063367213028, 0.6447882153417752, 0.6366987342851749,
    0.646441348220991, 0.6530883729025938, 0.6557729896427928,
    0.641759874812071, 0.659845935045809, 0.6531323047651761, 0.65402352809906,
    0.6460214730190192, 0.6450536972370702, 0.6531002052884172,
    0.6390584856271745
  ],
  "training_time": 1036.602840423584,
  "avg_gradient": 0.0051531360904895004,
  "memory_usage": 930.06640625
}
