{
  "train_losses": [
    0.3109261199184086, 0.3013852697027766, 0.3006387963567091,
    0.2990831855846488, 0.2940560485357824, 0.28601439313396165,
    0.2768353225420351, 0.2683085868863956, 0.2584729819032161,
    0.24957626677401687, 0.23903967253863811, 0.2291056073230246,
    0.219946782955009, 0.20927055876540102, 0.2009179424494505,
    0.19258668063127476, 0.1862337445921224, 0.17875997519687467,
    0.1712321155583081, 0.16702203298716442, 0.1611392525551112,
    0.15729152273548686, 0.15420866004474784, 0.14768335992551368,
    0.14510664886430555, 0.1384368674505664, 0.1342694923767577,
    0.1289948646546058
  ],
  "val_losses": [
    0.31375250803387683, 0.3192360563122708, 0.30098068519778876,
    0.30803332315838855, 0.29607100525627966, 0.29523530991181085,
    0.27586759626865387, 0.2738195839135543, 0.2669022682568301,
    0.25089050311109296, 0.24799255281686783, 0.237293000454488,
    0.23087660579577737, 0.21589441014372784, 0.2245524059171262,
    0.20889799879944843, 0.20895275829926782, 0.20720768331185632,
    0.1988770628105039, 0.211302081203979, 0.21126413604487543,
    0.20355069410541785, 0.19746161511410837, 0.1906947726788728,
    0.1890759157097858, 0.20590315370456033, 0.19447322870078293,
    0.22260249568068463
  ],
  "train_ious": [
    0.3547217589660949, 0.3702080365864262, 0.3704790425473363,
    0.3731372440098853, 0.3826667346276233, 0.3953716312737568,
    0.4087740079216332, 0.42023013245048746, 0.43600634109780795,
    0.4677674038490903, 0.4987569684297711, 0.5189598528668286,
    0.5391048345768797, 0.5593315741128247, 0.5773077802057717,
    0.592655411988929, 0.6052750194094318, 0.6184950265493511,
    0.6310540658516298, 0.640321036557788, 0.6491635128639747,
    0.6568266455677972, 0.6631362005204394, 0.6741916598833122,
    0.6785209505022434, 0.6910434037554957, 0.6980138784949331,
    0.7086012340758161
  ],
  "val_ious": [
    0.34705609234346846, 0.366110497769483, 0.37417685812798096,
    0.37798926342224726, 0.39060696203639544, 0.39909988771314214,
    0.4109347011300102, 0.4211045164560926, 0.4313376416060804,
    0.47392376280133275, 0.48930749793847417, 0.5079007779882437,
    0.5283568830809731, 0.5553728911107865, 0.5392607604355916,
    0.5641036735496661, 0.5761974466883616, 0.5779338098954465,
    0.5879939847450324, 0.5828351738012356, 0.5859621605579405,
    0.5845939500824263, 0.6001220212682433, 0.6110465354893517,
    0.6194812475123268, 0.5930916609755461, 0.6148902529823608,
    0.571226253889609
  ],
  "training_time": 659.1470789909363,
  "avg_gradient": 0.002615206859391276,
  "memory_usage": 930.06640625
}
