{
  "train_losses": [
    0.31235498254713806, 0.30026245700276416, 0.29596157938889833,
    0.29229958857531135, 0.28973821534410765, 0.2819373788231093,
    0.2674452718347311, 0.25639866891762486, 0.2458265111984118,
    0.23609651714239432, 0.2286134666722754, 0.21902564030302607,
    0.2105682450954033, 0.19937256537377834, 0.19112435145222623,
    0.1835772853506648, 0.1766681789380053, 0.16904669757122578,
    0.16421514190733433, 0.15971701859456042, 0.1545639213822458,
    0.15166530551631813, 0.14643110942257487, 0.13972310393886722,
    0.13561709042962478, 0.13289392759780522, 0.13004265405723583,
    0.12218555953839551, 0.12226299674290678, 0.11440614574467359,
    0.10898248090044312, 0.10780847226472004, 0.10516339159854081,
    0.09949170660389506, 0.0941578837354546, 0.09028809080305307,
    0.08664817610026701, 0.0852201597603119, 0.08191033068072537,
    0.08060571575618308
  ],
  "val_losses": [
    0.3054379140553267, 0.29735382808291394, 0.29819422636343085,
    0.2936538904905319, 0.2889375084120294, 0.28223400012306543,
    0.26630895455246384, 0.25762894393309305, 0.2725486117212669,
    0.24804218307785367, 0.265310017634993, 0.22277314248292343,
    0.22121446871239206, 0.20515432856653049, 0.20814899031234824,
    0.19383101230082306, 0.18866823613643646, 0.18333317695752435,
    0.18029041426337283, 0.18264614272376764, 0.17749166294284488,
    0.17411623312079388, 0.17389639110668845, 0.17339894564255423,
    0.1867751181125641, 0.1713825541993846, 0.17415480477654416,
    0.18482896653206451, 0.17524240813825442, 0.17543062535317047,
    0.17548773340556933, 0.18258785164874533, 0.17481417306091473,
    0.17347127620292746, 0.1751703208555346, 0.18043633453224017,
    0.17920485883951187, 0.18293613324994626, 0.1794312320973562,
    0.19760704299677972
  ],
  "train_ious": [
    0.34889244858283985, 0.3723562430621946, 0.37809357095671753,
    0.3834280441852584, 0.38827096751850576, 0.40049229076375126,
    0.4235016199110917, 0.44183070024076193, 0.475444551127072,
    0.5048245678561322, 0.5252936610790053, 0.5447972994837638,
    0.559938232049994, 0.57883415573641, 0.5986038286346888, 0.6102332079756088,
    0.6240790780039801, 0.6376134855807688, 0.6462939152683033,
    0.6547957860689226, 0.6637527068024094, 0.6688976166904838,
    0.6793898367795391, 0.6907862132226212, 0.6981118982252867,
    0.7030573721057264, 0.7080554376909703, 0.722141880811988,
    0.7225641126649968, 0.7373224464447602, 0.7470343950865922,
    0.749402681338614, 0.7540018835469432, 0.7657451548654098,
    0.7762599523192734, 0.7841057407575242, 0.7919756271269011,
    0.795130222225967, 0.8022346381044043, 0.8049981000738728
  ],
  "val_ious": [
    0.3689621742882267, 0.37819812263267616, 0.3810420090305633,
    0.3840482180965119, 0.39219981064830994, 0.40813762122306274,
    0.42727581268527365, 0.4429004506572435, 0.4535811151769282,
    0.4930116701601208, 0.47829126134730765, 0.5286860313752423,
    0.5499221182603768, 0.5647945188093876, 0.5708660788942074,
    0.5951187467013581, 0.6043400127386701, 0.6134299024723577,
    0.6268262640721557, 0.6162148522941961, 0.6288706779048063,
    0.6348742138648378, 0.6370499043361, 0.642421668422395, 0.6272917810989462,
    0.646820940833161, 0.6432389876116877, 0.6317218598248301,
    0.6474113427642464, 0.6498857725789582, 0.6518843662047731,
    0.6423045053430227, 0.6565864518068838, 0.6556805901337358,
    0.6576247578081876, 0.656552109165468, 0.659730452126351,
    0.6597689375065376, 0.6545419308586397, 0.6490484467451124
  ],
  "training_time": 942.9540741443634,
  "avg_gradient": 0.002283036730895261,
  "memory_usage": 930.06640625
}
