{
  "train_losses": [
    0.3152043121340482, 0.30129968374967575, 0.3008304188108962,
    0.2996720721864182, 0.298233719461638, 0.2948644639033338,
    0.28963114240247273, 0.281725539299457, 0.2722043933589821,
    0.26163709414717945, 0.24828663233505643, 0.23881724209565183,
    0.2263441400035568, 0.21843525103252867, 0.20923600685985191,
    0.1980683104661496, 0.19456444713084595, 0.18735077272614706,
    0.17727662574337877, 0.17179044830086437, 0.16442747551785863,
    0.1595602263898953, 0.15582995456845863, 0.15019188805118852,
    0.14624898143760537, 0.14169667746223832, 0.13626557264638983,
    0.13590340162424938, 0.1257882468888293, 0.12027384227384692,
    0.1204151046745803, 0.11385938650725977, 0.11275987642938676,
    0.10861934417777735, 0.10421982314437628, 0.10101042035967112,
    0.096355393488446, 0.09107475727796555, 0.08817040450547052,
    0.08762706714965728, 0.08656116967777842, 0.09087258986318889,
    0.08313698609076116, 0.07687186692719875
  ],
  "val_losses": [
    0.32844172353329865, 0.3604236854159314, 0.30405801145926764,
    0.3085026604973752, 0.3030648905297984, 0.324248471337816,
    0.28972115659195447, 0.28333049623862555, 0.31184424265571264,
    0.2560420055752215, 0.2504344002708145, 0.25094985702763434,
    0.2312626197286274, 0.23049880596606628, 0.22191539309594943,
    0.2272341546157132, 0.2202797677853833, 0.19741183648938718,
    0.20015737122815588, 0.20288404822349548, 0.1973536552294441,
    0.19667305505794028, 0.1948298189951026, 0.1824725276750067,
    0.184096764287223, 0.18103735375663507, 0.20649632649577182,
    0.19082877784967422, 0.18372406130251678, 0.18485994021529736,
    0.19658120721578598, 0.18419714110053104, 0.1861559337247973,
    0.1809317145658576, 0.18583275960839313, 0.1871371100778165,
    0.184033565223217, 0.18645968482546185, 0.19370637056620224,
    0.1911220019278319, 0.2052348456952883, 0.19531767037899597,
    0.19090410743070685, 0.19497385588677033
  ],
  "train_ious": [
    0.3427659196158988, 0.36937532366770637, 0.37028279944691656,
    0.37233484074933104, 0.37525203306461685, 0.3809047972009017,
    0.3887433395570887, 0.4017204559491487, 0.4147280824327554,
    0.4342196726419601, 0.4693243762628391, 0.49467636071199544,
    0.5240017138286562, 0.5410722507892743, 0.5595986899528383,
    0.5799701749954536, 0.5875051782560954, 0.6018076690210811,
    0.6198213782863337, 0.6298802994407605, 0.6449133132354937,
    0.6533136736547601, 0.6601115879265291, 0.6701425995839676,
    0.6774370507269666, 0.6854912070692449, 0.6953651673983837,
    0.6954478435218335, 0.7143993752374166, 0.7250507277423056,
    0.7246039996220582, 0.7366974223135173, 0.7391300385520941,
    0.7467316650394082, 0.7564124596723613, 0.7626710063305452,
    0.7717090578938742, 0.783062425698491, 0.7890120080091811,
    0.7899623571530633, 0.7928804751971493, 0.7832097317753497,
    0.7998080268718194, 0.8135842640978709
  ],
  "val_ious": [
    0.3573816278591118, 0.3392703459392289, 0.36211522852165123,
    0.3681793897480205, 0.36895197975462757, 0.36455732972725585,
    0.3908866907375445, 0.3984822842872562, 0.3643833239009417,
    0.44431825167081057, 0.47045093386069575, 0.487210351811803,
    0.5226946496877118, 0.5254212605996408, 0.5431382585910781,
    0.5466828533056852, 0.5507109370352566, 0.5851421185593675,
    0.5736468101757162, 0.5850849744418394, 0.5823705785948298,
    0.598445371657178, 0.5959813358343166, 0.6249387499646865,
    0.6171802322285762, 0.6238736752150714, 0.5884488261696219,
    0.6145266430533449, 0.6276540933311849, 0.627324125689009,
    0.6130961452921233, 0.6339356352885563, 0.6357533901497936,
    0.6421254590369652, 0.6355374008417131, 0.6346841257983359,
    0.642437085941218, 0.6350195526644803, 0.6354743503574013,
    0.6419075699388116, 0.6142026633024213, 0.6362194887537885,
    0.6433662700912225, 0.6399358850026475
  ],
  "training_time": 1037.8276064395905,
  "avg_gradient": 0.0016537758344786063,
  "memory_usage": 930.06640625
}
