{
  "train_losses": [
    0.3181857560639796, 0.3032060255822928, 0.3009438098448774,
    0.2975639561596124, 0.2945304307276788, 0.2879786021683527,
    0.28019602029867796, 0.2712152944472821, 0.2624792456626892,
    0.25354113915692206, 0.24429967076234196, 0.23503433427085046,
    0.2228982562766127, 0.2160049838864285, 0.20515327754875887,
    0.19800673214637715, 0.19077089517984702, 0.181755930185318,
    0.17625920717482982, 0.16880139927177326, 0.1638330368568068,
    0.15667732157137082, 0.15043986078513705, 0.14661890948596207,
    0.14149028350315665, 0.13885015601535206, 0.13262979746998652,
    0.13076162654096665, 0.12294378309794095, 0.12257853749653567,
    0.11991684325039387, 0.11185470482577449, 0.11209293762626855,
    0.10540558171013127, 0.10382149020290893, 0.09910104387318311
  ],
  "val_losses": [
    0.32449337710504944, 0.3043762082638948, 0.3013337720995364,
    0.2966023353130921, 0.303599182030429, 0.30311302646346716,
    0.2833583993108376, 0.27578534347855527, 0.26383075960304425,
    0.2564638555049896, 0.2513810687738916, 0.2340771329143773,
    0.2279412999101307, 0.21748718263014502, 0.21844957153434338,
    0.24290652573108673, 0.21858419899059378, 0.1996394596669985,
    0.19306786909051563, 0.18447710055371988, 0.1915723412581112,
    0.1832226667067279, 0.20170011565737103, 0.1786776421510655,
    0.18018520720626996, 0.17999127636785092, 0.1747972191027973,
    0.19072942176590796, 0.17098958110031875, 0.17944557349319043,
    0.1685473627370337, 0.17050421561883844, 0.17112683440032211,
    0.1738348758738974, 0.17080326281164004, 0.21089621827654217
  ],
  "train_ious": [
    0.33382870176073065, 0.368153349454772, 0.3714881873564054,
    0.37654467039765616, 0.3812269623752571, 0.3905623540694897,
    0.4023307511925469, 0.4154497971893224, 0.4298899164895424,
    0.4491711384227489, 0.4800981384756016, 0.5049625374781695,
    0.5345328653339242, 0.5460567345599765, 0.5654593099286589,
    0.5814737313683481, 0.5952226740402586, 0.6135776725638172,
    0.6243880029119875, 0.6362997837418661, 0.6461426136826258,
    0.6593635384587274, 0.6703493439632914, 0.6770146297479885,
    0.6872876011699006, 0.6910120019878164, 0.7021523322100223,
    0.7056954981948154, 0.7202902976693452, 0.7209298543740009,
    0.7248193106033661, 0.7410750613156437, 0.7403420357276567,
    0.752997600297997, 0.7560726209827087, 0.7656522230177688
  ],
  "val_ious": [
    0.35582385982422204, 0.36656739789506665, 0.3706479897535746,
    0.37570856711217715, 0.3866368041954179, 0.39376566656257805,
    0.3899826474379802, 0.41519295024699077, 0.43742874803264487,
    0.45110998980269057, 0.4746053859159566, 0.5055134298576824,
    0.5251681737709736, 0.5427252657819485, 0.555183142747568,
    0.5319971607431121, 0.5684964611478474, 0.5838355235215549,
    0.5952551140301469, 0.6103336799187935, 0.6028361475985983,
    0.612640341338904, 0.6039568331578502, 0.6260584387658298,
    0.6229227435761603, 0.6274120028036227, 0.6347512598486913,
    0.6149989161370456, 0.6511945696412653, 0.6330641758614691,
    0.6530350381913392, 0.6483593952396639, 0.6561874200900395,
    0.6552757618651873, 0.653936531016792, 0.6128995097849679
  ],
  "training_time": 847.3446216583252,
  "avg_gradient": 0.002084031712623565,
  "memory_usage": 930.06640625
}
