{
  "train_losses": [
    0.3084055527072886, 0.3024234886726607, 0.2985056763433892,
    0.29246693055914796, 0.288346570794997, 0.2838569281865721,
    0.2732998469601507, 0.260316824135573, 0.25034913396381814,
    0.23891971041650875, 0.23117196640890578, 0.21525758901691955,
    0.2048101400875527, 0.19470160608382328, 0.18670361732011256,
    0.18136932538903278, 0.17505610831405805, 0.16807187542967175,
    0.16192765323364217, 0.15630498820024988, 0.15275309251054472,
    0.14824447541943062, 0.1420996351086575, 0.1363084800541401,
    0.13234408758580685, 0.12895997395010098, 0.12625674178580876,
    0.11911778901096272, 0.1182860795651441, 0.11037016801698052,
    0.10523206218267264, 0.10197504423558712, 0.09893205413675826,
    0.10441140915550616, 0.09373485467032246, 0.09091266155566859,
    0.0854009723128832, 0.08396411760021812, 0.08292045249887135,
    0.07862880331990511, 0.07808213284158189, 0.07635017229325097,
    0.07432739116737376, 0.07099252807624314, 0.06804266693475454,
    0.06608753349713009, 0.06577456141214656
  ],
  "val_losses": [
    0.3157306987306346, 0.3243370393048162, 0.2987134067908577,
    0.2925196756487307, 0.287096682773984, 0.2843018258395402,
    0.2672589246345603, 0.267868437844774, 0.2507205783672955,
    0.2463116558349651, 0.22496303073737933, 0.21557181976411655,
    0.19885724394217782, 0.20152135128560272, 0.1982797899323961,
    0.18918757432180902, 0.17863437922104544, 0.1763977009965026,
    0.17529932182768118, 0.1996933160268742, 0.1758260092009669,
    0.16933759237113205, 0.17329489472119705, 0.17067026703254037,
    0.17408910652865534, 0.1766004332381746, 0.16477192355238873,
    0.16515738484652145, 0.16656811891690546, 0.1627503348433453,
    0.17309047540892725, 0.1711537656576737, 0.16925615185628767,
    0.17726022102262662, 0.17198990172018175, 0.17219067283946535,
    0.17092973917074825, 0.173627736289864, 0.17117583136195721,
    0.1786088025116402, 0.179829777582832, 0.18160503195679706,
    0.1803360315768615, 0.1892653463975243, 0.18660818591066028,
    0.1872287191774534, 0.1936345932924229
  ],
  "train_ious": [
    0.35756564273718316, 0.3680873432422628, 0.374458115709865,
    0.38323067350016127, 0.38947315119962783, 0.39725778376062726,
    0.41281539682244905, 0.4356719156339026, 0.4677768976740167,
    0.4993248524454727, 0.5172299916950474, 0.5522559935469991,
    0.5717555778506014, 0.5906430145158719, 0.6054701318937369,
    0.6160409520987584, 0.6261363835006521, 0.639155402077713,
    0.6512017091871173, 0.6603216268662092, 0.6674499302238658,
    0.6751318560994193, 0.6865876709529458, 0.6966421676502712,
    0.7043164709339974, 0.7104437066161112, 0.7149992184038608,
    0.7279410171120064, 0.729983971602675, 0.7442077184500897,
    0.7547097909061806, 0.7603588947567389, 0.7664744363746784,
    0.7563887388593906, 0.7774429679780764, 0.7828504415093988,
    0.794565307705299, 0.7975185875227487, 0.7998317156148992,
    0.809427285539931, 0.8104536167305451, 0.8149032910232962,
    0.8191575956517372, 0.8265053394480025, 0.8333397252836091,
    0.8376031773893728, 0.8386035645785539
  ],
  "val_ious": [
    0.3636696541635908, 0.3435462430335473, 0.36437662118586944,
    0.3832861368638882, 0.3950584861247438, 0.40044905957968346,
    0.42451131559800415, 0.4268355015915998, 0.47076896027378423,
    0.5000661310834296, 0.5410843368457712, 0.5546132227864821,
    0.5878658887484799, 0.5839598673409312, 0.5878394422107848,
    0.6056018952226294, 0.6189307142858919, 0.6257145083036975,
    0.6269416761571082, 0.5960501872974894, 0.6317896605401799,
    0.6415736353483752, 0.637289103174555, 0.6479349240012792,
    0.6397195836340172, 0.6430660950532859, 0.6591608355874601,
    0.6592356774254121, 0.6589004518329236, 0.6645466346239699,
    0.6585339517265127, 0.6540877272685368, 0.6658981088278949,
    0.65520745019118, 0.662534165641536, 0.6649935474430305, 0.6652508766754816,
    0.6700343444295552, 0.6689782380193902, 0.666001954804296,
    0.6634000736302222, 0.6575449484845867, 0.6677456705466559,
    0.6620792005805001, 0.6663541495800019, 0.6674026782098023,
    0.6622058578591418
  ],
  "training_time": 1107.4407675266266,
  "avg_gradient": 0.0017127959579207874,
  "memory_usage": 930.06640625
}
