{
  "train_losses": [
    0.3081769530215989, 0.3013152828359086, 0.29408573845158453,
    0.28130373148166615, 0.2658461953472832, 0.2514702659100294,
    0.2391314321885938, 0.2243216441863257, 0.21278456987246222,
    0.2018003275051065, 0.19459423196056616, 0.18570011910860953,
    0.1802412503115509, 0.17347225433458452, 0.1699223825303109,
    0.16153833278171395, 0.15822291277025058, 0.15245810365709273,
    0.1481872943594404, 0.1438935378404415, 0.13549217055349247,
    0.1343915692895003, 0.12954422357775594, 0.12446122211606606,
    0.11955057999686054, 0.12049011890169072, 0.11387193721273671,
    0.10970716060989577, 0.10681018751600514, 0.1028407824671139,
    0.09903042504320973, 0.09349430453680131, 0.09140473219525555,
    0.09514932601672152
  ],
  "val_losses": [
    0.30567365625630255, 0.31599135308162024, 0.29948580718558765,
    0.28918633124102716, 0.263049717830575, 0.24080994692833527,
    0.23755086537288583, 0.22469437219526456, 0.22498673038638156,
    0.25238470409227454, 0.1988510712981224, 0.20998295850079993,
    0.2259458526968956, 0.1951164635627166, 0.19550266764734103,
    0.18681605192630188, 0.19115439964377362, 0.17231206304353217,
    0.18563807917677838, 0.16865902685600778, 0.17586415034273398,
    0.16656730356423752, 0.17097339843926224, 0.1735159281803214,
    0.1653759288399116, 0.18185746248649515, 0.1632737962772017,
    0.16796797935081564, 0.16445070602323697, 0.1621604393357816,
    0.16641618214223697, 0.17161885276436806, 0.1743076524656752,
    0.18058031797409058
  ],
  "train_ious": [
    0.3604302670040774, 0.3705193669251775, 0.38150137220171937,
    0.40125185812728975, 0.4246480625860241, 0.47220630715162454,
    0.5048617292060582, 0.5358287013149347, 0.5575906946931196,
    0.5774132527572953, 0.5896768508667961, 0.6065100116952177,
    0.6165547878953856, 0.6302304618546495, 0.6364276115445126,
    0.6496266026751718, 0.6571358381838037, 0.6670255135150921,
    0.6745070089464602, 0.6828059189669464, 0.698199224806782,
    0.7000338111774643, 0.7086704646547635, 0.7184239097911377,
    0.7271952744627341, 0.7259378004009307, 0.7378824304087442,
    0.7461174291869005, 0.7517505763233574, 0.7596335241004176,
    0.7669863550235394, 0.7782837773902692, 0.7828242112005105,
    0.7758525357298229
  ],
  "val_ious": [
    0.359991170142008, 0.3489590151154477, 0.3875879133525103,
    0.41196329934873455, 0.42830013452824106, 0.4953464603834395,
    0.5185910978395006, 0.532472029760264, 0.5348336704183313,
    0.5145960074404011, 0.5845000642365303, 0.5787273523384246,
    0.5527144185658814, 0.601262682373973, 0.6124318090901858,
    0.6212323660003966, 0.6023950314392212, 0.6366004600473072,
    0.6254574736391291, 0.6422776396291844, 0.6345639993315156,
    0.6498851087214291, 0.6427556328151537, 0.6455275574024173,
    0.6570862104063449, 0.6370429487332053, 0.6638032178515975,
    0.6573171747335489, 0.6605669285940088, 0.6633673720601676,
    0.6609881228726843, 0.6642580865949824, 0.6596569604631782,
    0.6397353041431181
  ],
  "training_time": 800.3105981349945,
  "avg_gradient": 0.0029101194463969555,
  "memory_usage": 930.06640625
}
