{
  "train_losses": [
    0.32580074149629346, 0.30371682864168414, 0.3018685739649379,
    0.2983040501889975, 0.29488599899670354, 0.2920553836485614,
    0.2888871823316035, 0.28428223810118175, 0.282623284212921,
    0.2753428372999896, 0.2674739634537179, 0.2602536878346101,
    0.2540852058192958, 0.2499682133126518, 0.24101044148530648,
    0.23302763522319173, 0.22759648477253708, 0.21842378102566884,
    0.20943445558457272, 0.2002122886478901, 0.1920592458513768,
    0.18403506659619187, 0.17690129294667556, 0.17222037182553954,
    0.16707244134791518, 0.1596026365523753, 0.15788529950963415,
    0.15010062536305707, 0.148589962809954, 0.14170721614652354,
    0.13707071684462868, 0.13292803801596165, 0.12991365790367126
  ],
  "val_losses": [
    0.33979844139969867, 0.30076685418253357, 0.3212481238271879,
    0.30337124609428906, 0.2993380025677059, 0.2898865167213523,
    0.28636049835578253, 0.3452053031195765, 0.30127692222595215,
    0.2841718870660533, 0.2641842128789943, 0.2617913986677709,
    0.25706511055645737, 0.2515643767040709, 0.2373014277090197,
    0.23744776197101758, 0.2588867337807365, 0.22672099328559378,
    0.2281881425043811, 0.21338763897833618, 0.19740387635386508,
    0.19118527841308844, 0.19479960527109064, 0.1792808320859204,
    0.17953356031490408, 0.19253087659244952, 0.17931584981472595,
    0.18909404362025467, 0.16930509682582773, 0.17955925088861716,
    0.17120413385007693, 0.17257969243370969, 0.21450018915145294
  ],
  "train_ious": [
    0.31286305007086124, 0.3678640572379002, 0.3696170389328312,
    0.3758523036064445, 0.38107958166063705, 0.3852411309878033,
    0.3902487666278645, 0.39664398446895094, 0.3998663532885086,
    0.41035943553931475, 0.4218138364704313, 0.43356902217223964,
    0.4516638415620549, 0.46755302791811815, 0.4911015468170405,
    0.5064823214585584, 0.5214663166012884, 0.5413326262833845,
    0.560227708351137, 0.5782511429456264, 0.5956250763349775,
    0.6108436251356119, 0.624065327471581, 0.6314526882724489,
    0.6419449108180362, 0.6559661048046057, 0.65845519212493,
    0.6733964154685755, 0.6750438727870366, 0.6872869373123713,
    0.6954123663405575, 0.7028165574630963, 0.7080367115744646
  ],
  "val_ious": [
    0.33380548807157984, 0.36773572322251136, 0.35834467238274176,
    0.37447865415310533, 0.37687698438547657, 0.3863355916911278,
    0.3942863491998203, 0.3231936640281608, 0.38463769291622046,
    0.40602329351763783, 0.4276864768370338, 0.4423170085132554,
    0.47497393190860765, 0.4538210117514583, 0.488091348953869,
    0.48656900680583454, 0.4809800505206205, 0.5233611317648404,
    0.527933028837045, 0.561038336892059, 0.5814767178633937,
    0.5924106645195382, 0.5903309785585473, 0.6217996471601983,
    0.6207312125226728, 0.6054849216471547, 0.6245683379795242,
    0.605644257820171, 0.6405545531407647, 0.6402731092943662,
    0.6422130642593772, 0.6481412215077359, 0.5721685487938963
  ],
  "training_time": 778.055807352066,
  "avg_gradient": 0.004444803325082194,
  "memory_usage": 930.06640625
}
