{
  "train_losses": [
    0.31118637080425804, 0.3017277766181075, 0.3008993049354657,
    0.299223194465689, 0.2916729853528997, 0.27833603881299496,
    0.2657160369436378, 0.2538620934052312, 0.24530467091371183,
    0.2373864608614341, 0.22821756031202234, 0.21526451611324496,
    0.20465948829508346, 0.19561061886665615, 0.1878867086994907,
    0.1833008053186147, 0.17512125319436841, 0.16918696341631206,
    0.16402784467715284, 0.16171513352057207, 0.15515630578865175,
    0.15002994862911495, 0.14366282178493944, 0.140372927867524,
    0.13730727281907332, 0.13394103345015776, 0.13085264712572098,
    0.13069469011996104, 0.12181102245560159, 0.12145686983738256,
    0.1147050291461789, 0.11283438612261544, 0.10842826371283634,
    0.10258968664414209, 0.10293760260000177, 0.09851123032200595,
    0.09390766975348411, 0.09287350689587386, 0.09714800127498481,
    0.09124708349776009, 0.08335644399504298, 0.08107403965423936,
    0.07761989436719728, 0.07459182535176692, 0.07333984302923731,
    0.07616335785259372
  ],
  "val_losses": [
    0.3218276215636212, 0.30318994431392005, 0.3039135822783346,
    0.3110093694666158, 0.30006675033465674, 0.2794739114849464,
    0.27108690563751303, 0.25469066947698593, 0.24829773054174756,
    0.240567356671976, 0.23962060459282086, 0.22279853114615317,
    0.21340566646793616, 0.19426651039849158, 0.19736971414607504,
    0.18540550606406253, 0.18214963570885037, 0.18820337011762286,
    0.19284636721662854, 0.17848614992006964, 0.17292577514181967,
    0.1739305622227814, 0.17077681227870609, 0.16570509873006656,
    0.1674012907821199, 0.16437379853880923, 0.18306363503570142,
    0.1636245921254158, 0.17454414021061815, 0.15256472191084985,
    0.1638038799814556, 0.15893175566326018, 0.15814202473215436,
    0.15785338178924893, 0.1621123231623484, 0.16300755609636722,
    0.16297943145036697, 0.17504772997420767, 0.17104558274149895,
    0.1599981729751048, 0.16947419358336407, 0.17079815057956654,
    0.16286121746120247, 0.16962285048287848, 0.17518872443748557,
    0.17803188251412433
  ],
  "train_ious": [
    0.348143854239754, 0.3685066600047203, 0.37019374025507273,
    0.37341390925608925, 0.38523040708066425, 0.4062308167999023,
    0.4239869614806582, 0.440124309369887, 0.471224854204659,
    0.5036250503085877, 0.5247586205385733, 0.5501838877959095,
    0.5706597369542156, 0.5885055225234533, 0.6011193224323402,
    0.6104300897298516, 0.6247272065206281, 0.6345400440412157,
    0.6460533827219318, 0.6490072755385999, 0.661733649617088,
    0.6708532465972761, 0.682979489312224, 0.6893836633990644,
    0.6945105855339682, 0.7004179722373035, 0.7062125264842444,
    0.7061316314814748, 0.7226989610471586, 0.7240212793475479,
    0.7360519185878229, 0.7396453066688522, 0.7483143866386104,
    0.7597273499097518, 0.7594032467383404, 0.7678626275256929,
    0.7773577905111557, 0.7796557791315126, 0.7714605515525821,
    0.7829254036364349, 0.7996164255276107, 0.8046290809693543,
    0.8121308355011804, 0.8188675376384155, 0.8217525119366853,
    0.815468303319337
  ],
  "val_ious": [
    0.3717233350743418, 0.36412297880304045, 0.365492677990941,
    0.37723474737751944, 0.3812392736258714, 0.4139645079973717,
    0.4325645927112445, 0.44033070838929195, 0.47900215352790954,
    0.5023854825699675, 0.47617811304719554, 0.5540567671043286,
    0.541526119346204, 0.5972891442369724, 0.5947287331024805,
    0.6075133118724478, 0.6124696951845418, 0.6091407315022704,
    0.6163225681453511, 0.6234273672967717, 0.6367867493974991,
    0.632824116858883, 0.636706010694953, 0.6490828278272048,
    0.6554902761742687, 0.6575595172850982, 0.625327179397362,
    0.650373097995053, 0.6530719341143321, 0.6706216112859006,
    0.6584424719862316, 0.668050642894662, 0.6751314043134883,
    0.6700997931369836, 0.6705127092807188, 0.6771822599829107,
    0.6687736703433854, 0.6530043083256569, 0.6614117147266001, 0.6764222940673,
    0.6760293832723646, 0.6783381560142488, 0.6873003045717877,
    0.6828105389208036, 0.6746545449115228, 0.6741502438334451
  ],
  "training_time": 1082.8593640327454,
  "avg_gradient": 0.0020141146439780102,
  "memory_usage": 930.06640625
}
