{
  "train_losses": [
    0.3115241700864356, 0.3033324936809747, 0.3001240778552449,
    0.29634874265479005, 0.2932817210321841, 0.29099950145768083,
    0.28761476100138994, 0.2849594591104466, 0.2794357528505118,
    0.2661470357814561, 0.24732379809669827, 0.2317906163794839,
    0.2204070219203182, 0.20922068903303664, 0.20077928706355716,
    0.1929957022809464, 0.18382012147618376, 0.17974675859770048,
    0.175721421594853, 0.16980895481031874, 0.16344311574231024,
    0.1571065129145332, 0.15278267414997454, 0.15138254006919655,
    0.14242529832636533, 0.14144546392819154, 0.13571427353536306,
    0.13147095918817364, 0.12323308266375375, 0.12198967462324578,
    0.11449495735375778, 0.1119407240058417, 0.10850438143572082,
    0.1019037540840066, 0.09765670918252158, 0.09184541869098725,
    0.09326509544220955, 0.08938350540626308, 0.09121498740885568
  ],
  "val_losses": [
    0.32473029908926593, 0.30361933617488196, 0.3012460982022078,
    0.2946014993864557, 0.2899502600016801, 0.28805392591849616,
    0.2872911613920461, 0.2922724799617477, 0.3008313379857851,
    0.26211842473434366, 0.25108642422634625, 0.23376299797192865,
    0.21809764951467514, 0.20344357969968216, 0.20296302502569946,
    0.2128265095145806, 0.18655062466859818, 0.20745751423680264,
    0.18497649385877277, 0.19349408797595813, 0.17712289937164472,
    0.17573491159988486, 0.18831476212843604, 0.1808847678096398,
    0.1684273840940517, 0.17207160235747046, 0.17755071948403897,
    0.16930697955515073, 0.17023057069467462, 0.17541810805382935,
    0.16757071471732596, 0.17033498410297476, 0.17307454023672186,
    0.17056530163339947, 0.17633437106142874, 0.1709076930647311,
    0.17029914648636527, 0.1718781512716542, 0.18284359995437705
  ],
  "train_ious": [
    0.3514716958312763, 0.3675706437735917, 0.3722260906913595,
    0.3778301449353318, 0.38234514500135963, 0.38517472345847653,
    0.38929770929847296, 0.4005011434896323, 0.41524217825845255,
    0.44701243336380003, 0.4889377673979906, 0.5191394200521531,
    0.5422152958918306, 0.5633098648564109, 0.5792857442537078,
    0.592121289179161, 0.610351108149558, 0.6174326712346595, 0.625007865221604,
    0.6368011779867219, 0.6479771142096625, 0.6587617011821787,
    0.666551840586075, 0.6700512175110803, 0.6853628393424593,
    0.6881358667236304, 0.6979762866985108, 0.7047780969760558,
    0.7210370750314948, 0.7223812062563238, 0.7360329799138114,
    0.7412950367923234, 0.7480948756894338, 0.7609005978573924,
    0.7691689609833385, 0.7816479597510634, 0.7790634811356448,
    0.7870416862053288, 0.7843959812020912
  ],
  "val_ious": [
    0.3491484322160208, 0.37223913179258333, 0.378564102926116,
    0.38936879734198254, 0.38928819156211353, 0.39413897218047717,
    0.39246940319561335, 0.4055947566917841, 0.4204843661248468,
    0.4594654072939917, 0.48059594280261914, 0.5132290371626184,
    0.5494240746981857, 0.5681840709370115, 0.5943251935684161,
    0.5421153616322123, 0.6054554259863452, 0.5782278604481531,
    0.6028856076840043, 0.6004194557882737, 0.627203775488812,
    0.6258619246275529, 0.615274593450021, 0.6332482464503549,
    0.6533461275739948, 0.6426358164652533, 0.6350280836872432,
    0.6496250169432682, 0.6462387289258017, 0.645237641705983,
    0.659528260645659, 0.6540573623733245, 0.6554128771674805,
    0.6529580425956975, 0.6619985276374266, 0.6662849637045376,
    0.6560658922661906, 0.6650235618370168, 0.6415351594703783
  ],
  "training_time": 920.3136947154999,
  "avg_gradient": 0.002023255924622115,
  "memory_usage": 930.06640625
}
