{
  "train_losses": [
    0.3082771252678788, 0.30056180157091306, 0.29667519243515056,
    0.29300064415387483, 0.28463218798455986, 0.27621335916869016,
    0.2664461204701144, 0.25109323770131753, 0.24073693455885287,
    0.22656226490178835, 0.21950006962794325, 0.20911405956291634,
    0.20212965401942315, 0.19562805889417295, 0.18953806947430837,
    0.18176661982484485, 0.176052442630348, 0.17064337489073692,
    0.16608632250648478, 0.16099517209374387, 0.15709283186689668,
    0.15339532575529555, 0.15006146681211566, 0.14430154491539882,
    0.1409204316770901, 0.1330685889672326, 0.13005356531104315,
    0.12767596733148978, 0.12934691758583422
  ],
  "val_losses": [
    0.306352770846823, 0.3283149470453677, 0.2947062908307366,
    0.2855561790258988, 0.2835960388183594, 0.27812599131594534,
    0.2619593205011409, 0.26423282532588294, 0.23346008295598236,
    0.2258683145046234, 0.2131268718968267, 0.2223014656616294,
    0.2051226451345112, 0.21745157112245975, 0.20545109523379285,
    0.18871837076933487, 0.19377453722383664, 0.19127295393010843,
    0.17962251797966336, 0.1885093123368595, 0.18102643088154172,
    0.18802469223737717, 0.18642377075941666, 0.17261242801728455,
    0.18348162426896716, 0.16854575211587158, 0.17731754546580109,
    0.1731180836972983, 0.18921917936076288
  ],
  "train_ious": [
    0.36046736613243935, 0.3715229194233381, 0.3771082008446473,
    0.38305236841889373, 0.3955097903591999, 0.40881144606332837,
    0.4225215549280804, 0.46675836953896127, 0.5013940531247548,
    0.5290045082515129, 0.5423438583055268, 0.5626220081973338,
    0.5762700135077256, 0.5874667607679744, 0.5995207992584808,
    0.6142312271007591, 0.623623827526319, 0.632596755535274,
    0.6419313623421434, 0.6516875920520311, 0.658032981057962,
    0.6648538265431275, 0.6711470320064954, 0.681371792071107,
    0.688374905158644, 0.7020728951994925, 0.7067350664756435,
    0.711838281456975, 0.7087288840093475
  ],
  "val_ious": [
    0.3670302428629088, 0.3433099718413492, 0.3789420175379602,
    0.3948806766150654, 0.4033482081216315, 0.4195702179618504,
    0.4340433345147914, 0.4736702634912471, 0.5257508186758426,
    0.536300682179306, 0.5567637744589128, 0.5551349427820977,
    0.5746068058238513, 0.5322548054374645, 0.5664164293287456,
    0.6048901162069777, 0.5895907507426499, 0.5927095177812853,
    0.6253806765096774, 0.6149900633355846, 0.6263106381115707,
    0.6119059622287749, 0.62726814461791, 0.642411617913108, 0.6098541475940441,
    0.6487088911775228, 0.6406748709471328, 0.6435317662747009,
    0.6169669541759768
  ],
  "training_time": 683.9538612365723,
  "avg_gradient": 0.0068068034779321515,
  "memory_usage": 930.06640625
}
