{
  "train_losses": [
    0.3208566163869008, 0.30220351060447487, 0.29935129829075025,
    0.2956103949767092, 0.29345966843159305, 0.2878524789019771,
    0.28216070066327636, 0.2741657429901154, 0.26698118253894476,
    0.25822089280447236, 0.2505599558353424, 0.24208483942176984,
    0.23329917211895404, 0.225058167848898, 0.21837719456981058,
    0.21039173978826273, 0.20395635278976482, 0.1977410817761784,
    0.19090313512993895, 0.18213866302824538, 0.17412174331105273,
    0.1674529212810423, 0.16543526129554148, 0.15818712682179784,
    0.15418917807224003, 0.1488853073881372, 0.14390575245994588,
    0.14031158383611753, 0.13643797831204924, 0.13087781356728595,
    0.12480661131279625, 0.12266530157269342, 0.11835035568346149,
    0.11534965005905731, 0.11165399278473595, 0.1079624169708594,
    0.10148519957843034, 0.09954101146887177
  ],
  "val_losses": [
    0.3171861126371052, 0.3110086250564326, 0.31199575247971906,
    0.2932195002618043, 0.292360734032548, 0.2967197007459143,
    0.29425136744976044, 0.2701465850291045, 0.2646507306591324,
    0.2648991890575575, 0.24806643147831378, 0.23606711334508398,
    0.23397088342386743, 0.22539717412513235, 0.2200130697177804,
    0.22478906032831772, 0.2089340553983398, 0.20694462501484415,
    0.22968794178703558, 0.2052150459393211, 0.19536145193421323,
    0.18815025395673254, 0.18918403043695117, 0.17927293706199396,
    0.18177901661914328, 0.18311403659374817, 0.17750741185053534,
    0.1753285384696463, 0.17546655302462372, 0.17796970677116644,
    0.17729741010976874, 0.18149621072022812, 0.17177692298655925,
    0.17327884843815927, 0.175739375145539, 0.18054828339296838,
    0.17137692609558935, 0.19375665583040402
  ],
  "train_ious": [
    0.3199163246276708, 0.3686468760175769, 0.37333140075397625,
    0.37816788763671666, 0.38134665546138674, 0.3895926457182636,
    0.3996678593356646, 0.41175112745759834, 0.4213825115775829,
    0.4353007271675066, 0.4662289672615651, 0.4920468839303845,
    0.5148504833704319, 0.5336286781247755, 0.5467529502035915,
    0.5650673860657043, 0.5770980749225266, 0.5887442463064108,
    0.6002077721329272, 0.6130723208728908, 0.6289083708509584,
    0.6394177398010008, 0.6428785987900217, 0.6570873559061166,
    0.6635273780295816, 0.6729623942055568, 0.6817766289240208,
    0.6884108602028821, 0.6946733108033307, 0.7046941127898038,
    0.7156709865599435, 0.7201284394747971, 0.7277771013694396,
    0.7336863607060218, 0.7406151780615677, 0.7474555761917777,
    0.7604728262817507, 0.7647059080393421
  ],
  "val_ious": [
    0.3247613634752191, 0.3673768395531005, 0.3693002788484961,
    0.38478695591455075, 0.3850618918304859, 0.3896927867967137,
    0.3938236098122392, 0.41700315636294183, 0.4300857783468993,
    0.4422477558930067, 0.48068282704638404, 0.5145280193807421,
    0.5186995198761208, 0.5355453196427097, 0.5428858600232913,
    0.5448684840314629, 0.5697154525829398, 0.5768664167195128,
    0.5483900302130243, 0.5760200362706529, 0.5987886680641035,
    0.6183126041854637, 0.606587716742702, 0.6268059635075971,
    0.6206774739683538, 0.6201116032358529, 0.6317147908435351,
    0.6335455233204192, 0.6358548230019168, 0.633089065335799,
    0.6331433934577998, 0.6342285476301027, 0.6474429634602172,
    0.650613778743191, 0.6368580877348997, 0.6419362931147866,
    0.6571345599233239, 0.6280170620783515
  ],
  "training_time": 895.3570122718811,
  "avg_gradient": 0.002724904965017743,
  "memory_usage": 930.06640625
}
