{
  "train_losses": [
    0.3088977056676927, 0.30210457790804945, 0.2987121330655139,
    0.2941503448654776, 0.29080102074405423, 0.2872975837925206,
    0.2845569670848224, 0.2788775299230348, 0.26634754256709764,
    0.25322559832230856, 0.24118202957122223, 0.23166456518937711,
    0.22249568780155285, 0.21134886493825394, 0.2040309466259635,
    0.19423865810360597, 0.18738534836017567, 0.17959050745095895,
    0.17460442933699358, 0.16724918361591257, 0.1606725217855495,
    0.15634386006580747, 0.15165270508631415, 0.14510387534518604,
    0.1402833612392778, 0.13813732410578625, 0.12984991458285114,
    0.12981363163208184, 0.12066600532473429, 0.11614841404978347,
    0.11025640599267639
  ],
  "val_losses": [
    0.3102341618226922, 0.29965788968231366, 0.3106766796630362,
    0.29681575751822925, 0.2965373552363852, 0.28839820429034857,
    0.2803131316019141, 0.26654762969068857, 0.25552556210238003,
    0.23707371431848276, 0.2415780188596767, 0.22993599655835525,
    0.23958483370749847, 0.20801376778146494, 0.20464156341293585,
    0.20742011977278668, 0.2152561111294705, 0.1893015183184458,
    0.1800451119956763, 0.20362151997244876, 0.18647415385298108,
    0.1833934605769489, 0.1744071403923242, 0.2014440971872081,
    0.18772837487251862, 0.1743036301239677, 0.16785434925037881,
    0.17479967228744342, 0.17732825421768686, 0.17226486717877182,
    0.3563004929734313
  ],
  "train_ious": [
    0.3566537524271499, 0.3693170467732419, 0.3744860997126587,
    0.38177907769230857, 0.3872970540778362, 0.3923455477901029,
    0.3966278958712039, 0.40795376899869457, 0.43590490213102695,
    0.468138219916896, 0.4989050358965776, 0.5197204861897918,
    0.5395459938470433, 0.5587718251120785, 0.5719492550183467,
    0.591360474086326, 0.6021394209693308, 0.6160899993518126,
    0.6272702353696029, 0.6395112347883591, 0.6522514195977777,
    0.6595589051536027, 0.6683405791611773, 0.6799312166437728,
    0.6884829328543899, 0.693151265652715, 0.7067802788122842,
    0.7075976078816947, 0.7247034521314546, 0.733102591087421,
    0.7447000293304094
  ],
  "val_ious": [
    0.3642013785631761, 0.37366881016371917, 0.3207276833878047,
    0.37640685728494677, 0.38444383701552515, 0.3885329333336457,
    0.42714042354213155, 0.42329031058614136, 0.45197817019146436,
    0.49192163369793834, 0.5041179199149645, 0.5204042123927586,
    0.49198042015558563, 0.5609708796592726, 0.5708741030615307,
    0.5865537441079166, 0.5712489804279979, 0.6078267803658609,
    0.6184002348910206, 0.5715202235657236, 0.6121025182630706,
    0.6099190871784654, 0.6360789904559868, 0.5847351596407269,
    0.6156254078167073, 0.6376483965179192, 0.6460256656442863,
    0.6363204432570416, 0.6367155706536944, 0.6493829812692559,
    0.5180205070022222
  ],
  "training_time": 730.0354416370392,
  "avg_gradient": 0.002246291665507983,
  "memory_usage": 930.06640625
}
