{
  "train_losses": [
    0.31116662142069446, 0.2954242137139258, 0.2839508791980536,
    0.2712256361770889, 0.2589301240185033, 0.24762148142832777,
    0.23667020439777686, 0.22393982906056487, 0.21317145827671755,
    0.2034973303746918, 0.19623671261512715, 0.18912347001226051,
    0.18029860698658487, 0.17483151048097922, 0.1686250141457371,
    0.1650646819692591, 0.15970291496942873, 0.15699144011444371,
    0.15141407683815644, 0.14573389008317306, 0.14356816442602355,
    0.13734021426542944, 0.13364316122201475, 0.13121864867761082,
    0.12346022632782874, 0.12107547222758117, 0.1195440691612337,
    0.12044175714254379, 0.11528807959478835, 0.10950547744236562,
    0.10406309273093939, 0.09823331240888523, 0.09349501663414032,
    0.09010909550377856, 0.09706075724376284
  ],
  "val_losses": [
    0.3429563628590625, 0.41198194869186566, 0.30092085897922516,
    0.2744525881565135, 0.2634793639830921, 0.24072078745002332,
    0.24123964912217596, 0.22402035736519357, 0.21672222471755484,
    0.20753054839113486, 0.2071712172549704, 0.1956804245710373,
    0.18375355879897656, 0.18900517439064773, 0.18083878638951675,
    0.17811198111461557, 0.18162093311548233, 0.16788195948237958,
    0.1781653603133948, 0.17562042468267938, 0.1786849259034447,
    0.1686241641316725, 0.16333335978181465, 0.1617145907619725,
    0.1754995539136555, 0.1677843879746354, 0.17872007936239243,
    0.16152676648419836, 0.16734290025804355, 0.16616132596264716,
    0.16938861459493637, 0.1676450455966203, 0.16571522131562233,
    0.16268071694218594, 0.19153146802083307
  ],
  "train_ious": [
    0.35252088388753444, 0.3818302890420823, 0.3986175626624322,
    0.4160325331051247, 0.4540612051989519, 0.48764615606489586,
    0.5115407796549627, 0.5358393385844386, 0.5552720537922089,
    0.5737828781315379, 0.5887203004103206, 0.6011960253497397,
    0.6166326587452836, 0.6274163809915386, 0.637519028523694,
    0.6449110318731143, 0.6534647861144683, 0.6585603670041631,
    0.670487712636806, 0.6805069940029707, 0.6835980887754235,
    0.6946436729336132, 0.7016745245867012, 0.7055867392083874,
    0.7200908003293948, 0.7241291963643784, 0.7276422020209872,
    0.7256087117113065, 0.7346895648625448, 0.7456131593148781,
    0.756645056432572, 0.7680138500164383, 0.7780591548568957,
    0.785028230074955, 0.7712770378136118
  ],
  "val_ious": [
    0.36676591094853217, 0.3522735473470411, 0.40483628515748016,
    0.4178862382720675, 0.451648174231683, 0.5035211540002753,
    0.5156155197300774, 0.5375105326158413, 0.5572569295763968,
    0.5743098255732786, 0.5771771591642628, 0.5962587239733638,
    0.6090534657671832, 0.6033216146887213, 0.6229489618453425,
    0.6290017215238102, 0.6093176063420117, 0.6423891990081125,
    0.6265771425720575, 0.6375985171483908, 0.6298976987600324,
    0.6474333308313205, 0.6504426682772844, 0.6579322713440741,
    0.6387364030748174, 0.6574218959912009, 0.6468537119419677,
    0.6610592405001323, 0.6547070309735725, 0.6642689486776573,
    0.6636296134927998, 0.6615322757026423, 0.6727411638999332,
    0.6779169472663297, 0.6350394973288412
  ],
  "training_time": 824.3874797821045,
  "avg_gradient": 0.003090028700219124,
  "memory_usage": 930.06640625
}
