{
  "train_losses": [
    0.3145818977576235, 0.30209284340557846, 0.30103751255766203,
    0.300776277223359, 0.2979038435479869, 0.2965270878504152,
    0.29367995942416397, 0.2906072764940884, 0.286429929992427,
    0.2817448721793683, 0.2759277915339107, 0.27113187337375205,
    0.25907009669944, 0.24725525129748427, 0.23598388987390892,
    0.2274873183797235, 0.21802917916489684, 0.21036884059076724,
    0.2011717662377202, 0.1931498538216819, 0.18736521697238737,
    0.1787845114974872, 0.17493746356795664, 0.1698524698453105,
    0.16442182376656844, 0.1593575945690922, 0.1516437573844324,
    0.14630874384032644, 0.14374456943377203, 0.1405922327109653,
    0.13487426803001892, 0.12946327455827725, 0.12524394690990448,
    0.12288396959395512, 0.12128395396892143, 0.11410020789860384,
    0.10591953474542369, 0.10352485541902158, 0.10193608272010865,
    0.1023914894979933, 0.1098602868049689
  ],
  "val_losses": [
    0.3010025963835094, 0.3011156767606735, 0.30173364346442016,
    0.3051285478083984, 0.31259630620479584, 0.310447972105897,
    0.29078917917997943, 0.2941409705773644, 0.2865159965079764,
    0.2794397913891336, 0.27840102982261905, 0.2791397526212361,
    0.2563145445740741, 0.24290914898333343, 0.24829362235639407,
    0.22419153866560562, 0.23623408636321191, 0.21860975901717725,
    0.21513118238552756, 0.21499425529137903, 0.1999046825196432,
    0.18396676234577014, 0.19474526365166125, 0.18912725215372833,
    0.19299358777377917, 0.18344443744939307, 0.1750648860698161,
    0.1820587755545326, 0.18245083190824674, 0.1726706692058107,
    0.17314393202895703, 0.1685778505128363, 0.174735382847164,
    0.17540145406256552, 0.17268155158861823, 0.1727145259147105,
    0.16722228701995767, 0.1705634451430777, 0.1806043843212335,
    0.17289584518774695, 0.19335758070582929
  ],
  "train_ious": [
    0.34549046227855623, 0.36912288786918024, 0.3706761384591238,
    0.37116550984386704, 0.37601526919412304, 0.37657582585120186,
    0.38158962306307076, 0.38595889650647547, 0.3922981649447191,
    0.4000002438404383, 0.4095684508941145, 0.4283407760727983,
    0.4585553438282925, 0.48661876456353104, 0.5103590139525308,
    0.5284535284491553, 0.5458650601676842, 0.5610137236830983,
    0.5777511652828993, 0.593431788483176, 0.6027359257087752,
    0.6192765077441065, 0.6256506633877322, 0.6358782663617445,
    0.6452420109316062, 0.6531105958249259, 0.6680615632862286,
    0.677408321612123, 0.6827703666319885, 0.6881928471983342,
    0.698425469569106, 0.7078185117115146, 0.7161848754554557,
    0.7206793424227961, 0.7234706496414928, 0.7368932738360287,
    0.752418576483277, 0.757330632782069, 0.7606589055579644,
    0.7600085145213464, 0.7458082336554491
  ],
  "val_ious": [
    0.3701122053291485, 0.3745560909983265, 0.37099483458028315,
    0.37027589325871424, 0.35198144873847126, 0.38171255399398757,
    0.38643792487572926, 0.39257298345151165, 0.3934209422356841,
    0.403366599263382, 0.41883479820672365, 0.44502964578029036,
    0.46399742394577775, 0.5044317684959675, 0.5039763552123221,
    0.5348227002482482, 0.5098469187168108, 0.5403848085282504,
    0.5446717245639235, 0.5565738601313119, 0.5781696127808611,
    0.6094130656641461, 0.5995740046103795, 0.6068346971187037,
    0.6103656557591065, 0.6044208847958107, 0.6317664905302766,
    0.6264668279799862, 0.6180296067310416, 0.6377673609101253,
    0.6382081230049549, 0.646636768311694, 0.6423883975847909,
    0.6368927754785703, 0.6466413442639337, 0.6521104502937068,
    0.6598118191611938, 0.656844257660534, 0.6477488685345305,
    0.6578502132408862, 0.6198637234991875
  ],
  "training_time": 965.2485330104828,
  "avg_gradient": 0.001991815706669808,
  "memory_usage": 930.06640625
}
