{
  "train_losses": [
    0.32582113422129466, 0.3038317911002947, 0.30331934081471484,
    0.3007298795425374, 0.2967696840996328, 0.29435978230574855,
    0.29161975484179414, 0.28943791208059894, 0.28801977796399075,
    0.2846301570534706, 0.28062230389079323, 0.2696907396387795,
    0.2572822526259267, 0.24571480124217013, 0.2361393328756094,
    0.22678711265325546, 0.21965579648056757, 0.2088681384111228,
    0.20194752708725308, 0.194225551398552, 0.1857506989946832,
    0.17926039992143278, 0.1747571560351745, 0.169520307575231,
    0.1609271587399037, 0.15797325061715167, 0.15298959454926458,
    0.1506274371691372, 0.14337042642190403, 0.142616699449718,
    0.13421176673601504, 0.13140525045278278, 0.13053227568288212,
    0.12282405566910039, 0.11909397667192895, 0.11414263624212016,
    0.10910794624815816, 0.1102240742791606, 0.1032895816328085,
    0.10817617133421742, 0.0975568951310023
  ],
  "val_losses": [
    0.3053875332293303, 0.310107435869134, 0.30769636643969495,
    0.2990820764199547, 0.3052322935798894, 0.29629021688647894,
    0.28947797417640686, 0.29737837936567224, 0.29332166521445563,
    0.2911844068895216, 0.2811440864334936, 0.2685783317555552,
    0.2640611898639928, 0.2557967842920967, 0.24476668951304062,
    0.2356045748228612, 0.2184103562132172, 0.21276705485323202,
    0.2043725404402484, 0.2191596837795299, 0.20794644627882086,
    0.18494270029275314, 0.1899430758279303, 0.18202603932308115,
    0.1825108550812887, 0.18185303522192914, 0.18692072480916977,
    0.17509374022483826, 0.1769530766684076, 0.16972233355045319,
    0.1730011539614719, 0.1780692818372146, 0.17324130561040796,
    0.17302625658719437, 0.17691275898529135, 0.165962188464144,
    0.17120116139235703, 0.1835721737664679, 0.17585226148366928,
    0.16627209827951764, 0.18261240714270136
  ],
  "train_ious": [
    0.3149118241564557, 0.36657936803850705, 0.3649710850234218,
    0.3711250868164837, 0.3778117560529965, 0.3810878752581469,
    0.38523586518973724, 0.3897217300323987, 0.3928544457022468,
    0.39858745975283644, 0.4059483282497084, 0.4269070819685021,
    0.4531744264126958, 0.48543439171803376, 0.507840101701626,
    0.5282802750909888, 0.5442775849090971, 0.5653141948623932,
    0.5794256012346864, 0.5944749204900819, 0.6077047906600042,
    0.6204767657470872, 0.6284951840027949, 0.638165302142717,
    0.6528650822414868, 0.6579752192441107, 0.6672376749524174,
    0.6714761762515361, 0.6834089086539505, 0.685990227305371,
    0.7004797809041932, 0.7044039623460907, 0.7070071235623053,
    0.7210788568616774, 0.7279863946571731, 0.7371171023426709,
    0.7469355323608373, 0.744924960415, 0.7581058310317816, 0.7494510575805017,
    0.77016219680292
  ],
  "val_ious": [
    0.3636335771584856, 0.348217450714994, 0.3693312162506407,
    0.37329202298449515, 0.3696909199158351, 0.3797936378498138,
    0.38651650004106586, 0.39280204091620124, 0.3771216780608654,
    0.38675105896027817, 0.40730172067718656, 0.4397138462712369,
    0.44705781996574107, 0.455080098297069, 0.4952383209289847,
    0.5151070713780929, 0.5486399827228076, 0.5652882451380509,
    0.5761020803365153, 0.5563927626480227, 0.5698867362478504,
    0.6153409666773202, 0.6068521775845169, 0.6192471462747325,
    0.6205319449089577, 0.6229839376781299, 0.6217109763967819,
    0.6335917104413543, 0.6362123083377229, 0.6456563874431278,
    0.6423501257879147, 0.6355904440085092, 0.6392407000496767,
    0.6459040801594221, 0.6419640537621318, 0.6538971442243328,
    0.6565876987533292, 0.6452092297267223, 0.653524705465289,
    0.661274652334227, 0.6390890720961749
  ],
  "training_time": 966.230268239975,
  "avg_gradient": 0.001814713209876744,
  "memory_usage": 930.06640625
}
