{
  "train_losses": [
    0.31123325811780017, 0.30120932440394943, 0.29999303007903305,
    0.2988515486535819, 0.2942167658196843, 0.2856242225869842,
    0.2745736800134182, 0.26666658201619337, 0.25772670445882756,
    0.2470163828490869, 0.23797330341261366, 0.2260155136818471,
    0.2136073688288098, 0.20493787000684635, 0.19838945300358793,
    0.18955014759431715, 0.18214715855277103, 0.17483873551954393,
    0.16956058428015397, 0.16268822202539962, 0.1556409095292506,
    0.15391267917078474, 0.15095663459404654, 0.14349103354565476,
    0.138705858434348, 0.13713048637399208, 0.133900825339167,
    0.1284835196464606, 0.1219621110788506, 0.12055146811610978,
    0.1159084201587931, 0.11448684913794631, 0.11230175237616767
  ],
  "val_losses": [
    0.305096254400585, 0.30700674653053284, 0.30051160571367846,
    0.29639656647391943, 0.2928872626760732, 0.2798884770144587,
    0.28560476652953937, 0.26129160756650177, 0.25487389318321063,
    0.24330307705246884, 0.24752414258925812, 0.22411311838937842,
    0.22090525633614996, 0.21812156652626785, 0.2117951505857965,
    0.19670344273681226, 0.19064590788405875, 0.1870205418571182,
    0.19761805430702542, 0.18713101420713507, 0.1842737184918445,
    0.195748140954453, 0.1797372957934504, 0.1842603136015975,
    0.18406680841808734, 0.20010120389254196, 0.18051311049772345,
    0.1814093780906304, 0.18394402965255405, 0.18199631345012915,
    0.18473448571951492, 0.1788829808001933, 0.19454966193955878
  ],
  "train_ious": [
    0.35076533919967956, 0.36985445800034883, 0.3717127668036931,
    0.37386524936427235, 0.3823127724986145, 0.3981983703763589,
    0.4128981516935356, 0.4224348584744089, 0.4400699968913074,
    0.4715721342122971, 0.49686071416363126, 0.5288916552385343,
    0.5550674275913533, 0.570541844743749, 0.5839307592452869,
    0.5990181689731019, 0.6115261681269908, 0.6246329022814398,
    0.6348613184485317, 0.6478822274484495, 0.6605559284596338,
    0.6636027442156406, 0.6684160684977751, 0.682843219974767,
    0.6911887224169745, 0.6938925477257671, 0.6994407847523688,
    0.7098513261239595, 0.7217785881265352, 0.7245505406804705,
    0.7331174217380478, 0.7357993618301724, 0.7409095883477425
  ],
  "val_ious": [
    0.36208917308544764, 0.3593226755442826, 0.37543145513189025,
    0.3810635304105454, 0.3846622357765833, 0.40578950898370886,
    0.40613271843623167, 0.43484977223451493, 0.44088393648364255,
    0.4622690432934442, 0.47930947917958955, 0.5284956106241198,
    0.5352181453743708, 0.5418833752257236, 0.5642994202781416,
    0.5863422455563062, 0.601973458368709, 0.6023682765122773,
    0.5945660737545595, 0.6061281886869583, 0.6095512996333232,
    0.5976256504654883, 0.627374926339025, 0.6204416710829389,
    0.6177370488859606, 0.6021464450851731, 0.6305445039617842,
    0.6333971751340921, 0.6337785841762155, 0.6358391376941099,
    0.6281445162451788, 0.6427482591159102, 0.625444046613099
  ],
  "training_time": 777.7660970687866,
  "avg_gradient": 0.001618150836689248,
  "memory_usage": 930.06640625
}
