{
  "train_losses": [
    0.31018401617589203, 0.2965134155491124, 0.2897411066552867,
    0.2819277495145798, 0.27170522097984084, 0.25834809025020705,
    0.24779400132272555, 0.2373678758740425, 0.227262940014834,
    0.2171914096435775, 0.20937236293178538, 0.2004148296849883,
    0.19178126290764497, 0.1836038573604563, 0.1742094894466193,
    0.1685642205664645, 0.16330429628167464, 0.15896237358126952,
    0.1529810716519537, 0.14728341211119425, 0.14563807112205288,
    0.13970854688111856, 0.13331975160247606, 0.1308339258008029,
    0.12654215413267197, 0.11720035731306543, 0.11672288487138956,
    0.11540424329755099, 0.10778883504478828, 0.1006261522922179,
    0.10075507211782363, 0.09988564208311879
  ],
  "val_losses": [
    0.304164984303972, 0.39688027099422785, 0.30313596647718677,
    0.2794887643793355, 0.2736930529708448, 0.2734208434172299,
    0.2427696964663008, 0.2500427971067636, 0.2292801724827808,
    0.24225352024254593, 0.20945365014283554, 0.20375441630249438,
    0.19483910792547723, 0.20510416153980338, 0.188914167492286,
    0.18313910229050595, 0.17955486800359644, 0.184928093591462,
    0.1774909787851831, 0.20235647066779758, 0.17878163767897565,
    0.1759014813148457, 0.18430473655462265, 0.17778243610392447,
    0.16972249033658401, 0.18806449388680252, 0.16509429462577985,
    0.17462705010953156, 0.16990623623132706, 0.17230529273333756,
    0.17720359887765802, 0.19516734876062558
  ],
  "train_ious": [
    0.3596456757384632, 0.3786689403156443, 0.3877837996983878,
    0.4009437420661897, 0.4162488735364275, 0.44626023956832644,
    0.4822662309338541, 0.5077180074446875, 0.5306494154198014,
    0.5489331256544243, 0.5654968432002306, 0.5805095454165035,
    0.5973517029829647, 0.6112468679961952, 0.6269357740285172,
    0.6391617932181428, 0.6486299494416388, 0.6554065435260966,
    0.6671619633401648, 0.6769462698611663, 0.6795459317880266,
    0.6905218174384126, 0.7026806769595624, 0.7077127054225706,
    0.7143701588114105, 0.7315843137709991, 0.732587045949438,
    0.7355661046137847, 0.7497006391269577, 0.7639955634224241,
    0.7641002641639847, 0.7657802519051061
  ],
  "val_ious": [
    0.3696334120156109, 0.3755950893180958, 0.3970216180103413,
    0.4117846041917801, 0.42313323202340497, 0.4556392110020355,
    0.5056790566962698, 0.4827722373647967, 0.5233226909801578,
    0.49896699379103776, 0.5711070005444513, 0.5740387135225794,
    0.5955190561387851, 0.5932100823392038, 0.6065019030069959,
    0.6172884095838104, 0.6227145860160606, 0.614955334343772,
    0.6299435066572135, 0.6058537403958432, 0.6294118466152662,
    0.6363164946652841, 0.6255355666297069, 0.6288879336654275,
    0.6420301028351854, 0.6355582171160242, 0.6518941813189051,
    0.6435107804726866, 0.6506917370834213, 0.6564207435518075,
    0.6472221241481061, 0.6342301234818887
  ],
  "training_time": 754.282675743103,
  "avg_gradient": 0.00232757927844464,
  "memory_usage": 930.06640625
}
