{
  "train_losses": [
    0.314152971719918, 0.30206517599847005, 0.3012028913135114,
    0.2989403979609842, 0.29425258740134863, 0.2850604342377704,
    0.27526772848289943, 0.2662480697845635, 0.25546983629465103,
    0.24681821157750877, 0.23906259222523027, 0.23196295162905817,
    0.2257127064563658, 0.21897302989078604, 0.20721662125509718,
    0.1998963091198517, 0.19267406792420408, 0.18497001242054545,
    0.17785638441210208, 0.17250436285267706, 0.16632755027840967,
    0.16167810567371224, 0.15854387495504774, 0.15245252256484135,
    0.15032298360829768, 0.14167772808476634, 0.13877417126913433,
    0.13530021808717563, 0.1301535397120144, 0.12529857914246942,
    0.12247632962206136, 0.12134933176086, 0.11750912297841,
    0.11126182062308425, 0.10772059764713049, 0.10014761291930209,
    0.09685627994653971, 0.10134597904170337, 0.09478237443482099,
    0.09142429831073336, 0.08638538987092349, 0.08229432068765163,
    0.0841094182966196, 0.0859253736131865, 0.07564939216346196,
    0.07148564293089768, 0.06923403056419414, 0.07291782521845205,
    0.07147543703246376, 0.06539530388039091, 0.06231518504817201,
    0.06024117599767835, 0.059517316945383085, 0.062024386781875204
  ],
  "val_losses": [
    0.3131835991921632, 0.3323082535163216, 0.2990266952825629,
    0.3085926401874293, 0.29657651419224945, 0.28893597359242645,
    0.28157265873058984, 0.2757294796731161, 0.2617133784553279,
    0.24131749376006748, 0.2404637482503186, 0.23352521593156067,
    0.23066027689239252, 0.25770125764867535, 0.23779494477354962,
    0.2064177737287853, 0.21131529529457507, 0.19201336736264435,
    0.1938298581087071, 0.1857413037315659, 0.18777665495872498,
    0.18469517192114954, 0.19337476725163666, 0.17167957386244898,
    0.17516304811705713, 0.1789579080498737, 0.17433767636185107,
    0.18382193277711453, 0.1864682089375413, 0.16954650341168695,
    0.16997419929374818, 0.16512178176123163, 0.18707892217713853,
    0.17601060510977454, 0.16974919354138168, 0.17987277164407398,
    0.18298659991958868, 0.17273797289184903, 0.1813269607398821,
    0.17734924039762953, 0.18497927017186, 0.1861959229344907,
    0.1885527680101602, 0.18506848860694014, 0.18282524787861368,
    0.18629668474845265, 0.18643200073553168, 0.1826215532162915,
    0.19224492881609045, 0.19845679499532864, 0.19848449933140175,
    0.20046796034211697, 0.20341595974953278, 0.27353546509276266
  ],
  "train_ious": [
    0.34706010751137184, 0.3690523499582819, 0.3698949546382033,
    0.37399267768345756, 0.3815023851736269, 0.39557275950352183,
    0.41081236942164817, 0.42216912890802805, 0.44144254109166936,
    0.47131854812064544, 0.5007209500189925, 0.518008461087078,
    0.532496350398962, 0.545695450372886, 0.5672071402001639,
    0.5799574129877313, 0.5923766119378631, 0.6074073908013707,
    0.6205997887350946, 0.6296762114633685, 0.6396450713492824,
    0.6483938163821247, 0.6547071048854919, 0.6659184882714265,
    0.6698229879788734, 0.6852634060534015, 0.6902924251837146,
    0.6967906524845658, 0.7061439818446186, 0.7148037154929362,
    0.7207614853438256, 0.722881144695524, 0.7303732420331327,
    0.7413884395382541, 0.7484820917032766, 0.7638715216215105,
    0.7709866961383295, 0.7614479481741998, 0.7751053769843302,
    0.7826546624410843, 0.7932802987271463, 0.802163797012274,
    0.7993444288014502, 0.7944423226450661, 0.8168729496174967,
    0.8263092624104545, 0.8311797587767896, 0.8233079955629676,
    0.8261722910447398, 0.8398702800057939, 0.8470064807629234,
    0.8517261156137443, 0.8533478082306144, 0.8486260874871762
  ],
  "val_ious": [
    0.36933764910577016, 0.360732800502708, 0.37632695509903674,
    0.38527678473041876, 0.38467479054478637, 0.4050610097854034,
    0.3985020371450894, 0.4186573099830877, 0.4563615580453821,
    0.5003623338821143, 0.5047687629534715, 0.5031799175169155,
    0.5264549028614294, 0.5250812612365987, 0.534552317166674,
    0.567173115477182, 0.5586472134227339, 0.5991640182724897,
    0.6110579306664673, 0.6153349319229955, 0.6112791407799374,
    0.6150092647775361, 0.607062947490941, 0.6352612281191177,
    0.6303976244036704, 0.6355251611574838, 0.641895530016526,
    0.6306571858948556, 0.6336415731820508, 0.6493606357902719,
    0.6454425914132078, 0.6481744951528051, 0.6466080814168074,
    0.6466805375572564, 0.6495791902576667, 0.6514430592457454,
    0.64880454669828, 0.6536113371451696, 0.6520085894111273,
    0.6602728662715441, 0.6510791638191197, 0.6616714609705884,
    0.648793575340423, 0.6589135033064994, 0.6651321701381516,
    0.6669829062361646, 0.6649428025103997, 0.656228477972141, 0.66321330981842,
    0.6609133978684744, 0.6650615764268931, 0.6641324395718781,
    0.6636145538178044, 0.6115887264410655
  ],
  "training_time": 1273.0036857128143,
  "avg_gradient": 0.002571288205461676,
  "memory_usage": 930.06640625
}
