{
  "train_losses": [
    0.32403446312831796, 0.30416254569654877, 0.30168043255158095,
    0.30068615030335344, 0.3000095425092656, 0.29890181755890016,
    0.2957832333834275, 0.28939742271019064, 0.2819070097706888,
    0.272958278251083, 0.2602010183846173, 0.2503940403137518,
    0.23752679943066576, 0.22319784112598584, 0.21304933953544367,
    0.20550881666333778, 0.19892209023237228, 0.19040090574518495,
    0.18331670259004054, 0.17657220987198147, 0.17273552116492522,
    0.1653358679588722, 0.159749922140137, 0.15520844341296217,
    0.15051528665682543
  ],
  "val_losses": [
    0.3391455599795217, 0.3151320387487826, 0.3078550657500391,
    0.32593513830848364, 0.3156210352545199, 0.31124742782634235,
    0.32413868800453516, 0.28922571954519855, 0.2873910276786141,
    0.29645196056884265, 0.25909404586190765, 0.24681612460509592,
    0.24920316688392474, 0.2280371914739194, 0.22362207880486612,
    0.2247084871582363, 0.2079652343755183, 0.20634307355984396,
    0.195782538017501, 0.1909127445972484, 0.1989821464471195,
    0.19514120110998984, 0.22002775643182837, 0.18783011157875476,
    0.24984370074842288
  ],
  "train_ious": [
    0.3170161740502712, 0.3658771170306391, 0.36989064149067585,
    0.3713560719954224, 0.3725360392494082, 0.3745540965527441,
    0.37994126936624467, 0.3896954355612357, 0.40017676116756623,
    0.4130474826192639, 0.4416441727007722, 0.46850467567075627,
    0.4991164851960711, 0.5332631443397722, 0.5564163434926584,
    0.5694203530910654, 0.5829444373215452, 0.5977047892638305,
    0.6109208642518605, 0.6228007687444707, 0.629975899487086,
    0.6433018762348357, 0.6532424103630625, 0.6610239373277066, 0.669667960563
  ],
  "val_ious": [
    0.33837283111136884, 0.3664795375472117, 0.3685827095382527,
    0.3633662045433902, 0.368092112035178, 0.3594472846691159,
    0.37928006484888604, 0.3931406496659569, 0.40040966954784135,
    0.41984879689804006, 0.4485196620765803, 0.47288587632710527,
    0.4791799299958824, 0.5285086763509805, 0.540740418261376,
    0.5483791908060295, 0.5686322806969933, 0.5693112812612366,
    0.5915190612060436, 0.5971795038684555, 0.5925905045823775,
    0.5846190966557766, 0.5504769932316698, 0.6113702953941581,
    0.5111136313365852
  ],
  "training_time": 588.5368964672089,
  "avg_gradient": 0.002619475951548117,
  "memory_usage": 930.06640625
}
