{
  "train_losses": [
    0.3248123137847237, 0.30370312427049095, 0.301924923353869,
    0.3020526491429495, 0.30073473991259286, 0.3004400806258554,
    0.2999408387619516, 0.2968523716149123, 0.28763011308467906,
    0.27569888499767886, 0.2669055980184804, 0.25859840108972526,
    0.25060339506877505, 0.24185723641320414, 0.23206922565789326,
    0.22151234438237938, 0.2177094514279262, 0.20617172551219878,
    0.19855192101196104, 0.19086308024175788, 0.18307843261762805,
    0.18074801556118156, 0.17172761156183222, 0.16470391716322172,
    0.16097987588980925, 0.15623028211943482, 0.1500033664152674,
    0.14613923677445753, 0.14378450349297212, 0.13754724196927703,
    0.13221993609129087, 0.12688061121203328, 0.12246096858997708,
    0.12157781102249156, 0.1257879738088535, 0.11720728169640769,
    0.10774650291094313, 0.10581232639758484, 0.10148574557641278,
    0.10161014719177848, 0.09915971893655218, 0.0930466196378288,
    0.08899407501777877, 0.08659424373637074, 0.08789276910702819
  ],
  "val_losses": [
    0.39414431673029193, 0.34880211301471875, 0.30886179921419726,
    0.3085248930298764, 0.3287697751884875, 0.30601583226867346,
    0.3032081690819367, 0.29658167906429456, 0.28817981481552124,
    0.2852738311757212, 0.263948941036411, 0.27181832233200903,
    0.2526196960521781, 0.2763378299448801, 0.23676544913779135,
    0.2373164555300837, 0.22147323482710382, 0.256746223439341,
    0.20985705502655194, 0.20018254123304202, 0.19811981203763382,
    0.20672846293967703, 0.19271030115044635, 0.19121345553709113,
    0.1937647419779197, 0.18731419094230817, 0.1911789541659148,
    0.20351946775032126, 0.1849204431409421, 0.18188456802264505,
    0.20430221732543863, 0.20230187184136847, 0.18710762942614761,
    0.19020888468493585, 0.1820862643096758, 0.18502614258424097,
    0.18904816521250684, 0.18645847232445426, 0.18297313153743744,
    0.1914494355087695, 0.18989804743424707, 0.19270705885213354,
    0.1919256876344266, 0.20119786132936893, 0.20449997646653134
  ],
  "train_ious": [
    0.32455322738062437, 0.3677540414518052, 0.3702787946553529,
    0.3692853590285571, 0.37164928783477735, 0.3713607582646967,
    0.3723367556809812, 0.37762687115806015, 0.39336907032175344,
    0.4096907795713946, 0.42170507298230775, 0.4401000344016434,
    0.46332008832478505, 0.48704875192429503, 0.5125212790579465,
    0.5309931712387048, 0.5403697134899919, 0.5627187405159508,
    0.5796370597529237, 0.5946673186684867, 0.60910106976719,
    0.6137198768826067, 0.6304170233130023, 0.6438936227797599,
    0.649319276159656, 0.658825262139241, 0.6697553971215432, 0.677267372014298,
    0.6808065814708454, 0.6919267982568436, 0.7018700439644898,
    0.7119453649805941, 0.7201330473349579, 0.7210593082658624,
    0.7152486474833629, 0.7295428458331287, 0.7481306027890983,
    0.7517603779400603, 0.7601451922909933, 0.760197877182045,
    0.7651960248316538, 0.7777579171933987, 0.7863116492719753,
    0.7915033440011134, 0.7883892518778642
  ],
  "val_ious": [
    0.33616111242920754, 0.34910397685092426, 0.3691008322048878,
    0.3581033625464508, 0.3592486059752063, 0.35683460339255946,
    0.37001519414002676, 0.3816697670929674, 0.3922195225840487,
    0.4105392921230068, 0.431973842586782, 0.4309565346634043,
    0.45080944193203165, 0.4341179531715487, 0.49307835868735256,
    0.5089905515745066, 0.5308984072096106, 0.5165440873175429,
    0.5685732481272323, 0.5793630099598913, 0.5856697542079982,
    0.5696828201197196, 0.6005064080590788, 0.603024371508239, 0.6003091984253,
    0.6114859524844348, 0.611101537079051, 0.5939320413314776,
    0.6186999961517858, 0.6211770369090897, 0.6085664882608082,
    0.6061043983352358, 0.6285754913005274, 0.6198553929942241,
    0.6285301917704983, 0.6280905244790991, 0.6354131174908169,
    0.6370634140743726, 0.6350332386251809, 0.632573788796646,
    0.6337532977695051, 0.638060528515042, 0.6374045549959375,
    0.6279735217491786, 0.6259890416826026
  ],
  "training_time": 1059.7220194339752,
  "avg_gradient": 0.0023511951321361743,
  "memory_usage": 930.06640625
}
