{
  "train_losses": [
    0.312714257803948, 0.3026023816479289, 0.3000483725057996,
    0.2959592991872974, 0.29136283938651497, 0.28049269496746687,
    0.272985278831228, 0.2645713098185218, 0.2605599776396285,
    0.25036758799915726, 0.24568913982290289, 0.23862154052957243,
    0.22763162762250588, 0.21841045541931753, 0.20954836475784364,
    0.20006451990617358, 0.19205633056876453, 0.18473342344488786,
    0.1787200997705045, 0.17258660163244474, 0.16669120509987292,
    0.16297810322240644, 0.15851904662406963, 0.15578658182335936,
    0.14753446841369505, 0.1452239127829671, 0.13917481065120385,
    0.13934614918316188, 0.13302675031287514, 0.12777960106082584,
    0.12816480506697428, 0.12152801741562459, 0.11441451821314252,
    0.11039281073633743, 0.10970741963904837, 0.10632803278934697,
    0.10333590901902188, 0.09747411298525074, 0.10637332827014767,
    0.09266340845952863, 0.08877055168799731, 0.08466534632379594,
    0.08118277245565601, 0.07973538290547288, 0.0813368063663011
  ],
  "val_losses": [
    0.3111429616161015, 0.3019615794005601, 0.3450275005205818,
    0.2960120880085489, 0.2974337656860766, 0.2742872079429419,
    0.267368513604869, 0.27135954052209854, 0.25618742341580597,
    0.24259674613890442, 0.25170174079096835, 0.23146026095618372,
    0.22730377705200858, 0.21674180937849957, 0.20976519357898962,
    0.1961255695508874, 0.196940081598966, 0.19871882899947788,
    0.18730592727661133, 0.18006314272465912, 0.1816624794965205,
    0.18225691629492718, 0.18210566659336505, 0.17551263033047967,
    0.16784413839163986, 0.17008860279684482, 0.17490743845701218,
    0.17662683161704437, 0.16526355497215106, 0.1674861205012902,
    0.16957714052303977, 0.1704786993239237, 0.1699214959922044,
    0.16521348901416943, 0.17557098133408505, 0.1650808981579283,
    0.1683469233305558, 0.1767497127470763, 0.1713079343671384,
    0.17410506793986197, 0.17380862164756525, 0.1751265875671221,
    0.17393118434626123, 0.17960870460323666, 0.20202865969875586
  ],
  "train_ious": [
    0.3466417390632424, 0.367839360538051, 0.3718710947101448,
    0.37822553979745804, 0.38607644932209595, 0.4031755539818085,
    0.41357509943022264, 0.42564979137163717, 0.4352361296888386,
    0.46646764336032176, 0.48190752611380816, 0.5054690933691847,
    0.5256065418403868, 0.546278181553319, 0.5637001212200391,
    0.5821075826019482, 0.5966328068271924, 0.609672936624375,
    0.6206545353583668, 0.6309526348351566, 0.641330914112969,
    0.6489127667593785, 0.6567863702666069, 0.6622574530757859,
    0.6768735412886179, 0.6804214549129424, 0.6913176537423894,
    0.6910632869255716, 0.7029126809666986, 0.7110096046134183,
    0.7107273830991719, 0.7223601629012736, 0.7366713952219142,
    0.7439860521235329, 0.7451505660470843, 0.7524104353742324,
    0.7574564483610619, 0.7699285926486273, 0.7531394070905186,
    0.779423909720735, 0.7880009583912901, 0.7963321987485539,
    0.8041182227324744, 0.8072980639079345, 0.8039804075615133
  ],
  "val_ious": [
    0.36453044220157294, 0.3750517603711805, 0.263993458363457,
    0.37904586416223773, 0.399972444859104, 0.40981188869994617,
    0.423148974776268, 0.41474963314291363, 0.4412825929044841,
    0.49075407939760596, 0.4915245306016742, 0.512069413519424,
    0.5255778715878293, 0.5540412397704263, 0.5692731048101962,
    0.5900638703850732, 0.5945633542926415, 0.5965096137445905,
    0.612164820557919, 0.6193391084671019, 0.6212889886852624,
    0.618796810939692, 0.6259152990752374, 0.6347594820502875,
    0.6452218836200408, 0.647451098198476, 0.6353677066339962,
    0.6379227046517358, 0.6524540825166563, 0.6509393054074135,
    0.6433776895637098, 0.649091743040776, 0.651547228080639,
    0.6572234211624532, 0.6564887509397839, 0.6602868001530137,
    0.6591876378093937, 0.6473518866991652, 0.6610903482938159,
    0.6642973170332286, 0.660988433421522, 0.6684269704248592,
    0.6691355167523674, 0.658680444178374, 0.6444026344064354
  ],
  "training_time": 1059.8345720767975,
  "avg_gradient": 0.0025632471043697397,
  "memory_usage": 930.06640625
}
