{
  "train_losses": [
    0.2698914828993704, 0.22546805498068748, 0.20041102932199187,
    0.1826393957371297, 0.17279595063756342, 0.16288857340164806,
    0.1560243736628605, 0.14855577456562416, 0.1411347564957712,
    0.1392070194301398, 0.13273810441403286, 0.12743453851536565,
    0.12575182869382526, 0.12178279957531588, 0.11859053247810705,
    0.11641244594331669, 0.10932614042869081, 0.10715595300754775,
    0.10665417669098014, 0.10387826881007008, 0.09618936851620674
  ],
  "val_losses": [
    0.2526720315217972, 0.24837710675985916, 0.19043947335170663,
    0.17520326149204504, 0.1646987008659736, 0.16190056373243747,
    0.16035163499738858, 0.14595419233259949, 0.14966744961945908,
    0.15211641108212265, 0.1380324773490429, 0.13753301844648694,
    0.13857635304979657, 0.14327631615426228, 0.1303486470942912,
    0.135204187715831, 0.1282249894802985, 0.13785950078264528,
    0.1342266409293465, 0.13095999444308487, 0.14928518025123555
  ],
  "train_ious": [
    0.4533582246673391, 0.5410654654159494, 0.5866588769831524,
    0.6172559989103373, 0.6359582935878334, 0.653644113059061,
    0.6654938149495401, 0.6785289308299193, 0.6934956969234387,
    0.696969388295775, 0.7084324176868663, 0.7178672705439548,
    0.7211761149591294, 0.7285277372145135, 0.7341586931244187,
    0.7378048589048182, 0.7509957295505033, 0.7550573832206966,
    0.7556542478285837, 0.760403881524352, 0.7752781524390414
  ],
  "val_ious": [
    0.4911305708945662, 0.5168125297928201, 0.6116869691489399,
    0.6315224438473799, 0.6480830702660741, 0.6628337938716448,
    0.6621868800425874, 0.6888388054094452, 0.6802495672650959,
    0.6804252977388493, 0.700717518295067, 0.7043411094641341,
    0.7038685498030289, 0.7009792908810186, 0.7202125440041224,
    0.7067931747954823, 0.7245536146388538, 0.7153647438339563,
    0.7162357076354648, 0.7271744703900987, 0.6983797003825506
  ],
  "training_time": 384.1179168224335,
  "avg_gradient": 0.0072518084381197785,
  "memory_usage": 856.21484375
}
