{
  "train_losses": [
    0.2655924422585446, 0.21606698624141837, 0.19247131875675658,
    0.17244335895647173, 0.1632654359969108, 0.15438898830958034,
    0.1478646151802462, 0.1382818014725395, 0.13553733880753102,
    0.12913774026800756, 0.12319304166442674, 0.12294905547700498,
    0.11769142803614555, 0.11400615379376255, 0.11085476199893848,
    0.10860801532702602, 0.10219703541825646, 0.09818701255742622,
    0.10214377158199964, 0.09782800880139289, 0.09099864603384682,
    0.0885272030921086, 0.08493906490342773, 0.088349387616567,
    0.08415667076959558, 0.07828744108100301, 0.0807856175157687
  ],
  "val_losses": [
    0.23664964929870938, 0.2186193449989609, 0.18123798299094904,
    0.21314373223677927, 0.16374724325926407, 0.15861144678100295,
    0.15663767654610716, 0.14795322732433028, 0.14518607909912648,
    0.14121782050832457, 0.15202321403700372, 0.1454382407600465,
    0.13292342472983443, 0.15752911519097246, 0.14337416009410567,
    0.13264833034380621, 0.12740672590292018, 0.12741840323028358,
    0.134771141021148, 0.13566809763079105, 0.12484679986601291,
    0.1323650340023248, 0.13251491603643997, 0.1288861740866433,
    0.13152397164831992, 0.1359730743519638, 0.13848674038182135
  ],
  "train_ious": [
    0.4710248790789343, 0.5606467572135337, 0.6018549048922202,
    0.636334594933019, 0.6523201946655044, 0.6694318789286892,
    0.6803203018895096, 0.6980897613625594, 0.7032310526980003,
    0.7151625412853736, 0.7260185304651223, 0.7272161624893763,
    0.7369355207336127, 0.7424626981002695, 0.7489826948638414,
    0.7525986344486045, 0.7642972068726152, 0.7724783927526166,
    0.7652086486527019, 0.7719576222741091, 0.7856833367891937,
    0.7901726248471634, 0.7973532106565394, 0.7911649893267436,
    0.7988252336348319, 0.810460502146811, 0.8055618264428949
  ],
  "val_ious": [
    0.5244826961686645, 0.5478316191313923, 0.6214862586795422,
    0.5783459732066031, 0.6526811693025671, 0.6666076816078544,
    0.6609197338854058, 0.6841851606749106, 0.6890361181635786,
    0.6937057805666025, 0.6787320878626645, 0.6942108258389045,
    0.711337387777757, 0.6764639523150265, 0.693362778727559,
    0.7142412494058196, 0.7267981983613276, 0.7245812234671221,
    0.7125440628632254, 0.7165366329144741, 0.7315424218557883,
    0.7245320785736693, 0.7302530500767885, 0.7232909293278406,
    0.7282517876314082, 0.7312009204988896, 0.7118177055448726
  ],
  "training_time": 492.3002607822418,
  "avg_gradient": 0.0051954608159763055,
  "memory_usage": 856.21484375
}
