{
  "train_losses": [
    0.268467687394308, 0.2217019878975723, 0.19427483941873777,
    0.1775783836517645, 0.1652920339256525, 0.15731961652636528,
    0.15055546682813895, 0.1455207279599879, 0.13948602840790283,
    0.1363324590999147, 0.13124794112113508, 0.12614831733314888,
    0.12554640019231517, 0.1220580515978129, 0.11632823587759682,
    0.1143584682646653, 0.10880373863746291
  ],
  "val_losses": [
    0.25295135929532675, 0.20855948847273123, 0.18245443151048993,
    0.1764576538749363, 0.18032776823510294, 0.15443958342075348,
    0.15676953287228293, 0.15730281741074895, 0.14125313658429228,
    0.16853161544903464, 0.13956452614587286, 0.1407354313718236,
    0.1391224167917086, 0.1347096928435823, 0.14086508588946384,
    0.14105941986908083, 0.17659123371476712
  ],
  "train_ious": [
    0.4617950909271619, 0.5480916619678768, 0.596797958340334,
    0.6274808639849444, 0.6487164771103342, 0.6635456909628019,
    0.6764578229707224, 0.6860333675167701, 0.695365390861812,
    0.7023667811375599, 0.7118983402092384, 0.7200699178636936,
    0.721455169274755, 0.7271499440505886, 0.7382993302375509,
    0.7424305350236269, 0.7524050444472531
  ],
  "val_ious": [
    0.508660892645518, 0.5677956412883772, 0.6324006172193998,
    0.6334699325371478, 0.6359605011732681, 0.6714889329412711,
    0.6708067765702372, 0.670117908845777, 0.6951941219360931,
    0.6608105226271394, 0.6997979726048484, 0.6988279422124227,
    0.7046618357948633, 0.711441504134648, 0.7048056570516114,
    0.7032346736261812, 0.6547454677630161
  ],
  "training_time": 310.2928957939148,
  "avg_gradient": 0.007012251291891495,
  "memory_usage": 856.21484375
}
