{
  "train_losses": [
    0.26442641570516257, 0.227374911794196, 0.19517181335907915,
    0.1783454077237326, 0.16637133887928465, 0.15840705783794756,
    0.15164280431750027, 0.14610692652185325, 0.1384606968773448,
    0.1354071742085659, 0.1277133405370557, 0.12372786883750687,
    0.12151145546332649, 0.11675630388376505, 0.11635196702959745,
    0.11191127117237319, 0.10457883876464937, 0.10318373338035915,
    0.09923900546425063, 0.09629330111910468, 0.09600789585839146,
    0.09439150944514119, 0.08710179344305526, 0.08458758708413529,
    0.08736987484861976, 0.08654491510242224, 0.08329929783940315,
    0.08111546629958827, 0.07727270561229924, 0.07286900186749257,
    0.07531673114989763
  ],
  "val_losses": [
    0.23031495155199713, 0.1970371982973555, 0.19825620625330054,
    0.1923778219067532, 0.16366170476312222, 0.15507435409919076,
    0.1559181388305581, 0.151974995661041, 0.1412102678871673,
    0.14461422339081764, 0.14442642470416817, 0.13980427335785783,
    0.1460378876198893, 0.1352119926849137, 0.13450635030217792,
    0.13380660149066345, 0.13582634537116342, 0.12729094647195027,
    0.12632946961599847, 0.12894398654284683, 0.13387119689065477,
    0.13063966596256132, 0.12888027079727338, 0.13086583157596382,
    0.12689912335380263, 0.13540363441342892, 0.13923617500973784,
    0.13380372313701588, 0.13112881860655287, 0.13175848628515782,
    0.1474523728956347
  ],
  "train_ious": [
    0.46726355199580594, 0.5370469524160675, 0.5945048377565718,
    0.6254303755535597, 0.6469798061618768, 0.661808539667855,
    0.6726065357418163, 0.6838089233075365, 0.6979946699263396,
    0.7033386960409685, 0.7171004774129909, 0.7247724330079726,
    0.7294905570646127, 0.7373170299266559, 0.7393335908975294,
    0.7467371580069475, 0.7600233986217901, 0.7624722123685956,
    0.7694600641835423, 0.7748604305628417, 0.7757917822379131,
    0.7787444642272553, 0.7929363363031029, 0.797868850870409,
    0.7924105140610019, 0.7939077724797138, 0.8006117286673491,
    0.8049970893324283, 0.8125181252109833, 0.8218558206074474,
    0.8168792911413785
  ],
  "val_ious": [
    0.5327094746888549, 0.5915365780609242, 0.5951642245054245,
    0.612944450067437, 0.6548299368308939, 0.6645524981229203,
    0.6714416418386543, 0.6855203215626702, 0.6971813883038535,
    0.6909668531970703, 0.6940403939157292, 0.7076408416032791,
    0.6928635246079901, 0.7097261161475943, 0.7099979236937952,
    0.7134850489488547, 0.711393733171449, 0.7271325095840125,
    0.7256870405829473, 0.728870169839997, 0.7145853543627089,
    0.7245219503191934, 0.7331080432387366, 0.7321940412123997,
    0.73388376896796, 0.7239579217157504, 0.7233424018258634,
    0.7273611167202827, 0.7374050163704416, 0.7376799555360407,
    0.7136787217164386
  ],
  "training_time": 567.3591537475586,
  "avg_gradient": 0.003879232484379915,
  "memory_usage": 856.21484375
}
