{
  "train_losses": [
    0.2783653357106706, 0.2208496111890544, 0.19231290491702763,
    0.17678221971120522, 0.16401322177894737, 0.15348358897735243,
    0.1505892248419316, 0.14358981006333363, 0.136374912791602,
    0.13195057642524657, 0.12846729418505792, 0.12546312561987535,
    0.11938591086832077, 0.11574152152499427, 0.11609265933056241,
    0.11084821427483922, 0.10572413796477992, 0.10365564651463342,
    0.10071698053861441, 0.10231684366969959, 0.09367729658665865,
    0.08980235441223434, 0.09094140330410522
  ],
  "val_losses": [
    0.2295311054457789, 0.2147665221406066, 0.17639167574436768,
    0.1720302108189334, 0.1582991425757823, 0.15475284696921057,
    0.14943749603369963, 0.14197060919326285, 0.1399387786893741,
    0.14566566503566244, 0.13533565385834032, 0.1341255509659,
    0.13231263196338777, 0.13100532069802284, 0.1367092995863894,
    0.14145059948382172, 0.12760041735094527, 0.13376119084980176,
    0.13363286642276723, 0.12851291911109633, 0.1287760687587054,
    0.14008513967628064, 0.18211707764345667
  ],
  "train_ious": [
    0.4408547527416595, 0.5493932926244497, 0.6000396388488402,
    0.6280836217861245, 0.6519264498914499, 0.670464203679475,
    0.6762800787885982, 0.6886706020197145, 0.7012060899017513,
    0.7103391386352588, 0.7165436678282594, 0.7206056458146675,
    0.7321608426130336, 0.7400173338103123, 0.7389598150832062,
    0.7479773945026641, 0.7572486589568252, 0.7614573652761567,
    0.7669647466661272, 0.7639326238329861, 0.780043690856816,
    0.7878031365681389, 0.7854830037424521
  ],
  "val_ious": [
    0.5379555550390397, 0.5647462180991102, 0.6319952162279602,
    0.6387088406777037, 0.6664560810811279, 0.6677377033924712,
    0.6747699580762697, 0.694288449226946, 0.6994864862898121,
    0.6883799343005471, 0.702519829938377, 0.7063525409802146,
    0.7166199999442998, 0.7155623675688453, 0.7012265190698096,
    0.7002067913611729, 0.7232255760742272, 0.7155694873004718,
    0.7160897362923277, 0.7258174101943555, 0.7322346876928774,
    0.7208256652389747, 0.6613722894934642
  ],
  "training_time": 419.6634922027588,
  "avg_gradient": 0.017002198883920596,
  "memory_usage": 856.21484375
}
