{
  "train_losses": [
    0.26248333368288435, 0.21289333328604698, 0.1857903919628133,
    0.1724414333863103, 0.15930750382983166, 0.1531237886570718,
    0.14600631594657898, 0.14072248367997614, 0.1355338569973474,
    0.12877002864590156, 0.12551831530973964, 0.11996301283816928,
    0.1181372795658915, 0.11382638051619996, 0.10883511189857255,
    0.10831232069303161, 0.10362884624982657, 0.09922562098211568,
    0.09820821476371391, 0.09837242952831414, 0.09218344379864309,
    0.0899342654434883, 0.08787322210390931, 0.08608460272459881,
    0.08109906174080528, 0.07879300747552644, 0.07846528376736071
  ],
  "val_losses": [
    0.23090238642433417, 0.19870807748773825, 0.18641928777746533,
    0.172022197233594, 0.16451164108255636, 0.15951060600902722,
    0.1519882165543411, 0.1503207481101803, 0.14150831022340318,
    0.1393603904415732, 0.1420828167187131, 0.154517596344585,
    0.13465292897561323, 0.13414652418831122, 0.13562662316405255,
    0.1391955533105394, 0.1337156963089238, 0.13276693727011266,
    0.14332642827344977, 0.1312043310507484, 0.1350223556484865,
    0.13389493071514627, 0.1347225016873816, 0.13583128024702487,
    0.1305292085137056, 0.13497385609409082, 0.1551557149252166
  ],
  "train_ious": [
    0.4739268943802381, 0.5642285921435425, 0.6112918203723602,
    0.6366150103833366, 0.6607678807408047, 0.6726623609446098,
    0.6853515607831269, 0.6948171879394335, 0.7024153548198333,
    0.7157441280998182, 0.72163177870106, 0.7324566671597784,
    0.7356347001117214, 0.74375821131727, 0.7528246148232963,
    0.7536108316178768, 0.7618669959298079, 0.769326091190611,
    0.7718970227608642, 0.7719517999153207, 0.7830477537236354,
    0.7877267817764178, 0.7914153030277163, 0.7949959086119265,
    0.8048462408824243, 0.8094075196895045, 0.8100968959970752
  ],
  "val_ious": [
    0.5280489634344542, 0.5942723109670307, 0.6189444568278131,
    0.6349642248689265, 0.6516741177310114, 0.6609666330226951,
    0.6761328128800878, 0.6802017200684202, 0.6913431789995969,
    0.7031714898952537, 0.6927100240752314, 0.6789704187624697,
    0.7111009670340498, 0.7096502523923267, 0.7097147394349612,
    0.7041482031345369, 0.7122785023589063, 0.7140835724447087,
    0.7065743501635566, 0.7254593564548356, 0.7164349497660348,
    0.7248579715041146, 0.7227433669394339, 0.7266148339579072,
    0.7296780503314474, 0.7280503474715828, 0.6948505724253863
  ],
  "training_time": 495.28813099861145,
  "avg_gradient": 0.010918427791740357,
  "memory_usage": 856.21484375
}
