{
  "train_losses": [
    0.25962599083457305, 0.21307462105608505, 0.18697382971320464,
    0.1728966419139634, 0.1627884843265233, 0.15668140137163195,
    0.14758718540163143, 0.142151591287035, 0.13583389580573724,
    0.13360279446224804, 0.12775033627353286, 0.12590204377699157,
    0.12082531558268744, 0.11761012065993703, 0.11470422618415045,
    0.11022344964515904, 0.10746197135228178, 0.10580026528433613,
    0.10171034025109332, 0.09651585805999197, 0.09372712072470914,
    0.09411136891045001, 0.08916503818624694, 0.0867798492393416,
    0.08455164127213799, 0.08239660582140736, 0.08051915187388659,
    0.08624426761399144, 0.07850344017471957, 0.07328683494225792
  ],
  "val_losses": [
    0.2370745863603509, 0.24055899938811426, 0.18573578900617102,
    0.1721067039862923, 0.19937716230102207, 0.1535373908346114,
    0.14960161029644634, 0.14763569621288258, 0.14769264796505804,
    0.15811318288678708, 0.15017095564500146, 0.1457560191983762,
    0.1369654971944249, 0.13512397703269255, 0.13495999396495198,
    0.13048328005749246, 0.13682764460859093, 0.14055616975478505,
    0.13357003810613052, 0.1263541665090167, 0.1271012684573298,
    0.13016701295323993, 0.1293142977292123, 0.13253315311411154,
    0.12838556941436685, 0.129181155530007, 0.13705252888409988,
    0.13954950302191402, 0.12792254692834357, 0.1350129463750383
  ],
  "train_ious": [
    0.476886943033289, 0.5629475021167939, 0.6096115706191548,
    0.6359244760503803, 0.6543339057353098, 0.6643075999682362,
    0.6822889845656309, 0.6906083144139554, 0.702947866441547,
    0.7062155475866965, 0.717462994266247, 0.7203687908856765,
    0.7301499567170077, 0.7358738138623858, 0.7410608419905537,
    0.7498916524151961, 0.7544204232593384, 0.7576726642639745,
    0.7652342450143637, 0.7746005360091076, 0.7800850695997903,
    0.7793934754487399, 0.7890596463196521, 0.7933162890266676,
    0.7975245902071834, 0.8020461008384605, 0.8057122119310971,
    0.7951980599242706, 0.8099443875793091, 0.8206034802656239
  ],
  "val_ious": [
    0.524118595365165, 0.5132046030915303, 0.6180577163679013,
    0.643483492343322, 0.613696597840475, 0.6708974335072696,
    0.6794907619123872, 0.6828800552133201, 0.6811159127864286,
    0.6679373489341874, 0.6949489604735719, 0.6892593379901802,
    0.7068848791329757, 0.7094427034042883, 0.7092294280511745,
    0.7183537502651629, 0.7131130315255427, 0.701035240854042,
    0.7197499769753304, 0.7317893945652506, 0.7327412066684252,
    0.7273559138394785, 0.7287552136441934, 0.7296550183192542,
    0.7359900837359222, 0.7332775391962217, 0.7252463959697365,
    0.7230243609435317, 0.7366336992253428, 0.7311141914215642
  ],
  "training_time": 546.4311068058014,
  "avg_gradient": 0.005178312402299199,
  "memory_usage": 856.21484375
}
