{
  "train_losses": [
    0.26433804015750473, 0.2230738060467917, 0.19390527207566344,
    0.17581783729078976, 0.16253425407668817, 0.15695409355280193,
    0.14765692226912663, 0.14268479722997415, 0.13799944690064245,
    0.13016354814981637, 0.1286789756268263, 0.12211862105228331,
    0.11924401828614266, 0.11639725793476986, 0.11173443439538064,
    0.10669637487634369, 0.10475175244652707, 0.10105164474605219,
    0.09954437289548956, 0.09575748054877571, 0.0913443245479594,
    0.0879668674391249, 0.08695273158019004, 0.0870407180779654,
    0.08310847409555445, 0.08236906155134024, 0.07733415749490909,
    0.07803694466533868
  ],
  "val_losses": [
    0.2555398283445317, 0.19599089641933856, 0.18361497443655264,
    0.177006255025449, 0.16494172876295837, 0.1624112294419952,
    0.16634610522052515, 0.1445149167076401, 0.14397577423116434,
    0.1394967831995176, 0.1381059193416782, 0.13313947326463202,
    0.13913538242163864, 0.13858110635824825, 0.13145584775053937,
    0.14064433134120444, 0.13715595946363782, 0.13430183672386667,
    0.1264606251016907, 0.1300628353720126, 0.13009547134456428,
    0.14304032905594163, 0.13473397444771684, 0.14441091696853223,
    0.13546615450278574, 0.1402128194661244, 0.1323821291975353,
    0.13991746079662573
  ],
  "train_ious": [
    0.4686008498909466, 0.5452229011048009, 0.5973305007361847,
    0.6288675355954446, 0.6543995621411697, 0.6636106298993463,
    0.681201699257329, 0.6900747118760712, 0.69907038534681, 0.7137470885679338,
    0.7158519734722983, 0.7283133016224359, 0.732436443314604,
    0.7382131271280244, 0.7464654404616008, 0.7563075303383497,
    0.7593749263796252, 0.7666936078365295, 0.7696083646429621,
    0.7760375902812549, 0.7849107710779577, 0.7911579393498277,
    0.7930068414712299, 0.7926669377779614, 0.8009758017741255,
    0.8020375994020613, 0.8122453452020452, 0.8111327755926313
  ],
  "val_ious": [
    0.49793481513641874, 0.5966590601896894, 0.6168738385473475,
    0.6293168916650442, 0.6521109413841497, 0.6607811388330184,
    0.656323899825414, 0.6903874299664426, 0.6920742409816687,
    0.6981685980074647, 0.6996009757985238, 0.710625272082246,
    0.7039727486562036, 0.7002988403690033, 0.7156818571729937,
    0.6998938805815101, 0.7140226955863013, 0.7171249136976574,
    0.7290490008350732, 0.7217757704033366, 0.7289844965157303,
    0.7191024990617367, 0.7229665630105615, 0.7050714281158171,
    0.7223351545955824, 0.7267548480759495, 0.7349553745293965,
    0.7169282477403032
  ],
  "training_time": 511.67221665382385,
  "avg_gradient": 0.00573390736090888,
  "memory_usage": 856.21484375
}
