{
  "train_losses": [
    0.2684464540494525, 0.20952771749833357, 0.18765628086807934,
    0.1698402384215075, 0.16156510061219984, 0.15183734966684942,
    0.14560532642771368, 0.13992063089719284, 0.13286109904394203,
    0.1296849494152095, 0.12653914369318797, 0.12137002084890137,
    0.11619887083930813, 0.11372974786259558, 0.11133652229024016,
    0.10715541150420904, 0.10488646748759177, 0.10202794574687014,
    0.09955083202246738, 0.0921926541334909, 0.09622903346367505,
    0.09239016181748846, 0.08896512319536312, 0.08971488941460848,
    0.08426405396312475, 0.08104223199188709, 0.0798126385020821,
    0.07633660932111999, 0.07412797384692923, 0.08524234107007152
  ],
  "val_losses": [
    0.24458363457866336, 0.19531524440516596, 0.17784775890733884,
    0.17286031142525052, 0.16151411410259164, 0.1477937900825687,
    0.14830246891664423, 0.14920703548452127, 0.15126729011535645,
    0.14576125258336897, 0.14275522416700487, 0.13699215423801672,
    0.13728964361159698, 0.1471013812267262, 0.1298013413729875,
    0.13283157462011214, 0.13822785246631372, 0.13551390284429427,
    0.13079255462988562, 0.1304685337387997, 0.13666391567043637,
    0.13387783681568893, 0.13603750243782997, 0.13018452019795126,
    0.13526160869261492, 0.13517453586277756, 0.1346775913692039,
    0.13262222626287004, 0.13423156462933705, 0.13330401723151622
  ],
  "train_ious": [
    0.4636402157999143, 0.5709387662726039, 0.6088820039362146,
    0.6406625324077363, 0.65659045168887, 0.6734547713852448,
    0.6865683393417921, 0.6961025578928165, 0.7085867495532483,
    0.7151021265789217, 0.7204928352241066, 0.7308389256721827,
    0.7391478322662308, 0.7441170228024324, 0.7490208167312806,
    0.7561820588897972, 0.7598431921307593, 0.7653288826670334,
    0.7700292076105658, 0.7835884775588476, 0.7762195622359497,
    0.783398935004421, 0.7896176252676096, 0.7883312617415102,
    0.7987024854814666, 0.8052345324253689, 0.8073464664428132,
    0.8147942626821817, 0.8194965170561402, 0.7980289216814699
  ],
  "val_ious": [
    0.5169998011079386, 0.5965670725141746, 0.6371301457933758,
    0.6330319053452949, 0.6570397084173948, 0.6803670231846796,
    0.6831530829270679, 0.6929146496282107, 0.6737695930228716,
    0.6814078740451647, 0.6942110385583795, 0.7055494042410367,
    0.7038441546585247, 0.6899958328492398, 0.7200100171393242,
    0.7147321573634078, 0.7039460833521859, 0.7155248365108515,
    0.7171649382166242, 0.7281724395959274, 0.7162493175786474,
    0.7189896946799929, 0.7208803170833034, 0.7262366321207822,
    0.7277630390464396, 0.7232106671385143, 0.7309922744398532,
    0.737999232782834, 0.7351771886797919, 0.7259645485791606
  ],
  "training_time": 547.2647018432617,
  "avg_gradient": 0.00360259647055764,
  "memory_usage": 856.21484375
}
