{
  "train_losses": [
    0.2644099440101696, 0.2215466854850883, 0.19217753045908784,
    0.17399810667595136, 0.1636602468383701, 0.15513766091316938,
    0.14787060876741356, 0.14139834143545316, 0.1382846536276781,
    0.13098099848012562, 0.12620158874146317, 0.1254963045939803,
    0.12231969294826621, 0.11524504544618337, 0.1120141892005568,
    0.10830967974565599, 0.10520836366745441, 0.10139493194773146,
    0.09963488352039586, 0.09607272732840932, 0.09326521291033081,
    0.08975028153508902, 0.08728358145479274, 0.08423846607784861,
    0.08523593263943559, 0.08376138422476209, 0.07999250624814759,
    0.08000942347976177, 0.07587455905488004, 0.07616318486954855,
    0.0769753369057308
  ],
  "val_losses": [
    0.23648077508677606, 0.22639449199904566, 0.18312344311372095,
    0.16999611258506775, 0.1578188025109146, 0.15584020510963772,
    0.17193188647861066, 0.1441851948266444, 0.14850426934983418,
    0.1446172837977824, 0.14015211116360582, 0.13634297138322954,
    0.13136389657207156, 0.17778242735759073, 0.13213120983994525,
    0.1350635659435521, 0.14845179750219636, 0.13262294265239136,
    0.13775964534800986, 0.13101400985665942, 0.13000171761149945,
    0.12728990549626557, 0.1344755300037239, 0.12780295846902806,
    0.1369215232198653, 0.12992837037081303, 0.13377473308988239,
    0.1388603748510713, 0.13133825539894725, 0.136389442274104,
    0.13838508125880492
  ],
  "train_ious": [
    0.46825179467112693, 0.547488281800263, 0.6021877957534965,
    0.6344844590386617, 0.6518085642677286, 0.6687353403995866,
    0.6822569281186747, 0.6938615474795948, 0.6988316069262615,
    0.7131395494916305, 0.7209939563080022, 0.7214921545507247,
    0.7275078101758505, 0.7406468504796857, 0.7461839192479415,
    0.7530216406220979, 0.7583170231917632, 0.7652543648753477,
    0.768589007249777, 0.7755604124479535, 0.7807707455603105,
    0.7872413549086322, 0.792130816565907, 0.7980736160407893,
    0.7963432230163312, 0.7994027234937832, 0.8069898593037025,
    0.8069721449544466, 0.8151708303586294, 0.8154072364171343,
    0.813680749656497
  ],
  "val_ious": [
    0.5225087439884311, 0.539182326068049, 0.6162366236465564,
    0.6391504733026893, 0.6624347982199292, 0.6690287564111794,
    0.6420852438263275, 0.6877249403708224, 0.6799365847870925,
    0.6869655255822168, 0.6977907650280689, 0.7030144487170206,
    0.7096045632725179, 0.6776436249846998, 0.7129736380732576,
    0.7114814973395803, 0.6941030515708784, 0.7160356807104058,
    0.7105016734289087, 0.718849118852961, 0.7228082066428833,
    0.7284943290810656, 0.7247593705204949, 0.73336108158464, 0.720078330109085,
    0.7329217463299847, 0.7254650638155313, 0.7260547314865002,
    0.7238086671500966, 0.7279375955678412, 0.7204132270121919
  ],
  "training_time": 563.319482088089,
  "avg_gradient": 0.006186083065117563,
  "memory_usage": 856.21484375
}
