{
  "train_losses": [
    0.2606202590724696, 0.21215057939938878, 0.18648178600098775,
    0.17281267597623493, 0.16078562572922395, 0.15098662257356488,
    0.14645849504386602, 0.14164380271635627, 0.13602415030903142,
    0.12973625378926162, 0.12691463768968117, 0.12213555796314841,
    0.11837015300989151, 0.11604320861237205, 0.10997869957076467,
    0.10733845789471398, 0.10431611116813577, 0.10099249628736921,
    0.09892655824027631, 0.0984069454362211, 0.09128709773168615,
    0.0902785248649509, 0.0876676931815303, 0.08396881454340789,
    0.08615561542303665, 0.08229902832080489, 0.07772865081610887
  ],
  "val_losses": [
    0.23737661346145297, 0.18854981466479923, 0.1874454863693403,
    0.161091732752064, 0.1506813560491023, 0.1512105633383212,
    0.14541820307140765, 0.1398690976202488, 0.13399891911641412,
    0.13457101729253065, 0.14182464681241824, 0.13229618318702863,
    0.14142063907955005, 0.1333359522016152, 0.12606799634902374,
    0.1385963481405507, 0.12479613510810811, 0.14024680917677673,
    0.12929947317942328, 0.13121113035341966, 0.1311044853342616,
    0.12429637834429741, 0.1296436733201794, 0.12466090415482936,
    0.12539041204297025, 0.12365403350280679, 0.1461460721557555
  ],
  "train_ious": [
    0.479251067383566, 0.5650333789163742, 0.6102188426623312,
    0.633853217019983, 0.6554301814648554, 0.6754998069094577,
    0.6839448614180952, 0.6906332095032149, 0.7022225241838159,
    0.7135685013904084, 0.7191700654617253, 0.7274104101394397,
    0.7346925380761209, 0.7378208794887514, 0.7486547725680082,
    0.7543491974904913, 0.7604112515522953, 0.7665779592766274,
    0.7705824426982718, 0.7710880074596058, 0.7842078222420766,
    0.7867625105208246, 0.7917843823847562, 0.7990658773460246,
    0.794985625298991, 0.8024833709325477, 0.8118055860201517
  ],
  "val_ious": [
    0.5214538007326748, 0.6047163994415945, 0.615098830798398,
    0.6598249174978422, 0.6746353949757589, 0.6784270958624022,
    0.6896128952503205, 0.6975120688262194, 0.7086388697658758,
    0.710879561909731, 0.6982082817433536, 0.7103277665117511,
    0.694667116239451, 0.7107913774856622, 0.7229837885369427,
    0.7071601733349372, 0.7284770104764166, 0.7087046499701514,
    0.7284416733444601, 0.7227049012115035, 0.7253050393816353,
    0.7353202234143796, 0.7313595871994459, 0.7387133597031885,
    0.7336733660836152, 0.7409640274186063, 0.7230539624241814
  ],
  "training_time": 492.36843633651733,
  "avg_gradient": 0.00531380682113044,
  "memory_usage": 856.21484375
}
