{
  "train_losses": [
    0.2635141450749791, 0.21787982045308404, 0.19440286436482615,
    0.17848233708544917, 0.1660572494906576, 0.15693783051455798,
    0.15057671479070964, 0.14274234478564365, 0.1398558775772867,
    0.13516803429988417, 0.12855123303344715, 0.12516830736042364,
    0.1194941385689637, 0.1166907339964224, 0.11540722093828347,
    0.10904892246522334, 0.10686591057025868, 0.10437807485299266,
    0.10462610508598712
  ],
  "val_losses": [
    0.24120551380126373, 0.3153572659129682, 0.17885033786296844,
    0.1699961041626723, 0.16229557958634003, 0.1537486330970474,
    0.15019470275096272, 0.16029604216632637, 0.13906653597950935,
    0.13452193691678668, 0.14479697398517444, 0.1429006601481334,
    0.1392087823022967, 0.13831842577327852, 0.1342411400831264,
    0.13871365494054297, 0.12301483685555666, 0.13462622544687727,
    0.14594547806874567
  ],
  "train_ious": [
    0.46902963836960826, 0.5545490091747562, 0.5960122890014579,
    0.6256386657663873, 0.6482222974840282, 0.664578511501136,
    0.6771839528843973, 0.6915524402714293, 0.6970230560695777,
    0.7049272665079087, 0.7166110677239684, 0.7222095264148883,
    0.7330123293011086, 0.7382583883793458, 0.7400219284429931,
    0.7525838068753913, 0.7562871269233847, 0.760898263396129,
    0.7602501713495325
  ],
  "val_ious": [
    0.5156850651770397, 0.4852404594421386, 0.6274068441943846,
    0.6389753038900485, 0.6595025673724603, 0.6686610249073609,
    0.6812652982231499, 0.6698731646157693, 0.6966627054456351,
    0.703437837353651, 0.6876076889642772, 0.6930183835219647,
    0.6991262120613154, 0.6977462675692381, 0.7100233837314273,
    0.7113979722278705, 0.7277964511211369, 0.7136605578488199,
    0.6896535449701805
  ],
  "training_time": 346.5237138271332,
  "avg_gradient": 0.007327667118880689,
  "memory_usage": 856.21484375
}
