{
  "train_losses": [
    0.2661438454752383, 0.21955364310871, 0.18835964094361532,
    0.17476424210421418, 0.1614695834400861, 0.15380349965847057,
    0.1473708628555355, 0.1406155816157875, 0.1358849719652663,
    0.13017390154140152, 0.1259642171309046, 0.12270449721456869,
    0.1179379724452029, 0.11513697343837956, 0.11236650209226039,
    0.10816624039865058, 0.10465568308111119, 0.10496525640558937,
    0.10129912294771361, 0.09527560594775107, 0.09155326178702324,
    0.09275268127574869, 0.09124310529264419, 0.08888663865787827,
    0.08742690766635149, 0.0863047854407974, 0.08228132003189428,
    0.07745967979502419, 0.07500942211355204, 0.07458374260560326,
    0.07790594507494698
  ],
  "val_losses": [
    0.2473014907344528, 0.2339826793126438, 0.17679801518502442,
    0.17822835367658865, 0.16433178503876147, 0.16980129755709483,
    0.17026448768118155, 0.1536723365602286, 0.14315808143304742,
    0.13990341207903365, 0.14086649890827097, 0.13835661728744922,
    0.13423536345362663, 0.13373892462771872, 0.13605100094624187,
    0.1303333021376444, 0.15441609157816225, 0.13937177978779958,
    0.13905869521524594, 0.1330977166476457, 0.13971187449667766,
    0.13664975422232048, 0.140536077644514, 0.13754183944800627,
    0.13633189398957335, 0.13344514499539914, 0.13353507220745087,
    0.13011791152150734, 0.13113186395038728, 0.13538479011343874,
    0.1526741202434768
  ],
  "train_ious": [
    0.4657314145613625, 0.5541751247061335, 0.6081222943097785,
    0.6328743817689627, 0.6566631837167606, 0.6709546039177888,
    0.6824475549485374, 0.6941827225188412, 0.7021964807873186,
    0.7141158229846883, 0.721983996854312, 0.7276442013680935,
    0.735680881239798, 0.7413245240847263, 0.7460989500193497,
    0.7534183156879053, 0.7601551790384278, 0.7599988076565923,
    0.766328933554283, 0.7774807205558689, 0.7845650721827283,
    0.7824709546630799, 0.7857998105278913, 0.7898364318669707,
    0.792451425846936, 0.7948361206529801, 0.8027548646365384,
    0.8121831513185435, 0.8178974391109698, 0.8186555204616082,
    0.8120511933297351
  ],
  "val_ious": [
    0.5119609882434208, 0.5275674975220708, 0.6247725499712902,
    0.6242560387953471, 0.6543487165717111, 0.6411348613707917, 0.6438784826061,
    0.6755321382180504, 0.6906832389641498, 0.6990534613529839,
    0.6960819529882378, 0.6985388408968413, 0.7070076472085455,
    0.7080507963031965, 0.7074288410553035, 0.7198620432096979,
    0.6922344768392866, 0.7047055247037307, 0.7062692616296854,
    0.7184236986913541, 0.7199600161849589, 0.7181233711864639,
    0.719713518369025, 0.7174244948487353, 0.7149577151606047,
    0.7234463328900544, 0.7322225276974663, 0.7353763647269512,
    0.733830417411915, 0.728666222397832, 0.7091855218876965
  ],
  "training_time": 565.3183541297913,
  "avg_gradient": 0.014817175216777265,
  "memory_usage": 856.21484375
}
