{
  "train_losses": [
    0.2620463598033656, 0.21864143929079824, 0.19039560392822907,
    0.1734202664507472, 0.1626214419046174, 0.15311667181389488,
    0.1456980823903628, 0.14166304185662582, 0.13285879539730755,
    0.1298839268072144, 0.1245581897623513, 0.12108710800985927,
    0.1173232328551619, 0.1113343114114326, 0.10680917055224595,
    0.10801440602897303, 0.1033912823414025, 0.09800986577149319,
    0.09604197521896465, 0.09330532578346522, 0.09069089684635401,
    0.0868048441150914, 0.08742572484618943, 0.08205338340738545
  ],
  "val_losses": [
    0.23970380004333414, 0.24816487567580264, 0.2093847931727119,
    0.17806347103222556, 0.1639325668954331, 0.17618178057929743,
    0.15568437767417534, 0.14948968135792276, 0.15248117919849313,
    0.14372017704274342, 0.14095628909442737, 0.15674687533274942,
    0.13930408041114392, 0.13534567359349, 0.14810781699159872,
    0.14569040808988654, 0.13140514444397844, 0.137393518148557,
    0.14267096765663312, 0.13361398859516435, 0.13390502868139226,
    0.14046253668873207, 0.13752568626533385, 0.15351498434725014
  ],
  "train_ious": [
    0.47407962225269573, 0.5535904775657084, 0.6036225027148273,
    0.6336716955014757, 0.6539091967802119, 0.6703261102455248,
    0.6846993571498259, 0.6924276003695053, 0.7075080101688703,
    0.7125885951994123, 0.7229829361473298, 0.729622701749853,
    0.7363835912791711, 0.7471924632031852, 0.7563998326119308,
    0.7526655324559275, 0.7617573243012461, 0.7717397756118701,
    0.7752987563178154, 0.7805376759581805, 0.7852483140169709,
    0.7931374289311364, 0.7919824413847231, 0.8026879882251
  ],
  "val_ious": [
    0.5250133348331936, 0.5400950655989023, 0.5922538290421169,
    0.6328658943158993, 0.653816487910091, 0.6396269608235012,
    0.6755496170641718, 0.6839012983052629, 0.6748880841161892,
    0.690286863325299, 0.7021796943052957, 0.6840295340271962,
    0.6987722157568174, 0.712165440986122, 0.7004410816707471,
    0.7018241962228997, 0.7189944220193916, 0.7140575576087701,
    0.7046553002319472, 0.7177714351294696, 0.7245188431031464,
    0.721471718687942, 0.7255647065846815, 0.7106959571441014
  ],
  "training_time": 438.778023481369,
  "avg_gradient": 0.0051412301283304184,
  "memory_usage": 856.21484375
}
