{
  "train_losses": [
    0.2636613898465167, 0.21822117576780525, 0.1908405551119991,
    0.17395380163646262, 0.16175074077656734, 0.15359242373834486,
    0.1460858902124607, 0.1425931405114091, 0.13557291707104963,
    0.13085413691790207, 0.12691111777625655, 0.1218551693322218,
    0.11808173249111227, 0.11401245921202328, 0.11051074131999326,
    0.10658491196353799, 0.10341899817728478, 0.10166232425557531,
    0.09620780088817296, 0.09256061150327972, 0.09070736323685749,
    0.0889981733230145, 0.08472452806713789, 0.08607967926756195
  ],
  "val_losses": [
    0.23322573012631873, 0.20364548363115476, 0.18517278944668564,
    0.1788389300522597, 0.1699706850492436, 0.15746248059946558,
    0.14246672116543935, 0.1715193781191888, 0.14315879182971042,
    0.15392664528411368, 0.13880245889658513, 0.1383609255046948,
    0.1389463895364948, 0.13553295268312746, 0.13421477863322134,
    0.13732463299580241, 0.1400960168760756, 0.1299874103911545,
    0.1309609683635442, 0.13523657506574754, 0.1359275893672653,
    0.13022659686596497, 0.1284822010151718, 0.15045803137447522
  ],
  "train_ious": [
    0.46876693511570694, 0.5550279839207297, 0.6028042003188445,
    0.6336634440914444, 0.6564004934676317, 0.6691166212161384,
    0.6839891887553361, 0.6919030495311904, 0.7044187948863576,
    0.7124187613742936, 0.7194921471502473, 0.7273006221090539,
    0.7354840296118152, 0.7429862176270589, 0.7489389928354733,
    0.756302880312222, 0.7619446079800101, 0.7649005810203758,
    0.7753442565816032, 0.7828243849394122, 0.7856097135530871,
    0.7892718561317607, 0.797220828200596, 0.7950264498915361
  ],
  "val_ious": [
    0.5244336169267048, 0.5817374071997146, 0.6133732594873595,
    0.6304897527763809, 0.6410539031460665, 0.6654828823562982,
    0.6909667551517488, 0.6411139651917029, 0.6950603695451351,
    0.6751839589813483, 0.7019369852715645, 0.6964543077392854,
    0.7066918246556019, 0.7106883940489396, 0.7069867575082225,
    0.7087485358334971, 0.7028008343084998, 0.7187384781630143,
    0.7229629778775617, 0.7213854787574298, 0.71863891745823,
    0.7231191662342652, 0.7316448213397592, 0.7063061156566594
  ],
  "training_time": 438.53099060058594,
  "avg_gradient": 0.010639927686009082,
  "memory_usage": 856.21484375
}
