{
  "train_losses": [
    0.2647977456774401, 0.21809987456578275, 0.19427386817076933,
    0.1756079839947431, 0.16494704531910626, 0.15677330804907758,
    0.15016665082910788, 0.1431133712682387, 0.13769144556768562,
    0.13370480275024538, 0.12814568456910228, 0.12337822531876357,
    0.12019051595226578, 0.11774670332670212, 0.11519198690581581,
    0.10933491879183313, 0.11128935302891162, 0.10214812093940766,
    0.09910062299636395, 0.09952206188893836, 0.0944223613275782,
    0.09844584503899449, 0.09127129747977723, 0.08655154417552378,
    0.0836577016617293, 0.08133684669661781, 0.08284050797152778,
    0.07866987877565881, 0.0767086853435182, 0.07514857800434464,
    0.07330823015502613, 0.07350702595937511, 0.08109871775883695
  ],
  "val_losses": [
    0.23239048829545145, 0.20312789438859277, 0.18895038444062937,
    0.17753544482200043, 0.16561194606449292, 0.1639895061759845,
    0.1694444174999776, 0.15483369678258896, 0.1563958164466464,
    0.14876722123311914, 0.13894346421179565, 0.13434012185620225,
    0.13974720336820767, 0.14111904816135115, 0.13271664066807085,
    0.1419568508863449, 0.1331889951682609, 0.12918150343972704,
    0.13586247825752135, 0.13337670930701753, 0.1386306306914143,
    0.1311725690636946, 0.1311599915118321, 0.13480864206086035,
    0.13053556952787482, 0.14064215399000957, 0.12946233234327773,
    0.13100192712053008, 0.13427627718319063, 0.13671734426980434,
    0.13632995343726614, 0.1415780805375265, 0.1345575383823851
  ],
  "train_ious": [
    0.46666335614155185, 0.5565973458730656, 0.5967468721387176,
    0.6299160476504031, 0.6500887870788573, 0.6640068205694355,
    0.6771204892707909, 0.6885697394069554, 0.7003512222697771,
    0.7070477075226929, 0.716765188328598, 0.7258714752244778,
    0.7316518431880334, 0.7365185874311821, 0.7410193622868128,
    0.7517226951169793, 0.7481611166959226, 0.7644076642674812,
    0.7708517590510666, 0.7695423869983007, 0.7795017988461516,
    0.7711370651056799, 0.7850087735855924, 0.7942226881674231,
    0.7999009424145672, 0.8046143496598023, 0.802005480758954,
    0.8099926403467204, 0.8142464495655418, 0.8177142392681995,
    0.8211045590215835, 0.820925673604875, 0.8066686562437945
  ],
  "val_ious": [
    0.5294671884697418, 0.5765948886240739, 0.610510204365288,
    0.6313796239918554, 0.651382807156314, 0.6527858819218649,
    0.6440397930749947, 0.6647969484329223, 0.6640175866044087,
    0.6811109476763267, 0.7006991777731024, 0.7066917888064315,
    0.7015005313399911, 0.6972554699666259, 0.7135953911836598,
    0.697493474552597, 0.7138991692791816, 0.7231264777373576,
    0.713132527211438, 0.7187845214553501, 0.7189301055842551,
    0.7190049338167992, 0.7268831978241606, 0.720345192629358,
    0.7307755545429563, 0.7160083895576171, 0.7295891217131544,
    0.7292437641948893, 0.7332066753204319, 0.7243942922872044,
    0.7379696963058003, 0.7262989518003187, 0.7181891775217608
  ],
  "training_time": 601.4500865936279,
  "avg_gradient": 0.004213408237621911,
  "memory_usage": 856.21484375
}
