{
  "train_losses": [
    0.26413651507185854, 0.22122641426065695, 0.1962235402315855,
    0.17796760505956152, 0.1662178736423021, 0.15807558482755785,
    0.14909999113044012, 0.14523565607226413, 0.13829171001587226,
    0.13482703260429527, 0.12885690233467714, 0.12537350185701382,
    0.12157371919602156, 0.11612076053152913, 0.11288878115136987,
    0.10943937872576973, 0.105505697267211, 0.10218792254834072,
    0.10047607059064119, 0.10040734072580286, 0.09559675322278686,
    0.09116262545728165, 0.09253520093372335, 0.08570073917508125,
    0.09418568901879631, 0.0852471319148722, 0.08196797221899033,
    0.07751408247682064, 0.07923898542218882, 0.07507026730024297,
    0.0743688783891823, 0.07823667112413955, 0.07551202663908833,
    0.07551247027257214
  ],
  "val_losses": [
    0.2677426354392715, 0.22081215971189996, 0.21116162350644235,
    0.1731110380395599, 0.160841919157816, 0.18809778826392215,
    0.1518313670935838, 0.15884871375949486, 0.14799854224142822,
    0.14117782109457513, 0.1405877262029959, 0.14035638923878255,
    0.1410579624707284, 0.13223110625277396, 0.13934743242419284,
    0.13543035397711006, 0.13523522732050522, 0.13678372116840404,
    0.14176077832994255, 0.14187860035378, 0.1331252512400565,
    0.15210879950419717, 0.1310353795795337, 0.132812794783841,
    0.1323340284111707, 0.13242018660125526, 0.1324081142311511,
    0.13191750613243683, 0.13146852491342503, 0.13520687818527222,
    0.14305912201171336, 0.1547340538514697, 0.1394656801029392,
    0.13574291457948479
  ],
  "train_ious": [
    0.4675495563128932, 0.5477445431431566, 0.5926755312830209,
    0.6262633440935091, 0.6484084944038289, 0.6620914550039217,
    0.6797706910773467, 0.6866907100530639, 0.6987004410745444,
    0.7056846308211485, 0.7170548811554908, 0.7229809165540809,
    0.729713757076989, 0.7396104978802412, 0.744901683613442,
    0.7512817268354302, 0.7587643030329023, 0.7642272724297594,
    0.7672831020385459, 0.7676941972171917, 0.7769049878461635,
    0.7849464492629409, 0.7829268938605339, 0.7954722687170126,
    0.7797679406037364, 0.7964120634656028, 0.8029577289370523,
    0.8119657544986064, 0.8085873517869172, 0.8168621558857999,
    0.8188302600081414, 0.8107702130640762, 0.8160648248765779,
    0.8163461393636197
  ],
  "val_ious": [
    0.47916387572236674, 0.5518256171026092, 0.5625826560932656,
    0.638723522208739, 0.6643802724454715, 0.6252051889896392,
    0.6749350219101146, 0.6673880467812219, 0.6903049688840257,
    0.6963548044795577, 0.7002329819876215, 0.6987748498070067,
    0.6972214732913004, 0.7101887645928756, 0.707530219917712,
    0.7169572877279227, 0.7143237260372743, 0.7159216490344724,
    0.7111208395681519, 0.7046584184618964, 0.720677257448003,
    0.6988154245891435, 0.7236194137645804, 0.7304049166648285,
    0.7232450503801953, 0.7258547205423964, 0.7317129675892815,
    0.7334242201801662, 0.727312542606091, 0.7331729101530019,
    0.7268563848042833, 0.7072830033906989, 0.7301231210214503,
    0.724653473150903
  ],
  "training_time": 620.2656242847443,
  "avg_gradient": 0.002722237811049595,
  "memory_usage": 856.21484375
}
