{
  "train_losses": [
    0.2639950939818569, 0.218127118261612, 0.19107228039723376,
    0.17480601734765197, 0.16397390887141228, 0.15609758246042157,
    0.14940597627149976, 0.14573246434978818, 0.1368824367047004,
    0.13210148939295954, 0.13001516700276863, 0.1254783071901487,
    0.1199829435866812, 0.11814909861625536, 0.11589051649460326,
    0.11216398101785909, 0.1066905905938019, 0.1031284843692961,
    0.09992523649302514, 0.09824872462321883, 0.09740674799389165,
    0.09231712118439052, 0.09097517216983049, 0.09057814267504474,
    0.08735501705466406, 0.08156625343405682, 0.08160193470995063,
    0.08629558036994675, 0.07910746283343305
  ],
  "val_losses": [
    0.26350003221760626, 0.19566450883512912, 0.20431309484917184,
    0.19328821968773138, 0.1697073109124018, 0.1542686904254167,
    0.16811436414718628, 0.1479754650398441, 0.14533958243935005,
    0.1443252796712129, 0.13976257164841113, 0.13924202112400014,
    0.13541576784590018, 0.13237736973425615, 0.13264489190086073,
    0.13265314876385356, 0.1376236845617709, 0.13082624971866608,
    0.12819246996356093, 0.14209414403075757, 0.13344920782939249,
    0.1384172726260579, 0.13457583781817686, 0.13588364778653436,
    0.13132749400708987, 0.12720202654600143, 0.13153511982249178,
    0.1336130788144858, 0.13678159823884134
  ],
  "train_ious": [
    0.4653997925764788, 0.5550751705802438, 0.603886251702257,
    0.6318619026114111, 0.651563872839662, 0.6660663145931731,
    0.6774215323553568, 0.684766297377106, 0.7011677746971452,
    0.7093141001203788, 0.7137203519435033, 0.7224920806137548,
    0.7325307311679145, 0.7347549046727196, 0.7392059372926966,
    0.745746787259544, 0.7566358074545857, 0.763005542906298,
    0.7688988013112027, 0.7715838717809619, 0.7734016263182611,
    0.7833011749645936, 0.7859189287367939, 0.7864551623554332,
    0.7925643690362361, 0.8037216176373367, 0.8038145161193347,
    0.7943789721399116, 0.809008793014547
  ],
  "val_ious": [
    0.47001118234534195, 0.5961413277664045, 0.5836900390576626,
    0.6000615539758102, 0.6407551070054374, 0.6719438012527384,
    0.66037349122158, 0.6833555592574934, 0.6868616346863733,
    0.6912669304056445, 0.6986786939095758, 0.7024012855861497,
    0.7113757977883022, 0.7126798260471097, 0.7110104178604872,
    0.7110212013341379, 0.7152962455714958, 0.7208209098249242,
    0.724520057871722, 0.7086906852065655, 0.7187901886476987,
    0.715653197488923, 0.7207173884346866, 0.7185238303913586,
    0.7295020367356314, 0.7355395942062571, 0.7322390116211297,
    0.7238881585822591, 0.7241334673287211
  ],
  "training_time": 527.5423882007599,
  "avg_gradient": 0.004453082774972621,
  "memory_usage": 856.21484375
}
