{
  "train_losses": [
    0.25820732764575793, 0.212240363754656, 0.18945329668729202,
    0.17563794958202736, 0.16307259108061375, 0.1547654606806843,
    0.14831507290996934, 0.1429441561922431, 0.13761333400464576,
    0.13228051457554102, 0.12657889274313397, 0.12375771104479613,
    0.12270961754509936, 0.11565259103055882, 0.11297176531313555,
    0.10833061692993277, 0.10451206026355857, 0.10211140180573515,
    0.0989056408972196, 0.10205272050655406, 0.09617348796809497,
    0.0919541695114711, 0.0910438688714867, 0.08679636466600325,
    0.08597049683980319, 0.08078824060604624, 0.07850069224672473,
    0.0862423234173785, 0.07826019224265347, 0.07350122788920999,
    0.07044859775139586, 0.06852142304263037, 0.0684299526290725,
    0.065458786552367, 0.06429196252366123, 0.06348881196311634
  ],
  "val_losses": [
    0.24899371778187546, 0.19356583382772363, 0.1904304523182952,
    0.16118312335532645, 0.15914583789265674, 0.15278058985005255,
    0.1546841046732405, 0.14546265679857004, 0.1352548106856968,
    0.1346070860391078, 0.13369892246049384, 0.13423046097159386,
    0.12987347676054292, 0.13152794264580892, 0.13403909491456073,
    0.1355480914530547, 0.1346373436567576, 0.13039671046578366,
    0.13175610517678055, 0.13360309778996135, 0.1310418081348357,
    0.12494162858828255, 0.1268642280736695, 0.12491160550195238,
    0.1348377764225006, 0.12367321243104727, 0.12574080507392468,
    0.14329876151421797, 0.12560391507070998, 0.1234201293276704,
    0.1258274937129539, 0.12904546685192897, 0.12976939636080162,
    0.13452204689383507, 0.1333974794201229, 0.13554803087659503
  ],
  "train_ious": [
    0.47955845143861964, 0.5648487404906665, 0.6057462804559348,
    0.6304509455635064, 0.6535157077014446, 0.670065870805495,
    0.6820187744131124, 0.6918633168266307, 0.7006444372236729,
    0.709864048746185, 0.7194502697582689, 0.7257579988327573,
    0.7271245549554408, 0.7401761484426864, 0.7457274391815282,
    0.7535720020532608, 0.7599491238917995, 0.7651581446221776,
    0.7709989071000318, 0.7655599111880081, 0.7757964012199559,
    0.7838237256459564, 0.7858803430437176, 0.7937762374463292,
    0.7956032361565291, 0.8055547550860525, 0.8101891768367391,
    0.7957656182672668, 0.810959872128307, 0.8209400575446046,
    0.8274328519684679, 0.8316438545783358, 0.8319561419927554,
    0.8384830399915791, 0.8410393616211584, 0.8427812219529912
  ],
  "val_ious": [
    0.5086997171890908, 0.5908355976360431, 0.6050722527763119,
    0.6520269701014396, 0.6571017080459041, 0.6726295919953913,
    0.6719968187204308, 0.6866797135359999, 0.7012819459904793,
    0.7036371457835903, 0.705112458139226, 0.7057885549206664,
    0.7122052279503449, 0.7120635909014853, 0.710581270680911,
    0.7084681447865308, 0.7160992227170778, 0.7157601480898651,
    0.7188149392604829, 0.7120479440343553, 0.7174091498920884,
    0.731552033752635, 0.7281905347886293, 0.7325365340364153,
    0.7213147936955743, 0.7391861649095147, 0.7364031711350318,
    0.7175566180460696, 0.7373367202454719, 0.7442283798819005,
    0.7402429392804271, 0.7372474007416462, 0.7400371555400931,
    0.7376378509013549, 0.7411772252424903, 0.732205408854761
  ],
  "training_time": 656.4729685783386,
  "avg_gradient": 0.0036717775041084704,
  "memory_usage": 856.21484375
}
