{
  "train_losses": [
    0.2602251913074566, 0.20992896924524204, 0.1875078773692898,
    0.1708270889585433, 0.16158372123280298, 0.1523017354471528,
    0.14855494734871647, 0.13985306393031194, 0.13580414997008833,
    0.12975420381711877, 0.12632793358162694, 0.12169579448907272,
    0.11694574526146702, 0.1133415398552366, 0.10977526065771995,
    0.10856770683565865, 0.10508492277206286, 0.10440293189300143,
    0.09574283643261246, 0.09377136069309452, 0.09379779154677755,
    0.09099569981512816, 0.08759707706454008, 0.0844621870909696,
    0.0804033517918509, 0.0856945566104158, 0.07748105555124905,
    0.07519356094543701, 0.0735882070603902, 0.08131960747034653
  ],
  "val_losses": [
    0.23333927470704782, 0.1985886608776839, 0.18217797836531763,
    0.16479483635529227, 0.17660999362883362, 0.15485124484352444,
    0.15429963948933975, 0.16953927958789078, 0.18132573107014532,
    0.14318617287537325, 0.14629055381469105, 0.13483950252766194,
    0.1378317151380622, 0.13638682485274647, 0.1398516681207263,
    0.13917655157654182, 0.1406045165722785, 0.13811142694043077,
    0.13608286481188692, 0.1402873952427636, 0.14112450182437897,
    0.14174269334129666, 0.13381528449447258, 0.1302765666142754,
    0.1368188318674979, 0.14301765823493834, 0.1390572604925736,
    0.1391141754777535, 0.13655246194937956, 0.145138802897671
  ],
  "train_ious": [
    0.47484484503882524, 0.5693109524638756, 0.6087510179242364,
    0.6391976115604242, 0.65614215090223, 0.6723235655522001, 0.678815354903539,
    0.6956099664819412, 0.7017646349318645, 0.7144442742177538,
    0.7205225830168828, 0.728349252725425, 0.7379688462377455,
    0.7438709893520319, 0.7504984990194226, 0.7523559869631482,
    0.7591382091783957, 0.7602363343256111, 0.7767247058775115,
    0.7803309498273808, 0.7804493111004862, 0.7852860401398026,
    0.7918535472582215, 0.7980863359095393, 0.8065186700095298,
    0.7960075265255533, 0.8123356769050377, 0.8172441147591755,
    0.8205153254279192, 0.8048280167622843
  ],
  "val_ious": [
    0.5308349757738735, 0.5871841037187024, 0.6207366227239802,
    0.6516108588464019, 0.6305598487024723, 0.6708238902299299,
    0.6707080896349921, 0.6598539708749108, 0.6416782767012499,
    0.6954990731201309, 0.6869589645361555, 0.7079266614240147,
    0.7025504008583401, 0.7056495784849363, 0.703130926127019,
    0.7029682054467823, 0.702714850505193, 0.706520328703134,
    0.7130488781393439, 0.7101688052433124, 0.710282997160718,
    0.7135048988072767, 0.7257157160320146, 0.7308326385159425,
    0.7224933351727499, 0.7217196362174074, 0.7279529910588611,
    0.7242733970068502, 0.7269923736651739, 0.7098001250322316
  ],
  "training_time": 546.3191502094269,
  "avg_gradient": 0.002291865038188051,
  "memory_usage": 856.21484375
}
