{
  "train_losses": [
    0.2622462291594433, 0.21963606216013432, 0.19414671267504277,
    0.1777017839738856, 0.16598559648770353, 0.15485704933171687,
    0.1480785162066636, 0.14439130100705053, 0.13772247253876665,
    0.13270041577356018, 0.13090531499651464, 0.12654659945679747,
    0.12208885343178459, 0.11533400444718807, 0.11443109348740267,
    0.11312852224901966, 0.10992224801979635, 0.10502981495760057,
    0.100974317761543, 0.09934007299497076, 0.09352149170539949,
    0.09142322664189598, 0.09112086734208076, 0.08639559275268213,
    0.08354514946594187, 0.08810754986884801, 0.08069591503590345,
    0.07851857477394135, 0.07590836033468014, 0.07581062780936128,
    0.08423284979780084, 0.07223974332294386, 0.06873639697289985,
    0.06638882104712336, 0.06481563698743349, 0.06425790881495112,
    0.06307384078188435, 0.06310684369553042
  ],
  "val_losses": [
    0.22840907619051312, 0.2134704929978951, 0.19622996255107547,
    0.18720510310452917, 0.16749448296816452, 0.15736616888771887,
    0.15634302179450574, 0.15699682384729385, 0.14482977468034494,
    0.14484741749322932, 0.14764284391118132, 0.15372321009635925,
    0.14177001040914786, 0.13816827503235443, 0.14329889141347096,
    0.14007261363060577, 0.15103713973708774, 0.13874628151888432,
    0.1395339065271875, 0.1348162550965081, 0.13064040567563928,
    0.13108366177133893, 0.13282545607375063, 0.13367591506761053,
    0.1462285141258136, 0.14428720833814662, 0.13263463504288509,
    0.13745878215717233, 0.14168525001277094, 0.15083502071059268,
    0.1377098033933536, 0.1386422017670196, 0.14168728596490363,
    0.1435908688151318, 0.1420188810190429, 0.14529195071562476,
    0.14879222845901613, 0.15208860713502634
  ],
  "train_ious": [
    0.4741349591185216, 0.5511502590624319, 0.5957079401266749,
    0.6260898205033245, 0.6467363878652673, 0.6666393752439298,
    0.6807148798328376, 0.6864585114130073, 0.6983293682552769,
    0.7091566698382733, 0.7111483781558013, 0.7188183048713033,
    0.7278691821232222, 0.7399121377131211, 0.7417653322867729,
    0.7443648534084574, 0.7506076863602457, 0.7590978823710175,
    0.7661986828822155, 0.7693296874994815, 0.7800689815287136,
    0.7842584635144554, 0.7850145944866582, 0.793795887542808,
    0.7995076547714248, 0.7905529276400377, 0.8051221458160357,
    0.8097187331405237, 0.8150878957864166, 0.815142467510009,
    0.7990002250973723, 0.8227739726071774, 0.830236436448235,
    0.8354494296338247, 0.8388915743300884, 0.8405142504235968,
    0.842911215580028, 0.8427099454878038
  ],
  "val_ious": [
    0.5380466703487478, 0.567397289517997, 0.607455331130304,
    0.6136313745940941, 0.651533226820006, 0.6657160840172698,
    0.6701501739629802, 0.6758423132309015, 0.6910880983307741,
    0.6917071405096331, 0.6916135320628899, 0.6767776303965113,
    0.7037661237561186, 0.7027185956637065, 0.7011578193177349,
    0.7046644948962807, 0.6884610620529754, 0.7092140316963196,
    0.7177383245333381, 0.7158734284449315, 0.7239785490260608,
    0.7252681205670038, 0.7283609334541405, 0.722947229941686,
    0.7116755728704341, 0.7183606931264849, 0.7293460369110107,
    0.7313510514255882, 0.7283908601688299, 0.7198527338712111,
    0.7273181266542796, 0.7337427340123963, 0.7336532205775161,
    0.7322558432385542, 0.731528019991474, 0.7332137261611827,
    0.7298719237248104, 0.7193285557238952
  ],
  "training_time": 692.5873250961304,
  "avg_gradient": 0.002735344759084528,
  "memory_usage": 856.21484375
}
