{
  "train_losses": [
    0.2641657816813044, 0.22073328138693518, 0.1973227472246989,
    0.1809100907943819, 0.16832584442327853, 0.16049352567642927,
    0.15258437358652768, 0.14671375432416148, 0.140926462881591,
    0.13702885725575945, 0.13220678820558215, 0.1281786787364146,
    0.1251162339568786, 0.1223512131963735, 0.11770874399529851,
    0.11338544074122024, 0.1113329884879615, 0.10744933273805224,
    0.10501746027527945, 0.10017907214553459, 0.09859162050744762,
    0.09368789220309776, 0.09563665330895911, 0.08897751950375411,
    0.08714460877134748, 0.08654300998086514
  ],
  "val_losses": [
    0.24100348159022952, 0.2151325853622478, 0.19932161433541257,
    0.18304195935311524, 0.17035084023423816, 0.16235961181961972,
    0.1582899135739907, 0.15348973578732947, 0.15332717173125432,
    0.14873388004691704, 0.14796427556354066, 0.14624154162795647,
    0.14583327070526456, 0.14454425466449364, 0.13978058990576994,
    0.1316275016769119, 0.13616432573484338, 0.13296888477128485,
    0.14134151699102443, 0.13435591336177743, 0.13003876999668454,
    0.13601521062462227, 0.12800166189022685, 0.13279857794227806,
    0.13768988523794257, 0.1649913340806961
  ],
  "train_ious": [
    0.46887954027540424, 0.5496693925689098, 0.5910486696908874,
    0.620281632989645, 0.6450261071972224, 0.6586539845211784,
    0.6729418417249905, 0.683794628612805, 0.6934954425239045,
    0.7021854557636857, 0.7103076058885324, 0.7187995635836882,
    0.7248533152151804, 0.7279829008207809, 0.7370038164806537,
    0.7445725365069463, 0.7486990238337407, 0.7552037778971851,
    0.7590377606667471, 0.7683390573315, 0.77120632748457, 0.7804456111853537,
    0.7762967205565907, 0.7896011630478114, 0.7927797952315945,
    0.7941472708531048
  ],
  "val_ious": [
    0.5063408853999081, 0.5598706138738688, 0.5913104773431584,
    0.622200158411178, 0.648857652709104, 0.6563086963218191,
    0.6595613459746043, 0.6808336083439813, 0.6722214213315993,
    0.6809900113637898, 0.682285767102587, 0.6850502210250798,
    0.6929151517325555, 0.6903159607579743, 0.6990574332682982,
    0.7151556157547493, 0.7088957651369815, 0.7127885444872619,
    0.7051144099753834, 0.7142557212408036, 0.7204763582651165,
    0.7152239075605419, 0.7261868166750757, 0.7232127390477968,
    0.7174227347840434, 0.6783372964979947
  ],
  "training_time": 475.691241979599,
  "avg_gradient": 0.005459435096099652,
  "memory_usage": 856.21484375
}
