{
  "train_losses": [
    0.26149513936885027, 0.2158882146620232, 0.19310096100620602,
    0.1763653589979462, 0.164944087398117, 0.15518893516096083,
    0.14901865217024865, 0.1412038914454372, 0.13812687903966592,
    0.13145399166514043, 0.12729067379689735, 0.12321338656803836,
    0.11865173450306706, 0.1158448064132877, 0.1112160426766976,
    0.10611986992475779, 0.10721619981948448, 0.10011983168837817,
    0.09699559697638387, 0.09543615854952646, 0.09062336288068605,
    0.09138347495995137, 0.08647865186566892, 0.08139619206928689,
    0.0797141666078697, 0.09421787985964962, 0.07788607308074184,
    0.07587778373904851, 0.07189362510309918, 0.07030749278466987,
    0.06844526359244534, 0.06690455497363987, 0.07016079283683845
  ],
  "val_losses": [
    0.24616619005151416, 0.2120859305495801, 0.19630992995656055,
    0.1710449777867483, 0.16099521874085718, 0.1559771535837132,
    0.1583641003007474, 0.15910410103590591, 0.15162075424323912,
    0.14602822729426881, 0.14284063470752342, 0.15728192452503287,
    0.13761137425899506, 0.14150905511949374, 0.13424781936666239,
    0.1384314695454162, 0.13532864383381346, 0.1381221109110376,
    0.13108998520866685, 0.13557978978623514, 0.12965413425927577,
    0.14183977699798087, 0.13729747077045235, 0.13726453483104706,
    0.13837501066534416, 0.13291937436746515, 0.13617119824756746,
    0.1380669178198213, 0.13864256393002428, 0.13893064289637233,
    0.14068186380293057, 0.14427045327813728, 0.1427750255426635
  ],
  "train_ious": [
    0.47468724692969233, 0.5576292993095908, 0.5977496207840202,
    0.6279673763699293, 0.6479877097991065, 0.6670836615713615,
    0.6788714595031052, 0.6926054699697355, 0.6980759051722893,
    0.7106493721729604, 0.7178941533725329, 0.7253710755511473,
    0.7333867494286835, 0.7396024357041584, 0.7470951431255412,
    0.7568726995285008, 0.7555587676664194, 0.768255500311869,
    0.7738585464008483, 0.7771607591514139, 0.7864749099033466,
    0.7849333554074384, 0.794174501861351, 0.8043814214027449,
    0.8077359859278236, 0.7802409058355764, 0.8115297606673795,
    0.8154952640550726, 0.8238379590321275, 0.8271984206377596,
    0.8312678924505263, 0.8349254595628682, 0.8283467172928485
  ],
  "val_ious": [
    0.5098564598871314, 0.5675389017315878, 0.6021327054586962,
    0.6399108981308731, 0.6609039932921312, 0.67027740634006,
    0.6725462614626124, 0.663040314031684, 0.6813551889381547,
    0.6902767698401991, 0.692495057116384, 0.6777292157428851,
    0.7020844871151276, 0.6983124944178954, 0.712729550358178,
    0.7078605942104174, 0.7114870347406551, 0.7067931881849318,
    0.7213345012371088, 0.72097720745681, 0.7273436979107238,
    0.7112153476994969, 0.7206341671770898, 0.7259462946566981,
    0.723257286609083, 0.7252768085918563, 0.7249130243840425,
    0.7292777293402218, 0.7294490849194316, 0.728137116501297,
    0.7310391223948934, 0.7249474944411843, 0.714969516016435
  ],
  "training_time": 602.4698193073273,
  "avg_gradient": 0.004930034697349723,
  "memory_usage": 856.21484375
}
