{
  "train_losses": [
    0.25549026327612606, 0.2027833920943996, 0.1807075150149024,
    0.16722053362299566, 0.1567126966850913, 0.15072984851734794,
    0.14510014608664357, 0.13863238048456286, 0.13361624863160693,
    0.12917576098571654, 0.1262919114821631, 0.12118201795965433,
    0.1169274414120161, 0.11746060350180967, 0.11047527781161277,
    0.10716974601635466, 0.10433496085359999, 0.10099679199249847,
    0.09494766038235115, 0.09198711605985528, 0.09342742545287246,
    0.09018741244369227, 0.09350756693469442, 0.08607397297316272,
    0.08421432259290115, 0.07966643037355464, 0.07808799632703481
  ],
  "val_losses": [
    0.2133336637331092, 0.20610409521538278, 0.18004694969757742,
    0.16691565805155298, 0.16117259892432587, 0.1485588856689308,
    0.1436972381628078, 0.1561997780657333, 0.14290959064079367,
    0.143874597452257, 0.1422930351741936, 0.13381288281601408,
    0.13105666345876196, 0.12738736799877623, 0.1315900720655918,
    0.12597417815223985, 0.12803109670462814, 0.12688803527018297,
    0.13394736514791197, 0.1298037172983522, 0.12329491487015849,
    0.14705368439140526, 0.1289946067592372, 0.1347938800311607,
    0.1328794029743775, 0.12646711650102035, 0.14038059666104938
  ],
  "train_ious": [
    0.48938154871912964, 0.5828024523089762, 0.6223025995752086,
    0.6456695221688439, 0.6641125667138378, 0.6763628899943139,
    0.6863558593111625, 0.6985023701428505, 0.7081868028727129,
    0.7158490460959898, 0.7215113483261371, 0.731437723003868,
    0.7370590695544431, 0.7373984914434992, 0.7499805637027903,
    0.7566895813181782, 0.7608441544723684, 0.7672476219958151,
    0.7782454463126867, 0.7839797711458757, 0.7808200932931212,
    0.7872313286947165, 0.7812402617672215, 0.7950129770282386,
    0.7987686628880708, 0.8078925146356871, 0.8112707557021706
  ],
  "val_ious": [
    0.56472961259061, 0.5909150121868518, 0.6242725777885187,
    0.6483966017114942, 0.6591653350902639, 0.6824431633171827,
    0.689251956300459, 0.659482599168584, 0.6878817426985588,
    0.6931055903002835, 0.6957995343035546, 0.7058899253606796,
    0.7133741549391677, 0.7181580984506055, 0.7132107555002406,
    0.7222036267968194, 0.7227329816939175, 0.7229655244644139,
    0.7170674628105715, 0.7225137020366779, 0.7314779389163724,
    0.7090800508208897, 0.7211220242838929, 0.7241955537726913,
    0.7288214432588525, 0.7348238052665323, 0.7187988457904346
  ],
  "training_time": 495.2432904243469,
  "avg_gradient": 0.005632759100084089,
  "memory_usage": 856.21484375
}
