{
  "train_losses": [
    0.2643573128658792, 0.2213547288885583, 0.19472067851735197,
    0.17935632962895476, 0.16788443874405778, 0.15620928646429724,
    0.14872197231844717, 0.14287889177870491, 0.1366719555352693,
    0.13327030270643855, 0.12991195038446915, 0.12413669130562441,
    0.1201223838345512, 0.11466254415395467, 0.11207006891946429,
    0.1116247258513518, 0.10686388328347517, 0.10340865839110769,
    0.10159630887210369, 0.1031506112979158, 0.09660786272876937,
    0.09158514261893604, 0.09063400364602389, 0.08521071400331415,
    0.08465152930306352, 0.08545378239258476, 0.07993058297459198,
    0.07814784777229247, 0.07501661162013593, 0.07488622994202634,
    0.08222819698731536, 0.07377348398870748, 0.06894431718746605,
    0.0664320879858797, 0.06580934139049571, 0.06429549302581859,
    0.06601639241789994
  ],
  "val_losses": [
    0.24280309191216592, 0.21780814781137134, 0.20758530303187991,
    0.17951567794965662, 0.1643957427662352, 0.160187558149514,
    0.1497649168190749, 0.15398428621499435, 0.1453986198681852,
    0.1429068376512631, 0.14194770011564958, 0.14108259328033612,
    0.13418309568710948, 0.13578391512450966, 0.13452522537630537,
    0.1448693685233593, 0.1261416087331979, 0.13019883227737053,
    0.13282864799965982, 0.14362074450954146, 0.13573570063580637,
    0.1358127297590608, 0.12723160243552664, 0.13346483558416367,
    0.13151474491409634, 0.1272667225288308, 0.1320133978581947,
    0.12907836553843124, 0.13199009940676068, 0.1393044124478879,
    0.14369818179503732, 0.1326369871587857, 0.13703091620751048,
    0.1351970490878043, 0.13766723676868106, 0.13769757294136545,
    0.1485792019444963
  ],
  "train_ious": [
    0.46922611091555905, 0.548729143793816, 0.5958911249063155,
    0.625894305606683, 0.6459152244463352, 0.6656794218697413,
    0.6798456764199596, 0.6901674212320993, 0.7019861283293672,
    0.7084785426656406, 0.7145240993603419, 0.7245164093008075,
    0.7319588507863061, 0.7415293570121994, 0.7467163781217042,
    0.7472773961506892, 0.7557173014982889, 0.7621425031211926,
    0.7658263221922997, 0.7632614916217498, 0.7749988192665407,
    0.7844873896759488, 0.7865517700387947, 0.7964713968660522,
    0.797869016942771, 0.7962608538244084, 0.8069924484344496,
    0.8108283068606823, 0.8174010478500011, 0.8176797793611239,
    0.8027110716355021, 0.8195845333562382, 0.830365385590256,
    0.8357437718389692, 0.836992157866126, 0.8404258361113245,
    0.8370333756657612
  ],
  "val_ious": [
    0.5082993766535882, 0.5606765792421672, 0.5785117745399476,
    0.6273824246465298, 0.6537915006063987, 0.6589650656434073,
    0.6757268834373223, 0.6770749524019767, 0.6911673431379205,
    0.6946598135906716, 0.6907494029273158, 0.6961724259283232,
    0.7134864969529966, 0.7111551543508752, 0.7131155271461044,
    0.6905775525863618, 0.7250979989767073, 0.7204606656147086,
    0.7226337956777517, 0.7017505734727002, 0.716216972340708,
    0.7239845893953156, 0.7239122740600419, 0.7296744235183883,
    0.7260205136693041, 0.7351787414239801, 0.7308981636728066,
    0.7351729431446046, 0.7349228234826655, 0.7242888030798538,
    0.716219680680745, 0.7370225592799808, 0.7360117463529975,
    0.7378508776858235, 0.7382580650889355, 0.7361325066590657,
    0.708380858751311
  ],
  "training_time": 679.5422794818878,
  "avg_gradient": 0.004361157682994895,
  "memory_usage": 856.21484375
}
