{
  "train_losses": [
    0.26131577109513077, 0.21204915067747884, 0.19211737819663857,
    0.17462367305289145, 0.1638904593318053, 0.1539661091873827,
    0.1501186799419963, 0.14088278806403928, 0.13839415562055682,
    0.13129588807730572, 0.12711049523204565, 0.12169439624994993,
    0.1185074543742382, 0.11394538831613633, 0.10953151049983242,
    0.10772848015894061, 0.10665647175324999, 0.10396767622264831,
    0.09752430783017822, 0.09487239753260561, 0.09243598880003327,
    0.09130881585018791, 0.08700464248819195, 0.09194942600215258,
    0.08505386478551057, 0.0803124281456289, 0.07730783722565873,
    0.07574039013327463, 0.07926721000315054, 0.08098827715477218
  ],
  "val_losses": [
    0.2421088610654292, 0.20251424383857977, 0.2293599617222081,
    0.1654562642392905, 0.16829038832498633, 0.15564010227503983,
    0.14745117659154144, 0.14236223260345665, 0.1417144373383211,
    0.14214136872602545, 0.14282190880697707, 0.1410182168626267,
    0.14905290759128073, 0.1334741789361705, 0.14089051164362743,
    0.1329572934495366, 0.13575215297548668, 0.13199515997067743,
    0.13476085419888081, 0.13096631771844366, 0.13080408440335936,
    0.13056485435884932, 0.1306744868988576, 0.1312605064848195,
    0.1322576146086921, 0.1281318842716839, 0.13290375633084256,
    0.136834602964961, 0.13755357038715613, 0.1337022873694482
  ],
  "train_ious": [
    0.47453963679625927, 0.5640840846235337, 0.5997547166610974,
    0.6317970909286236, 0.65263623242145, 0.6697685979846595,
    0.6762486968891342, 0.6935735866427423, 0.6983570498076901,
    0.7103294226462431, 0.7188960570248143, 0.7283854867885079,
    0.7346467482115047, 0.7422832615565567, 0.7508778900879882,
    0.7545721554129882, 0.7564324603780453, 0.7615453160327419,
    0.7727335610467453, 0.7785175733160282, 0.7826158447542054,
    0.7850728564072346, 0.793365746844506, 0.783555891256834,
    0.7970350445180696, 0.8063010156586555, 0.8124792779917303,
    0.8156472935840703, 0.8089255023261769, 0.8050097150431167
  ],
  "val_ious": [
    0.5267486196497212, 0.5909563549186874, 0.5936856099228929,
    0.6544741940671119, 0.6497824503027874, 0.67213567810646,
    0.6847735598035483, 0.694823551869047, 0.6959519183290178,
    0.6953828570203504, 0.6917723028556159, 0.7007617386786833,
    0.6922847427751708, 0.7139477226613223, 0.7023912754611693,
    0.7193208189978115, 0.7138339995905973, 0.7171987495992493,
    0.7193697922039722, 0.7235672232033549, 0.7272075414657593,
    0.7280095517635345, 0.7281523092069488, 0.7276335198810137,
    0.7266002340593198, 0.7372364289518715, 0.7294485415669455,
    0.7296031134715979, 0.7216515534597895, 0.7231549247019534
  ],
  "training_time": 550.6581449508667,
  "avg_gradient": 0.003954015815198841,
  "memory_usage": 856.21484375
}
