{
  "train_losses": [
    0.26446542775501375, 0.2112088666661926, 0.18646877550560495,
    0.17050049956078114, 0.1603842897178686, 0.15155586725829737,
    0.14438441079919753, 0.14036232435508914, 0.13331423246342203,
    0.13082307305834864, 0.12583729033560856, 0.12239516923285049,
    0.11840808241749587, 0.11324148349787878, 0.10805070752520925,
    0.107642176480073, 0.10336685269747091, 0.0999520730794124,
    0.09957529442465823, 0.09395173961377662, 0.095137067179641,
    0.09063836466521025, 0.08834568427308746, 0.08441850482283728,
    0.08115755349559628, 0.0840535340020838
  ],
  "val_losses": [
    0.2280162961586662, 0.20219364827093872, 0.1900135239829188,
    0.16254201369441074, 0.17520409271768903, 0.15614026720109192,
    0.14843712228795755, 0.15114787852634554, 0.15237047863395317,
    0.14362049264752347, 0.15270777581178624, 0.1373806759391142,
    0.15133376743482507, 0.13528477432935135, 0.13303953587361003,
    0.13426204527849736, 0.14052780361279196, 0.1351081370983435,
    0.13248319972468459, 0.13498045001988826, 0.13883206118708072,
    0.13112303647010223, 0.13732032299689625, 0.13278990481858668,
    0.13305845095411592, 0.1497541934899662
  ],
  "train_ious": [
    0.47087672266407277, 0.5659539344572071, 0.6108679867525032,
    0.6396507772522559, 0.6573043513125271, 0.6736465101332766,
    0.6879678798866447, 0.6941990425297319, 0.7080946151113165,
    0.7124988965798112, 0.7213141856634099, 0.7276535779777641,
    0.7351785540256808, 0.7449093703990401, 0.7542404090796693,
    0.7555036611207153, 0.7626777217332005, 0.769078777482112,
    0.7698805920671725, 0.7802857321457589, 0.7779262959957123,
    0.785985027048467, 0.791191113005946, 0.7982979672218583,
    0.8049672871180201, 0.7995698602627151
  ],
  "val_ious": [
    0.5366778534607611, 0.5876448826081514, 0.6175046146347903,
    0.6544788216335186, 0.6426319352526596, 0.6730012599972712,
    0.6794677208299224, 0.6738851266926612, 0.6836035746163218,
    0.6919868109018907, 0.6852757168420847, 0.706218919460324,
    0.6854235089343527, 0.7094822560531506, 0.7122065299662993,
    0.7139377498972242, 0.7118600144766378, 0.7186292142107867,
    0.7152322237042413, 0.7144871403773626, 0.709528526534205,
    0.7266852205646211, 0.7224231040564139, 0.726900765645331,
    0.7285676272451012, 0.6996651877095732
  ],
  "training_time": 475.6626808643341,
  "avg_gradient": 0.005164064552126662,
  "memory_usage": 856.21484375
}
