{
  "train_losses": [
    0.25794373719912506, 0.21530107497845008, 0.19155900156044442,
    0.175778914971844, 0.163238813371762, 0.1539702626836041,
    0.14799257546015407, 0.1455169461829507, 0.13627112604191768,
    0.1294862434429967, 0.12862577018044566, 0.12213713266765294,
    0.11894885819081379, 0.11496823945123216, 0.11301404549537794,
    0.10854856516032116, 0.10449243843069543, 0.10227573824965436,
    0.09655097175551497, 0.09397839017860267, 0.09639343230620674,
    0.09157729561886062, 0.08976511062001405, 0.08680317939623543,
    0.08231419592123965, 0.07920712969549325, 0.07881640205564706
  ],
  "val_losses": [
    0.30035434112600656, 0.24453747790792715, 0.18938986114833667,
    0.17425365551658298, 0.16695028835016748, 0.15974259635676508,
    0.1775523433866708, 0.1493716306336548, 0.15778669164232587,
    0.1405540884512922, 0.1520177148606466, 0.14007342120875482,
    0.14313732249581296, 0.1362675932114539, 0.1470227247994879,
    0.13588534214574358, 0.13034263820103978, 0.13227229824532633,
    0.12843200855928918, 0.14036911175302838, 0.14677257949243422,
    0.13850720356339993, 0.13558685892949934, 0.13509378598436064,
    0.1269894645589849, 0.12908443711374118, 0.1692385336627131
  ],
  "train_ious": [
    0.47980284767117426, 0.5580521964508554, 0.6019661243789004,
    0.6296214126590368, 0.652932414110156, 0.6692570409589057,
    0.6806209458821062, 0.6841815618825132, 0.7014653135792932,
    0.713905258833066, 0.7161301561239838, 0.7279662970939408,
    0.7333359208659853, 0.7405385459786737, 0.7444734943193805,
    0.7525369648052298, 0.7602263170739879, 0.7642364445803821,
    0.7747888635250103, 0.7795484100023043, 0.7748308625018256,
    0.783832262823547, 0.7878874557605685, 0.7933038691247721,
    0.8022255397577212, 0.8086792972424758, 0.8093818632372908
  ],
  "val_ious": [
    0.4720746347869651, 0.5116769891718159, 0.6129832488039265,
    0.6378630637258725, 0.6531689005053564, 0.6601692958586459,
    0.6241408582182898, 0.6837476487608924, 0.671034670178441,
    0.6975285095581111, 0.6788813985776211, 0.6996531337499619,
    0.6991350218869637, 0.7038093470576882, 0.7016699532235877,
    0.7121812308180159, 0.719994457087655, 0.722185425784277,
    0.7264598826135413, 0.7100101821664452, 0.7050505299930987,
    0.7124754499266115, 0.7255456361217775, 0.7265033177707508,
    0.7337954560483712, 0.7354590663875358, 0.6919322603422663
  ],
  "training_time": 491.50258016586304,
  "avg_gradient": 0.01377417835447967,
  "memory_usage": 856.21484375
}
