{
  "train_losses": [
    0.2674416102792906, 0.21878842734124349, 0.19090143437294857,
    0.17579427029451597, 0.1627826639653548, 0.15636670885040707,
    0.1482084151762335, 0.14071284351951402, 0.13679593700267698,
    0.13130450005764546, 0.1274016276811776, 0.11971222674069197,
    0.12111096100314804, 0.11524828531495902, 0.10854079205866742,
    0.10699065434543983, 0.1075619904567366, 0.10328714654821416,
    0.09969459138000789, 0.09749714957307214, 0.09171996605784996,
    0.0894563635001364, 0.08763722715008518
  ],
  "val_losses": [
    0.2889326049581818, 0.20393903974605643, 0.19119581450586734,
    0.17287738167721292, 0.15761984139680862, 0.16162959340473879,
    0.16457565663301427, 0.1447244926315287, 0.14432230073472727,
    0.16030028543394545, 0.13618540261750636, 0.13487075463585232,
    0.1326390605257905, 0.14040719005076782, 0.1431456446323706,
    0.13719613671950673, 0.1411717506530492, 0.14409874298650285,
    0.1428013158881146, 0.13234394934514296, 0.13653618567015813,
    0.13190748461562654, 0.13623673144889914
  ],
  "train_ious": [
    0.4622567587572597, 0.5536789141487385, 0.6041026640737402,
    0.6312823024564893, 0.6553603573229868, 0.6660071722083334,
    0.6804614606974778, 0.6940872903535334, 0.7019727079980617,
    0.7124420766705193, 0.7184419000818244, 0.7323152162134648,
    0.7309826855966144, 0.7408440432146838, 0.753319056407697,
    0.7557520176945388, 0.755074783295825, 0.7627167653670349,
    0.7692889854095984, 0.7729665089560593, 0.7842930132604166,
    0.7887320065519955, 0.792056960202214
  ],
  "val_ious": [
    0.46461240634106205, 0.5877207912828611, 0.6128271260987156,
    0.6445539353982263, 0.6618095292993214, 0.6597136809774068,
    0.6571346041948899, 0.6858819187551305, 0.6880342109479767,
    0.6682133294533992, 0.7065542314363562, 0.7060775815144831,
    0.7123006541227951, 0.6977403157431147, 0.6990850677956706,
    0.7110119364831761, 0.698321627965872, 0.6964431582153708,
    0.6974416489618414, 0.7180222341979758, 0.7234655128440997,
    0.7251351702472439, 0.7121642650901407
  ],
  "training_time": 419.6570851802826,
  "avg_gradient": 0.005243470391176527,
  "memory_usage": 856.21484375
}
