{
  "train_losses": [
    0.2700600420813198, 0.22949091126413448, 0.20482995563551135,
    0.18405604532555395, 0.17260741142799024, 0.16024907455658136,
    0.15330620952274487, 0.14892856667385154, 0.1439434366867594,
    0.1360347274204959, 0.13261981656693894, 0.131125219611694,
    0.12434837517692991, 0.12031464440667111, 0.11847636747457412,
    0.11228372444115255, 0.11062345791446127, 0.10974745484797852,
    0.10211579380152018, 0.09982498192592808, 0.10038439127738061,
    0.09685109891807256, 0.09838211836050385, 0.09001364935513424,
    0.09235230314990749, 0.08659660747355741, 0.08289300160401541,
    0.08169546452067468, 0.08253569487968217, 0.07745777260836052,
    0.07737952379671775, 0.07731444246905006
  ],
  "val_losses": [
    0.2688760582519614, 0.2653601603663486, 0.1932457218999448,
    0.18008878600338232, 0.1617918976623079, 0.15974997437518576,
    0.1540964172910089, 0.1462362164064594, 0.15375869899340297,
    0.14195448856638826, 0.14828193900377853, 0.14222951978445053,
    0.13129590014400688, 0.14828923911504124, 0.13384641917503398,
    0.13373245638997658, 0.13384423161978307, 0.1293829572589501,
    0.13396031992590945, 0.1303658810970576, 0.13650002071390982,
    0.1348034028449784, 0.13317419475187425, 0.1280222528654596,
    0.13740625183867372, 0.12402100942057112, 0.12724437273066977,
    0.13325492114476536, 0.13595136514176492, 0.13609847296839175,
    0.12905357697087785, 0.14145602447831113
  ],
  "train_ious": [
    0.4566126152792057, 0.5328013382420164, 0.5776695671990728,
    0.6148295545599599, 0.6361737137363441, 0.658917284746101,
    0.6714460455637047, 0.6791515273676403, 0.6875305931097356,
    0.7036378896538763, 0.7086870590953723, 0.7135062055743254,
    0.7248832224935731, 0.7323237334688502, 0.7347360632881736,
    0.7458310021978355, 0.7489918589160058, 0.7514069512810396,
    0.764787785492945, 0.7694190826428978, 0.76857091486454, 0.7746888459592622,
    0.7723071205875146, 0.7878899854486403, 0.7834388147769629,
    0.7941330073644286, 0.8018694661449695, 0.8036750227860784,
    0.8024253085039664, 0.8128663230201473, 0.8125625582060946,
    0.8138778801413551
  ],
  "val_ious": [
    0.4677734323169873, 0.5199009245936422, 0.6016566839770994,
    0.6258431236813035, 0.6579705653847127, 0.6567126877497934,
    0.6695716078730598, 0.6830722583808762, 0.6728751687467961,
    0.6943612053342487, 0.6833122811023741, 0.6958956547837328,
    0.7139107582793721, 0.6872357700182042, 0.7083318032648253,
    0.7126147369111792, 0.7124493726785631, 0.7198244428289108,
    0.7130770918683729, 0.7201817439518112, 0.7119852637035259,
    0.7160061936879502, 0.7206477421349373, 0.7296757408674214,
    0.7179770873508593, 0.7355974208617557, 0.7314272401989368,
    0.7280028736677724, 0.7206407185050024, 0.7206688339727509,
    0.7376692174137502, 0.713632793530174
  ],
  "training_time": 582.4316556453705,
  "avg_gradient": 0.008611604172611281,
  "memory_usage": 856.21484375
}
