{
  "train_losses": [
    0.2625642064958811, 0.21871922772539698, 0.1956546640266543,
    0.177650669346685, 0.1650443819715925, 0.1559061719023663,
    0.1484753806548922, 0.14053931403095307, 0.13768501093854074,
    0.1312047484047387, 0.12893064692616463, 0.12267295477668876,
    0.11968063862751359, 0.1169485139215122, 0.11404193990418444,
    0.11052071011584738, 0.10699003914614087, 0.10216448820479539,
    0.09860681819365076, 0.10000590542736261, 0.09303031088379414,
    0.09104279193865217, 0.0930239577251284, 0.08481800815333491,
    0.08174572297898323, 0.08871282313181006, 0.08206200044926094,
    0.07740142200466084, 0.07911744430337263, 0.0746310120853393,
    0.07451588644281677
  ],
  "val_losses": [
    0.24567725315042163, 0.22364193848941638, 0.19288001954555511,
    0.17100193189538043, 0.17209851903759915, 0.15342208370566368,
    0.1645892566960791, 0.15020417600222255, 0.1495645060811354,
    0.1526359335883804, 0.1390877463247465, 0.13922175279130106,
    0.13194442702376324, 0.13797244316209917, 0.1387801044013189,
    0.1388729472199212, 0.13770743734810664, 0.1354544345775376,
    0.13153706442402757, 0.12903420222194298, 0.1278621316280054,
    0.1311816448426765, 0.12818085321265718, 0.13031076996222787,
    0.12990951035981593, 0.13764976872050244, 0.1286696161588897,
    0.13454046699663866, 0.1311566175326057, 0.1469362719875315,
    0.14751114696264267
  ],
  "train_ious": [
    0.4728264268285231, 0.5529173890371684, 0.5937062552117779,
    0.6263271081058877, 0.6491669859683169, 0.6663408202753551,
    0.6809912861149383, 0.6949629645416703, 0.7004165826500324,
    0.7122820793394594, 0.7152918948103553, 0.7270215018179964,
    0.7334606605379475, 0.738625807930594, 0.742727498429409,
    0.7492236749309558, 0.7554677545052509, 0.7646691193939121,
    0.7713787632359977, 0.769604301808969, 0.7816887297060179,
    0.785337955299495, 0.782271629172391, 0.7975877591449286, 0.803596949663716,
    0.7901172378788818, 0.8033393381730367, 0.8128967963267064,
    0.8095110375164216, 0.8186167319831638, 0.8189812488314034
  ],
  "val_ious": [
    0.5292323485448741, 0.5527593965331713, 0.6026287996682569,
    0.6478075300869734, 0.640184969573781, 0.6714082537353903,
    0.6595938868712686, 0.6746771158515543, 0.684454651846402,
    0.681330879961235, 0.6960230709418006, 0.7023980680151264,
    0.7127551645904348, 0.7081764100686364, 0.7001943741587625,
    0.6996643040059267, 0.7067276306342387, 0.7126955966586653,
    0.7200664482686827, 0.7190848452889401, 0.728038476213165,
    0.7216722639142603, 0.7240947379150253, 0.7318886481765389,
    0.7326122610897258, 0.7140671213467916, 0.7336845495130706,
    0.7292181454274965, 0.7319363943044691, 0.721303579384002,
    0.7152436474959056
  ],
  "training_time": 558.656708240509,
  "avg_gradient": 0.0037068001684803942,
  "memory_usage": 856.21484375
}
