{
  "train_losses": [
    0.2671573726541322, 0.21997197126240833, 0.19255176907324273,
    0.17868730263865512, 0.1679715641328822, 0.15670958400258553,
    0.14993055804592112, 0.14498729473384825, 0.13902590225410202,
    0.1341424046246254, 0.13107353230209454, 0.12519043404608965,
    0.12240335693501908, 0.1160881430639521, 0.11613201827782652,
    0.11173349618911743, 0.11048803802417673, 0.10575585901413274,
    0.10083820516972439, 0.10045033608279798, 0.09510677866637707,
    0.0944563344363933, 0.09193716088876776, 0.08891900163143873,
    0.08699107785587726, 0.08330461832330278, 0.07992207765093316,
    0.08293095194613156, 0.08368155441206435, 0.07948550978756469,
    0.07527341357553782, 0.07406802807489167, 0.07153967909676873,
    0.06993209987716831, 0.06808547367868216, 0.06736772130850864,
    0.08067239754144913, 0.06783240031370003, 0.06329144650827283,
    0.06169658105658448
  ],
  "val_losses": [
    0.2603812826716382, 0.22324483874051468, 0.18118265595125116,
    0.17624098256878232, 0.16600212454795837, 0.15031855893523796,
    0.15605814009904861, 0.14133770035012908, 0.15121015728167866,
    0.14090096205472946, 0.13788651723576628, 0.14989538264015448,
    0.12866256321253983, 0.13619629066923392, 0.1259907356098942,
    0.13553532909439958, 0.13387627656693044, 0.12278596279413803,
    0.13119904292018517, 0.1316204380405986, 0.12541471405521684,
    0.12366333020770032, 0.13178058260160944, 0.12441113380634267,
    0.12149316882309706, 0.12447497815541599, 0.12441745173671971,
    0.12736041438968285, 0.12941819218837697, 0.12148090338577396,
    0.1329030435046424, 0.12873966133464937, 0.12998826170097227,
    0.12633952190694603, 0.1289445576460465, 0.12959030157198076,
    0.12545826156502185, 0.12457837682703267, 0.12995663058498633,
    0.13672970948011978
  ],
  "train_ious": [
    0.458012039678684, 0.5532180766264598, 0.6007647467372211,
    0.6252559658301915, 0.6453349763608501, 0.6645435106171215,
    0.6764406778350255, 0.6858622904165068, 0.6972362718720369,
    0.7061087932923563, 0.7119830634067023, 0.7226215859038237,
    0.7277654504970362, 0.7390662220077236, 0.7389796088463155,
    0.7471270866260148, 0.749529415768558, 0.7580779951767646,
    0.7667653710189939, 0.7677267011848912, 0.7782358831145629,
    0.7792385087712956, 0.7834477425701377, 0.7892067374094676,
    0.7927881960311663, 0.8005288770233372, 0.8073668935592628,
    0.8015408806394838, 0.7995704034532325, 0.8079990931395176,
    0.8165668219975803, 0.8194405335015146, 0.8244609423521638,
    0.8280295968271687, 0.8320640176534646, 0.8340631485849188,
    0.8070132620092749, 0.8325279152047808, 0.8427100540071292,
    0.8462698651828625
  ],
  "val_ious": [
    0.47040039263125777, 0.541713059272455, 0.6256907426792643,
    0.634018264171006, 0.6532354493072067, 0.6838791806628739,
    0.6768036899359331, 0.6912080684433811, 0.6829386876113172,
    0.6944143217110981, 0.6969592119904533, 0.6955953512502755,
    0.7175526837075966, 0.7088489409374157, 0.7220005533401518,
    0.7103818367788756, 0.710499323796535, 0.7288947936849317, 0.71689558180346,
    0.7161739757959392, 0.7276918581430465, 0.7332478498203167,
    0.7241456387699511, 0.7357530300168024, 0.7376018868408343,
    0.7361570102149159, 0.7428765413553822, 0.7353603336690131,
    0.7335179532351702, 0.7463799833819487, 0.7364450477171637,
    0.7434633672237395, 0.7466417998075485, 0.7447666651096896,
    0.7468712729388389, 0.7408335876205695, 0.7431911847729616,
    0.7484151006176849, 0.7496591404728268, 0.7374145293581315
  ],
  "training_time": 729.0753436088562,
  "avg_gradient": 0.00549595744127603,
  "memory_usage": 856.21484375
}
