{
  "train_losses": [
    0.2616366159332835, 0.2220776845579562, 0.19563632644712925,
    0.17739894281586874, 0.16559394278927989, 0.1544944856558805,
    0.1492222106975058, 0.14228786005760016, 0.136256062425673,
    0.1319289341892885, 0.12662287161726019, 0.12562407573442097,
    0.11772552258132593, 0.11627410882679017, 0.11263197474181652,
    0.10927974371968405, 0.10765254874106335, 0.10068322114808403,
    0.09935592536045157, 0.09698661432965942, 0.09308650794074587,
    0.09185494583747957, 0.08951090422013532, 0.08663990563186615,
    0.08358839186637299, 0.080348273212819, 0.08489183777862269,
    0.07866056765551152, 0.07556786185697369, 0.07275931324566835,
    0.07048170027606514, 0.07120092601879784, 0.07725880720207225,
    0.07229746406411995
  ],
  "val_losses": [
    0.2476842921713124, 0.2172644326220388, 0.1972246986368428,
    0.1691271005117375, 0.16960707922344623, 0.15510052539732144,
    0.16531212336343268, 0.15297759308115297, 0.14995989462603693,
    0.13601429063988768, 0.15819594490787256, 0.1360462469899136,
    0.13276517310220262, 0.14004019502064455, 0.13229763005738673,
    0.13380099703436313, 0.12929559903948204, 0.13247796909316725,
    0.13383927844140842, 0.1462827707114427, 0.129657547597004,
    0.13610498914900032, 0.13567894130297328, 0.12784147392148557,
    0.13252677088198456, 0.13107106381136438, 0.12969148256208585,
    0.13314234611132872, 0.13343231655333354, 0.1316287962962752,
    0.13446829095482826, 0.13867725010799326, 0.13763906579950583,
    0.16286853684679323
  ],
  "train_ious": [
    0.4709594298451058, 0.5478104493864204, 0.5949726595502836,
    0.6267868257195187, 0.6482186052894248, 0.6691395099936188,
    0.6788050978296049, 0.6919030600051945, 0.7029974621491156,
    0.7107168193096697, 0.7201946948965388, 0.7229196290499058,
    0.7368709413145765, 0.7395618462368196, 0.7463019325573378,
    0.7519302372483238, 0.7553234581390155, 0.7669119918583958,
    0.7697240583382655, 0.7743853344649506, 0.7813853403904294,
    0.783654450668373, 0.7884061888292216, 0.7938545448840529,
    0.7999899629233541, 0.8059065256645712, 0.7978322401750779,
    0.8092682983564292, 0.8158290446668434, 0.8219879918556283,
    0.8265237107441041, 0.8253529774753943, 0.8130539100671159,
    0.8243004976623304
  ],
  "val_ious": [
    0.49405437794284546, 0.5629233741673869, 0.5917310328155324,
    0.6468988933425017, 0.6408213055220202, 0.6753105300924054,
    0.6572422877601956, 0.6715222391961279, 0.6899523726408031,
    0.7049863258565682, 0.6789161355599113, 0.7035672789898471,
    0.7105565265468929, 0.7045071461926333, 0.7141123355730719,
    0.717739450758782, 0.7181955156982807, 0.7168335683535839,
    0.716545566484548, 0.7053106489820757, 0.7257540960242784,
    0.7218300924784897, 0.7237483178791794, 0.7363244176342867,
    0.7236613538386163, 0.7276158302590467, 0.7286223669846853,
    0.7306722104549409, 0.7352447678213534, 0.7395279565151185,
    0.7329358292230658, 0.728302886520607, 0.7248797090589136,
    0.6912335498609405
  ],
  "training_time": 623.0396678447723,
  "avg_gradient": 0.008008091295943324,
  "memory_usage": 856.21484375
}
