{
  "train_losses": [
    0.26750186960334366, 0.21990783091472543, 0.19657132434456245,
    0.18034282739719618, 0.16784941291679506, 0.15781301203305306,
    0.15133574305345182, 0.14622556045651436, 0.13914491989366387,
    0.13420028028928715, 0.1290667590725681, 0.12336273884157771,
    0.1191032478261901, 0.12010682187974453, 0.11290141263895709,
    0.11184924395511979, 0.10685177507769802, 0.1029779020210971,
    0.0991572278916188, 0.09716091147097557, 0.09407871487833884,
    0.09199741571817709, 0.09120052315942619, 0.08794774831799061,
    0.08432255466671093, 0.09098269543408052, 0.08035239160222851,
    0.08057041081559399, 0.0774875241736679, 0.07863728908578986,
    0.07424963986420113, 0.07200185258103453, 0.07012552632342862,
    0.06873498948128975, 0.06753132897226707, 0.06648072316918684,
    0.06922382304606878
  ],
  "val_losses": [
    0.23917496755071307, 0.21158089164806448, 0.2022367696399274,
    0.18077777326107025, 0.16521309640096582, 0.17408097924097723,
    0.15145898286415183, 0.14940247036840604, 0.1474313063789969,
    0.14012947111673976, 0.135073972137078, 0.13645166790355806,
    0.14770388894754907, 0.13638398553366246, 0.13723618148461633,
    0.14078690921482834, 0.1365499813919482, 0.13010735226714093,
    0.13027858005269713, 0.14056786408890848, 0.1374163188688133,
    0.13652857765555382, 0.13710330313314562, 0.13079525627519772,
    0.12765303561868874, 0.13129589739053146, 0.13086582574507463,
    0.13220612380815588, 0.1305042168368464, 0.13730446459806483,
    0.13399742900029474, 0.13241621414604393, 0.13353119256055873,
    0.1376910815420358, 0.13626727510405623, 0.13350506952923277,
    0.13951542277051054
  ],
  "train_ious": [
    0.46895443643038354, 0.5516940037571434, 0.5929317279732317,
    0.6218492986391422, 0.645142262666554, 0.6624463036440421,
    0.6751557287854562, 0.6843667023315809, 0.6969270996101524,
    0.7059398422530596, 0.7153439082853176, 0.7257657605560796,
    0.7342503253856435, 0.7311427950103221, 0.7440610241846762,
    0.747453094176624, 0.7558515088605707, 0.7631788177118781,
    0.7701420247878719, 0.7736210820899493, 0.7789056049524873,
    0.7835511329273382, 0.785012170996355, 0.7910425795809084,
    0.7982273479734643, 0.786400570331708, 0.8061803113939108,
    0.8062234651567277, 0.812204308591891, 0.8102381597070587,
    0.8190365036328634, 0.8236187552844269, 0.8277257358034448,
    0.8306482859711712, 0.8337452987181964, 0.8357745042961582,
    0.8299646453149074
  ],
  "val_ious": [
    0.5241682912776436, 0.5702700644083645, 0.5963301606800246,
    0.6220396199952001, 0.6512040377095125, 0.6433581372965936,
    0.6762246591025504, 0.6808687357798865, 0.6852778289197147,
    0.6958597725716191, 0.7064598336599875, 0.7023876536151635,
    0.6895195716533109, 0.712967172049094, 0.7056749536507371,
    0.702001590443694, 0.7055826999139093, 0.7190190095832382,
    0.7244457399499586, 0.7129530900198482, 0.7158422439858533,
    0.7183359004017236, 0.7169017852216527, 0.7243464135605354,
    0.7319872677326201, 0.7262182712986849, 0.7305048805648002,
    0.7297876734232559, 0.735029452736827, 0.7221352537904961,
    0.7337548888247946, 0.7368662117615992, 0.7341348883034525,
    0.73412715330504, 0.732410956983981, 0.7372052544269008, 0.7220009034094603
  ],
  "training_time": 674.9267890453339,
  "avg_gradient": 0.003724225317776752,
  "memory_usage": 856.21484375
}
