{
  "train_losses": [
    0.26289450466308906, 0.22322430461645126, 0.19393465902818285,
    0.17742126920948859, 0.16590916511157286, 0.15514761841167574,
    0.14790352757858194, 0.1456461559738154, 0.13685649139401707,
    0.13098833195703186, 0.1275492638916425, 0.12307083667458399,
    0.11949694460338872, 0.11595864630425753, 0.112056498820691,
    0.10671951670361601, 0.1056402551577143, 0.10318334785330555,
    0.10208058778358542, 0.0966486083343625, 0.09411306784528753,
    0.09074981429654619, 0.0878899435148291, 0.08437777500923561,
    0.08247690684283557, 0.07921956378318694, 0.08920315657134938
  ],
  "val_losses": [
    0.2380221113562584, 0.20571547390326209, 0.18655946008537128,
    0.17930651358936145, 0.1709256065280541, 0.1520164783882058,
    0.15627823024988174, 0.14552949530922848, 0.1438300761839618,
    0.1388334422979666, 0.14090393370260362, 0.13839735009748003,
    0.13297176749809927, 0.13252416188302246, 0.14463554257931915,
    0.1315187641783901, 0.13110314422975416, 0.12978074327111244,
    0.13393598713952562, 0.12729544824232225, 0.1283816883097524,
    0.12784984707832336, 0.12946206201677737, 0.13393858447670937,
    0.1254813068586847, 0.13098534747310306, 0.14539644300289775
  ],
  "train_ious": [
    0.4691761490632443, 0.5457952686895926, 0.5979650398527367,
    0.6275351226761723, 0.6475156453856524, 0.6676977041406907,
    0.6812407867848008, 0.6858497312751367, 0.7014218793938992,
    0.7121242394913798, 0.7181114143543488, 0.7256084348520507,
    0.7325851121998354, 0.7395013227410935, 0.7464449224804619,
    0.7558553753339724, 0.758104759012012, 0.7635887528135292,
    0.7650436303861762, 0.7746280097551105, 0.7793910288508389,
    0.785585455272509, 0.791620071707429, 0.7980456972035811, 0.802283257677935,
    0.8086836856344475, 0.78882810678603
  ],
  "val_ious": [
    0.5218707201057586, 0.5788226365179256, 0.6201965232258259,
    0.6279399416584899, 0.6529529325772021, 0.6754649203756582,
    0.6722071909386179, 0.6853842413511828, 0.690739291301672,
    0.6991185474654903, 0.698234653775243, 0.6982364434262981,
    0.7117060422897339, 0.7138827063035275, 0.700347385328749,
    0.7189764356699542, 0.7233250046121901, 0.7252424631429757,
    0.7173076954440794, 0.7277205163154048, 0.7285933986954071,
    0.7305938601493837, 0.7290525876957438, 0.7295482476120408,
    0.7393461370813673, 0.7270063669353292, 0.6982021737789761
  ],
  "training_time": 484.9060618877411,
  "avg_gradient": 0.003914505013051077,
  "memory_usage": 855.96484375
}
