{
  "train_losses": [
    0.26189383022163226, 0.21612759647162064, 0.1898041535978732,
    0.1729687323550815, 0.16229801758637893, 0.15525649706630604,
    0.14600823374222155, 0.14166472333928812, 0.1344154682415335,
    0.13032409479922574, 0.12446182354798783, 0.12331102383525475,
    0.11975936166456212, 0.11556590166266846, 0.11233853649995897,
    0.10694530189199292, 0.10679314771424168, 0.10051764470889517,
    0.09938193930555946, 0.09549690714186948, 0.09337125297473825,
    0.09278427440997052, 0.08569185962171658, 0.08503625971143661,
    0.08468376286327839, 0.087705847726244, 0.0798745958701424,
    0.07931308901828268, 0.07613052356907207, 0.07360427330612489,
    0.0754478526018236, 0.07060667629475179, 0.06812627666184436
  ],
  "val_losses": [
    0.2325608613698379, 0.206215326876744, 0.18379594385623932,
    0.18564344359480817, 0.16539570608216783, 0.1554312395012897,
    0.15521367185789606, 0.143400431489167, 0.14764719634600307,
    0.13816023682770523, 0.1388744183856508, 0.13781416318986728,
    0.13870374566834906, 0.14136190275135246, 0.13363013870042303,
    0.13252200639766196, 0.13285727475000464, 0.14889202234537705,
    0.13079554587602615, 0.1311967891195546, 0.13103155062898345,
    0.1360098100874735, 0.12866588082650435, 0.13051153800409773,
    0.13367505306782929, 0.13333116811902626, 0.13522014685946962,
    0.1321162620316381, 0.13162118293668912, 0.14408700637843297,
    0.13693307923234027, 0.1357881015409594, 0.14426958722912747
  ],
  "train_ious": [
    0.4741668413676643, 0.5572152688451435, 0.6053734359641869,
    0.634926074548908, 0.6538716943907562, 0.6672327081686342,
    0.6844240363309347, 0.6923360718765121, 0.7048734626800256,
    0.7128469085563779, 0.724018506381823, 0.7263176204717673,
    0.7326377980087113, 0.7395420434034388, 0.7453865367325321,
    0.7556069255199118, 0.7562521180488923, 0.7667721523970795,
    0.7692293254793556, 0.7768245589365996, 0.7807760297496245,
    0.7817872447920019, 0.7956856626315395, 0.7967305168293521,
    0.7977255848438843, 0.7917572263142342, 0.8068683952956954,
    0.8085499676889268, 0.8148608038174937, 0.8201861755139587,
    0.8164566235913746, 0.8265986691998399, 0.8322108394425846
  ],
  "val_ious": [
    0.5167151218739109, 0.5778199021798978, 0.6147380836200024,
    0.6175003734187805, 0.6549554598936137, 0.6687744991934819,
    0.6754799565111381, 0.6910002929145009, 0.6836458835480869,
    0.6995703664378842, 0.7042206946922385, 0.7024026418077771,
    0.7012846914754397, 0.7020427144092062, 0.7133476079806039,
    0.7151569069727609, 0.713089594590491, 0.7035281703523969,
    0.7227806766395983, 0.7191345793181572, 0.7220053184723509,
    0.7147039866101913, 0.7309848370327464, 0.7282780134591504,
    0.7293760785158131, 0.7240513904371124, 0.7291994094848633,
    0.729734686621721, 0.7341140042180601, 0.7239453386569368,
    0.7341355042181151, 0.7349023194848626, 0.7153022900439691
  ],
  "training_time": 594.2302799224854,
  "avg_gradient": 0.004426314064700469,
  "memory_usage": 856.21484375
}
