{
  "train_losses": [
    0.2648208407766145, 0.22475905894585277, 0.195367357896074,
    0.1794868262241716, 0.16826063038214392, 0.15896982323054387,
    0.1503232955203756, 0.1430883250887627, 0.13885626354781183,
    0.1350082036755655, 0.1312449297098362, 0.1267812328170175,
    0.12287419273153595, 0.11654122833810422, 0.1136721495700919,
    0.11077569574927507, 0.10736282433018736, 0.10275785515651754,
    0.10152369174782348, 0.0980254448140445, 0.09473373263102511,
    0.09175071768138719, 0.08910082786789407, 0.09084863073961891
  ],
  "val_losses": [
    0.2421044457865798, 0.2002355031993078, 0.18132753540640292,
    0.17824500021727188, 0.16590894402369208, 0.156309161497199,
    0.15274737742931946, 0.1434137150645256, 0.14591059590811314,
    0.1493187988905803, 0.14748074632623923, 0.13403883981315987,
    0.13823755312225092, 0.13316253102991893, 0.13016330612742383,
    0.12768764729085175, 0.13084435446754747, 0.13168392540967983,
    0.12923526537159216, 0.13583573682800584, 0.1235550378003846,
    0.13036130141952765, 0.1330672732513884, 0.1528249008823996
  ],
  "train_ious": [
    0.46800475039829814, 0.5427383596644455, 0.5943411508494097,
    0.6240966364039459, 0.6447704221675364, 0.661174004060635,
    0.6768953610697519, 0.6899598683568017, 0.697815614172082,
    0.7053008352176866, 0.7111143316479699, 0.7197852465121641,
    0.7274812388139358, 0.738651625758064, 0.7433435220433317,
    0.7485865080270218, 0.7550290782490501, 0.7633619000730307,
    0.765732142588367, 0.772503976588664, 0.7781390450030997,
    0.7841355846519921, 0.7891647864834986, 0.7861793372726097
  ],
  "val_ious": [
    0.5110235309255295, 0.5848317407611489, 0.618874245579692,
    0.6251807426628857, 0.6565290531818418, 0.6695296511701916,
    0.6732426801885384, 0.688817865822626, 0.6884809797224792,
    0.6891509380893429, 0.6847994705473167, 0.7074114315319753,
    0.7020062212494839, 0.7116337805122567, 0.7144297046073969,
    0.7225939424141593, 0.7177173506090605, 0.7178335798823317,
    0.723955280970836, 0.7145077778377396, 0.7331590324208356,
    0.7254625269468279, 0.7280343030241951, 0.6927070494579233
  ],
  "training_time": 437.2213592529297,
  "avg_gradient": 0.006118363906078793,
  "memory_usage": 856.21484375
}
