{
  "train_losses": [
    0.26567559130489826, 0.2173449474832286, 0.1902420636590408,
    0.17576515747477178, 0.16388779692351818, 0.1559117065904581,
    0.14778228792483392, 0.14131079622260903, 0.13644571314849283,
    0.13187362387290466, 0.12825084052494037, 0.1234411803357627,
    0.11829387291294077, 0.1144663871711363, 0.11086830306474281,
    0.10900262528625519, 0.10577906129638785, 0.10005780791296907,
    0.09812320485387159, 0.0959771764262215, 0.0902276451739928,
    0.08991395350059737, 0.09469249783812658, 0.08572747262761644,
    0.08435520379925551, 0.0897900226890393, 0.07953571953365336,
    0.07925153106613003
  ],
  "val_losses": [
    0.24939883370762286, 0.2373882409023202, 0.18960579581882642,
    0.1756673558898594, 0.18526507914066315, 0.16322999674340952,
    0.15054353682891183, 0.14877901145297548, 0.1486629228229108,
    0.1462470659095308, 0.15062680694720018, 0.14436860350163086,
    0.14204575882657713, 0.13580138819373172, 0.14006383133971173,
    0.14258094358703363, 0.13641780242323875, 0.13255252478563267,
    0.13508473595847253, 0.13720803983185603, 0.1390207053526588,
    0.14007161217539207, 0.13460508264277293, 0.13570584308194078,
    0.13799821893158165, 0.13683646253269652, 0.13385046629802042,
    0.16075810320351436
  ],
  "train_ious": [
    0.4619449596933046, 0.5555935393532979, 0.6042843401108097,
    0.6311096662952417, 0.6515253704527151, 0.6667684266964595,
    0.6804696518549889, 0.6927347409444442, 0.7024537011225156,
    0.7113310910113482, 0.7177941893105921, 0.7257887645476105,
    0.7352120873612773, 0.7421803540833621, 0.7484937875491128,
    0.7522168080119984, 0.7578780327694142, 0.7686688786075603,
    0.7719480182057705, 0.7759836887859778, 0.7867324153582256,
    0.7875568550350011, 0.778813609178515, 0.7955045346980512,
    0.7982118152405902, 0.7874840312785855, 0.808000535096811,
    0.8086381835350085
  ],
  "val_ious": [
    0.4994043085886085, 0.5356485066206558, 0.6121116068916045,
    0.6381578138772993, 0.6145950408949369, 0.6611757803222408,
    0.6786101743362952, 0.6776698337516923, 0.6823508953270704,
    0.6909173267043155, 0.6863710459159769, 0.6908024275216502,
    0.6951343168814976, 0.7098021109898885, 0.7019861815632255,
    0.696828414996465, 0.7140098520811055, 0.7174401391243588,
    0.7182485787332923, 0.7122718223195146, 0.7211710300998412,
    0.7150219069874805, 0.7206895033950392, 0.724710239664368,
    0.7238360086212987, 0.7144360369530275, 0.7296788457079211,
    0.6922254033278729
  ],
  "training_time": 513.0878608226776,
  "avg_gradient": 0.006675082324405062,
  "memory_usage": 856.21484375
}
