{
  "train_losses": [
    0.2683825663736333, 0.22313818278843942, 0.19716578462849493,
    0.1781505494499984, 0.16678770858308542, 0.1556570381331055,
    0.15106331528690847, 0.14424500691340023, 0.1380094691058216,
    0.133017190610585, 0.1296013934618753, 0.12579106640718554,
    0.12113211482115414, 0.11679012295992477, 0.11424886208513509,
    0.10956029812602894, 0.10590034889300233, 0.10363251776636942,
    0.10032626775943715, 0.10168519332681013, 0.09421857754173486,
    0.0912464156989818, 0.08863686134471842, 0.08687052900052589,
    0.08719829478017661, 0.08264848152580469, 0.08237200380181489,
    0.08008517098167668, 0.07607236103681118, 0.07628456515300533,
    0.0845460693716355
  ],
  "val_losses": [
    0.2323009575838628, 0.20205074807871942, 0.19282103945379672,
    0.17371588880601135, 0.15485377966061883, 0.15464874875286352,
    0.14852194455654724, 0.13975495569731877, 0.15850214886924494,
    0.13974285984168883, 0.1448040773039279, 0.15191451330547748,
    0.1399365810920363, 0.14777544804889223, 0.1356979561564715,
    0.1318301973135575, 0.12727329313107158, 0.12899900405951167,
    0.12917749680902646, 0.12465332043559654, 0.12066568806767464,
    0.12109434879992319, 0.12423279249797696, 0.128470064667256,
    0.12445385997062144, 0.122382085122492, 0.12658069250376328,
    0.12936484068632126, 0.1330933357062547, 0.13502849573674408,
    0.12922369413401769
  ],
  "train_ious": [
    0.4616976612369005, 0.5451180176890411, 0.5928437295167343,
    0.6268681143073065, 0.6478088484618113, 0.6686056142375956,
    0.6752072614280216, 0.6882999555032325, 0.6996706779236379,
    0.7076768351421836, 0.7161083003317101, 0.7223195007637793,
    0.7300170414905619, 0.7385984353073262, 0.7430775740008422,
    0.7517705943057503, 0.757858032441658, 0.7624224302885326,
    0.768073304407839, 0.7659426295886869, 0.7792405871593432,
    0.7855398795850898, 0.7901087826576788, 0.7934803055680321,
    0.7935332824354591, 0.801975880790016, 0.8030190116361434,
    0.8072913595731709, 0.8153512558859337, 0.8149069466668628,
    0.7988669923034268
  ],
  "val_ious": [
    0.5287658847544505, 0.5850532266540802, 0.6104007914014484,
    0.6334624718064847, 0.6682265636281689, 0.668433998805889,
    0.6805244703655655, 0.693681972830192, 0.6690840822631033,
    0.7007875483537064, 0.6926060154818106, 0.682084078806034,
    0.7020071114318959, 0.6896003469608832, 0.7122193406457488,
    0.7151460673498071, 0.7259974077991819, 0.7224248885244562,
    0.7248711402433506, 0.729958858826886, 0.73910910560601, 0.7367890287136687,
    0.7385893414417902, 0.7278270399656848, 0.7381299107834911,
    0.7414252416811127, 0.733978291568549, 0.7379734524782154,
    0.7277870037849397, 0.7342552814794622, 0.73275193075339
  ],
  "training_time": 567.3605477809906,
  "avg_gradient": 0.00424116605353674,
  "memory_usage": 856.21484375
}
