{
  "train_losses": [
    0.2601675828513892, 0.2141528518303581, 0.1911022062210933,
    0.1734758459193551, 0.1621678310405949, 0.15374743391800186,
    0.1461458677911888, 0.1392891906282824, 0.13462437328923008,
    0.1306305719215585, 0.12582500777004854, 0.12199736443226752,
    0.11612318541206744, 0.11349224108878685, 0.11201058465825475,
    0.10871611624632192, 0.10604950109415728, 0.1003629446596555,
    0.09593259725395752, 0.09412176348268986, 0.09263119344478069,
    0.09288175193511922, 0.0870837418605452, 0.08917221439111492,
    0.081937105840315, 0.07995766992478268, 0.08192491584012042,
    0.0769453211080121, 0.07277915517435125, 0.07508196570384114
  ],
  "val_losses": [
    0.27227424668229144, 0.24653597661982413, 0.1872176009675731,
    0.2003876638153325, 0.16161589130111362, 0.16418074071407318,
    0.14736158271198688, 0.15421729567258255, 0.14806809778446736,
    0.14699066349345705, 0.13790383546248727, 0.13501130497973898,
    0.14344315911116806, 0.14197303095589514, 0.14277500481061314,
    0.13821327394765356, 0.1268600369601146, 0.13173267634018607,
    0.13607897560881532, 0.12816673662999403, 0.14214310373948968,
    0.13071168392248775, 0.135962991286879, 0.12896574078046757,
    0.13110618682011313, 0.13382821611088255, 0.13533651245676953,
    0.1299114870312421, 0.1319653328670108, 0.13567643402063329
  ],
  "train_ious": [
    0.4791374101398, 0.5608450101985449, 0.6026302665687993, 0.6351505338713743,
    0.655116750980201, 0.670538878419261, 0.6849163984474927,
    0.6973323319377238, 0.7051487863063813, 0.7139706970125006,
    0.7219892080495317, 0.7287463857319909, 0.7393962184804075,
    0.7446816994444179, 0.7467103346210456, 0.7530107365354245,
    0.7576546721916265, 0.7687137049717315, 0.7764324302906581,
    0.7801615128806536, 0.7824939354390333, 0.7821705162633151,
    0.7938198050942973, 0.7895764816498413, 0.8031596335164012,
    0.807590624128563, 0.8034613987133984, 0.8135502828636021,
    0.822245622350686, 0.8176979752986329
  ],
  "val_ious": [
    0.4807353442993717, 0.5393238910946295, 0.6098143926997114,
    0.6121773084868555, 0.6585095000007878, 0.6580544308475825,
    0.6820561224999636, 0.670175765303598, 0.6824391903220741,
    0.6916978365701179, 0.7034373242354048, 0.7048735098130462,
    0.6933981815110083, 0.69890647975431, 0.6977716675703077,
    0.7061026871636293, 0.7227355798949366, 0.7176184934982356,
    0.7111613856277603, 0.724800169467926, 0.7099572655515393,
    0.7213183259186536, 0.7210223899371381, 0.723129828123079,
    0.7278748970964682, 0.7300312048283177, 0.7276503761177476,
    0.7303266771461653, 0.7353126203668289, 0.7234280992677246
  ],
  "training_time": 547.0176672935486,
  "avg_gradient": 0.004624877534738055,
  "memory_usage": 856.21484375
}
