{
  "train_losses": [
    0.2655277965671342, 0.22610363720551782, 0.19911612894224084,
    0.18173578883642735, 0.16860656861377799, 0.16029793866302655,
    0.15157151299164348, 0.14370173807053463, 0.1388808096880498,
    0.1334004406209873, 0.12952134037471336, 0.12410439307922902,
    0.1186636898909574, 0.11648797669002543, 0.11022450811351123,
    0.11101793680016113, 0.1054487751553888, 0.10437097177719293,
    0.0992459870631928, 0.09762119202186233, 0.09769155963769426,
    0.08904924705300642, 0.08692548326824022, 0.08440228073817233,
    0.0847667214339194, 0.07994457528642986, 0.07858931289418884,
    0.07731045766369156
  ],
  "val_losses": [
    0.2689642187045968, 0.22165728425202164, 0.20264694321414697,
    0.1727670405222022, 0.16365393639906592, 0.15458687394857407,
    0.16077181178590524, 0.1580751092861528, 0.14666993494914926,
    0.14388504672957503, 0.1365925397561944, 0.13816245645284653,
    0.13983758101644722, 0.13207243933625842, 0.14683424535652864,
    0.13453847072694614, 0.13345229771474135, 0.13441390738539075,
    0.1325357949928097, 0.1320083483081797, 0.12662833799486575,
    0.13386185872166054, 0.1367762560105842, 0.13124595047987025,
    0.1353367612413738, 0.14393230106519617, 0.12836145026528317,
    0.16047654009383658
  ],
  "train_ious": [
    0.46433570202224045, 0.5406531418363252, 0.5869289400946837,
    0.6196414227934851, 0.6432498577388304, 0.6594970961087857,
    0.6755952729803062, 0.6881075952795971, 0.6972335086244607,
    0.7076385247966516, 0.7140817980727426, 0.7247826200572477,
    0.735040609225415, 0.7390067620553837, 0.7497783075964103,
    0.7482317512773947, 0.7584031365163948, 0.7609106129494267,
    0.7705208929120628, 0.772975963526878, 0.772604294661163,
    0.7894561063984168, 0.793598573492921, 0.7984948340749393,
    0.7979749540487925, 0.8071621937164367, 0.8101689033750169,
    0.8129725481073065
  ],
  "val_ious": [
    0.4476215891216114, 0.558496998919957, 0.5857138622930085,
    0.6329374751750975, 0.6499112110207045, 0.6669685274794481,
    0.6683125925668773, 0.6764135866061501, 0.683264008898666,
    0.6899533835442169, 0.7041728401529616, 0.7021177957455318,
    0.699949671608814, 0.7120323038619497, 0.6915397231561549,
    0.7098930540724078, 0.7188220898742261, 0.7168128665374673,
    0.7189216294150422, 0.7159770128951554, 0.7279213977896649,
    0.7239134961712186, 0.7224499773288118, 0.7253039811832317,
    0.7245380226252734, 0.7212345235157704, 0.7335052870321965,
    0.709464790596478
  ],
  "training_time": 511.7425253391266,
  "avg_gradient": 0.0067236902972816716,
  "memory_usage": 856.21484375
}
