{"train_losses": [0.2618003044601368, 0.21234654894341592, 0.19017192875237568, 0.17358005411275054, 0.1642396183198561, 0.1564249796387942, 0.14976960039981033, 0.1421482860232177, 0.13781564678672864, 0.1355039636078088, 0.12943502001302398, 0.12574410130796226, 0.12314343083973812, 0.12030472926309575, 0.11402550307304962, 0.11232627288478872, 0.10957461048889419, 0.10471780112256175, 0.10354270749603925, 0.09912894892951717, 0.09732833917698135, 0.0935833145175939, 0.09063219056343255, 0.08955195347738007, 0.08627007087773603, 0.08823697017910688], "val_losses": [0.22812564411888953, 0.21312008862910065, 0.1876872606251551, 0.16134015681303066, 0.16178130585214365, 0.1573983221922232, 0.14768735789086507, 0.14258785562022872, 0.14541671198347342, 0.14221837080043295, 0.13917127931895462, 0.13156426876135494, 0.13530381266837535, 0.1358257154731647, 0.12981959642923396, 0.12810910314969395, 0.12730670250628306, 0.14123367242839024, 0.13190700567286948, 0.1330255260286124, 0.12775150346367256, 0.12486343361113382, 0.12394883613223615, 0.12709917597796605, 0.13822792729605798, 0.13280199095606804], "train_ious": [0.4749783914050329, 0.564979859020399, 0.6057516129120537, 0.6338810550345891, 0.6506979347787041, 0.6662152576921642, 0.6784449206206249, 0.6918088997835699, 0.6993851274035978, 0.7035880785813369, 0.7149715554778989, 0.7220462884591972, 0.7259241255621119, 0.7313242181595684, 0.7426427608706812, 0.7462627285200617, 0.751335740359365, 0.7597378644066441, 0.7626280510879083, 0.7707675711076326, 0.7739551303287342, 0.7805729383143825, 0.786466775650995, 0.7887919684467108, 0.7947209636154381, 0.7913920541928298], "val_ious": [0.5330397712363711, 0.5761216574389, 0.6126102615093839, 0.6556878109341083, 0.6587121046107748, 0.6674119242723437, 0.6837974469298903, 0.6906087670637213, 0.686234890118889, 0.6927891239739846, 0.7021609587945798, 0.7113745124011802, 0.7071724525396373, 0.7015578930360684, 0.7120104602713515, 0.7220435986916224, 0.7211433519487795, 0.7001216705294624, 0.7154467630645504, 0.7187691719635673, 0.721323890098627, 0.7305236327043481, 0.7319802918295928, 0.7330665394015934, 0.716835691013198, 0.7192950289750444], "training_time": 476.0880525112152, "avg_gradient": 0.008020203111732547, "memory_usage": 856.21484375}