{
  "train_losses": [
    0.26012589077910653, 0.2141370963629173, 0.18943806073587874,
    0.1743245307032181, 0.1658508320865424, 0.15491993607872206,
    0.14789576399261536, 0.14424273068004329, 0.13764811574440936,
    0.1326861855695429, 0.12849402123981196, 0.1236434844524964,
    0.11951873366437528, 0.11637464100899904, 0.114258938792931,
    0.10870502022621424, 0.10717302386689445, 0.10240254300120084,
    0.10063353055359228, 0.09577425642181998, 0.09512884011897056,
    0.09074686641764382, 0.08917613363946261, 0.08792138018685838,
    0.08775766254605158, 0.08494080275135196, 0.08314698578222939
  ],
  "val_losses": [
    0.28327311964138696, 0.20576051849385965, 0.18822880510402762,
    0.17560747589754022, 0.17804475938496384, 0.17367962942175244,
    0.14991629091293915, 0.14527110512489858, 0.14499044159184332,
    0.14398463329543237, 0.14080307697472366, 0.14108266989174095,
    0.1354202508278515, 0.13466572534778845, 0.1356489099562168,
    0.13776632317382356, 0.1322924005596534, 0.13274135618754054,
    0.13511734666383785, 0.13334676072649335, 0.14310547806646512,
    0.12898681442374768, 0.1277239037596661, 0.1313156929353009,
    0.1266552057603131, 0.1315769805856373, 0.14764858344974724
  ],
  "train_ious": [
    0.4746940432291856, 0.5614868676748825, 0.6047393010956219,
    0.6322769311567147, 0.6487013683586874, 0.6687272081448549,
    0.6812665501906386, 0.6885493866883327, 0.6995886205223162,
    0.7093171379596429, 0.7153835854884505, 0.7251751672314561,
    0.732550961977762, 0.739116712000923, 0.7420854401653227,
    0.7521392780261623, 0.7545757464308671, 0.7640727506815523,
    0.7670951297749644, 0.7765207375413263, 0.7771322769855245,
    0.7858404877825061, 0.789178779267746, 0.7911552556830906,
    0.7915815644074178, 0.7973341334989108, 0.8007815361454861
  ],
  "val_ious": [
    0.4931785001055056, 0.5845595280761304, 0.6121250136175018,
    0.6383618569892385, 0.6382700714512148, 0.6537801426821862,
    0.6784874952357749, 0.6897868321857591, 0.6884948457928672,
    0.6907143983720004, 0.6978796463513721, 0.6982165233812472,
    0.7059605095697488, 0.7108998290006666, 0.7049196198366693,
    0.70554561437904, 0.7131215068309205, 0.7177503780610321,
    0.7151733673569084, 0.716700353268264, 0.7051867428033248,
    0.7317155364198962, 0.7309882845999537, 0.7254453251759211,
    0.7340545773074247, 0.7323050533515819, 0.7037272302136907
  ],
  "training_time": 492.9195258617401,
  "avg_gradient": 0.006893372038258364,
  "memory_usage": 856.21484375
}
