{
  "train_losses": [
    0.26116664335131645, 0.2150794081389904, 0.19440365671787574,
    0.17796713583495305, 0.1672228167400412, 0.15745638582207586,
    0.14997084791083698, 0.14424927350457595, 0.13889948525668486,
    0.13212301108338262, 0.12743214019776686, 0.12398104815055495,
    0.12105640080635963, 0.11495294102022181, 0.11358799526224965,
    0.11233692393516717, 0.1051727338977482, 0.10529354510261961,
    0.09915493542085523, 0.09616771303927121, 0.09581812341576038,
    0.09263054605411447, 0.09071275231468937, 0.08578444535479597,
    0.08828110255948875, 0.08519163019145312
  ],
  "val_losses": [
    0.22954741735821185, 0.20649406961772754, 0.22888357030308765,
    0.20592008142367654, 0.16240559129611307, 0.17511609682570334,
    0.1572904269332471, 0.15795320904125337, 0.14174899475082106,
    0.14337064957489137, 0.13790236219115878, 0.13999238772236783,
    0.14327979346980219, 0.13601428934413454, 0.14129192706035532,
    0.13114982600445332, 0.13747620679762051, 0.1359853527468184,
    0.13427710954261862, 0.13309360603275505, 0.14217428976426955,
    0.12687785615739616, 0.1304851423787034, 0.1343587233644465,
    0.1340190609512122, 0.14310950866859892
  ],
  "train_ious": [
    0.47241235953634186, 0.5586682249778422, 0.5964393520700759,
    0.6258099821490655, 0.647367157311975, 0.6627234147078748,
    0.6776850585272348, 0.6873064031959445, 0.6980282232381293,
    0.7093982000605783, 0.7193998382359309, 0.7252697268689886,
    0.730283740529979, 0.7422259476953661, 0.7445257097698635,
    0.7458021994950117, 0.759333966542845, 0.7593440491220227,
    0.7700589166927166, 0.775766107159248, 0.7764762813846271,
    0.782407332211733, 0.7858880713474062, 0.7956899967638481,
    0.7907416977096295, 0.7969239533379459
  ],
  "val_ious": [
    0.534358431139718, 0.5775878129230029, 0.5649891617721404,
    0.5820218361374261, 0.6553356472564782, 0.6426052163908448,
    0.6673460762569869, 0.6789075991381769, 0.693286263856335,
    0.6891209619200748, 0.7010506976773772, 0.7007956252149914,
    0.6914514244898509, 0.70701321117256, 0.6952346312826958,
    0.7145460731741311, 0.7102694835351863, 0.7125498518563697,
    0.7183237602745275, 0.7197489224482274, 0.7130621816369072,
    0.7287096731040791, 0.7248153671406321, 0.7233412190191987,
    0.721650748581126, 0.7067778419325318
  ],
  "training_time": 473.6195795536041,
  "avg_gradient": 0.004763404918022651,
  "memory_usage": 856.21484375
}
