{
  "train_losses": [
    0.2631274108653483, 0.2194186785136876, 0.1904185138966726,
    0.1746712095387604, 0.16199859292448862, 0.15250087007070365,
    0.1471017536342792, 0.1410003734914505, 0.1336655355989933,
    0.12912204537702643, 0.13270971810688142, 0.12243323983705562,
    0.11753940136860246, 0.11742664561809404, 0.11028393143383057,
    0.10933742093165284, 0.10753955874268127, 0.0997448253404835,
    0.10085600537612387, 0.09472570086464933, 0.09273781072672295,
    0.09176901027398265, 0.0878284667092173, 0.08542676715423232,
    0.08677982170458722, 0.08631684801176838, 0.08138531515293795,
    0.0764045266677504, 0.08075847229717867, 0.07376197425891524,
    0.07758407146953371, 0.0805778737463381, 0.07072955718183,
    0.06828783225754033, 0.06655101559084395, 0.06426880006556926,
    0.0662103023218072, 0.06611467557756798
  ],
  "val_losses": [
    0.2405794224013453, 0.20115133601686228, 0.1928335204720497,
    0.17389114330644193, 0.1611510262541149, 0.15518504931874896,
    0.1515394577189632, 0.15038377143766568, 0.14627032451655553,
    0.14311960371940033, 0.17179248044672218, 0.14205559278311936,
    0.1345443025879238, 0.13343339947902638, 0.13537311311001363,
    0.14420335577881854, 0.13385589777127557, 0.13386125652038533,
    0.1358226774179417, 0.14034422146885292, 0.13945658618341322,
    0.13509482048127963, 0.1325814775798632, 0.1363748789805433,
    0.14573024942175203, 0.13449294120073318, 0.13397786328973976,
    0.13875678635161856, 0.13439168133165524, 0.1400925821584204,
    0.13623348364363547, 0.13721286975171254, 0.143928413481816,
    0.13643628002508826, 0.13804014075709425, 0.1413262196533058,
    0.14155450333719669, 0.14978814805331436
  ],
  "train_ious": [
    0.4695860131684199, 0.5505221196706743, 0.6025486282896303,
    0.6322895939043465, 0.6542208471160001, 0.6723502981274024,
    0.682847909629345, 0.6937129579052546, 0.706119141878857,
    0.7146366941000243, 0.7088828387575736, 0.7279637912153336,
    0.7357931259101719, 0.7367028981663184, 0.7496850865258683,
    0.7509865314848183, 0.7543895090727702, 0.7692156928065029,
    0.7667108488579596, 0.7784241353148138, 0.7817098072905473,
    0.7840860014160475, 0.7912780844430993, 0.7959455484929289,
    0.7933086215153985, 0.7943314288513383, 0.8043184986580973,
    0.8142754886893261, 0.8054250093797842, 0.8195727537723555,
    0.8124459063013398, 0.8063715019303821, 0.8263650605644005,
    0.831557470603266, 0.8353746382222653, 0.8406371198918502,
    0.8364883147288067, 0.8373723240650222
  ],
  "val_ious": [
    0.5162827273209889, 0.5892518668071085, 0.605555016277493,
    0.6356044526117435, 0.6585753508236096, 0.6719922583172288,
    0.6778428973495098, 0.6822183639674947, 0.6901172792565996,
    0.6936446786790655, 0.6604731817176377, 0.6958154256361118,
    0.7113979450170546, 0.7147096946187643, 0.7120018083116283,
    0.7007105646358021, 0.714032354562179, 0.7178698035253995,
    0.716293569492257, 0.7131487150555074, 0.7177555686321809,
    0.7226995791214097, 0.7284650819889014, 0.721790708709454,
    0.7171526713215787, 0.721338856479396, 0.7307788245919822,
    0.7297217763852382, 0.7314794335676276, 0.7295782121195312,
    0.7259936805652537, 0.7244374853545341, 0.732263028189756,
    0.7333478281895317, 0.7362347990274429, 0.7366851488317269,
    0.7308625935212427, 0.7112115740344144
  ],
  "training_time": 695.1228110790253,
  "avg_gradient": 0.005809208147053152,
  "memory_usage": 856.21484375
}
