{
  "train_losses": [
    0.26363539493278315, 0.21634756133932134, 0.19205032872117084,
    0.17610444476746995, 0.16215667225744412, 0.15459484181812275,
    0.14734700735172498, 0.1387415448527621, 0.13337678591842236,
    0.13124563002392, 0.12449565865909276, 0.12059878035569968,
    0.11677934460179962, 0.1128174724948147, 0.1091100601884334,
    0.10669156313752351, 0.10333552223670742, 0.10156050449966089,
    0.09679064025049625, 0.0943288007022246, 0.09167970769593249,
    0.09092087156908668, 0.08618803358758273, 0.08665321002025968
  ],
  "val_losses": [
    0.2338887491951818, 0.19681432130544083, 0.18524694637111996,
    0.17135859442793805, 0.16277350906444632, 0.17480130914760672,
    0.1478373646412207, 0.13933171574836192, 0.145574446119692,
    0.13964056239827818, 0.13706256465419478, 0.13853788877958836,
    0.13903854350033013, 0.1329177078669486, 0.13675869499211726,
    0.13487020345485728, 0.13433339122844778, 0.13571661111453306,
    0.13580934071670409, 0.13857649639248848, 0.13479064502145932,
    0.14731547155457994, 0.1301134837710339, 0.13950944497533466
  ],
  "train_ious": [
    0.4718814051129679, 0.5566540555353615, 0.6019782088696957,
    0.6283875925709373, 0.6548822324561038, 0.6700632819446959,
    0.6816256489010828, 0.6985578337225364, 0.7081196974908959,
    0.7122907046282635, 0.7244034368490826, 0.7316843395971734,
    0.7381970702630022, 0.7459542105595274, 0.7520797840603022,
    0.757481164690377, 0.7626194804366943, 0.7662791035313536,
    0.7747682781107187, 0.7795797503296874, 0.7841385225023055,
    0.7854761770130068, 0.7946949171415271, 0.7936512035844118
  ],
  "val_ious": [
    0.5165115609981011, 0.5919717545958533, 0.6134553348672563,
    0.6355437515438466, 0.6562305649985438, 0.6441274121187736,
    0.6843264070541961, 0.6951216375050334, 0.6884914666846179,
    0.6982382622317992, 0.7013290088245833, 0.6974216401576995,
    0.6991450769313868, 0.713919175059899, 0.7039453933636348,
    0.7077440487733786, 0.7143369450949243, 0.7168355692124022,
    0.716201851549356, 0.7092669362175291, 0.7195544512807458,
    0.7051824590434199, 0.7275887475065563, 0.7130162769901581
  ],
  "training_time": 440.4866728782654,
  "avg_gradient": 0.003884985635082458,
  "memory_usage": 856.21484375
}
