{
  "train_losses": [
    0.26420048818640085, 0.2215236895110296, 0.19445860928491407,
    0.1749904121717681, 0.16743569424294907, 0.15703431917759386,
    0.14927740326232236, 0.14091954542242963, 0.13798152420507825,
    0.13261885378185823, 0.12591954199192318, 0.12313124833061644,
    0.11964542507801366, 0.11399012176400941, 0.11029707458194184,
    0.10767000209054221, 0.10370316271386716, 0.10155239733664886,
    0.10228760342073182, 0.09611025553844545, 0.09248811366927365,
    0.08815058551566757, 0.08872356460146281, 0.08443894824418037,
    0.08138109091669321, 0.07952096855834774, 0.07705816909994768,
    0.07813843702087583, 0.07987616933963221, 0.07489118664322988,
    0.06948748109457285, 0.06726342180500859, 0.06563714976705935,
    0.06446845983357533, 0.07192813647587014
  ],
  "val_losses": [
    0.2412393361977909, 0.23038381921208423, 0.18303808278363684,
    0.17462713109410327, 0.17221054888289908, 0.15844335504200147,
    0.15095192793270815, 0.14790299712963725, 0.15257142743338709,
    0.14381011656445006, 0.14152665711615398, 0.13642381002073703,
    0.1359724706929663, 0.13572556120545967, 0.14631759488712187,
    0.1352897066137065, 0.13420503570333772, 0.14753918268758318,
    0.15712503279032913, 0.14292373556805693, 0.1363551974620508,
    0.13280024897793066, 0.13872991405103519, 0.1302624618553597,
    0.13551553144403125, 0.1431572534467863, 0.14298122360006624,
    0.13563095227531766, 0.13470979034900665, 0.1374131314780401,
    0.14158277569905572, 0.1383404838650123, 0.14318462866155998,
    0.14276713796931764, 0.14536772328226463
  ],
  "train_ious": [
    0.46884715617161954, 0.5486084618268239, 0.5972208286217157,
    0.6313435687966971, 0.6457369766481544, 0.6641272075906184,
    0.6782160573571483, 0.6943362653795362, 0.6994356409363123,
    0.7090487718798112, 0.7219364294323369, 0.7260924293727112,
    0.7328887899824679, 0.7428979120500713, 0.7494964884135173,
    0.7545027963925098, 0.7616802574391813, 0.7655555678234589,
    0.7645688387362849, 0.7762475775527783, 0.7827535362347312,
    0.7911179266006189, 0.7902781504975713, 0.7985012799069494,
    0.8046966662657434, 0.8084079575711406, 0.8130569383502002,
    0.8112590550512505, 0.8083724408693939, 0.8179099921515022,
    0.8292802774171899, 0.8341512672495149, 0.8377463628632438,
    0.8405495842081911, 0.825271477625854
  ],
  "val_ious": [
    0.5181396804426026, 0.5606362820751426, 0.6180681050687595,
    0.6386447920315509, 0.6413913088432257, 0.6634229190539623,
    0.675636249391929, 0.6802261342173038, 0.6813895566307978,
    0.6896573607472404, 0.6952061350794806, 0.7056754786467208,
    0.7035840000363365, 0.7063704716122668, 0.691862719214481,
    0.7143343443023985, 0.7154209056626195, 0.698166622631792,
    0.6856848869634712, 0.709328758759775, 0.7199044998573222,
    0.7232689414767252, 0.7188885745362958, 0.7303361909976903,
    0.7260516713494838, 0.7172260148369746, 0.7161562561556912,
    0.7296723369239032, 0.7217067210138706, 0.7323801081249678,
    0.7269982211831687, 0.7320141606572748, 0.728873830774556,
    0.7343744279249854, 0.717700039131054
  ],
  "training_time": 641.0676574707031,
  "avg_gradient": 0.003154035580050969,
  "memory_usage": 856.21484375
}
