{
  "train_losses": [
    0.2646439818098493, 0.21565954362892586, 0.1876662031787893,
    0.17422815387987572, 0.16111902937131084, 0.15315744564261125,
    0.145845878707326, 0.13991443229758221, 0.1364167186877002,
    0.12926666219921215, 0.12637698622015509, 0.12031265712626603,
    0.1168497120556624, 0.11248387821504603, 0.10915921170912359,
    0.10504518072728229, 0.10377339095525119, 0.09968114498516788,
    0.09803990975184285, 0.09506296232828627, 0.09123441030311844,
    0.08921013476893953, 0.08532308564399896, 0.08296196450195882,
    0.0823024325882611, 0.07929663554481838, 0.08057933539638053,
    0.08026231675530257, 0.07406686950960885, 0.07045312130661763,
    0.06876247187914408, 0.0676609258086461, 0.07494183913197207,
    0.07308117134253615
  ],
  "val_losses": [
    0.2522184884418612, 0.20417283021885416, 0.18070610288692557,
    0.1666483914722567, 0.17073528274245883, 0.15000524647209956,
    0.15404715129862662, 0.14567399948187496, 0.1503199764891811,
    0.14895990944426993, 0.14248475804924965, 0.1399896131909412,
    0.132376946022977, 0.1342424329208291, 0.1401644290789314,
    0.1421106143490128, 0.1364830661079158, 0.14432401890340057,
    0.13848430096455241, 0.13271337537013966, 0.1356758778185948,
    0.13385998360488727, 0.13099268256970073, 0.1350893559663192,
    0.1400321815972743, 0.13207283875216608, 0.1317438766684221,
    0.13354306020166562, 0.13348460278433302, 0.13650691881775856,
    0.13544477133647256, 0.1358812373617421, 0.1330419556926126,
    0.13840654038864633
  ],
  "train_ious": [
    0.46994961578183, 0.5599821190201287, 0.6085514514234618,
    0.6318944032857385, 0.6561258616654769, 0.6709572247404983,
    0.68430737292637, 0.6951854403900063, 0.7015498154189274,
    0.7138954534910726, 0.7193360585125461, 0.7311459601573322,
    0.7370495173162305, 0.7449641865340699, 0.7510328655657564,
    0.7587687307833765, 0.7612892620913358, 0.7690902528339534,
    0.7722274900238584, 0.7775455242481787, 0.7849358842316743,
    0.7883725319651588, 0.7966960695558696, 0.801184561373531,
    0.8025100372623701, 0.8081409061948456, 0.8058863530556366,
    0.8061158284544946, 0.8189170837834262, 0.8269240483641624,
    0.8305173166420141, 0.8329508769987284, 0.8182995186551753,
    0.8214177082198246
  ],
  "val_ious": [
    0.5097127744685049, 0.5776306667189666, 0.6259173299523367,
    0.6499762044868608, 0.640593915745832, 0.6763864829056505,
    0.6707555763963338, 0.6849329074223837, 0.6809621915437173,
    0.6844841097144112, 0.6929041233615599, 0.7009535736363867,
    0.712819762851881, 0.7124924493440683, 0.7028241876674735,
    0.7091514537299889, 0.712314798132233, 0.7017663062914558,
    0.7133524229992991, 0.7242762690437011, 0.7263341181088185,
    0.725730531025624, 0.7276815471873768, 0.7331138797428295, 0.72741651945356,
    0.7351548533508744, 0.7308872767548632, 0.725397237185119,
    0.7375885328088981, 0.7373335475938909, 0.7369597299375398,
    0.7392465379359068, 0.7291393806968911, 0.722057752851127
  ],
  "training_time": 622.4143607616425,
  "avg_gradient": 0.0024751028733228505,
  "memory_usage": 856.21484375
}
