{
  "train_losses": [
    0.26143002234723256, 0.21175805584568044, 0.1847740337252617,
    0.17030503009648426, 0.16137151999156113, 0.15421178361967855,
    0.1458314939442536, 0.13900128496891778, 0.13345510192701351,
    0.12876474002943092, 0.1255060551364137, 0.12142711011287959,
    0.11644402802314448, 0.11388239604623421, 0.10801585059127082,
    0.10814460707099541, 0.10774637426695098, 0.09965699728902268,
    0.09730791628522717, 0.09329361699359573, 0.09030547462727713,
    0.09172440530813258, 0.08907852880656719, 0.08458023919197528,
    0.08926511219824138, 0.08609580406514199, 0.07817738130688667,
    0.07582699268570413, 0.07624054262819498, 0.07253753600399131,
    0.07233573599597035
  ],
  "val_losses": [
    0.23242053421943085, 0.20529347107462262, 0.1857406347990036,
    0.17475063839684363, 0.16654807134814884, 0.16722361451905707,
    0.15366972626551337, 0.15800523482587026, 0.1430145035619321,
    0.1560114899083324, 0.13758777843221373, 0.14729775326407474,
    0.14055930725906207, 0.13426501741227898, 0.13291141455588135,
    0.1473977078238259, 0.13766982066242592, 0.1323035014388354,
    0.1290483790571275, 0.13738871657330057, 0.12906861451009047,
    0.13009462311216022, 0.1305096366483232, 0.13975705190197282,
    0.13789156419427498, 0.1306765296536943, 0.1307127456302228,
    0.13326569403643193, 0.13578524067997932, 0.13398402508186258,
    0.138737004250288
  ],
  "train_ious": [
    0.4759127370122332, 0.5647895084829001, 0.6131747386053853,
    0.6396441152994182, 0.6564403163350143, 0.6696250135807891,
    0.6853379565628542, 0.6980860017887921, 0.7078520924500797,
    0.7161084102547686, 0.722006865007722, 0.7298600533302281,
    0.7389346299612001, 0.7425906900046529, 0.7537839221025721,
    0.7536149156698283, 0.7541057960386727, 0.768769335217666,
    0.7740668308367763, 0.7815658860988376, 0.787126540435829,
    0.7846269489306472, 0.7891357785657693, 0.7982469905653727,
    0.7899434777057689, 0.7951997827360596, 0.8110625636966331,
    0.8158438805004825, 0.814810244825439, 0.8227974858836851,
    0.8229432375966641
  ],
  "val_ious": [
    0.5337492415438527, 0.5781910674295563, 0.6181544838608174,
    0.6343802766523499, 0.6504606248243995, 0.654143326956293,
    0.6769082017134928, 0.6655779325443765, 0.6977294266655826,
    0.677231819085453, 0.7040582944949468, 0.687246767723042,
    0.6994891250910966, 0.7129114805788234, 0.7158458271752235,
    0.6974292574585346, 0.7100307909042939, 0.7190503616263904,
    0.7270958237889886, 0.7152216361052747, 0.728243003072946,
    0.7229850905528966, 0.729444536825885, 0.7197070391713709,
    0.7202095149651818, 0.7297060543644255, 0.7313970713943677,
    0.7304356484741404, 0.7279085510450859, 0.7300245098877645,
    0.7271125595206798
  ],
  "training_time": 566.7056531906128,
  "avg_gradient": 0.003449586798559295,
  "memory_usage": 856.21484375
}
