{
  "train_losses": [
    0.26783438699077006, 0.22177629739693974, 0.1945988276730413,
    0.1770295984233203, 0.16579407777475275, 0.15557315929428392,
    0.15039647645924403, 0.14253912303272798, 0.1390638536490176,
    0.13496772118884584, 0.13088693712716518, 0.12420871704006972,
    0.12154039918728497, 0.11999285018638424, 0.11447415314614773,
    0.1094161092263201, 0.10924786713946125, 0.10575135311354762,
    0.10614945929821419, 0.09978830377044885, 0.09992258096842663,
    0.09565923379167267, 0.0897333858858632, 0.08690635353812705,
    0.09381297315754321, 0.08465857139748076, 0.08159784790452408,
    0.08405040520364823, 0.08072857578973407
  ],
  "val_losses": [
    0.2295618364992349, 0.22026039303644843, 0.2073580930414407,
    0.17872998831064804, 0.17983794309522794, 0.16206622480050378,
    0.1466079851531464, 0.14602999405368514, 0.14387761428952217,
    0.14207632483347601, 0.1375492482405642, 0.13790445369870766,
    0.13827025663593542, 0.13464418944457304, 0.13156798789682594,
    0.13414709253803545, 0.13102578258384828, 0.13587939787818037,
    0.12445801998610082, 0.12918795078344966, 0.13416611338439194,
    0.1229548405693925, 0.13117065685598747, 0.13703998502181924,
    0.13454788631719092, 0.12689969008383545, 0.13140816630228705,
    0.13017566161959068, 0.14032428225745325
  ],
  "train_ious": [
    0.4626650487383207, 0.5485621160301176, 0.596751180409953,
    0.6282338343992616, 0.648964050833298, 0.6665076889313651,
    0.6768529214828773, 0.6914436536422676, 0.6968038157168507,
    0.7056153345907077, 0.7126446652455611, 0.725350712034581,
    0.7301351343807967, 0.7328539538210718, 0.742715533174898,
    0.7517205605256383, 0.7519490801445817, 0.7581705708542598,
    0.7582249760195829, 0.7688411555752375, 0.7689867769570455,
    0.7769467846314977, 0.7881549221557983, 0.7931981149898928,
    0.7799351182968721, 0.797624966642563, 0.8037794020188886, 0.79975131413211,
    0.8052028739365977
  ],
  "val_ious": [
    0.5328256223296776, 0.5445318220966103, 0.5933354576860651,
    0.6222046192573465, 0.6262880235478498, 0.6553548157647037,
    0.6821991518355798, 0.6852428373219311, 0.6911200658566711,
    0.6924395360376523, 0.7025683919588728, 0.7022270005250324,
    0.7022647030543591, 0.704886718072753, 0.7097467155992121,
    0.7106457415266313, 0.7151158834281174, 0.7165859656921332,
    0.7238931930151536, 0.7233789064314055, 0.7211159573516985,
    0.7318598697150963, 0.7222346978774968, 0.7191477063773333,
    0.7190114564221837, 0.7341382464636929, 0.7266659609217574,
    0.7277296604453654, 0.7192154217889343
  ],
  "training_time": 528.1444489955902,
  "avg_gradient": 0.0027902904342345636,
  "memory_usage": 856.21484375
}
