{
  "train_losses": [
    0.26434663496911526, 0.22084175001667894, 0.1950001225847265,
    0.17852347522326137, 0.165709776641882, 0.15496027607308782,
    0.15073327088485594, 0.14420175030017676, 0.13761529067288275,
    0.1329778259134163, 0.13038936200673165, 0.12379158442111118,
    0.11975651813428038, 0.11878628231099118, 0.1125751665752867,
    0.10913375497836134, 0.10754896834006776, 0.10379296925890705,
    0.10252776260123304, 0.09729863500789455, 0.09561353350949028,
    0.09463013161945602, 0.09048139688599369, 0.08657193406606498,
    0.0845987688669044, 0.08596703037619591, 0.0846029643131339,
    0.08144993363353221, 0.07730611320585012, 0.07967986364889404
  ],
  "val_losses": [
    0.34602993014066113, 0.2117523152543151, 0.23068472516277563,
    0.17630225679148798, 0.16394271183273065, 0.15625321087629898,
    0.17660216760376227, 0.1510939363228238, 0.14287564952088438,
    0.1543293741086255, 0.13679340125426, 0.13813544502076897,
    0.1364986677856549, 0.13982331461232642, 0.13473559932216353,
    0.13874551540483598, 0.12751855263891426, 0.1363904574966949,
    0.13590921380597612, 0.13060496115814085, 0.14561285159510115,
    0.12769334002033525, 0.1301300755661467, 0.1295578159067942,
    0.13665712268456168, 0.13768626879090848, 0.13071960307981656,
    0.12535606616217157, 0.14269922203991725, 0.14931011653464774
  ],
  "train_ious": [
    0.4696612529105682, 0.5492093983119813, 0.5958870320000512,
    0.6249571465279743, 0.6492878449135933, 0.6678565308127714,
    0.6762171573936934, 0.6880871157391353, 0.7004226852694285,
    0.7087371201402901, 0.7138368820474633, 0.7256368513124576,
    0.733193496755068, 0.7346823000605555, 0.7463869761297666,
    0.7521459791755334, 0.7552836706348954, 0.762510833964832,
    0.7645627342812393, 0.7739221882884912, 0.7772535816698835,
    0.778792230115421, 0.7868656110612378, 0.7937015910511436,
    0.7979727482450182, 0.7954473631537482, 0.7979353667925235,
    0.8041676123073132, 0.8127545263024338, 0.8080697473192565
  ],
  "val_ious": [
    0.4156180963568065, 0.5650829793750376, 0.55632732419864,
    0.6318377215361249, 0.6523550593334696, 0.664078539264375,
    0.6354567900947903, 0.6730722772038502, 0.6888447099405784,
    0.6784838427236115, 0.7023640948793163, 0.7003232424241908,
    0.7024883437847744, 0.7009951297355737, 0.7098285717808682,
    0.7024611197951912, 0.7210769912470943, 0.7112570137217424,
    0.7122480590706286, 0.7203312565883, 0.7069375765496406, 0.7264127167670623,
    0.7211047248995824, 0.729272854284964, 0.7171770349360895,
    0.7229081979696302, 0.7282721840816996, 0.7383498339981273,
    0.7173103683668635, 0.6998311520918555
  ],
  "training_time": 546.4872040748596,
  "avg_gradient": 0.01849503763213772,
  "memory_usage": 856.21484375
}
