{
  "train_losses": [
    0.2599640224614869, 0.20934973778608051, 0.1863050803380168,
    0.16933639444734738, 0.1602514149297191, 0.15226040594279766,
    0.14420445344370345, 0.14069007381634868, 0.13525812562717043,
    0.1303176777842252, 0.12605524472082438, 0.12209387123584747,
    0.11715774545850961, 0.1165945558687267, 0.11206620389028736,
    0.1073694116557422, 0.10511100470371869, 0.09931218405456646,
    0.10154188120656688, 0.09526954571028119, 0.08985762075399575,
    0.08665228764648022, 0.09364318973182337
  ],
  "val_losses": [
    0.24517667455517728, 0.20810638108979101, 0.1830524630520655,
    0.1913333386182785, 0.1654105027732642, 0.15237266197800636,
    0.14797797701928928, 0.15073979160060053, 0.1478863803912764,
    0.140490156152974, 0.14234853487299837, 0.1319596106591432,
    0.13894527907604756, 0.13982493074043936, 0.13190386865449988,
    0.13746946499399518, 0.13203219923636186, 0.13577404666853987,
    0.13671200268942377, 0.12486560577931612, 0.1285668162871962,
    0.12968840806380563, 0.14444839225515074
  ],
  "train_ious": [
    0.47676547751694465, 0.5678721677134001, 0.6113796769708829,
    0.6400716642214768, 0.6575897937991481, 0.6719502099938149,
    0.6865819121400516, 0.6944372540582783, 0.7039498017318009,
    0.713006980339254, 0.7209844358157416, 0.7284032271068162,
    0.7376030970202841, 0.7384072514115898, 0.7459354353663711,
    0.7544803887713644, 0.7594823080884376, 0.7698640712145454,
    0.7661933052367058, 0.7771868047074998, 0.7874305891277996,
    0.79361680349794, 0.7804348082214163
  ],
  "val_ious": [
    0.5028231092121289, 0.5627023903788, 0.62451211395471, 0.626600237860196,
    0.6576223803171214, 0.6740884530371514, 0.6824814184852268,
    0.6799029029797817, 0.6824913046498231, 0.6965843555719953,
    0.6977783586236015, 0.7148369794738466, 0.7075917837412461,
    0.7042875067479367, 0.7175635719212932, 0.7104711087717527,
    0.7219802089359447, 0.7189962440642756, 0.7162408332029978,
    0.7327543827502625, 0.7311882748120072, 0.7268165196629538,
    0.7044864817373993
  ],
  "training_time": 419.2963812351227,
  "avg_gradient": 0.007739522588672629,
  "memory_usage": 856.21484375
}
