{
  "train_losses": [
    0.2671564894363932, 0.22798130159144817, 0.2027644785526006,
    0.1839766010804021, 0.17218533385059107, 0.1597052177657252,
    0.15280829746600078, 0.14608828610052232, 0.13887363372613554,
    0.13487768476909917, 0.1326706546318272, 0.12615439174291881,
    0.12160770667959815, 0.11939277273157368, 0.11549529032376797,
    0.11283078627741855, 0.10855355020612478, 0.10248463345772546,
    0.10179882840779812, 0.10265087842455377, 0.09559576484658149,
    0.09222558877714303, 0.0891844930694155, 0.09047739612667458,
    0.08713365293553342, 0.07991785252385813, 0.08532511710148791,
    0.07934959649877704, 0.07622800070954405, 0.07449573723842269,
    0.07143301605854345, 0.06958150266386244, 0.06716309427081243,
    0.06638338368224062
  ],
  "val_losses": [
    0.27720431044049887, 0.23407356376233307, 0.20890936093485873,
    0.18536110675853232, 0.17632219940423965, 0.17402207624653113,
    0.15595950072874193, 0.1590099532319152, 0.1534190362562304,
    0.15185704130841338, 0.14627694597710733, 0.13996494642418364,
    0.14228788666103198, 0.13772994733375052, 0.14744171322039937,
    0.1405212676719479, 0.139030366488125, 0.14269597083330154,
    0.1356827234444411, 0.13191113232270532, 0.13832935334547705,
    0.13665923962126608, 0.14002982073503992, 0.13411916986755704,
    0.1317342310819937, 0.14059062933792238, 0.14271492883563042,
    0.15282643084292827, 0.13707424846032393, 0.14052586872940478,
    0.14488346777532413, 0.1444191791765068, 0.14242596827123477,
    0.14991925753976987
  ],
  "train_ious": [
    0.4632496127143395, 0.5358688922032067, 0.581221085473679,
    0.615530752077483, 0.6353676521043846, 0.6581235020488934,
    0.671585397227951, 0.683962127328783, 0.6969344914499401,
    0.7042895953400413, 0.708312551882388, 0.7209510389661445,
    0.7292867085855939, 0.7327864880039215, 0.7396705550128139,
    0.7442143040074818, 0.7524550017779288, 0.7638471889431059,
    0.7652434387068815, 0.7639535674150437, 0.7765069744293241,
    0.783304776186528, 0.7888641796358252, 0.7865104779493122,
    0.7929745350518951, 0.8070988190778788, 0.7969979937525763,
    0.8084854541913326, 0.8145701051622198, 0.8187567233175478,
    0.8250392457281336, 0.8289986990284227, 0.8341731983034507,
    0.8363205987042276
  ],
  "val_ious": [
    0.47825196288202126, 0.5349115601916243, 0.5696487029393514,
    0.6088579076787699, 0.6385453181422274, 0.6416176255198492,
    0.6723321479731712, 0.6648854362791864, 0.6753706770098729,
    0.680462982127632, 0.6876350315152735, 0.6989199175782825,
    0.6954210163026616, 0.7073787493982179, 0.6923054590605308,
    0.7023793338001639, 0.7072579787261243, 0.7019014587436899,
    0.7115873331608978, 0.7160385043724723, 0.715310462575028,
    0.7143991658653038, 0.714202183528223, 0.7199996973293415,
    0.725128645050353, 0.7176725544791291, 0.712375967398934,
    0.7072925185379774, 0.7274939294742502, 0.722970599281615,
    0.7263590557419733, 0.7228780317565667, 0.7272224871144779,
    0.7168048602947291
  ],
  "training_time": 620.5081677436829,
  "avg_gradient": 0.001872565190067793,
  "memory_usage": 856.21484375
}
