{
  "train_losses": [
    0.26164527043052344, 0.2192557508368855, 0.1943667495380277,
    0.17771274296809797, 0.1657861991097098, 0.1563100451198609,
    0.14762013356970705, 0.14376662327381579, 0.14050686278420946,
    0.13419592315736023, 0.12937074988756492, 0.12233324037135943,
    0.12256908854064734, 0.11691996694097052, 0.11442147171043832,
    0.10995717792083388, 0.10629587150786234, 0.10402578925308974,
    0.09972062561175098
  ],
  "val_losses": [
    0.2574770304819812, 0.21441470378119012, 0.19546487765467685,
    0.19052594187466995, 0.1630285565295945, 0.16363332517769025,
    0.15458145640466525, 0.15139802982625755, 0.1441824173797732,
    0.14134151002635126, 0.14215062299500342, 0.1356662644640259,
    0.1337391690391561, 0.13573141962937688, 0.14211816178715747,
    0.13658195701630219, 0.14201543447764023, 0.14639110539270483,
    0.16026863633938457
  ],
  "train_ious": [
    0.47019616729728336, 0.5514926057362901, 0.5959369009225698,
    0.6269630908534148, 0.6493546572932296, 0.6647031420058963,
    0.6811593852505304, 0.6882418860019981, 0.6950234678992327,
    0.7058880669807176, 0.713820022733315, 0.7283267742697747,
    0.726870031082544, 0.7375787848039815, 0.7425585088414559,
    0.750000860002162, 0.7563116550985458, 0.7611711755178974,
    0.7691655709691665
  ],
  "val_ious": [
    0.49008276335139206, 0.548623177236405, 0.5904140132276909,
    0.6012216378813203, 0.6525796183209487, 0.654302242009536,
    0.6681610060774762, 0.6778341436731643, 0.6889981456856797,
    0.6957550783088243, 0.6956590785496476, 0.7033251368481178,
    0.7067741589701693, 0.7083385010128436, 0.6969594473856083,
    0.7099565101274546, 0.6967221904492031, 0.7018585688825969,
    0.6880490343639817
  ],
  "training_time": 347.17782330513,
  "avg_gradient": 0.006625850030586003,
  "memory_usage": 856.21484375
}
