{
  "train_losses": [
    0.266857966699678, 0.22160960733890533, 0.1972820143336835,
    0.18286580252258675, 0.16900409798583257, 0.15765659170954124,
    0.15300892269157845, 0.14614921597682912, 0.14017691187884496,
    0.1340104899490657, 0.1312545739195269, 0.1276131306734422,
    0.1253395973826232, 0.11941728971736587, 0.11787572243939275,
    0.1125829964471252, 0.11001139535042255, 0.10845351259669532,
    0.10434383024340091, 0.09965096102298601, 0.09737952940327965,
    0.09722225987554892, 0.09012370013996311, 0.08971216238063315,
    0.08848601846915224
  ],
  "val_losses": [
    0.2356746151395466, 0.22215377960516058, 0.1835679204567619,
    0.18170094328082126, 0.16200195220501526, 0.16597724770722183,
    0.15007967777226283, 0.14441280180345412, 0.15369213761194891,
    0.13845546365432118, 0.1381853182354699, 0.1354947974500449,
    0.13533684416957523, 0.13336652873650842, 0.1322750695373701,
    0.13250112452584764, 0.13301961707032245, 0.13644849784348323,
    0.12758877841026886, 0.13933425299499347, 0.13499313090806422,
    0.12940832648588263, 0.13148529746610185, 0.13799310086861902,
    0.13577787885847298
  ],
  "train_ious": [
    0.46618226394597173, 0.5483845357607671, 0.5907852178358514,
    0.6179249402729499, 0.6423296047293621, 0.6639621251843111,
    0.6719390867089016, 0.6841155247411868, 0.6960479425995243,
    0.7068255287797554, 0.7129167845283729, 0.7187731553786907,
    0.7229804647141611, 0.7335416083966478, 0.7364564186528973,
    0.7463593272411303, 0.7509090254164263, 0.7543422642393386,
    0.7609265980081282, 0.7696916320077751, 0.7736700406648976,
    0.7745967233094612, 0.7879235991209315, 0.7885121630261771,
    0.7908516774574916
  ],
  "val_ious": [
    0.5161773133753003, 0.5479602007114366, 0.6161475617816483,
    0.6267607082491338, 0.6552911258262137, 0.6491024714449177,
    0.6731059266173322, 0.6881585831659427, 0.6673035204842472,
    0.6976243428130082, 0.698214427932449, 0.7061798877042272,
    0.7042780712894772, 0.710197852573533, 0.71345862119958, 0.7162043072175289,
    0.7145088569841522, 0.7070169895887375, 0.7239776236423547,
    0.7110733696516011, 0.7144886013390362, 0.7214675357808236,
    0.7227544400139129, 0.7167778596066046, 0.7133654990921849
  ],
  "training_time": 456.0619320869446,
  "avg_gradient": 0.007727737709206541,
  "memory_usage": 856.21484375
}
