{
  "train_losses": [
    0.2627838785233705, 0.21436796475039877, 0.1923983019331227,
    0.17651660959033863, 0.16447697150642457, 0.15708600992903762,
    0.1487623389972293, 0.14375166477554518, 0.13631086974688197,
    0.13167285433282022, 0.12883400657902594, 0.12576924823224545,
    0.1213862212455791, 0.11753742109336283, 0.11142824626649203,
    0.10955805007530295, 0.10736508242300023, 0.10323649065811998,
    0.09887692923455135, 0.09992265944247661, 0.09399918624726326,
    0.09146221982234198, 0.09116695035734902, 0.08697722532341014,
    0.0867087768147821, 0.08262612403410932, 0.08103646953468738,
    0.07950663943167614
  ],
  "val_losses": [
    0.26265907838292746, 0.19354434052239294, 0.18496146247438763,
    0.17718794002481128, 0.16618838809106662, 0.16677148866912592,
    0.15262316734246587, 0.14750068359400914, 0.1445000955592031,
    0.15162340324857962, 0.1381687998123791, 0.14908444201168808,
    0.13655399903655052, 0.1404724270105362, 0.13303257557361023,
    0.1395036477757537, 0.13266029435655344, 0.12998091526653455,
    0.13470395217123238, 0.13473817803289578, 0.12909611282141312,
    0.1310865159915841, 0.12955045457119527, 0.13798283639809358,
    0.1290014528709909, 0.13957777910906335, 0.13169045406191246,
    0.1406455956723379
  ],
  "train_ious": [
    0.4703571309295036, 0.5618679640895646, 0.5995136187344359,
    0.6283586702808953, 0.6507992657522357, 0.6647057884737202,
    0.6802190597830474, 0.6881253299289858, 0.7024679920379667,
    0.7099222176424835, 0.7162292368602062, 0.7213213576570798,
    0.7295625640106372, 0.7366701869321043, 0.7475051785940706,
    0.7510242570137634, 0.7546455506505313, 0.7621185361691142,
    0.7709893564815111, 0.7686794395356075, 0.7793109136215154,
    0.7844126843779848, 0.7852905016878374, 0.7931655476922574,
    0.7939383689908013, 0.8014649338480351, 0.8049121818680693,
    0.8081439760500103
  ],
  "val_ious": [
    0.4950716143500977, 0.5961966775897622, 0.6098535199096239,
    0.6314988023992897, 0.6493715985097747, 0.6519691391267638,
    0.6744081101555756, 0.6836637653734374, 0.6948448814775634,
    0.6739747535059417, 0.6998093929411707, 0.6840409578188605,
    0.7059290147777916, 0.6997931159060933, 0.7126930846252304,
    0.7096759836742844, 0.7160013188486516, 0.7242811492819716,
    0.7152872742086217, 0.7161806452533473, 0.7278824049061621,
    0.7299243708451588, 0.7292323129764501, 0.7212182652691136,
    0.7324974716141605, 0.7268908598284792, 0.7312412795381268,
    0.7192427151013112
  ],
  "training_time": 511.4718897342682,
  "avg_gradient": 0.003782397567634251,
  "memory_usage": 856.21484375
}
