{
  "train_losses": [
    0.26579476528517576, 0.21936931412505067, 0.19677320430460182,
    0.17872825386407581, 0.16644732313959495, 0.15800765031219824,
    0.15255845856407416, 0.14487523788019366, 0.14169014779769856,
    0.134945803038452, 0.1279937108249768, 0.12579573585611323,
    0.12239842801152365, 0.11956309045300535, 0.11303542100864908,
    0.11217159113806227, 0.10747646657830995, 0.10361414904827657,
    0.10107596133552167, 0.09976410302940918, 0.09539798618820698,
    0.09334974043557177, 0.08972928166875373, 0.08720714578647977,
    0.08120559730931469, 0.08147564133548219, 0.0852134547236821,
    0.07851456628059564, 0.0779687162772145, 0.07591268727960794,
    0.07158522054795986, 0.07098226467876331, 0.06934382262356255,
    0.06820372820062481, 0.06488511654669823, 0.06237472308313717,
    0.06928380837906963
  ],
  "val_losses": [
    0.24242530503998633, 0.20050641667583716, 0.18651264873535736,
    0.16845305652722067, 0.16152800101300943, 0.14955611235421637,
    0.1469871897412383, 0.1472474461340386, 0.14316748260803844,
    0.1364385714025601, 0.14387755711441455, 0.14402436902341637,
    0.13597235553290532, 0.13075120115409727, 0.13572835371546124,
    0.131485881526833, 0.13245145231485367, 0.1342700808916403,
    0.1248237898816233, 0.13050574971281964, 0.12520602037725242,
    0.13136564600078957, 0.1280258861572846, 0.12582112168488296,
    0.12837456004775089, 0.13304181332173554, 0.1291810701722684,
    0.12377211905044058, 0.12927078698640285, 0.13192954805234205,
    0.12941887148696443, 0.130682534335748, 0.13900377455612886,
    0.13308729895431062, 0.13577485019746033, 0.13610199952255125,
    0.1344265719146832
  ],
  "train_ious": [
    0.46463212802790205, 0.5531649816025428, 0.5924104699945968,
    0.6252313928435674, 0.6469606265317702, 0.6624399903027911,
    0.6734461483100186, 0.6869066816525181, 0.692599105068307,
    0.7051274306208327, 0.7171378523327302, 0.7218744199776996,
    0.727506276975939, 0.7333452454835608, 0.745519609392985,
    0.7460045442525025, 0.754771090504052, 0.7614607847687133,
    0.7665848645071186, 0.7693049775949425, 0.7771425727700843,
    0.7806883982342225, 0.7879190691139392, 0.7928183275828325,
    0.8043140220469327, 0.8040638354377473, 0.7965367134066592,
    0.8100361304654587, 0.8115222650593603, 0.8154420898012497,
    0.82465668519338, 0.8259432275874028, 0.8296496651094892,
    0.8321325274697243, 0.8394745622856025, 0.8451889901273494,
    0.8308494841490964
  ],
  "val_ious": [
    0.5172405510708906, 0.5883349016092826, 0.6128310070953508,
    0.6456289658511896, 0.6537567048832988, 0.6796497544948605,
    0.6813047454840896, 0.6818714487379876, 0.687293649799582,
    0.7031210863935773, 0.6905044479214627, 0.6965365003848423,
    0.7054077173056811, 0.7144958657630975, 0.7088767214529755,
    0.7149740412183428, 0.7164381679849348, 0.7188594416863677,
    0.7295961384324059, 0.7201091204432474, 0.7292479458062546,
    0.7228637169236722, 0.727400744954745, 0.732954520030298,
    0.7317500151153923, 0.7287301317505216, 0.7287960920644841,
    0.7422417888174886, 0.7317306209301604, 0.7349747354569643,
    0.7368946930636531, 0.7365574314110522, 0.7319551468759343,
    0.7372062154438185, 0.7375554111988648, 0.7374316022016, 0.724376240502233
  ],
  "training_time": 674.9008646011353,
  "avg_gradient": 0.0035299482313030685,
  "memory_usage": 856.21484375
}
