{
  "train_losses": [
    0.26808425873194053, 0.21633486870838248, 0.19055674743393194,
    0.17268731890489225, 0.162605542284639, 0.15429802008135163,
    0.14617263602659755, 0.14164511414001818, 0.1369005912590934,
    0.13208496088728958, 0.12547199642690626, 0.12111985359502875,
    0.11930038796170898, 0.11339826837344014, 0.11152819487387719,
    0.11184426542857419, 0.10616351230798857, 0.10267679360897644,
    0.09698845903672602, 0.09555624915367883, 0.09650953409626432,
    0.0905664838121637, 0.0865043243393302, 0.08469233969631403,
    0.08158604282399883, 0.08193757457901603, 0.08447012297161248,
    0.08129076449119527, 0.07910777863277041, 0.0749002986425615,
    0.07073873295651181, 0.07066078797873596, 0.06877874277289146,
    0.06782526188813474, 0.06452139025635045, 0.06979404395932089,
    0.07993951510718983
  ],
  "val_losses": [
    0.24053860067025476, 0.2045561574075533, 0.18256508882926858,
    0.1661874862468761, 0.15834193806285443, 0.1597263929636582,
    0.15743964732341145, 0.14889789858590002, 0.14905527606606483,
    0.1385051554635815, 0.14137441130435985, 0.14659805919813074,
    0.13890324873120888, 0.13765333835845409, 0.13163750019410383,
    0.1383462065587873, 0.13271359840165015, 0.13186576314594434,
    0.12431983196217081, 0.13705115020275116, 0.12808869487565497,
    0.12988269733993904, 0.13129305159268173, 0.12955938101462697,
    0.13253590885711752, 0.14368168588565744, 0.1319217992865521,
    0.12848288663055585, 0.12694506282391754, 0.13284219801425934,
    0.13131292974171432, 0.13870232860031334, 0.13273697524614955,
    0.13232646007900653, 0.13701161402075188, 0.14309320647431456,
    0.14423130987131078
  ],
  "train_ious": [
    0.4637827303503517, 0.556734923867212, 0.6051573050950748,
    0.636362145992293, 0.6541771525922027, 0.6692077584996602,
    0.6853641410344754, 0.6931596377297584, 0.7017784952253534,
    0.7099605501777886, 0.7217950145511524, 0.7297342208524549,
    0.7330950868410477, 0.7445078558571964, 0.7472635568052101,
    0.7476026769457521, 0.7576722001143991, 0.7640495867184974,
    0.7736034867880136, 0.7764825084503149, 0.7748792305912664,
    0.7860745922594827, 0.79417540586513, 0.7975774202225863,
    0.8037606903176371, 0.8030643194265987, 0.7979313243126519,
    0.8043779918681025, 0.8090398869868644, 0.8175575841164244,
    0.8264655224654985, 0.8265072800543001, 0.8304407464853236,
    0.8327024563931029, 0.8400504496218497, 0.8292936979644542,
    0.808783000038154
  ],
  "val_ious": [
    0.5241404672463734, 0.585867269963458, 0.6153178754924001,
    0.6488593356764836, 0.6597321277511293, 0.6640538029048755,
    0.6759148188259293, 0.6800925977852035, 0.6847206343343291,
    0.6980515424756035, 0.6973541232122891, 0.6870658369599909,
    0.6994794229234474, 0.7008534691471983, 0.7157682957856552,
    0.7083579766145651, 0.7138336845066238, 0.717720993834993,
    0.7303426367217215, 0.7099565140147142, 0.7265525367380917,
    0.7293643541094186, 0.7192864567041396, 0.7323144657024439,
    0.7293727274822153, 0.7136504544296125, 0.7238727075898129,
    0.7335351096547168, 0.7340465192345605, 0.7368706531714702,
    0.7379587189010953, 0.7299309863128522, 0.7349773552538693,
    0.7371275930301003, 0.7381116471428804, 0.7169384820305783,
    0.7216436202111453
  ],
  "training_time": 676.0951192378998,
  "avg_gradient": 0.003339204823483335,
  "memory_usage": 856.21484375
}
