{
  "train_losses": [
    0.2692963189404944, 0.22739231319207212, 0.19986781623700392,
    0.17949002325210883, 0.1702292996418217, 0.15948681869422612,
    0.15183227881789207, 0.14568609553996636, 0.14303661186410033,
    0.13469863994775907, 0.12991837063885253, 0.12722789459740338,
    0.12400588478245166, 0.12242288604054762, 0.11650665683428878,
    0.11251986650345118, 0.10886952507755031, 0.10791151731720437,
    0.10297090981317603, 0.10038703424937051, 0.09605848185880028,
    0.09338049339535444, 0.09413252750654584, 0.09131050709149112,
    0.09117272556961878, 0.08501333957942932, 0.08138595302791699,
    0.08043143396144328
  ],
  "val_losses": [
    0.2625359384262044, 0.23485935868128485, 0.1814377398594566,
    0.17029990741740103, 0.1616733479111091, 0.16740215116220972,
    0.15638340361740277, 0.14376384586743687, 0.15021544419552968,
    0.1436557596468407, 0.13742714602014292, 0.15287683321082074,
    0.13892700749894846, 0.13889344554880392, 0.13129131091029747,
    0.14150330262339633, 0.14810323731406874, 0.12719004228711128,
    0.1314030817669371, 0.12867884775218758, 0.13374488962733228,
    0.12672711746848148, 0.12935015413424242, 0.1297290310587572,
    0.12949032417458037, 0.13181604040057762, 0.12770661663102068,
    0.1572466115264789
  ],
  "train_ious": [
    0.45945158169564354, 0.5384493543617966, 0.5878516011803913,
    0.6233740347990953, 0.6427773506097171, 0.6598504277998986,
    0.6741762174752314, 0.6844185489243355, 0.6899159886482834,
    0.7057205113055913, 0.7141376198741838, 0.7193151141746318,
    0.7255348922225877, 0.7277706021416014, 0.7388190378205496,
    0.7455404232917494, 0.7529044127010774, 0.7542146739104517,
    0.7631475860657899, 0.7681262755523559, 0.7761375527774943,
    0.7807709367378903, 0.7797254999910576, 0.7852041444916662,
    0.7851071109374365, 0.7972611155414921, 0.8041491332477415,
    0.8063522901224056
  ],
  "val_ious": [
    0.4756289091015207, 0.5331196319581806, 0.6210193368403808,
    0.6421009036509887, 0.6544802387555441, 0.6540861889935924,
    0.6704247161961981, 0.6881531958562741, 0.6769408505895863,
    0.6867574770813404, 0.7006708331730055, 0.6851589468078337,
    0.701474459490914, 0.6994463848894918, 0.712367495548898,
    0.7006707651459653, 0.6930736659661583, 0.7247086417847788,
    0.7159538361905277, 0.7197742330423299, 0.7175380136223807,
    0.7299373704886092, 0.7271215334750604, 0.7248873682557672,
    0.725716072148171, 0.7276533429605373, 0.7345633798319362,
    0.7054494180973027
  ],
  "training_time": 509.4422302246094,
  "avg_gradient": 0.004073430451021458,
  "memory_usage": 856.21484375
}
