{
  "train_losses": [
    0.26364386259861616, 0.2223998513072729, 0.19664398062488306,
    0.17547588382402193, 0.16479345913166585, 0.15690852110476597,
    0.14841675304848215, 0.14274054972211953, 0.13713270871211652,
    0.13085569498007713, 0.1271040431102333, 0.12275146984535715,
    0.11945331222175257, 0.11455287379415138, 0.11203340424791626,
    0.10802267329848331, 0.10565424370376961, 0.10378021273114112,
    0.09969288791003435, 0.09708133927020042, 0.09323830955216418,
    0.09228014294058084, 0.09406509347583937, 0.0863743660485615,
    0.09125674398534972, 0.08688553868104583, 0.08043081038024115,
    0.0775349018285456, 0.08194690918468911
  ],
  "val_losses": [
    0.24089687058459158, 0.1997734645138616, 0.19101600510918576,
    0.1654287923289382, 0.16043152692525284, 0.15371374559143317,
    0.15559051412603128, 0.14531930876166924, 0.14414278401628786,
    0.14146412763258684, 0.14829659964079442, 0.13825724597858347,
    0.14397404699221902, 0.1372383573780889, 0.13984423114553743,
    0.1329854286235312, 0.14256727128573085, 0.1308030811664851,
    0.12339223856511324, 0.12775582722995593, 0.13094310170930365,
    0.13121012841229854, 0.1300327975464904, 0.13463587070936742,
    0.12883349297487218, 0.13284522343588911, 0.13094198622781297,
    0.13608404475709665, 0.1417254300221153
  ],
  "train_ious": [
    0.46901785803661805, 0.5476130356985156, 0.5922720117521462,
    0.6304866333586583, 0.6494386240947937, 0.6654229100415673,
    0.6800817339748577, 0.6903658457424333, 0.7002449968046901,
    0.7112157303246036, 0.7189852338338243, 0.7260703853722926,
    0.7327396079789901, 0.741037306794222, 0.7464622730470222,
    0.7538433431283286, 0.7581405668262982, 0.7614490905965587,
    0.7690982164248178, 0.7735544834016027, 0.7807523762618287,
    0.7824815389686736, 0.7800155889404855, 0.7942009601148142,
    0.7848854310054709, 0.7930079973910172, 0.8060506845729936,
    0.8117063027145214, 0.8028362480842546
  ],
  "val_ious": [
    0.523413814496303, 0.5874086953159693, 0.6186581541230713,
    0.6530526878609173, 0.6620012033676754, 0.6743853800538657,
    0.6718373732722324, 0.6868679739426875, 0.6896780115970668,
    0.6976017636665399, 0.6909763001013493, 0.7081525150848471,
    0.6937183582264445, 0.7062164493229078, 0.7076925497124161,
    0.7177099790694058, 0.712584985987, 0.7247618127992189, 0.7332632479028425,
    0.72605961755566, 0.7233872491380444, 0.727982643937719, 0.7245610943738966,
    0.7252012357331707, 0.7300891228344131, 0.731546019514402,
    0.7339913447697957, 0.7304878183033153, 0.7187383213768834
  ],
  "training_time": 527.007711648941,
  "avg_gradient": 0.009509082451899397,
  "memory_usage": 856.21484375
}
