{
  "train_losses": [
    0.2622080441240383, 0.2091902330841707, 0.18345882322477258,
    0.1736549325287342, 0.1632193857399018, 0.15472750543900157,
    0.14824587588562912, 0.1397317914373201, 0.1372478239076293,
    0.13154594826957453, 0.12745552080804887, 0.12513127356119777,
    0.11854747395314601, 0.11710969524701005, 0.11087197757771482,
    0.10683795672072016, 0.1052654595721675, 0.10194539290893337,
    0.10223725016998209, 0.09640229274721249, 0.09412186200042134,
    0.09653154043885677, 0.08803986855175185, 0.08565936606053424,
    0.08280842030501884, 0.08532277818607248, 0.08626451788713103,
    0.0820632980245611, 0.0811249312499295, 0.07668182324699085,
    0.0736875262759302, 0.0790557160001734
  ],
  "val_losses": [
    0.2340183964242106, 0.20972936794809674, 0.19198631398055865,
    0.17380662359621213, 0.1600576381644477, 0.15742001504353856,
    0.15223156077706296, 0.14464684705371442, 0.14191838710204416,
    0.14038033556679022, 0.15910969172482906, 0.14986774924656618,
    0.1482725381527258, 0.1404267734159594, 0.1353420088796512,
    0.13206776927994646, 0.13730256777742636, 0.13134062711311423,
    0.13136109758330428, 0.1348328059134276, 0.14037081566841705,
    0.13067572839234187, 0.13724718064717625, 0.13514982082921526,
    0.13177643117049467, 0.13811417588073274, 0.1276211529646231,
    0.1329152976041255, 0.13537558022400606, 0.13060326534120933,
    0.13639112707713377, 0.13448162927575733
  ],
  "train_ious": [
    0.47362002506312273, 0.570052575427985, 0.6172390680598175,
    0.6333685108069061, 0.6526193461124447, 0.6685014997163546,
    0.678498803057532, 0.6964173049706481, 0.70057661815182, 0.7119648918185548,
    0.7180821705555573, 0.7226022461942141, 0.7346988377039844,
    0.7373788396733391, 0.7491197961827981, 0.7563014370591747,
    0.7586943653506648, 0.7651958749022177, 0.764705769555724,
    0.7755583775216255, 0.7801899977460289, 0.7755822992843132,
    0.7914935532903328, 0.7959449099565761, 0.8017614223602891,
    0.7969888165809107, 0.7944163431723915, 0.8028317058215974,
    0.8052295954978986, 0.813925690193107, 0.8205543922773306,
    0.8102862046680591
  ],
  "val_ious": [
    0.5305080052087273, 0.5674352652352789, 0.6142929714658986,
    0.6419155135534813, 0.6575507074594497, 0.665357139231502,
    0.6754049399624701, 0.6867239337036575, 0.6949433621720992,
    0.694351356530535, 0.6769245903992998, 0.6859668957582415,
    0.6890353357446367, 0.7014375039632769, 0.7121911357710329,
    0.7158977408771929, 0.7094468701144925, 0.7213677867599155,
    0.7237962233847467, 0.7149654942146245, 0.7122773839079813,
    0.7325182591659436, 0.7170501519804415, 0.7238720979379571,
    0.7314269138851028, 0.7222682362881262, 0.7310056649688361,
    0.735418905814489, 0.7329002612310905, 0.7385064814833627,
    0.7360938340425492, 0.7302655188933661
  ],
  "training_time": 585.4829378128052,
  "avg_gradient": 0.002580748187604146,
  "memory_usage": 856.21484375
}
