{
  "train_losses": [
    0.26320134338153445, 0.21831247655917768, 0.19278621357744155,
    0.17657258628827074, 0.16679189240802889, 0.15689455288583817,
    0.1493107661118974, 0.14457102524845497, 0.137288315464621,
    0.13494744520310475, 0.128781721846241, 0.12292281728561806,
    0.12103019468486309, 0.1157220909776895, 0.1121474361937979,
    0.10785627389407676, 0.10455432254821062, 0.10502692121688438,
    0.09965025099075359, 0.09912758539228336, 0.09523352158620306,
    0.08950769042839175, 0.09002408041092365, 0.08529516277105911,
    0.0826672667880421, 0.08311948427201613, 0.08152466178264307,
    0.08070981202890044, 0.07473925229809854, 0.07286452200344723,
    0.07088126742240528, 0.07900692530624244, 0.07057355571052303,
    0.0695363844582892
  ],
  "val_losses": [
    0.2380856832732325, 0.219794404571471, 0.18148243977971698,
    0.17046439518099246, 0.15886718909377637, 0.18032349548909976,
    0.1522061358327451, 0.15021350315731505, 0.15814050027857657,
    0.14126371981009192, 0.14536847514302834, 0.1428664448144643,
    0.13258285658515018, 0.1350102827924749, 0.13373461025564568,
    0.12943254119676093, 0.13326669775921365, 0.13220567288606064,
    0.14211886116991873, 0.13072119345483574, 0.13411080642886783,
    0.1328589621445407, 0.13387455402509027, 0.1311091412992581,
    0.13749545375290123, 0.1344275132793447, 0.13610771395589993,
    0.13817493714716123, 0.13026483389346497, 0.13807890434627948,
    0.13754463017634724, 0.1350265686278758, 0.13543938521457755,
    0.160303119731986
  ],
  "train_ious": [
    0.4705532426284491, 0.5522100423071264, 0.598744819831589,
    0.6297091068025086, 0.6480695492439512, 0.664755913928367,
    0.6780342316605907, 0.6872744818852428, 0.7014144066235294,
    0.7055473416719751, 0.7164354066269982, 0.7267244242779588,
    0.7307491425046887, 0.739781894005727, 0.7469105493763216,
    0.7541454520778379, 0.7601855057089226, 0.7591184207062788,
    0.7693572937902331, 0.7699413899386273, 0.7775952802512088,
    0.7882377293122849, 0.7873287260856318, 0.7959548995114755,
    0.8016884128252665, 0.8008652800235196, 0.8038419762599297,
    0.8056382211870045, 0.8177866119405496, 0.8218429470839707,
    0.8259914116798971, 0.8092836730074191, 0.82656060418357, 0.8292773521464806
  ],
  "val_ious": [
    0.5194281218708424, 0.5484267962367639, 0.6200176883434905,
    0.6422315017468688, 0.6601063928742341, 0.6191960914411405,
    0.6734546297702234, 0.6858016520306685, 0.6788128353115439,
    0.6962226599022963, 0.690566312575686, 0.6923242040734356,
    0.7117371893879295, 0.7097972521315449, 0.7127185699300489,
    0.7220571891985079, 0.7148325181957607, 0.7177131681338599,
    0.704880562597427, 0.726627471222394, 0.7240958360658176,
    0.7248898293229117, 0.722747661281323, 0.7280480384394742,
    0.7303144789260368, 0.7310794032570245, 0.7212143430243367,
    0.7282638379197188, 0.7354957761539929, 0.7365812728370446,
    0.7310298046340113, 0.7250526672688085, 0.734958892931109,
    0.7011468686919282
  ],
  "training_time": 621.0274155139923,
  "avg_gradient": 0.00417839523835734,
  "memory_usage": 856.21484375
}
