{
  "train_losses": [
    0.2619547616366459, 0.21469414930628694, 0.18835332074567027,
    0.17593400893004044, 0.16347494211209856, 0.15266963932663202,
    0.14829828861452962, 0.14380580429797588, 0.13399151295585476,
    0.13186939392724764, 0.12501444683774657, 0.12341672275215387,
    0.11923385512731645, 0.11475511510734973, 0.1112654938807954,
    0.10943729345403287, 0.10439815631379253, 0.10236294567584991,
    0.0995773910747274, 0.0961496750621692, 0.09295561168666767,
    0.09261410723885764, 0.0922801090080453, 0.0884157765413756,
    0.08468413923907539, 0.08147790367998507, 0.08151991604624884,
    0.07658688298871984, 0.08249631621267485
  ],
  "val_losses": [
    0.23344382416942847, 0.21811040782410165, 0.1907810623879018,
    0.18016130477190018, 0.15670331502738205, 0.15003326114105142,
    0.14844744927857234, 0.1472124360177828, 0.1376064565518628,
    0.1453375884372255, 0.1392453819837259, 0.14450122772351556,
    0.14074864238500595, 0.14306539280906969, 0.13546665871272917,
    0.13834575369306232, 0.1384055123704931, 0.13627604654301767,
    0.12776389361723609, 0.13508696238631787, 0.13010400339313175,
    0.12997721362373102, 0.1392234013132427, 0.14427617759160374,
    0.13131186430868896, 0.1335713505420996, 0.13133995072997134,
    0.13201801203515218, 0.15508665824713913
  ],
  "train_ious": [
    0.4699300227524796, 0.560137386744221, 0.6072779407427794,
    0.6293149611008342, 0.6525786126005478, 0.6714531650253828,
    0.680320435837991, 0.6888389334730481, 0.7059553547397904,
    0.7091166007777919, 0.721952725417804, 0.7251255785965399,
    0.732069272224022, 0.740924954576337, 0.7478862397264747,
    0.7504927658516426, 0.7597622940505759, 0.7641139394887114,
    0.7689108855590441, 0.7750289038471551, 0.7813242963258769,
    0.7824084424022317, 0.7824461680391559, 0.7895906347295509,
    0.7972618528250337, 0.8035793083085528, 0.8038028382520741,
    0.8140604193659798, 0.8025300535170928
  ],
  "val_ious": [
    0.5259689382020977, 0.5606925652726839, 0.6060786314200663,
    0.6477908800909483, 0.6683367873015612, 0.6803524956323098,
    0.681450350345045, 0.6834929650244507, 0.7028911716264227,
    0.6926659641490466, 0.7013159048730051, 0.6945595505876819,
    0.6978892904260884, 0.7033553056526874, 0.7141850508641505,
    0.7090353557597036, 0.7104111983292343, 0.7196443793566331,
    0.7284764250119526, 0.7198966089366141, 0.7298497501490772,
    0.7270249713590181, 0.71951251682164, 0.7168163765167843,
    0.7359605669111444, 0.7339866766031237, 0.7364877520695975,
    0.7385341475407282, 0.6931706926097043
  ],
  "training_time": 528.167515039444,
  "avg_gradient": 0.00499149050778001,
  "memory_usage": 856.21484375
}
