{
  "train_losses": [
    0.26357987887509493, 0.21939714220554932, 0.19250712843368883,
    0.17676682681169198, 0.16443215083816778, 0.15547867220543002,
    0.14908932388314736, 0.14407711439644513, 0.1378572595346233,
    0.1318785797237702, 0.12864187703994306, 0.12250602488284526,
    0.12032853390859521, 0.11477907763227173, 0.11436020591012809,
    0.10830910228516745, 0.10471892113918843, 0.09951122874475044,
    0.09873511779891408, 0.09733444189085909, 0.0923916855422051,
    0.0925388913196714, 0.08611269716335379, 0.08727710791256117,
    0.08363355242687723, 0.08327617079181515, 0.07924747345564158,
    0.07711063321355892
  ],
  "val_losses": [
    0.2950238038016402, 0.22509529733139536, 0.19107571730147238,
    0.17876180909250095, 0.16590840434250625, 0.16195744016896124,
    0.16168319919834967, 0.15320680873549503, 0.15546430485404056,
    0.1448145346797031, 0.14621593803167343, 0.1530929313081762,
    0.15764231008032095, 0.13979086668595023, 0.13995349779725075,
    0.14298504024096156, 0.14111950653402702, 0.13210118108469507,
    0.1389207746023717, 0.13769998369009598, 0.13780675650290822,
    0.13707530142172522, 0.13239653829647147, 0.1349519622390685,
    0.13363979416696922, 0.1348093310775964, 0.13237310719230902,
    0.17220635015679442
  ],
  "train_ious": [
    0.4724444807675814, 0.5512075123741572, 0.5989246788988077,
    0.6277401951560077, 0.648967329520678, 0.6670054339844245,
    0.679181610328564, 0.687887146367111, 0.6984848739120403,
    0.7105549150079059, 0.7162324720858666, 0.7273197512587778,
    0.7313797822681027, 0.7406581249897894, 0.7423828052005904,
    0.7530463437239334, 0.7591610149196953, 0.7689850361126921,
    0.7703315725793007, 0.7729386666762654, 0.782499798398087,
    0.7821904256723925, 0.7946267518876258, 0.7927851025824961,
    0.7997547618072965, 0.8007200252318727, 0.8081675704190698,
    0.8132696306143983
  ],
  "val_ious": [
    0.4516133269214112, 0.5555217868607975, 0.5985293025555817,
    0.6304942451525426, 0.6478978762592094, 0.654458379615908, 0.66382185747658,
    0.6754134973322135, 0.6699473045874333, 0.6898998086867124,
    0.683559317735658, 0.6821319553731147, 0.6788995464642842,
    0.7037342799746473, 0.7052504290705142, 0.7000110376140346,
    0.7084037868872934, 0.7247135198634603, 0.7089707028606663,
    0.7130357582068099, 0.7185021701498309, 0.7182919052631958,
    0.7231475805890734, 0.7188561716373414, 0.7259920710238859,
    0.7208294641712437, 0.7323853127334431, 0.6908281201469726
  ],
  "training_time": 510.43314933776855,
  "avg_gradient": 0.013083978880019876,
  "memory_usage": 856.21484375
}
