{
  "train_losses": [
    0.2599520268647567, 0.21703412189431812, 0.19143198867854866,
    0.17613305839831414, 0.16319157045496546, 0.15863525596163844,
    0.14780800728856222, 0.143810357372074, 0.1354221625496512,
    0.1326754694480611, 0.1267304281177728, 0.12348424942921037,
    0.1198102941169687, 0.11562787449878195, 0.11295877765540195,
    0.10805047841985589, 0.10425997533552024, 0.10617592586609333,
    0.10200883043201073, 0.0960528675628745, 0.09462746682212404,
    0.09386438491713742, 0.09130518401608519, 0.08705597901311905,
    0.08389467227718105, 0.08085233580483042, 0.0790953085474346,
    0.0895227859120654
  ],
  "val_losses": [
    0.24398368208304697, 0.21082364476245383, 0.18555605379135712,
    0.16669157536133475, 0.17112698665131693, 0.1658682926841404,
    0.15949259795572446, 0.1534794185148633, 0.15143633115550745,
    0.14602352160474527, 0.1366527555105479, 0.13621941273627075,
    0.14001506243063055, 0.1378477981880955, 0.14613290778968646,
    0.13454360369106996, 0.1305543380263059, 0.13361559484315955,
    0.13297193254465642, 0.1358114242877649, 0.133418221026659,
    0.13695766258498895, 0.13618971375019653, 0.1302373576099458,
    0.13123700929724652, 0.1314027900605098, 0.13651187102431836,
    0.14565042568289716
  ],
  "train_ious": [
    0.47965246102894116, 0.5568262421512518, 0.6029519211446892,
    0.6306765780824682, 0.654598661468945, 0.6607593255306498,
    0.6829775226828846, 0.6876121228695781, 0.7043227968008622,
    0.7100262673760677, 0.7208783293979755, 0.7263373261776525,
    0.7329426758747168, 0.7406404871979485, 0.745390559236209,
    0.7548345607044044, 0.761288447656493, 0.7583758034675881,
    0.7650994941916153, 0.776349394055812, 0.7789995469476866,
    0.7807945116166617, 0.7851864683671278, 0.7933666217478286,
    0.7990998982627318, 0.8055042534850645, 0.8092578322343208,
    0.7888895871414657
  ],
  "val_ious": [
    0.5129450837123222, 0.5668414863555328, 0.6162407881971718,
    0.6443978880626567, 0.6356475335964259, 0.6494088591872782,
    0.6648414696472277, 0.670202881961629, 0.676403855284055,
    0.6824166735877162, 0.7029126351294311, 0.7037261024765347,
    0.6943058410416477, 0.702958728524222, 0.698326295916585,
    0.7124791631232139, 0.7163792570000109, 0.709787762467412,
    0.7137548813353416, 0.7166054093319438, 0.7214401606200397,
    0.7167000170203223, 0.7147754024768224, 0.7284256971400717,
    0.7292020575723785, 0.7307015257901037, 0.7259973112655721,
    0.7089293562415717
  ],
  "training_time": 510.4116997718811,
  "avg_gradient": 0.005406344716724194,
  "memory_usage": 856.21484375
}
