{
  "train_losses": [
    0.26443569070619083, 0.2124378287597843, 0.1878240326338488,
    0.17225154878004736, 0.16078745278165393, 0.1516224180712648,
    0.14442879184270682, 0.1394834696598675, 0.13675184199667495,
    0.1299899640776541, 0.12574412114918232, 0.12219368945807219,
    0.11612463349719411, 0.11265851350744134, 0.11158565763870011,
    0.10733316632230645, 0.1025949390605092, 0.10114758826144364,
    0.09472918668356926, 0.09100434406781974, 0.09120018808576076,
    0.088744782883188, 0.09120646564532882, 0.08440360937105573,
    0.08242975495269765, 0.08002805940644897, 0.076471709848746,
    0.07434409806180907, 0.07511391156636503, 0.07512699144527964
  ],
  "val_losses": [
    0.23452641069889069, 0.19391175003155417, 0.17527989395286725,
    0.168893501162529, 0.1694946412159049, 0.15984488472990369,
    0.15461380293835764, 0.1463130432302537, 0.13837858759190724,
    0.14166660023772198, 0.14290406652118848, 0.137609436136225,
    0.14314575898258583, 0.12990529705648837, 0.13400755239569623,
    0.13390438825539921, 0.13508697793535565, 0.12976917997002602,
    0.13006370304071385, 0.13388823944589365, 0.13345900080774142,
    0.1384411630747111, 0.13524441842151724, 0.12763640900021014,
    0.13368322586883669, 0.1295949912265591, 0.13076164622021758,
    0.1350935660302639, 0.13446414454475694, 0.14197418077484422
  ],
  "train_ious": [
    0.47302144647076505, 0.5659760290729828, 0.6081405085498011,
    0.6371670763777649, 0.6583201150963272, 0.6742961599451044,
    0.6879263317779352, 0.696834098979615, 0.7015797332253143,
    0.7143929537007775, 0.7220876703875653, 0.7279813976931401,
    0.7393393961415772, 0.745849137180957, 0.7477673215494637,
    0.755155984258306, 0.7638277382306432, 0.7670427012270775,
    0.7786274225707502, 0.7853280656255675, 0.7852430882445277,
    0.790094425766796, 0.7847204632193281, 0.7982940866031513,
    0.8021654122765511, 0.8072810487254805, 0.8140190243721007,
    0.8187492199350087, 0.8172238973387773, 0.817322492491508
  ],
  "val_ious": [
    0.5279817928870518, 0.6004922171865684, 0.6320775730022486,
    0.6449824562971141, 0.6530130974192552, 0.6677852862555048,
    0.6737284891415335, 0.6855509795140529, 0.6982342354629351,
    0.694496111377426, 0.6911793454833651, 0.6984626162743224,
    0.7010563393865806, 0.7180721332197604, 0.7097265895294107,
    0.7122472477131995, 0.7164941702200018, 0.7231262924446576,
    0.7223967892536218, 0.7231669225122618, 0.7229491904161975,
    0.7155030173236046, 0.7233577785284623, 0.7284467276455701,
    0.7291928827762604, 0.7340285233829332, 0.7330471884081328,
    0.7312983278779016, 0.7313220259072125, 0.7211761571790861
  ],
  "training_time": 546.8624112606049,
  "avg_gradient": 0.0021337943751772656,
  "memory_usage": 856.21484375
}
