{
  "train_losses": [
    0.27440581681287807, 0.22447808710453304, 0.2025513647367125,
    0.18373316955631194, 0.1699141873775617, 0.16016164588053589,
    0.15431214775890112, 0.14819574639525102, 0.14300866473628127,
    0.13553338578861693, 0.13303879790170037, 0.12918081636662068,
    0.12156067488958007, 0.11914314876270035, 0.11607167100452859,
    0.10989679857764555, 0.11014393510539895, 0.10488844650757054,
    0.10389056870632846, 0.10059545452342085, 0.09389037695591865,
    0.09270359936129788, 0.09034905874210855, 0.08887226867449025
  ],
  "val_losses": [
    0.24151824576699216, 0.20560360149196957, 0.23486345488092172,
    0.1759979164470797, 0.16086892459703528, 0.15533309300308643,
    0.1546624759617059, 0.14665002343447311, 0.15314260870218277,
    0.13786308888507925, 0.14669941916413928, 0.13594349911031517,
    0.1325330094474813, 0.13481805522156798, 0.13158816034379212,
    0.1280101344961187, 0.1285612025986547, 0.12711352660604144,
    0.13586747824497844, 0.1282732235672681, 0.13776352531884029,
    0.12620617562662, 0.1264907388907412, 0.15456750179114548
  ],
  "train_ious": [
    0.4491302248333459, 0.5421794350596443, 0.5824228846400545,
    0.6161770334710245, 0.6408339390612167, 0.6593011365528556,
    0.6694860080446025, 0.680854518020499, 0.6915852403187231,
    0.7053703518881315, 0.708696484565735, 0.7157792294586912,
    0.7296134890529563, 0.7337265294315156, 0.7399318697659866,
    0.7506103021619112, 0.7506181753739933, 0.7599575290105485,
    0.7615603831043276, 0.76775203137726, 0.7802076808892295,
    0.7828950024061446, 0.7867288001529544, 0.7896980656229925
  ],
  "val_ious": [
    0.5145295896175979, 0.5794468118228775, 0.5292065621934076,
    0.624634352931078, 0.6604426041029501, 0.6704660405715309,
    0.6727466062791104, 0.6834159068007398, 0.6742430435142654,
    0.6998942414487618, 0.6908550923285277, 0.7051271863173748,
    0.7076911431723747, 0.7072848081588745, 0.7126121736954951,
    0.7221556122320286, 0.7224501989026002, 0.7255405271830766,
    0.7118822578070823, 0.7203285249247068, 0.7170484165350597,
    0.7346011151870092, 0.7312769175007724, 0.6930112817149231
  ],
  "training_time": 437.5374834537506,
  "avg_gradient": 0.02569157187755678,
  "memory_usage": 856.21484375
}
