{
  "train_losses": [
    0.2700186646340982, 0.22696656336926896, 0.2003864313111357,
    0.18240915303644928, 0.16911187808474767, 0.15952086813100005,
    0.15254767688558155, 0.1469215169629973, 0.1410358326266641,
    0.13416754231666742, 0.12941373082930627, 0.12568040746871545,
    0.1224475530097666, 0.11700858034031547, 0.11493621604598087,
    0.11281133240655712, 0.10844209948149712, 0.10513550974428654,
    0.1013490060425323, 0.09939930494874716, 0.09350796371860348,
    0.09768656082451344, 0.09288329979323823, 0.08652892793812182,
    0.0847650516535277, 0.08399894359805014, 0.08539690073255611,
    0.08226984399168388, 0.07733462526179526, 0.07412274801374777,
    0.07470476793368226
  ],
  "val_losses": [
    0.2473900781377502, 0.22520588467950406, 0.1875566224689069,
    0.17187386297661325, 0.16972280617641367, 0.16952358931303024,
    0.16203634408505066, 0.16549326609010281, 0.15194540001128032,
    0.14740339585620424, 0.13947357707049535, 0.13817492678113605,
    0.14514827388136284, 0.1360804585982924, 0.1400849764113841,
    0.14226578969670378, 0.13471031043192613, 0.13882833071376965,
    0.13473357292621033, 0.13247085216900575, 0.13047377716587938,
    0.13430374034720918, 0.1284978493400242, 0.1281547510753507,
    0.13223911951417508, 0.1344030007072117, 0.14323135546368101,
    0.14317365330846413, 0.13170349079629648, 0.13271905546602997,
    0.14432030948607819
  ],
  "train_ious": [
    0.4580367983359357, 0.5391984096579793, 0.5850505745173366,
    0.6180447259027023, 0.6419742580341257, 0.6596399480881896,
    0.6715907498222331, 0.6826830155931519, 0.6941530348166173,
    0.7063045324082823, 0.7146662039061388, 0.7223729897236477,
    0.7278351044633249, 0.7377644181251521, 0.7423304772355422,
    0.7452928732702696, 0.7538536884754462, 0.7597086186102339,
    0.7666223067520319, 0.7700850452309933, 0.7813354339720548,
    0.7728682911374432, 0.7822243008708614, 0.7940836092052257,
    0.7980323173645612, 0.799368435597938, 0.7966926475257974,
    0.8025706153416978, 0.8124922970714773, 0.8192507172192351,
    0.8185895535609001
  ],
  "val_ious": [
    0.5072671686825545, 0.5520689607314442, 0.611235329422398,
    0.6432521680127019, 0.6412709197704342, 0.640395886224249,
    0.6556438464617386, 0.6609028906062029, 0.6779403839854227,
    0.6832931905552961, 0.696117189483366, 0.7017842427543972,
    0.6872268014627954, 0.7065332391555758, 0.6998413300168685,
    0.6968744915464652, 0.7152701892714568, 0.708283684823824,
    0.7153408719577653, 0.7206999886295072, 0.7246414664862811,
    0.7219827462365663, 0.7304137580204698, 0.7294734178677852,
    0.7242488627848419, 0.7271078663027803, 0.7209485259608945,
    0.7160547947969989, 0.731815805469734, 0.7323338657185652,
    0.7131044365789581
  ],
  "training_time": 567.2787065505981,
  "avg_gradient": 0.004164382551811896,
  "memory_usage": 856.21484375
}
