{
  "train_losses": [
    0.26927042137021606, 0.22426994954762253, 0.19615776334767757,
    0.1791793295060811, 0.16615852899849415, 0.1576989429962376,
    0.1515482934191823, 0.14454295279701118, 0.14116468280553818,
    0.1345111938274425, 0.1329227905801457, 0.12671121659324222,
    0.12250235713208499, 0.11993446938045647, 0.11636284912895897,
    0.11046175476487564, 0.10592515276663977, 0.10686809022951385,
    0.10086139279377201, 0.0983235148470039, 0.10096636515758607,
    0.09579482719140209, 0.09054958998509076, 0.08599597798741382,
    0.08474555652102699, 0.0902652407227003, 0.08423795874999918,
    0.07773816482285442, 0.07785616450659606, 0.07408306565459656,
    0.07546060178023965
  ],
  "val_losses": [
    0.24400969627110855, 0.22624357692573382, 0.23345955331688342,
    0.1754699951928595, 0.17386582526175873, 0.1536753061025039,
    0.15157570268796838, 0.16151024692732355, 0.1429566394375718,
    0.1363354979649834, 0.13807111314457396, 0.14053950588340344,
    0.13719491822564084, 0.13425707169201062, 0.13402087290001952,
    0.12872930923881737, 0.12981896183413008, 0.13140320389167123,
    0.12635766374676125, 0.1245551300437554, 0.12567287100398022,
    0.12961195441691772, 0.12858032095043556, 0.12710658396067825,
    0.12628959799590317, 0.13018446253693622, 0.1256421720204146,
    0.12713481518237488, 0.1293242453880932, 0.1301282537372216,
    0.13242830044549445
  ],
  "train_ious": [
    0.4627794123160237, 0.542543540020352, 0.593426847425492,
    0.6234341222198979, 0.6470923137081706, 0.66425373810141,
    0.6738775675387485, 0.6873437134360058, 0.6930165975422102,
    0.7054417907543804, 0.7086250054771486, 0.7200505250821938,
    0.7276699674194272, 0.732219748198986, 0.7389480525600737,
    0.749931122891713, 0.7577018949432653, 0.7561726568509703,
    0.7670714443792466, 0.7719091863195963, 0.7667944087390453,
    0.7762311911345394, 0.7862264126863173, 0.7948020695560222,
    0.7976418520877325, 0.786596171989821, 0.7987581562196865,
    0.8118758561170619, 0.8113744782580845, 0.8192996020982232, 0.81694462776616
  ],
  "val_ious": [
    0.5029711801072824, 0.5312763122112856, 0.5660530462645103,
    0.6426735293606054, 0.6371357553247092, 0.6760658740565397,
    0.6767755453137385, 0.6610202672688857, 0.6912801060555639,
    0.7020054930362151, 0.6990511261898539, 0.6983460088570912,
    0.7034854385731876, 0.7098522454068279, 0.7079876119243925,
    0.7182720962209979, 0.7209434630214304, 0.7209399297185565,
    0.7258525715358014, 0.7286684610273527, 0.7295126571603445,
    0.728639055205428, 0.7274169269679248, 0.7350727762433064,
    0.7355667944403662, 0.7190957507793455, 0.739436974560005,
    0.7374397725730703, 0.7381414481695149, 0.7401028759237648,
    0.727435242006744
  ],
  "training_time": 566.0613243579865,
  "avg_gradient": 0.004552063644988412,
  "memory_usage": 856.21484375
}
