{
  "train_losses": [
    0.260476335235264, 0.2104439333729122, 0.18405989525110825,
    0.17151367073149784, 0.16070850201598977, 0.15186265021886514,
    0.14418722628413336, 0.14004550849937875, 0.13295131581632988,
    0.1300351236258512, 0.12368185259401798, 0.12051897840169461,
    0.11873191344025343, 0.11515462868239569, 0.10858387819936742,
    0.1052172019591798, 0.1022440616203391, 0.0989463324861034,
    0.09716905139224685, 0.09405750910872998, 0.09346953240911597,
    0.08582223737207444, 0.08486927758254435, 0.08878584193956593,
    0.08219136662133363, 0.08169104146730641, 0.07720286403175282,
    0.0742019869832565, 0.07576894768230293, 0.07286051037194936,
    0.07611412111588794, 0.07202415346451428, 0.06653307125215298,
    0.06381993236668083, 0.06258309818804264, 0.07176176535532526
  ],
  "val_losses": [
    0.2287078558102898, 0.20906768933586453, 0.1768346033666445,
    0.1739712879061699, 0.15592424960240073, 0.15246629358633704,
    0.15376705789695616, 0.14799828471049017, 0.14343403587522713,
    0.14672878595150035, 0.14919725449188895, 0.1390861855900806,
    0.14076945979310118, 0.13789407212449156, 0.13144697070769643,
    0.13868448640341344, 0.13687198949248894, 0.14413251484865727,
    0.13633315589116968, 0.15036563721040022, 0.1412632730991944,
    0.13025642850476762, 0.14266942263297414, 0.1347642101995323,
    0.13833993122629498, 0.1347400189741798, 0.13521074341691058,
    0.1376975742371186, 0.13354387182904326, 0.14883705163779465,
    0.14720130161098813, 0.14084459841251373, 0.14559649578903033,
    0.1393293077531068, 0.13999589921339697, 0.14504019138605698
  ],
  "train_ious": [
    0.4780881542010585, 0.5670599986569606, 0.6162803922982321,
    0.6387211773274599, 0.6589613154098606, 0.6749616869441843,
    0.688245939873699, 0.6963226651043999, 0.7086187377032165,
    0.7147547391553717, 0.7265534411197992, 0.731849732876256,
    0.7353426791403603, 0.7415056634100449, 0.7532852633815743,
    0.7587901000203432, 0.7647759726513987, 0.7702817779196344,
    0.7744076550546761, 0.7799135573964189, 0.7807463391319563,
    0.7955011623925055, 0.7977290363523406, 0.7901011624413989,
    0.8029651068474939, 0.8037992180257604, 0.8128803057083183,
    0.8195708979299099, 0.8164788727527083, 0.8220177466670672,
    0.8160714515741319, 0.8238243764077405, 0.8360194708558094,
    0.8419442375500996, 0.8448646861142012, 0.8259112033723056
  ],
  "val_ious": [
    0.5350982138644094, 0.5783298162446505, 0.6305935510258743,
    0.6295721556829371, 0.6649437294058178, 0.6711644709542177,
    0.6710981100365737, 0.6816920633765233, 0.6899451123199601,
    0.6868369231621423, 0.6863624485938447, 0.70122924943765,
    0.6947834154833918, 0.7039102639840997, 0.7166674780672871,
    0.708185517485591, 0.7087005057196685, 0.6987276617167651,
    0.7059692969356759, 0.6903311899606731, 0.7165402003388475,
    0.7245612505121509, 0.7120197866705879, 0.7243950792412825,
    0.7230543718821759, 0.7240886059792144, 0.7270256771125656,
    0.728576716521512, 0.7230951429709144, 0.715173418323199,
    0.7224482451228126, 0.7315063638531644, 0.7283480551795684,
    0.7313399818064509, 0.7353160947129346, 0.7070152923680735
  ],
  "training_time": 655.813999414444,
  "avg_gradient": 0.004000482562575857,
  "memory_usage": 856.21484375
}
