{
  "train_losses": [
    0.26403698479027854, 0.21933600735729156, 0.19099860622183137,
    0.17526566391081913, 0.16297456994652748, 0.1553534460861398,
    0.1463609737465563, 0.13988322991391886, 0.13792476754473604,
    0.1309200232524587, 0.12832213282261207, 0.12201971690291943,
    0.12154283775421588, 0.11461041964914488, 0.1093892143310412,
    0.10957464535275231, 0.10449321936492038, 0.09904279612490664,
    0.09822384170863939, 0.09640641980197119, 0.09250465642822825,
    0.09245847853953423, 0.08744859752123771, 0.0879625285692189,
    0.08253651829031498, 0.08468449540922175, 0.08151038804941851,
    0.07535716786008814, 0.07319509736059801, 0.0705948571431572,
    0.07228774688733013, 0.0699825237667107, 0.06706380171944266,
    0.06597745813348371, 0.0637173563160974, 0.06299811455866565,
    0.07946337208799693
  ],
  "val_losses": [
    0.3111737662035486, 0.20502396672964096, 0.21137508231660593,
    0.17295878607293833, 0.1711575052012568, 0.15434856178319972,
    0.15129207997866298, 0.14670108307314955, 0.14696582779288292,
    0.1486656699815522, 0.14298980019014815, 0.1567287585981514,
    0.13295639176731525, 0.14137899227764295, 0.13561751952637796,
    0.1331889290848504, 0.1433083988402201, 0.13122281075819678,
    0.1391239734771459, 0.14869643018945403, 0.13194038994286372,
    0.13707617119602536, 0.14481822142134543, 0.13225559209999832,
    0.1345692403290583, 0.13563663382893024, 0.13586997402750928,
    0.13615262459801591, 0.13517506388218506, 0.13463320178182228,
    0.1342004476034123, 0.1387327172510002, 0.14232945717547252,
    0.14071079975237016, 0.1392978296979614, 0.14238905339785243,
    0.14462841577503993
  ],
  "train_ious": [
    0.46777734719891667, 0.5516403397896151, 0.6031971095750727,
    0.6313745585688645, 0.6538684545759704, 0.6676936146897681,
    0.6832003970293026, 0.6953674784821015, 0.6993666113070821,
    0.7120300609132518, 0.7167035820151585, 0.7276215912855192,
    0.730033009434524, 0.7417316807676918, 0.7517087355903957,
    0.7509258189171117, 0.7601239088436834, 0.7699523482309736,
    0.7718368225015585, 0.7748432335970196, 0.7820219649136932,
    0.7822060621734979, 0.7920446055738821, 0.7907790425570979,
    0.8014237195037414, 0.7977119557343528, 0.803472466550875,
    0.8163491376284242, 0.8210189323062482, 0.8264391179318011,
    0.8227271511070973, 0.8279793839091836, 0.8341043641169865,
    0.8370419809783713, 0.8416376899981847, 0.8434169412307118,
    0.8110191109387774
  ],
  "val_ious": [
    0.4495081477191136, 0.5797253281309984, 0.5813287852898888,
    0.6347568605257118, 0.6451029464386512, 0.6717886637518372,
    0.6749063719441926, 0.684281329097955, 0.682657241821289,
    0.6830677992623786, 0.6909948192212894, 0.6790331196093904,
    0.7088864575261656, 0.6988658479590346, 0.7062088169049525,
    0.7174537350302157, 0.6999907828327538, 0.7158733403337176,
    0.7088453463022262, 0.703922067647395, 0.720607702930768,
    0.7136692253575808, 0.7095075584408165, 0.7289476733708726,
    0.7176737115866897, 0.7213593373696009, 0.7220835590708085,
    0.7301009969002961, 0.7347421993811926, 0.7334685088067815,
    0.7289437554452729, 0.7309236591276919, 0.7296008875836498,
    0.7318778137365977, 0.7332551053900651, 0.7321599315905918,
    0.7119167272163474
  ],
  "training_time": 675.4479033946991,
  "avg_gradient": 0.004178222246653688,
  "memory_usage": 856.21484375
}
