{
  "train_losses": [
    0.2587902379100737, 0.21429599027918733, 0.18752265146569067,
    0.17084777946381466, 0.1615976290372403, 0.15403476657102938,
    0.14597714858372574, 0.14212276827058065, 0.1379750296473503,
    0.13099059389661188, 0.12658228846671787, 0.12327676614665467,
    0.11839600138204254, 0.11461860646048318, 0.1111867942077958,
    0.10924028333924386, 0.10581688643635614, 0.09906330510326054,
    0.09854110674527676, 0.09515030022062686, 0.09236903144451587,
    0.09315196274901213, 0.08801789379314236, 0.08505892777896445,
    0.08400511757835098, 0.08185769508228354, 0.08703255685775177
  ],
  "val_losses": [
    0.22835557972607406, 0.20597901454438333, 0.18254381709772607,
    0.16951505191948102, 0.1575255172084207, 0.15951790595832077,
    0.14516433846691382, 0.1527647167120291, 0.1341149518671243,
    0.1330862283382727, 0.1526493253591268, 0.12892563187557718,
    0.12817644489848096, 0.1274551532190779, 0.13603765387897906,
    0.13484835041605908, 0.12438502389451732, 0.12717764808431917,
    0.12196630417652753, 0.13997823259104852, 0.13089312564419664,
    0.12502170694263084, 0.12185384057786154, 0.12450016759659933,
    0.12826107620545055, 0.13912734794227974, 0.13039682578781378
  ],
  "train_ious": [
    0.4808432478120252, 0.5624131297665664, 0.6094837225973609,
    0.6406104295797971, 0.6565075084783027, 0.6715214496505432,
    0.6862192430897898, 0.6930511072278024, 0.6999852827385713,
    0.7118506413762983, 0.7205573527709296, 0.7261087986222216,
    0.7347684771470399, 0.742321111963711, 0.747523252568815, 0.751982353519702,
    0.7577960510076815, 0.7708585152159566, 0.7713565369663031,
    0.7778876650592553, 0.7835760016696175, 0.7816406756747459,
    0.7912148052583567, 0.7969371689942434, 0.7995077784078706,
    0.8035162981005687, 0.793594828334408
  ],
  "val_ious": [
    0.5385384300480718, 0.5720779491939407, 0.6255148677290351,
    0.643781769318857, 0.6596425607584525, 0.6629153289224792,
    0.6908923106780951, 0.6839324689429739, 0.7049867493518884,
    0.7089173113522321, 0.682216780125231, 0.7162485481172368,
    0.7192779172589813, 0.7193528020727464, 0.7032256446022918,
    0.7107257484525874, 0.7269402275914731, 0.7219194981498995,
    0.7327934240085492, 0.7154054691394167, 0.7206723644681599,
    0.731766191729601, 0.737715591771015, 0.7317921443693879,
    0.7270160332538079, 0.7174865540818891, 0.7187313908252164
  ],
  "training_time": 491.6928925514221,
  "avg_gradient": 0.004018277528103527,
  "memory_usage": 856.21484375
}
