{
  "train_losses": [
    0.26557202936838503, 0.21835081959548203, 0.19310005648952464,
    0.17444745256848956, 0.1601994689553976, 0.15443451649954784,
    0.14737998807559843, 0.14057586006010356, 0.1370332523694505,
    0.13073379052398, 0.12581692344468573, 0.1213236756865745,
    0.117466500474383, 0.11394550578425759, 0.11221929773202409,
    0.10605691340954407, 0.10390619443648536, 0.10273956219949153,
    0.09682697519336057, 0.09382908592891434, 0.09260087897596152,
    0.09190467651933432, 0.08630933644978897, 0.08653000515440236,
    0.08514389096070892, 0.08022779359927644, 0.07896827657342605,
    0.0756983118860618, 0.07352523689927615, 0.08302545138513265
  ],
  "val_losses": [
    0.2724363570627959, 0.19782712407734082, 0.18749572369067566,
    0.17299854949764584, 0.1614650125088899, 0.1657317275910274,
    0.1537117971026379, 0.14807837343086366, 0.1399783608706101,
    0.14250474957668263, 0.14377638568048892, 0.14375355596775594,
    0.1346433695567691, 0.1439829070283019, 0.1332229408233062,
    0.1342064751231152, 0.13799017376225928, 0.13928915625033172,
    0.1451569711384566, 0.13215669730435248, 0.13005205065659856,
    0.13002727618036064, 0.14376883305933164, 0.14080530388847642,
    0.1368080115188723, 0.13554052959965623, 0.13848023165179335,
    0.14002336351119954, 0.1390008641325909, 0.13768085221881451
  ],
  "train_ious": [
    0.4670940602967595, 0.5548277075901846, 0.5998695797786332,
    0.6330978270026218, 0.6599882378958278, 0.6688788475981656,
    0.68307672387016, 0.6950549777003306, 0.7019618195144166,
    0.7111175452777437, 0.7212190689060137, 0.7290568021328552,
    0.7370561140494939, 0.742643544963304, 0.7461055106874824,
    0.7572745350931865, 0.7614244278250399, 0.7641280254592063,
    0.7742279160065928, 0.7797778484182082, 0.7820516418179738,
    0.7840066857743954, 0.7944465869686738, 0.7941622520810453,
    0.7962843123013559, 0.8065250964052436, 0.8094287813789605,
    0.8157373030764472, 0.8204007262121076, 0.8020760368933714
  ],
  "val_ious": [
    0.49491157771452615, 0.5903196340237838, 0.6081088617228081,
    0.6395807253277822, 0.6564100397669751, 0.6515672491944356,
    0.6701683415018993, 0.6877321711053017, 0.6963183000899743,
    0.6950303536394367, 0.696338513839072, 0.6922937290392059,
    0.7126077331494595, 0.6911207277705704, 0.7152538809223452,
    0.7165958751802861, 0.7092896643756091, 0.7088444144397542,
    0.701840054081834, 0.7243971163811891, 0.7245542579802915,
    0.7298912565777268, 0.712692319051079, 0.7185140265070874,
    0.7267700971468637, 0.7275072478729746, 0.726476065274598,
    0.7298374199780866, 0.721721673141355, 0.7202746593865794
  ],
  "training_time": 546.9959642887115,
  "avg_gradient": 0.003519600919096028,
  "memory_usage": 856.21484375
}
