{
  "train_losses": [
    0.2632884586472874, 0.209596813696882, 0.18383151851594448,
    0.16995346942997497, 0.16005034526081188, 0.15214423377714728,
    0.14263847547218853, 0.13841552161814077, 0.13420869551760994,
    0.13278845985136603, 0.12502838574025943, 0.12179337607939607,
    0.11871858103119809, 0.11187578251828319, 0.11277043155354002,
    0.10832586924990882, 0.10523613578761401, 0.10425144037150819,
    0.09596594451400249, 0.09583048348355552, 0.09820411338106445
  ],
  "val_losses": [
    0.30682725653700205, 0.2132419830431109, 0.2201113386646561,
    0.1665894039299177, 0.1597629999336989, 0.15642965261055075,
    0.14760779492233111, 0.15936318201863248, 0.14528297228009804,
    0.14898768326510553, 0.13514694684873457, 0.1349762326673321,
    0.1336315787680771, 0.13391649253342464, 0.1358171822908132,
    0.13794869459841563, 0.14776717482701593, 0.1388995569685231,
    0.1301187374021696, 0.12900224279450334, 0.1396015231376109
  ],
  "train_ious": [
    0.47659007541538356, 0.5691595056728608, 0.6151784140670646,
    0.6404075371506419, 0.6565992977416171, 0.6723896991731465,
    0.6903958955536719, 0.698723193042088, 0.706499137362276,
    0.7090445249408919, 0.7225594109167222, 0.7282646143458026,
    0.7346573993563652, 0.7461720920991209, 0.744907970607713, 0.75354556415392,
    0.7593686689717185, 0.7607236466761951, 0.7761000171843648,
    0.7762629164625767, 0.7716712330238541
  ],
  "val_ious": [
    0.466861861663452, 0.5746762381083722, 0.5711574200270833,
    0.6469906449749848, 0.6586674261784208, 0.666888314096824,
    0.6842978443356528, 0.6764378072558971, 0.687742292881012,
    0.682954224123471, 0.7073492269585099, 0.7098141792027847,
    0.7098254863766656, 0.7103831910568733, 0.7060686289400294,
    0.7069866011540095, 0.701826544775479, 0.7101719029571697,
    0.7238065792598587, 0.7217892006687496, 0.7071559329827627
  ],
  "training_time": 384.4714512825012,
  "avg_gradient": 0.00928943468581541,
  "memory_usage": 856.21484375
}
