{
  "train_losses": [
    0.2687006306875011, 0.2185526209195023, 0.19240705871387667,
    0.17306017219696357, 0.1598060614550891, 0.15306079039431136,
    0.1482825033042742, 0.1415710483637193, 0.1359207933444692,
    0.13332021957182366, 0.1265621349701415, 0.12191925456990367,
    0.11728027770700662, 0.11514209551007851, 0.11441217253551535,
    0.10777610171910214, 0.10428493170310622, 0.10428245547834945,
    0.09977894912109427, 0.10393758863210678, 0.0986741799051347,
    0.09038054538161858, 0.08779560090245112, 0.087058594652816,
    0.08581034029307573
  ],
  "val_losses": [
    0.2607481437532798, 0.19874364429193994, 0.18702504200779874,
    0.1727830835658571, 0.15789731818696726, 0.15508052317992502,
    0.1573935193212136, 0.15579216441382532, 0.14602000946583954,
    0.15448535136554553, 0.14491224094577457, 0.139715772446083,
    0.13723496655407158, 0.14463582051836926, 0.1326571798518948,
    0.14012451858624167, 0.13076935303599937, 0.1405188310081544,
    0.1379552114269008, 0.13544960741115653, 0.12963039055466652,
    0.13227081719947897, 0.1331892791001693, 0.1400558240711689,
    0.15510340650444446
  ],
  "train_ious": [
    0.4600263451415023, 0.5534202200833004, 0.6012218012541963,
    0.6340075226473636, 0.6599987210246961, 0.6725824757654599,
    0.6808105967399001, 0.6941316518122738, 0.7028425374216795,
    0.7091121922476573, 0.7197513188896838, 0.7293499339425914,
    0.7369503921464732, 0.7414825769762199, 0.7425886237103003,
    0.7544974198267943, 0.760810979142569, 0.7607497951906665,
    0.769037701945374, 0.7614696985245617, 0.7716113047107411,
    0.7870119704284531, 0.7921950589811455, 0.7932580556126609,
    0.7956250213842462
  ],
  "val_ious": [
    0.4834748298145723, 0.5913082670042481, 0.6125152139128119,
    0.6352370370557343, 0.6631942367640093, 0.6637646290271177,
    0.6770390719175339, 0.6736140097828879, 0.6921245228985081,
    0.6704138815402986, 0.6883101249518601, 0.6985169726869335,
    0.7040087278338447, 0.7007292368705723, 0.717133686594341,
    0.707405101129974, 0.7188430104566657, 0.7063787674558336,
    0.7168912047493283, 0.7140982222297916, 0.7224444567725278,
    0.7275227159261703, 0.724111584433611, 0.7250991595396097,
    0.7095467374808548
  ],
  "training_time": 456.51200318336487,
  "avg_gradient": 0.004004415173107686,
  "memory_usage": 856.21484375
}
