{
  "train_losses": [
    0.2687249308371026, 0.2249043008879475, 0.19935508866025053,
    0.18142544275716596, 0.16848198445918766, 0.15911699876027263,
    0.151454524177572, 0.14339149314100327, 0.13714757124366966,
    0.13660327814843343, 0.12986060839308344, 0.12528420745840538,
    0.12226823219300612, 0.12181805847617595, 0.11494199607683264,
    0.11018687130316444, 0.10718235899896725, 0.10319443387181862,
    0.10085505052753117, 0.09825327522728754, 0.09397916491750789,
    0.09795998247421306, 0.09165083418559769, 0.08726564037573079,
    0.08864945468857237, 0.09497358662116787, 0.08407258942885243,
    0.07927188864382713, 0.07785881440276685, 0.07528266136575004,
    0.07332247580685046
  ],
  "val_losses": [
    0.24859368703935458, 0.20886491919341293, 0.1938242134840592,
    0.17455741147632184, 0.17340204864740372, 0.20762290999941205,
    0.14840143368296002, 0.15768172591924667, 0.15687033890382104,
    0.13846859643640724, 0.144228870616011, 0.13897458188559697,
    0.13387372036990913, 0.14268359363726948, 0.13141200043584988,
    0.13181948418850484, 0.12931672354107318, 0.12496104577313298,
    0.12775256646716077, 0.13097579048379607, 0.13188240175013957,
    0.12794350816503816, 0.14130046947494798, 0.13343318082068278,
    0.12735449441749117, 0.12676602213279062, 0.1300772140207498,
    0.12944138989500378, 0.12945362293849821, 0.1272938813528289,
    0.1543534900183263
  ],
  "train_ious": [
    0.46238625651576365, 0.5406820578365658, 0.5882849248693043,
    0.6198665026197401, 0.6434546570847, 0.6603141108500782, 0.6744873752088651,
    0.6896983953057857, 0.7010427991981092, 0.7014361239321854,
    0.7144343615981981, 0.7223857215781144, 0.7274320471653904,
    0.7291021764386392, 0.7412768676877018, 0.7497884797445242,
    0.7557370273963263, 0.7631460897948429, 0.7667924909703973,
    0.7720937982093602, 0.7798277513272522, 0.7725572865726295,
    0.7839377450662244, 0.7929027721933695, 0.7902863159019881,
    0.7789740655841172, 0.7993498345216118, 0.8090503173677817,
    0.8118058960290925, 0.8172377043444179, 0.8209198870952588
  ],
  "val_ious": [
    0.49903720995222317, 0.5678665721114131, 0.6048387917487517,
    0.6334630885849829, 0.6352330174135127, 0.6141493780457455,
    0.6812705587649691, 0.667291275832964, 0.6628139729517093,
    0.6992680283560269, 0.6905321008053378, 0.7047794785188592,
    0.7087293109600094, 0.6922612656717715, 0.7140292795240014,
    0.7170241261306015, 0.7195586883935376, 0.7275881752155829,
    0.7218209526677062, 0.7208994039590809, 0.7203918000062307,
    0.7278347185988356, 0.7138425977765649, 0.7253241614587066,
    0.7307210629401001, 0.7319938320180646, 0.7307341286669609,
    0.7324691712856296, 0.7339358491742093, 0.7375302383865135,
    0.7028903820808384
  ],
  "training_time": 564.4913799762726,
  "avg_gradient": 0.008204736854966517,
  "memory_usage": 856.21484375
}
