{
  "train_losses": [
    0.2720545216908921, 0.22270373206423677, 0.19836873561143875,
    0.1832169371292643, 0.16911455276219742, 0.15997957430132057,
    0.1524443273311076, 0.14622236172790112, 0.14140303692092066,
    0.13804951917542063, 0.12974193262989106, 0.1294557032701762,
    0.12467144328452971, 0.12013624839322723, 0.11940581570176975,
    0.11387577353288299, 0.11337424899734881, 0.10714006772183854,
    0.1043824828432306, 0.09978343339879876, 0.09870908640163101,
    0.09756343977768785, 0.09550536857189043, 0.09078550148431373,
    0.08929625773073538, 0.08641160919290522, 0.08920456145120703,
    0.08582739641323038, 0.08268846773906895, 0.07808661606648694,
    0.07493929463722136, 0.07341225368335196, 0.08428430196869632,
    0.07467763850708371, 0.07048743434817246, 0.06819081525115864,
    0.07455368917030485, 0.07341035902905076, 0.0653283376975552,
    0.06650772255480937
  ],
  "val_losses": [
    0.23771426211232724, 0.22023079997819403, 0.19143747570722,
    0.18390154611805212, 0.16926179891047272, 0.17320600152015686,
    0.15400094117807306, 0.17057456821203232, 0.1451916349646838,
    0.1393210680588432, 0.13690739254588666, 0.13843204210633817,
    0.13423726140804912, 0.12996192551825358, 0.13450987637043,
    0.12811166906486388, 0.1347773079962834, 0.13443211109741873,
    0.12531313348723494, 0.12524594658094904, 0.12975554054845934,
    0.13442117251131847, 0.1286026629740777, 0.12416622836304747,
    0.12980972149449846, 0.12777349887334782, 0.1285825470543426,
    0.13144028478342554, 0.1289501012019489, 0.1265746740543324,
    0.1260536172143791, 0.1374240551629792, 0.12751725267456926,
    0.1326194356964982, 0.13206067049632902, 0.131490645363279,
    0.12927227321526277, 0.13072727442435597, 0.13264832143550334,
    0.14468677244756534
  ],
  "train_ious": [
    0.45532945882313053, 0.5461753194854743, 0.5907879091961226,
    0.6181418503756106, 0.6426524388725341, 0.6596316714649615,
    0.6722378501857539, 0.6859295140357983, 0.6935738999990452,
    0.699172953494649, 0.7153296886362892, 0.7155371549660745,
    0.7248397335626077, 0.7324559866194273, 0.7338115152889403,
    0.7448578888307444, 0.7444158006945382, 0.7561117030032306,
    0.7611257197416353, 0.7691346092716512, 0.7711075590788453,
    0.7738110705454282, 0.7772544859436109, 0.7861697418426259,
    0.7888440477891245, 0.7944152948001151, 0.7895972176954364,
    0.7955681896512061, 0.8018099951787272, 0.811068150228348,
    0.8175103722707086, 0.8205603393523585, 0.7995577748271, 0.8180719512528268,
    0.8269003997894303, 0.8320199869897058, 0.8191745125729107,
    0.8209746311540187, 0.8383838864772215, 0.8361259179486744
  ],
  "val_ious": [
    0.5139583473404249, 0.5541869088791417, 0.6004609774420225,
    0.6199200803386994, 0.6387385717336681, 0.6420875301827553,
    0.6690530632285104, 0.6325583872587786, 0.6856361074724059,
    0.6970388427160787, 0.7057809281176418, 0.6982770780290383,
    0.70851804100085, 0.7159667837878932, 0.7072483689888663,
    0.7200342617605042, 0.7104171499393991, 0.7099514100430667,
    0.7273070054209749, 0.7297796021769011, 0.7222081707871478,
    0.7188185503085457, 0.7268538662920827, 0.7362043427816336,
    0.7326969249524931, 0.731871063510577, 0.7312300734329914,
    0.7253037056197291, 0.734090857963631, 0.7404960264330324,
    0.7380578243646068, 0.7319956760907517, 0.7341227861850159,
    0.7388071137062018, 0.7367870218080025, 0.7406643670106281,
    0.7328174239483434, 0.7381125299826911, 0.7442816701056303,
    0.7190899488286695
  ],
  "training_time": 726.5146770477295,
  "avg_gradient": 0.0029611556381886526,
  "memory_usage": 856.21484375
}
