{
  "train_losses": [
    0.2654014284843984, 0.21951962675413358, 0.19549489288550356,
    0.18267033516388873, 0.1689994101938994, 0.15809355493958877,
    0.15399332907374785, 0.14698324307961308, 0.13881391456917577,
    0.13636218424400556, 0.1284106334914332, 0.12933501269182432,
    0.1215944824659306, 0.11721720761093109, 0.1142451528702741,
    0.10997444759730411, 0.1088871486565989, 0.10652257372503696,
    0.10027957169096106, 0.09855880900083677, 0.09630545856350142,
    0.09752451944286408, 0.09045083051466424, 0.08941132773685714,
    0.08822106614546932, 0.08366638741901387, 0.08528332387947518,
    0.08061123513819082, 0.0776234589436132, 0.07646048064951015,
    0.07879035992790824, 0.07431236492550891, 0.07184969666211502,
    0.07063361775615941, 0.06783651975590897
  ],
  "val_losses": [
    0.2826565879842509, 0.21208572582058285, 0.20316849325014197,
    0.1807551040597584, 0.17865775946689688, 0.16014313163316768,
    0.16858747018420178, 0.1557286778545898, 0.15901757857721785,
    0.1539195228530013, 0.15601354853614516, 0.1490268689458785,
    0.14407548308372498, 0.1392588233170302, 0.1393212557810804,
    0.13978261371021686, 0.13957235006534535, 0.1354266779254312,
    0.13844307512044907, 0.1456071436405182, 0.15738461182817168,
    0.14501345805499866, 0.14197171916780266, 0.13901494475810425,
    0.13463847533516263, 0.14481261874670567, 0.13738058928562247,
    0.1389552999449813, 0.14132889732718468, 0.13856117816075034,
    0.13550065312048662, 0.13885965862351915, 0.15407992737448734,
    0.1500485526478809, 0.14722780332617139
  ],
  "train_ious": [
    0.46503114171893045, 0.55197609745074, 0.5947798442473446,
    0.6161387162687985, 0.641571524458519, 0.661883427882972,
    0.6693341356256729, 0.6825332398647848, 0.6982106460609296,
    0.701771651651117, 0.7172237316659394, 0.7155887888393538,
    0.7285365795419702, 0.7373302037409253, 0.7418084254191403,
    0.7500504433460854, 0.7515287540745045, 0.7564883822224281,
    0.7680844797388368, 0.7711505073568096, 0.7756588112940822,
    0.7729691890054855, 0.7865425044319769, 0.7887406439344946,
    0.7909014124585233, 0.799735462104065, 0.7966437161616662,
    0.8057170566441357, 0.8120483870523567, 0.8142962331573171,
    0.8101793682013734, 0.8188740892902663, 0.823828150180803,
    0.8268968813877177, 0.8328490487259367
  ],
  "val_ious": [
    0.463648394668016, 0.5706942141919897, 0.5855134818432987,
    0.6217573971852012, 0.6266021011532218, 0.660813734151315,
    0.6494436970223549, 0.6688028746756955, 0.6672077407871467,
    0.6739591105260712, 0.6749689946140068, 0.6826586224462673,
    0.6917365649040195, 0.6997170284174491, 0.7059446864801905,
    0.7057886795289273, 0.7072457751070244, 0.7123583656722223,
    0.7160925504522048, 0.6985937633376192, 0.6931824843952621,
    0.7090556085973547, 0.7113319225069406, 0.7153980064651243,
    0.7223458817039712, 0.7189700147811918, 0.7172314170478046,
    0.7254848836556723, 0.7221976224926935, 0.7291595519020938,
    0.7207867697529169, 0.7287820843250856, 0.7151497775229856,
    0.721536964610003, 0.7219596265450766
  ],
  "training_time": 629.8371713161469,
  "avg_gradient": 0.0032434472182938786,
  "memory_usage": 856.21484375
}
