{
  "train_losses": [
    0.2609858767169973, 0.21598963131723198, 0.19013792503139246,
    0.17244528655124747, 0.16327600197299666, 0.15163862385341656,
    0.1462800212042487, 0.14126030420479568, 0.13718385739332956,
    0.12932752076860354, 0.12379483599215746, 0.11995451395278392,
    0.11776679041592972, 0.11281167347308087, 0.10928699746727943,
    0.10656829526566941, 0.10260410695944143, 0.0995091957890469,
    0.0982401950041885, 0.0919379472894513, 0.08998341558744079,
    0.08978801921171986, 0.08839303307721148, 0.0839112878817579,
    0.08083230459495731, 0.07773487030973901, 0.07533143161107665,
    0.07915929955956728, 0.07417016921807891, 0.07560635064526097
  ],
  "val_losses": [
    0.3155088502427806, 0.23034240661755853, 0.19827329788518988,
    0.17298363375922907, 0.15848648127006448, 0.17253939353901407,
    0.16592189280883127, 0.13943153830326122, 0.1397888342971387,
    0.13872777006548384, 0.13783595306069954, 0.13048721169647964,
    0.13919327812998192, 0.12789845482810683, 0.13286486786344778,
    0.13066657049500424, 0.12858280199377434, 0.1378388343297917,
    0.12939311434393344, 0.1258781312600426, 0.1303744113639645,
    0.13056568299298701, 0.13382812184484108, 0.12749191341192825,
    0.1374933873505696, 0.13141925973088844, 0.1279587298631668,
    0.13566194134561912, 0.12954024873349979, 0.14085758088723474
  ],
  "train_ious": [
    0.47619817428884736, 0.5582426192805822, 0.6054179582852819,
    0.6355553894587183, 0.6529721991307494, 0.6734449019034702,
    0.6838718280196189, 0.6927708338784135, 0.7011974653688031,
    0.7149277376955837, 0.7252820550963498, 0.7319938735901451,
    0.7361079172595686, 0.7449836081460767, 0.7515236658138645,
    0.7566831728470494, 0.7637222674877747, 0.7694582354979239,
    0.771684911857913, 0.7834001567916594, 0.7874165725340881,
    0.7874934703003669, 0.7903491973445035, 0.7991315947062724,
    0.8053167568168778, 0.8117974110055665, 0.8168362978359928,
    0.8092155823673031, 0.8193117027049476, 0.8166639773526051
  ],
  "val_ious": [
    0.4537822424393634, 0.5322494932274887, 0.5960164299045783,
    0.6398836406676665, 0.6638178840495536, 0.6395657364872918,
    0.6580725288477496, 0.6965501060088476, 0.6965271402960238,
    0.7039508810941726, 0.7006533722514693, 0.7154032695984496,
    0.7023328121589578, 0.7214794331702635, 0.716638895696488,
    0.7171304949383803, 0.7248606457226516, 0.7147810487211615,
    0.725786332850871, 0.735637342584306, 0.7298157994729886,
    0.7250751438348189, 0.7249494832063066, 0.7347588677337203,
    0.7268014586922051, 0.7319619139467461, 0.7363479135261066,
    0.7269920138777166, 0.7349004108404769, 0.7117537365875382
  ],
  "training_time": 547.0375509262085,
  "avg_gradient": 0.00836021127999142,
  "memory_usage": 856.21484375
}
