{
  "train_losses": [
    0.2676776517992434, 0.22500351192834583, 0.1988621716104124,
    0.1833504079638616, 0.16959507236986057, 0.1585421382813998,
    0.1523408903537885, 0.14560350447731174, 0.14025671063395945,
    0.13412759542141273, 0.1310725916258019, 0.12367975841397824,
    0.1220892587190737, 0.11665945411052393, 0.11337112854032413,
    0.10777553932174393, 0.10565681302029153, 0.10528307161091463,
    0.09843833780968966, 0.09849725461200527, 0.09487193887648375,
    0.09145334614035876, 0.08863295209796532, 0.08808434345637975,
    0.08760728172795929, 0.08361448011482539, 0.07787570746048637,
    0.07742073791830437, 0.07542603385999151, 0.07306137413758299,
    0.08066255765278703
  ],
  "val_losses": [
    0.233209697448689, 0.21473241888958475, 0.20110406337872797,
    0.1717726228677708, 0.1696380791456803, 0.15229514079249423,
    0.16458324731692023, 0.14927680417895317, 0.1520930248434129,
    0.1375486230396706, 0.1442429186857265, 0.1401078689681447,
    0.1335540852792885, 0.13246923393529395, 0.13642389861785847,
    0.13198100111406783, 0.13766133412718773, 0.12833379047072452,
    0.13085291000164073, 0.1357782821616401, 0.1366390257101992,
    0.12862858953683273, 0.12992246497584425, 0.13108465658581775,
    0.13308498392934384, 0.12917686140407686, 0.13139044914556586,
    0.1301733088558135, 0.13123871758580208, 0.14171914399965949,
    0.14980129573656165
  ],
  "train_ious": [
    0.4651388888908685, 0.5405722694822416, 0.5870159312110882,
    0.6164059893268604, 0.6409107766829539, 0.6617220071670802,
    0.6742013801915058, 0.6847937937447992, 0.6954544538605039,
    0.7063655459146567, 0.712046245895866, 0.7246806209070099,
    0.7286841924963653, 0.737936276456584, 0.7444090522501782,
    0.7543216865455762, 0.7582434520557308, 0.75831947999372,
    0.7715417931153294, 0.7718231974952465, 0.7777159347374369,
    0.7844154847704844, 0.7903531462062096, 0.7909528887358267,
    0.7919424391095192, 0.7999728617352853, 0.8114332866625512,
    0.812348467824252, 0.816578468766765, 0.8215071475808169, 0.8064819225582529
  ],
  "val_ious": [
    0.5312387062155682, 0.5577242452165355, 0.5850793026063753,
    0.6355341500130253, 0.6418688409570332, 0.6730022825624632,
    0.659088244040807, 0.6838423601095227, 0.6813702028298723,
    0.6992142757643826, 0.6885069442400036, 0.6952037277860916,
    0.711071877375893, 0.713618650816489, 0.7088157612344493,
    0.7157577962979026, 0.7153857495041861, 0.7219479122887489,
    0.7205032367205276, 0.7164568818997649, 0.7147949964239974,
    0.728758700515913, 0.731507242373798, 0.7246167504269142,
    0.7215980695209643, 0.7343435658924821, 0.7325660569080408,
    0.7325830755458361, 0.7349735260873602, 0.7270378904498142,
    0.7109642693961876
  ],
  "training_time": 567.1965417861938,
  "avg_gradient": 0.0029596180942159517,
  "memory_usage": 856.21484375
}
