{
  "train_losses": [
    0.2678820124786833, 0.22065220311608003, 0.19479158488304718,
    0.17731581012839856, 0.1674348901471366, 0.15757884648021148,
    0.14980084311379038, 0.14461033050294803, 0.1367874284801276,
    0.134251581504941, 0.1302609399932882, 0.12393057552854651,
    0.12163937399568765, 0.11586519808548948, 0.11209550313651562,
    0.10980626718019662, 0.10723342361819485, 0.10470275961510513,
    0.10156116569819658, 0.09887485420736282, 0.09257881898109031,
    0.09385748361439808, 0.09572761740697466, 0.08908008488462023,
    0.08750849103798038, 0.08466194618655287, 0.08040367382700028,
    0.07810378354042768, 0.07665768051115067, 0.07635629525327164,
    0.07647299940657357
  ],
  "val_losses": [
    0.24734026258406433, 0.20400721644577774, 0.1885225426243699,
    0.17928157455247382, 0.15649366022452063, 0.15183324156248051,
    0.1484288252566172, 0.14269339341832243, 0.14374615656940834,
    0.15122775425729545, 0.1421600889576518, 0.13447744674656703,
    0.13985733979422113, 0.13139610446017722, 0.13310275583163553,
    0.13364448641305385, 0.13484012027797493, 0.1362260680483735,
    0.12932811207745387, 0.12548149733439737, 0.1253054027000199,
    0.13218667552522992, 0.12541190081316492, 0.12529399440340375,
    0.13327538869951083, 0.12726983168850775, 0.12836204129068748,
    0.13226233487543854, 0.1314093711907449, 0.1308337028907693,
    0.13564344009627466
  ],
  "train_ious": [
    0.46137318756107387, 0.5499577955545292, 0.5960514684194241,
    0.6271022534456803, 0.6444463396201963, 0.6635007050050341,
    0.6761984790040965, 0.6882277003125004, 0.701569696753353,
    0.7062831513475679, 0.713165207671514, 0.725649122958598, 0.72842129557461,
    0.7404087697682169, 0.7469552874673103, 0.7508980175075324,
    0.7554983725582348, 0.760402573623519, 0.7659043480196723,
    0.771509848319102, 0.782624563175267, 0.780940091264421, 0.7775881432968639,
    0.7892715062244215, 0.7920801107218299, 0.7979120706626474,
    0.8067249533706821, 0.8115316801097078, 0.8143523542777352,
    0.8150194461146987, 0.8144971489690348
  ],
  "val_ious": [
    0.5042458309427552, 0.5721816887026246, 0.6073206382385198,
    0.6262841658747714, 0.6666878539582958, 0.6764474122420602,
    0.6783485021712126, 0.691431491271309, 0.6893558871486912,
    0.682977558694024, 0.69442182995271, 0.7042707308478979, 0.7000695786614347,
    0.7148557203835336, 0.7121638739886491, 0.7132515965596488,
    0.7116039082191995, 0.7094931399476702, 0.7193986471148502,
    0.7290241055298544, 0.7321340683577718, 0.7216304005056189,
    0.7289349605207858, 0.7365661051826201, 0.7260035356317741,
    0.7312105077764263, 0.73574724253537, 0.7332073542950809, 0.735954404309176,
    0.7340193205121632, 0.7298457134461053
  ],
  "training_time": 565.2017047405243,
  "avg_gradient": 0.004016881555505811,
  "memory_usage": 856.21484375
}
