{
  "train_losses": [
    0.2645846347769965, 0.21455467516637367, 0.1925987622336201,
    0.17511547316351664, 0.16312779154142606, 0.15344985906520617,
    0.14615853701758644, 0.14177423950446688, 0.1345212276134154,
    0.13271034201202186, 0.12403453299370797, 0.12083081573085941,
    0.11573930270969868, 0.11413819233522467, 0.1088423866616643,
    0.1057072746688905, 0.102157195787067, 0.10114546610123437,
    0.0937330313431828, 0.09606490543355113
  ],
  "val_losses": [
    0.22758803322263385, 0.2059184325777966, 0.18984632971494095,
    0.17693769154341324, 0.1667252581404603, 0.15839698894516283,
    0.14977282528644023, 0.15163834457812103, 0.14318647494782571,
    0.14555952859961468, 0.13875836911408798, 0.14149737196124118,
    0.14636195013704506, 0.13646357587498167, 0.13897008788974388,
    0.13707006366356558, 0.14314277826443964, 0.1327158241816189,
    0.13477121439317, 0.15203021887851798
  ],
  "train_ious": [
    0.4706967060751131, 0.560650047292744, 0.5984723480229361,
    0.632603641383458, 0.654322496358899, 0.6704377589774304,
    0.6834308031568495, 0.6924031059919061, 0.7053256357709566,
    0.7084111800768236, 0.7241173546383344, 0.7299347110632537,
    0.7389107383787632, 0.7427872034410636, 0.7522200265548367,
    0.7577685995594312, 0.7641403259898442, 0.766302550400513,
    0.7800591433069847, 0.7754921605405601
  ],
  "val_ious": [
    0.5387561697026958, 0.5781800505043805, 0.6046714776236077,
    0.6249556882657866, 0.6468667457069174, 0.6634107640256054,
    0.6796382242354793, 0.6751915140860323, 0.6931231635204259,
    0.6904431281314383, 0.7018161126668901, 0.6973481232273404,
    0.6955953607524651, 0.7070556509753932, 0.701524867095809,
    0.708621451172276, 0.7041535913080408, 0.7209479756977248,
    0.7192666770323465, 0.6881430520527606
  ],
  "training_time": 367.10877990722656,
  "avg_gradient": 0.0074757711916660025,
  "memory_usage": 856.21484375
}
