{
  "train_losses": [
    0.2601726268134687, 0.21734228122817434, 0.18864998917864717,
    0.17432872829553875, 0.1634658719210521, 0.15741793131050857,
    0.14817614610428395, 0.14442875580457243, 0.13698273322180562,
    0.13227741059887668, 0.1284389731514713, 0.12301517573549696,
    0.11853044638005288, 0.11569583995024794, 0.11424925895002873,
    0.1092470784712097, 0.1052784884105558, 0.10082692976879037,
    0.0985988651037864, 0.09650536169014547, 0.09578288771698008,
    0.09062023217911305, 0.08822462489099606, 0.08386141142767409,
    0.08716531798405491, 0.08686437397061483, 0.07948284608352443,
    0.07646180280362783, 0.07618622532438325, 0.08544157514267642
  ],
  "val_losses": [
    0.22733897359474844, 0.2165028281185938, 0.18581080177555914,
    0.18020621168872583, 0.17558839512260063, 0.15109021896901337,
    0.1522408769182537, 0.14610445369844852, 0.14326158246916273,
    0.1476021300515403, 0.14313282688026843, 0.13146034239426904,
    0.13746014156419298, 0.13389541905211366, 0.13448497572022935,
    0.13287564026920692, 0.12946887589667155, 0.1313324541501377,
    0.13596062750920004, 0.133032006090102, 0.12652018261344536,
    0.12669622525572777, 0.12258909059607465, 0.12471954832258432,
    0.13543287340713583, 0.13180086713122285, 0.13059431282074555,
    0.13395965358485346, 0.13684720788960872, 0.14130937372860702
  ],
  "train_ious": [
    0.4777461925818438, 0.5564683482212869, 0.6063978339720895,
    0.6333898866846079, 0.6534663807006852, 0.6655567296497203,
    0.680615418955036, 0.6877619651672632, 0.702325448393822, 0.709667130332926,
    0.7173206784047078, 0.7273506082702373, 0.7348879985511299,
    0.7409076994635923, 0.7428980637071788, 0.7523927655664907,
    0.7589529342949387, 0.7673708017969479, 0.7717037899554636,
    0.7752123396789685, 0.7768638322966682, 0.7863506017711714,
    0.7909232437394668, 0.7996113344595052, 0.7934966533836247,
    0.7937012972391166, 0.808075404577497, 0.8142953983683515,
    0.8156392606704133, 0.7969993822060634
  ],
  "val_ious": [
    0.5383263468958329, 0.5639967827693276, 0.612559342081996,
    0.6263270004503968, 0.6369100288636442, 0.6749323751183521,
    0.6706377529147742, 0.6809422734422962, 0.6916162667499074,
    0.6840718334567719, 0.6927300905403885, 0.7130164415508078,
    0.7047783926777216, 0.7104609660480333, 0.7068568398987038,
    0.7108717312415443, 0.7229360342025756, 0.7194091915220454,
    0.7160053533920344, 0.7189649833717209, 0.7309484894292941,
    0.7320510008628819, 0.7373413432767427, 0.7389172689206356,
    0.7237423803063406, 0.7231404766224432, 0.734554472176925,
    0.7333194457966349, 0.7248896025661109, 0.7128584322290143
  ],
  "training_time": 549.2948851585388,
  "avg_gradient": 0.007162941974460247,
  "memory_usage": 856.21484375
}
