{
  "train_losses": [
    0.2605103890047125, 0.21548680029809475, 0.190600516922448,
    0.17464324969636358, 0.16345467774764352, 0.15595291340318712,
    0.14923794887474048, 0.14390165302092614, 0.13497164096359326,
    0.13277708184297965, 0.12752945640164873, 0.12264626865963572,
    0.11683094926664363, 0.11546640664986942, 0.11308914985831665,
    0.10687039934260689, 0.10320527827286202, 0.10057676696906918,
    0.10125701785411524, 0.09684951405000428, 0.09417014973966972,
    0.08915644357709782, 0.09180132012166407, 0.08605659449392039,
    0.08103422682894312, 0.08489874049859203
  ],
  "val_losses": [
    0.282113885426003, 0.20238036597552506, 0.1859362484968227,
    0.16673148196676504, 0.16461693106786066, 0.16424699743156848,
    0.16244177844213403, 0.1505065664001133, 0.14200595895881238,
    0.1410580052305823, 0.16337762125160382, 0.14096917406372403,
    0.13585713214200476, 0.15949650205995725, 0.13228092682750328,
    0.13422815307326938, 0.128617310491593, 0.1301033506574838,
    0.13250482179548428, 0.1326875829178354, 0.12877452243929324,
    0.13884869800961536, 0.14454883223642473, 0.12899255331443704,
    0.13181524723768234, 0.16080518018292345
  ],
  "train_ious": [
    0.47165515118589024, 0.5587798709832673, 0.6038240432415319,
    0.6319439604446508, 0.652534443939078, 0.6659150640277758,
    0.6776868783045507, 0.6879880098437056, 0.7043570494954132,
    0.7081290931589362, 0.7187746215773664, 0.7276355585326325,
    0.7383809169565422, 0.7410262009479865, 0.745009798988484,
    0.7562781256502088, 0.7632108291854027, 0.7674482111157717,
    0.7669107864840308, 0.7745390469613279, 0.7795609501392944,
    0.7893022698876652, 0.7845417146665461, 0.7952162303786348,
    0.8048080877549401, 0.7977303390701612
  ],
  "val_ious": [
    0.4641945030594218, 0.5809898770589758, 0.6184268084125243,
    0.6486611988233484, 0.650572023961855, 0.661856001485949, 0.655660743082779,
    0.6721987594728887, 0.69287808995316, 0.6958539038896561,
    0.6622350131687912, 0.7008766290070355, 0.7120224401570749,
    0.6665950782489086, 0.7161142487024916, 0.7155578199072161,
    0.7230564943258315, 0.7245678178210189, 0.7173105165146402,
    0.7208469367545584, 0.7242110412621845, 0.7169054617052493,
    0.7168522645597872, 0.7343169768219409, 0.7323669769625734,
    0.6967109988133112
  ],
  "training_time": 474.17390060424805,
  "avg_gradient": 0.012844363346064779,
  "memory_usage": 856.21484375
}
