{
  "train_losses": [
    0.2635496404507886, 0.2159015392155751, 0.19318728375694025,
    0.17951392933078433, 0.16994846150602982, 0.1560631080975999,
    0.15371755777817706, 0.14626056279825128, 0.13974723981126494,
    0.1364994148278366, 0.13085032618888046, 0.12747349071761835,
    0.12356405474407517, 0.11765464152330937, 0.11403271033550086,
    0.11311991358904736, 0.10762023346741563, 0.10591096439115379,
    0.10439814882271964, 0.10046611284918111, 0.09405529507152412,
    0.09630270067440427, 0.09238968720740598, 0.09248682022418665,
    0.08733394235858451, 0.08900491751568473, 0.08448431041577588,
    0.07844518291075593, 0.0762404074649448, 0.07719597196125466,
    0.074533570031433, 0.07193951770339323, 0.07027536035393891,
    0.07211921977527115
  ],
  "val_losses": [
    0.23345651347999988, 0.21968846670959308, 0.184767700407816,
    0.19817244909379794, 0.1682693041537119, 0.188881179884724,
    0.1612566106993219, 0.1664724178288294, 0.15888109220110852,
    0.1448153469549573, 0.14699652094555937, 0.13902971893548965,
    0.1441289350066496, 0.14282277177857317, 0.14216141548493635,
    0.13472906856433206, 0.13596261681421942, 0.13249922478976456,
    0.13561493093552796, 0.1338486817219983, 0.1332171047511308,
    0.13801048679844194, 0.13049652848554694, 0.12875639987380608,
    0.13728933716597763, 0.1376106737424498, 0.14105790578152821,
    0.1309089037063329, 0.13181577331346014, 0.1387449904628422,
    0.13509544098506804, 0.13458397174658981, 0.13595402548494545,
    0.13952091287659563
  ],
  "train_ious": [
    0.4675624596926827, 0.5578702531916941, 0.599706650806078,
    0.6218236191333204, 0.6396185896102935, 0.6663671635847159,
    0.670090172061886, 0.6836576943380247, 0.6963683492571546,
    0.7007193376404648, 0.7120621230291284, 0.7182576725988281,
    0.7252679125446342, 0.7363972765380061, 0.7425506838421893,
    0.744052413473095, 0.7539902198249879, 0.7579278739142241,
    0.7611557199363258, 0.7676873143384421, 0.7796726862265583,
    0.775114645776541, 0.7827139345092179, 0.7830124781399536,
    0.7928711433989415, 0.7903983163768832, 0.7978728724022703,
    0.8101089262012122, 0.8147362376684731, 0.8127556282325069,
    0.8182195389400363, 0.8236976150369305, 0.8272289577601611,
    0.8237329885579538
  ],
  "val_ious": [
    0.5297602751980657, 0.5506187043544175, 0.6146712629259496,
    0.61598745074825, 0.6440082455890767, 0.6225046614805858,
    0.6594581757334695, 0.6577127303766168, 0.6692170686479926,
    0.6906156071286269, 0.6914307587388631, 0.7034696511168412,
    0.6950542453838432, 0.6984687190556871, 0.708642431575319,
    0.7081983165032624, 0.7160266840803452, 0.7181113204662352,
    0.7143902735433718, 0.7196161561254142, 0.7252432392991107,
    0.7138628529897634, 0.7263179386871449, 0.7298393294863079,
    0.7208111301280451, 0.7195257205462109, 0.7235273701557214,
    0.7327869150085725, 0.7362461908571963, 0.7270063304382823,
    0.7318463170010112, 0.7334825307994649, 0.735923633411311,
    0.7246807722941687
  ],
  "training_time": 620.1988506317139,
  "avg_gradient": 0.0030363036254163226,
  "memory_usage": 856.21484375
}
