{
  "train_losses": [
    0.26931526916830434, 0.21730518057618453, 0.1934769275881674,
    0.178195899028493, 0.16716278352491235, 0.15926257168631192,
    0.1502857445941671, 0.14461963465842215, 0.14070338083674078,
    0.13575668742313332, 0.13010557408889997, 0.12564130969669507,
    0.12287984476627214, 0.11786524951457977, 0.1135698400599801,
    0.11476720456519852, 0.10739350003068862, 0.10497582140986038,
    0.10492219103743201, 0.10020480964980695, 0.1007696231422217,
    0.09136680270666661, 0.08914768525763699, 0.08781086969310822,
    0.09106696121718573, 0.08934986757357484, 0.08307921040155318,
    0.08205068516342537, 0.07769450565557116, 0.07747153702961362,
    0.0788973570274918, 0.07481218765125326, 0.07441439082765061,
    0.0702127147992344, 0.0724766873754561
  ],
  "val_losses": [
    0.23668597994939142, 0.2031857818365097, 0.18557345024917438,
    0.1680111295503119, 0.16456965000733084, 0.1516578182902025,
    0.1552525914233664, 0.1452129836315694, 0.1486862651679827,
    0.14281103824791702, 0.14090145265926485, 0.13779671198647955,
    0.13061378620888875, 0.1333140679027723, 0.13773113489151,
    0.1275229277494161, 0.12755556275015292, 0.13346219953635466,
    0.13797283561333365, 0.14434461878693622, 0.12160122637515483,
    0.1294324202058108, 0.12450874418668124, 0.13225660942818807,
    0.13386752618395764, 0.12451147304280945, 0.12404659050314323,
    0.12269858934957048, 0.12663271828838016, 0.13215426242221956,
    0.12947514960947243, 0.12989822046264357, 0.12633731038026189,
    0.12588509609517845, 0.13864269253352415
  ],
  "train_ious": [
    0.45798836768591306, 0.5560930415825998, 0.5982482089674559,
    0.6269752662358944, 0.6459740043982215, 0.6607684540035926,
    0.6772563187540442, 0.6864300766500875, 0.6951219210050243,
    0.7035729575740256, 0.712635569058467, 0.7222295977391195,
    0.7276148303695343, 0.7358971971856508, 0.7436688213028768,
    0.7412367495505711, 0.7551058597214844, 0.7595921504864656,
    0.759569414391898, 0.7684077240418696, 0.7673868524531524,
    0.7849549192233355, 0.7893925011697884, 0.7918662204258682,
    0.7848533064774845, 0.7881583540659887, 0.8004987791612528,
    0.8027528859135032, 0.8114854952563408, 0.8121052031283789,
    0.8091128752499385, 0.8175181795073587, 0.8181788305873454,
    0.8273122355989789, 0.8229861161199168
  ],
  "val_ious": [
    0.5244426894663038, 0.5764877087828041, 0.6122246080118675,
    0.6430353360331578, 0.6556345347477042, 0.6721202420151751,
    0.6696163238822549, 0.688638427335283, 0.6793451423662297,
    0.6919532474400338, 0.7009924328413564, 0.7030093235814053,
    0.7116176855304966, 0.7080144778541898, 0.7032302397748699,
    0.7196237423281739, 0.722507126521373, 0.7173986402542694,
    0.7069502611091171, 0.702035499871641, 0.7359457648750664,
    0.7256454432356184, 0.7359808700672097, 0.7239594787791156,
    0.7285334180662598, 0.7339745248141495, 0.7384820453066756,
    0.7394937577023022, 0.7357183366582014, 0.7351720086906267,
    0.7359717142754706, 0.7378062560506489, 0.7408529694961467,
    0.7428209284941358, 0.7167901204548022
  ],
  "training_time": 640.1603729724884,
  "avg_gradient": 0.007706155182146227,
  "memory_usage": 856.21484375
}
