{
  "train_losses": [
    0.2645615782264782, 0.2149708956156088, 0.18890402879080045,
    0.17215833594293697, 0.16328319340296413, 0.15363077114781606,
    0.14632353324281133, 0.13957625510090071, 0.1347250693032275,
    0.1291603972811414, 0.12526842494211768, 0.12215447887454343,
    0.11808604743007732, 0.11477107117357462, 0.11072077707427999,
    0.1063612848520279, 0.10382526906450158, 0.10118554475838723,
    0.09689135266386945, 0.09250387229511271, 0.090690936933717,
    0.0883358558639884, 0.08648709584351467, 0.09440027319056832,
    0.08578043609209683, 0.08032169836856749, 0.0765336065593621,
    0.07388509073011253, 0.07403079481066568, 0.07846506996809141
  ],
  "val_losses": [
    0.2290055061811986, 0.20924884242855984, 0.1813316831122274,
    0.16419128846863043, 0.15687715553719064, 0.16329895964135294,
    0.14648793313814246, 0.1419470237325067, 0.13555017470017725,
    0.13846727444425874, 0.14637971653238588, 0.1316004487807336,
    0.1486680894766165, 0.13485099148491156, 0.1310554196977097,
    0.13216371899065765, 0.13553072236802266, 0.12977972610489183,
    0.13335964553382085, 0.13121392043388408, 0.12838828968613045,
    0.13002444998077725, 0.14279701722704846, 0.13193058044366215,
    0.12912999579439993, 0.1286948402614697, 0.12866733368972075,
    0.13305457227903864, 0.13238266482949257, 0.147172502849413
  ],
  "train_ious": [
    0.47145814104410616, 0.559734653060635, 0.6065783859163093,
    0.637863854891148, 0.6538883671164514, 0.6712318565426534,
    0.6845906414091588, 0.6972737454309843, 0.7055420023051724,
    0.715871033893115, 0.7221027195345665, 0.7282219780204089,
    0.7360916309382606, 0.7421485822161903, 0.7493796460870384,
    0.75724685791394, 0.7621894169976744, 0.7670862650957662,
    0.7749391472426015, 0.7836611204497193, 0.7866536059781261,
    0.791167822221051, 0.7946398563791013, 0.7799797276763812,
    0.7963933632641599, 0.8071309643379155, 0.815097649676212,
    0.8206976013986953, 0.8198582569974056, 0.8110741407111067
  ],
  "val_ious": [
    0.5275085791945456, 0.5740169753199036, 0.6223961354597756,
    0.6504016190335371, 0.6636924225351087, 0.6602193099865015,
    0.6809560138246287, 0.6961698966181796, 0.7045600941215737,
    0.7005373245995976, 0.6837230661640998, 0.7117122776698376,
    0.6853160771770755, 0.7089527275251307, 0.7134531202955523,
    0.7149755395408989, 0.7073767072912575, 0.7240622592145118,
    0.7175155739853348, 0.7211098316786945, 0.72366978076921,
    0.7271487473145776, 0.710176886855692, 0.7247405391240465,
    0.7305984354537466, 0.7315899377715759, 0.7312853912944379,
    0.7287331273158394, 0.7334508999534275, 0.715277066913204
  ],
  "training_time": 547.0755624771118,
  "avg_gradient": 0.0018178981125256274,
  "memory_usage": 856.21484375
}
