{
  "train_losses": [
    0.26182115061775496, 0.2119557991137971, 0.1876736237950947,
    0.17354966651486314, 0.16026939354513003, 0.15307859027677256,
    0.1467894721452309, 0.14064155231513406, 0.13405834676940803,
    0.13184835101761247, 0.1254396191190766, 0.12141839212373547,
    0.11830499241857426, 0.11494278766052879, 0.1112188980307268,
    0.10830604604890813, 0.10334608566177927, 0.09900272653802582,
    0.10287732051928407, 0.09374680378190849, 0.08974096668965142,
    0.09157519317839456, 0.08926493690713592, 0.08299787099594655,
    0.08222480158766975, 0.0811189083058549, 0.08033531560036151,
    0.07517901208737622, 0.07571262268997404
  ],
  "val_losses": [
    0.2370964013364004, 0.19368163949769476, 0.193210418133632,
    0.16685587426890497, 0.16024908293848453, 0.17580228849597598,
    0.14704421243589857, 0.15032757462366766, 0.13838121505535167,
    0.14536712950338487, 0.13342348939698676, 0.14162737050134203,
    0.1308444608812747, 0.1320825066903363, 0.1373042511227338,
    0.13506627682110536, 0.13220135397885158, 0.13081869159055792,
    0.12840908911565077, 0.13526548380437103, 0.1412849112049393,
    0.14210686832666397, 0.1309578417111998, 0.1371991509652656,
    0.12796198187962823, 0.13396410320116126, 0.130241460936225,
    0.13573272882596307, 0.1484148186510024
  ],
  "train_ious": [
    0.47616669543735335, 0.5652903049266425, 0.6088005549989746,
    0.6352989051652996, 0.6570440657112911, 0.6717455694856852,
    0.6835904372990997, 0.6939048151607099, 0.7066410385288188,
    0.7111208331433762, 0.7229788925336755, 0.7295892114980493,
    0.735165304517832, 0.7412719458773513, 0.7484329693775245,
    0.7533003626850205, 0.7625749905904137, 0.7704869906107582,
    0.7633750434910908, 0.7806758320201999, 0.7883786242725187,
    0.7847786365427837, 0.789495623144119, 0.801129425781361,
    0.8029426263942238, 0.8046877786949063, 0.8065710918626922,
    0.8173057276053702, 0.8162386964844621
  ],
  "val_ious": [
    0.5241525399944057, 0.6004060735737068, 0.6018776751082876,
    0.6448320316663686, 0.6617908579283865, 0.6471487026715625,
    0.6844049160895141, 0.6798729157966116, 0.7008118700721993,
    0.6952891252610994, 0.7100003921035407, 0.7001553786837537,
    0.7175011235302773, 0.7167129194822865, 0.715205788180448,
    0.7112763992686204, 0.7173747802558151, 0.7217742727286575,
    0.7198183912297954, 0.7202631302069925, 0.7177859177623971,
    0.7186530316653458, 0.7326353028200675, 0.7296942887098893,
    0.7317027872887212, 0.7315705098967623, 0.7322988263938738,
    0.7321028368196624, 0.7096839138995046
  ],
  "training_time": 528.8554828166962,
  "avg_gradient": 0.0038040595290669992,
  "memory_usage": 856.21484375
}
