{
  "train_losses": [
    0.25803685382656427, 0.21118512806361137, 0.18961123871090618,
    0.1757563444097405, 0.1650570933099674, 0.15667228295427302,
    0.1500772921287495, 0.14252613841191583, 0.138075344507461,
    0.13297579324115877, 0.12796076553185348, 0.12438174644890039,
    0.11934726494971824, 0.11511154331104911, 0.11284598287032999,
    0.10871643479913473, 0.10480732442406208, 0.1028837984751748,
    0.10031787836519272, 0.09494753586857216, 0.09253815512942232,
    0.09085236757021883, 0.09379871574270984, 0.08615013511608476,
    0.08269277279791624, 0.08151375943713862, 0.08075364241781442,
    0.08285455608173557, 0.07862751315469327, 0.07331124219395545,
    0.07076455010911045, 0.06852601035295622, 0.0672360447883282,
    0.07338283864943229
  ],
  "val_losses": [
    0.23148481450651004, 0.20113241964060327, 0.17208215659079346,
    0.16344599004672922, 0.1680190618271413, 0.15254991080449976,
    0.1664789613822232, 0.16159520427817883, 0.14915973369194113,
    0.13517066836357117, 0.14271760327012642, 0.13338233643899794,
    0.13961718037076618, 0.12832374660217244, 0.13305449145643608,
    0.12790100211682526, 0.13904312593133553, 0.13079966491331224,
    0.14483298004969306, 0.12744890542133994, 0.13360689418471378,
    0.12423448232205017, 0.1265555383718532, 0.12558679752375768,
    0.12700968284321867, 0.12877163015629933, 0.13880063075086344,
    0.1394690787014754, 0.12876210847626562, 0.128556021205757,
    0.13220449504644974, 0.13198134367880615, 0.13547436390881953,
    0.13393072119873503
  ],
  "train_ious": [
    0.47992404484176526, 0.5654056703644815, 0.6057568278865536,
    0.6316459644315898, 0.649443205284036, 0.6656024597477224,
    0.6770517750494723, 0.6917448428769909, 0.6991709099839563,
    0.7087418676178523, 0.7182478025771567, 0.7234583921406577,
    0.7323417753197146, 0.7417962280088574, 0.7449971318676848,
    0.7531320305298206, 0.7598002472001575, 0.7631132442882091,
    0.7684252048316206, 0.7779436747449031, 0.7822362548415213,
    0.785939170236605, 0.7808091139987757, 0.7947724930186201,
    0.8018927105526997, 0.8035788005892782, 0.8056055296590365,
    0.8013079029818372, 0.8097207048448966, 0.8206185359453813,
    0.8263196659044941, 0.8312405152381325, 0.8340994609870769,
    0.8213998811400451
  ],
  "val_ious": [
    0.5319770707384398, 0.5854810055183329, 0.6387118723081506,
    0.6523745113956755, 0.6489641899647919, 0.6753833598416784,
    0.6438069676143534, 0.6587700070678323, 0.6825082753447519,
    0.7055111114961513, 0.6931975349999855, 0.7101260868535526,
    0.7017446976640952, 0.7227851370538488, 0.7106017934671346,
    0.7230246872573657, 0.7070657474839167, 0.7188853606365728,
    0.7074542911588281, 0.7271482324686604, 0.7223591212777123,
    0.7324512160342671, 0.7280409418154455, 0.7356690077678015,
    0.7337308413740518, 0.7296853566515272, 0.7277209622704462,
    0.7213222535624019, 0.7378160178229428, 0.7394500055174897,
    0.7373178320518439, 0.7416768823412884, 0.7345352326182352,
    0.7228113790785057
  ],
  "training_time": 619.8272533416748,
  "avg_gradient": 0.003807750338999954,
  "memory_usage": 856.21484375
}
