{
  "train_losses": [
    0.2591630762199993, 0.21135995326482732, 0.18688294623533022,
    0.17010781962586485, 0.1586120557039976, 0.15045195514255244,
    0.14312185071732686, 0.13752176693600157, 0.13173243909588325,
    0.12625699360733447, 0.12437202052577682, 0.11874434882370026,
    0.11335614072563856, 0.1117929681001798, 0.11048113975835883,
    0.10800409130752087, 0.10266354267040025, 0.09701898151441761,
    0.09477410655792641, 0.09253655629151541, 0.09036595989828525,
    0.090869785407963, 0.08983038612843855, 0.08445915239660637,
    0.08157387549948433, 0.07805851514896621, 0.08208654108254806,
    0.08147049836976372, 0.08109291885857997, 0.07214496626883098,
    0.069134545876928, 0.06723066212852365, 0.07219286420908959,
    0.0659365737405808, 0.06391023226973155
  ],
  "val_losses": [
    0.2367331699832626, 0.25896650779506436, 0.19066721200942993,
    0.1647624130482259, 0.15998071918021078, 0.16064650954111762,
    0.14698610632963802, 0.14711905384193297, 0.14979992758320726,
    0.13823861904118373, 0.14952848997452986, 0.13914329558610916,
    0.13579951793603276, 0.148227973314731, 0.15131686093366664,
    0.13945749466833862, 0.14273513610596242, 0.14074855508363765,
    0.1386948039998179, 0.13820187293964883, 0.13853567773881165,
    0.13796980711429016, 0.14782602339982986, 0.1411972029701523,
    0.13108346676049026, 0.14619060265629188, 0.1338430918429209,
    0.1442530764185864, 0.13806412563375806, 0.135398977962525,
    0.1398983926552793, 0.1406140325833922, 0.14757796214974445,
    0.1482953809849594, 0.14109106459047482
  ],
  "train_ious": [
    0.4821306155535622, 0.5662342645227911, 0.6094801019931182,
    0.6413052499942159, 0.6616011833691074, 0.6759842897130958,
    0.690401409523211, 0.6994344439843425, 0.7111402293262273,
    0.7202612148678823, 0.7243664598335389, 0.7346473666096942,
    0.74438265538302, 0.7475379540220556, 0.7499917878404906,
    0.7549324993961962, 0.7641271841914759, 0.774347855507032,
    0.7786462873328419, 0.7829930679197763, 0.786986583006987,
    0.7858594280762091, 0.787915653454653, 0.7982429325364641,
    0.8044449883526646, 0.8111727234462033, 0.8034015273054436,
    0.8051214538838556, 0.8047930538870286, 0.8239108517334076,
    0.8303670375675402, 0.834557232757409, 0.8239442484750265,
    0.8372731583489892, 0.842012462084708
  ],
  "val_ious": [
    0.5263370224747104, 0.46571019119110657, 0.6120510937079137,
    0.6525166341360065, 0.660829717266387, 0.6576655921728715,
    0.6835689266090806, 0.6838305791219076, 0.6852658719256305,
    0.6975404533787051, 0.6906982623580573, 0.7034085010704787,
    0.700895709188088, 0.6938165214614592, 0.6940218184305273,
    0.7070186207259911, 0.707442905375923, 0.7127659627492878,
    0.7099478758763574, 0.7165550725615545, 0.7117701701927877,
    0.7190957507793453, 0.7028400628031162, 0.7189714450767074,
    0.7315870981285536, 0.7178678719893744, 0.7267788028803426,
    0.7209259643070938, 0.7246467060800912, 0.7332181861435157,
    0.7334369284951169, 0.7288458835387573, 0.7288396043190057,
    0.7313051735577377, 0.73092128638772
  ],
  "training_time": 636.9807550907135,
  "avg_gradient": 0.002038986068561879,
  "memory_usage": 856.21484375
}
