{
  "train_losses": [
    0.2628952886747277, 0.21624342716582443, 0.19020827503308005,
    0.17419845359804836, 0.16431051869269298, 0.15648476900937763,
    0.14825308164986578, 0.141536353074986, 0.1365745848287707,
    0.13272681091304706, 0.12640205795026344, 0.12718617628611947,
    0.11815084853088079, 0.11707453923704832, 0.11141076829770337,
    0.10983475301738667, 0.1057075706270078, 0.10424072704399409,
    0.10110635456183682, 0.09719636109050202, 0.09834499928452399,
    0.09367389470824729, 0.08985281282145044, 0.08776604242460884,
    0.09771246139122092, 0.08483084335761226, 0.08122659782352655,
    0.07851667281078256, 0.07654774670853563, 0.07785432105479033,
    0.0740365049113398, 0.07570824917891751, 0.07997345345337754
  ],
  "val_losses": [
    0.2601102470703747, 0.2574731775599977, 0.20133490536523901,
    0.17512689854787744, 0.16111781059399896, 0.15417790542478146,
    0.16162716176198877, 0.15283631614368895, 0.15634705968525098,
    0.14575131107931552, 0.14039145944559056, 0.14400428825098535,
    0.13526040736747824, 0.13024891346045162, 0.1336857406017573,
    0.13623555830639342, 0.13272061863023302, 0.12908569480413976,
    0.13544269375827, 0.13684813856430675, 0.13242863669343616,
    0.1362810722835686, 0.1407073051061319, 0.12800799342601196,
    0.13068404275438059, 0.12581522633200107, 0.1281058764004189,
    0.1334556125752304, 0.1315954073291758, 0.1281677413245906,
    0.12985966354608536, 0.1325741155963877, 0.14841001594196196
  ],
  "train_ious": [
    0.4687600430519577, 0.5576391637703215, 0.6036784201860425,
    0.6335297260919345, 0.6511824520277801, 0.6653777603869854,
    0.6804437419210657, 0.6926368125106978, 0.7013884486927502,
    0.7083765590104505, 0.7191557809170601, 0.7191665483557657,
    0.7361883600984791, 0.7384417308089534, 0.7469375431537625,
    0.7499055913716989, 0.758162965431162, 0.7616153325939522,
    0.7666154334294623, 0.7738366196660892, 0.7716172106995968,
    0.7804394503110561, 0.7876957488664682, 0.7919888042345429,
    0.7747271470725537, 0.7975012790681655, 0.80467601304037,
    0.8099991678111793, 0.8143142648581142, 0.8115903085124667,
    0.8196215792626577, 0.8164217452640116, 0.8077961802482604
  ],
  "val_ious": [
    0.47376373604587896, 0.5085768223456715, 0.6026036508273388,
    0.6310393743324968, 0.6567354947328569, 0.6697034837975017,
    0.6656723931647729, 0.6728317877952602, 0.6810821778532388,
    0.6893258548301201, 0.6944722328065097, 0.6938468647607859,
    0.7076389249684153, 0.7140618392090864, 0.7090625404447748,
    0.707056134507276, 0.7167017254708471, 0.7220158743253653,
    0.710144532115563, 0.7159184824297394, 0.7208073532235794,
    0.713573610653048, 0.7137248421060866, 0.7309234729711559,
    0.7211638369422025, 0.7358074207668721, 0.7331183669359788,
    0.7309345438860465, 0.73225695585859, 0.7346031231724696, 0.73601632554462,
    0.7314270523147306, 0.7012529282466226
  ],
  "training_time": 602.1242544651031,
  "avg_gradient": 0.005361257938781598,
  "memory_usage": 856.21484375
}
