{
  "train_losses": [
    0.2558934941239979, 0.2102416576412709, 0.18516326995323534,
    0.16855072821288006, 0.1582029815763235, 0.1510048539418241,
    0.1438381564196037, 0.13713046758557143, 0.1330728955242945,
    0.12717104253723568, 0.12419667900742395, 0.11894039222565682,
    0.11541523229654717, 0.11345579726216586, 0.10724685316824395,
    0.10465702293035777, 0.10050028594939606, 0.09805955272167921
  ],
  "val_losses": [
    0.24096424812855927, 0.19108161427404569, 0.1767462734942851,
    0.16354695707559586, 0.16733907292718472, 0.15105152745609698,
    0.152268895474465, 0.1396794536191484, 0.146955581948809,
    0.1437133704514607, 0.13615229612459306, 0.14340014172636945,
    0.13806272913580356, 0.12890829097317613, 0.12854641513979953,
    0.1326155456835809, 0.1326728710985702, 0.1478300556216551
  ],
  "train_ious": [
    0.4863441576236398, 0.5691751628250314, 0.6136847671823227,
    0.6435798762393172, 0.6624141364101918, 0.6751172407057837,
    0.6894134699326491, 0.7013708678600585, 0.7087289547358734,
    0.7193862261871504, 0.7256148187578588, 0.7347067343476023,
    0.740805303003045, 0.7441091902985955, 0.7564823612894698,
    0.7604708503121919, 0.768263089106135, 0.7723574275015923
  ],
  "val_ious": [
    0.5152408930918445, 0.5995561039966085, 0.6371113556450693,
    0.6485762315383855, 0.6507259199152822, 0.6770354297713959,
    0.6715814443170159, 0.6955200947713159, 0.6933006614014722,
    0.6932401378517568, 0.7044419609550114, 0.6962162230325784,
    0.7021563081205755, 0.7186890430208566, 0.7181145244318509,
    0.7176695420690203, 0.7163211189318394, 0.6927976429030515
  ],
  "training_time": 328.19501781463623,
  "avg_gradient": 0.007093246337779309,
  "memory_usage": 856.21484375
}
