{
  "train_losses": [
    0.2700626829882031, 0.22587927155520604, 0.19528727508757426,
    0.17789982834263987, 0.1652500176721293, 0.1567492310119712,
    0.1506643730580159, 0.14387302914553363, 0.13953630006669657,
    0.1352658045437673, 0.12832682571657325, 0.12620770846210097,
    0.1216738527316762, 0.11809800949919483, 0.11199316916906316,
    0.10856811799432921, 0.10735140056551798, 0.10457999842322391,
    0.10072794969639053, 0.10046503591634658, 0.0926452400162816,
    0.09101550981564366, 0.09166161444686029, 0.09566695567058481,
    0.08480903202586848, 0.08170888726801975, 0.08576203684282044,
    0.07684091915902884, 0.07456780674502901, 0.07341164220934329,
    0.07232238840230781
  ],
  "val_losses": [
    0.2645273872691652, 0.2375062966476316, 0.22645452683386597,
    0.1940937068151391, 0.1775785052905912, 0.15715087529109872,
    0.1544713577174622, 0.1527471365812032, 0.15362620029760443,
    0.15180246693932492, 0.1478050495295421, 0.14527773160649382,
    0.14742836906858112, 0.14646439983145051, 0.14344479483754738,
    0.1380214096735353, 0.1446605248619681, 0.12992010103619617,
    0.14043944005085074, 0.13168903472630875, 0.13177331909537315,
    0.1424737054368724, 0.14908265095690024, 0.13260164840713792,
    0.1276637662364089, 0.13364883415077045, 0.12960403509761975,
    0.13056701227374698, 0.13521843209214832, 0.13102518912890684,
    0.15433269706757172
  ],
  "train_ious": [
    0.46341324409982887, 0.5398683885409344, 0.5945077454806238,
    0.625282851952142, 0.6497745209414026, 0.6639170010128747,
    0.6753834403943324, 0.6881571843464307, 0.6965636468451953,
    0.7036916865710758, 0.7162033197996414, 0.7199967077568823,
    0.7287840440437412, 0.7351758904971079, 0.7464142800781179,
    0.7519405227208482, 0.7544948010556939, 0.7597768263000506,
    0.7666507975022864, 0.7668443490089717, 0.782297356783048,
    0.7853369296028998, 0.7842550156773002, 0.7764670416928724,
    0.7973815619513601, 0.8034603419727171, 0.7952003973549694,
    0.8132513014302738, 0.8178530358102009, 0.8207152756875835,
    0.8229915028896886
  ],
  "val_ious": [
    0.48879311698070477, 0.5191953854932303, 0.5602240171553433,
    0.6117798558611802, 0.6336376371159071, 0.6658810567164767,
    0.6759807435066805, 0.6782159129346627, 0.6715499866699826,
    0.6834930555112121, 0.6848536945771478, 0.6901924707319423,
    0.6885548773883045, 0.6906637683294821, 0.6956582991541297,
    0.7074125404807106, 0.7010181528934534, 0.7204440616179203,
    0.7089700621107349, 0.7152598225984023, 0.7221410319856976,
    0.7133401167997416, 0.7020994951759559, 0.7193669948888861,
    0.7294829522354016, 0.7238522819850758, 0.7301307603500892,
    0.7319725402023481, 0.7315641596265464, 0.73344963637815, 0.7156735364941581
  ],
  "training_time": 566.3788547515869,
  "avg_gradient": 0.007005395249652415,
  "memory_usage": 856.21484375
}
