{
  "train_losses": [
    0.26481621299424896, 0.22135694648908533, 0.19801506772637367,
    0.1819098864722511, 0.1693233767443377, 0.1621565655197786,
    0.15096378298071417, 0.14794280865918036, 0.1428285791012256,
    0.13707840207802213, 0.13286702351077742, 0.1301540197480632,
    0.12188510293060023, 0.1193178798193517, 0.11833666556555292,
    0.11657450627535582, 0.11073308774148641, 0.10454821412492057,
    0.1037486258732236, 0.10102547903585693, 0.09938483009033877,
    0.09926200402981561, 0.09203392631657746, 0.09081953978570907,
    0.08537528983762731, 0.08797906493039234
  ],
  "val_losses": [
    0.2380261230080024, 0.20147247450507205, 0.19694997532212216,
    0.1745099499821663, 0.169181276274764, 0.16073954915222916,
    0.16048790384893832, 0.15083496272563934, 0.1648215359967688,
    0.14023107678993887, 0.13819754123687744, 0.1800760840592177,
    0.13833339771498804, 0.13375265539988226, 0.15270557902429416,
    0.13273032997613368, 0.13413703441619873, 0.13710041587119517,
    0.1286125840700191, 0.12634786785296773, 0.13735671147056247,
    0.13394056957053102, 0.12403646905137145, 0.1318159503457339,
    0.12450747532041176, 0.13845238462090492
  ],
  "train_ious": [
    0.46731001859449817, 0.5490749561484308, 0.5897992627992146,
    0.6178425972390434, 0.6427345778523147, 0.6548260471419148,
    0.675125731884137, 0.6813269899483181, 0.691636563913114,
    0.7011940336205822, 0.7093369196290557, 0.7147813315732755,
    0.7288111727954687, 0.7330962018906209, 0.7354836935258429,
    0.7394020733410037, 0.7491810180354813, 0.7596692675049755,
    0.7616708392574312, 0.767100532417712, 0.7706902911481643,
    0.7699946559749647, 0.7838308921866657, 0.7858496402808722,
    0.7963962293081527, 0.79156796299461
  ],
  "val_ious": [
    0.5132344032543292, 0.5819723979718444, 0.5967870112778485,
    0.6348384115575015, 0.6420817986346673, 0.6531391837026761,
    0.6591012575056243, 0.6763166655664857, 0.6561144620612049,
    0.6909662282121353, 0.7005566777526467, 0.6530063411463862,
    0.7012672335773275, 0.7082560919765113, 0.685380630735038,
    0.7103334801352539, 0.7145414840484012, 0.7108951578105704,
    0.722160928491233, 0.7265426201232968, 0.7115314909513447,
    0.7189657705417577, 0.7313962617646093, 0.7269746736771819,
    0.7392475764820542, 0.7063992900260978
  ],
  "training_time": 473.87335181236267,
  "avg_gradient": 0.007046126058584348,
  "memory_usage": 856.21484375
}
