{
  "train_losses": [
    0.25865221128839516, 0.21425811201334, 0.18906122114023435,
    0.17381713223522124, 0.16143725172657034, 0.15485864104298147,
    0.14583908681474303, 0.14170112011387295, 0.13765208002017892,
    0.1328005871695021, 0.12580713074978278, 0.12204173725584279,
    0.12074294625579016, 0.1159552423607396, 0.11141307558864355,
    0.10764076977806247, 0.10650108884210172, 0.0980787682549461,
    0.10005471385691476, 0.09722648131782594, 0.09201326488476733,
    0.0932988577886768, 0.08854897935753284, 0.08481992922885262,
    0.08170352301195911, 0.08332542621571085, 0.0782108964074565,
    0.07513150431053794, 0.08721123384716718, 0.07462008246828032,
    0.07281239853119073, 0.06971213215476145, 0.06719022363667256,
    0.06740989991585197, 0.07061425385915715
  ],
  "val_losses": [
    0.2363643361174542, 0.21200378984212875, 0.18339994970871054,
    0.16669005414713983, 0.17494085333917453, 0.1538000534410062,
    0.14630735276833826, 0.1445155307326628, 0.14171881795577382,
    0.14491386679203613, 0.1380100658406382, 0.13994479778668154,
    0.13693645434535068, 0.14065961993258932, 0.13305801234167555,
    0.13554314815479776, 0.12979799784396007, 0.1339119539960571,
    0.13616878847065178, 0.13822837335907895, 0.14077276606922565,
    0.13874596373542494, 0.1300191621741523, 0.1313369266040947,
    0.12721807623039122, 0.13066470946954645, 0.13034137030658516,
    0.1353067869077558, 0.13404020472713138, 0.13165265904820483,
    0.13369492052689844, 0.13284078758695853, 0.1368534670251867,
    0.13549141472448473, 0.14627211087423822
  ],
  "train_ious": [
    0.479170985366353, 0.561682761066418, 0.6057991847071962,
    0.6324715631595557, 0.6555139717200532, 0.6680437277300634,
    0.6849328797796496, 0.6922302380528144, 0.6989768977290481,
    0.7090892351191974, 0.7222301550209522, 0.7282045090544053,
    0.7310119161139361, 0.7393756272352259, 0.7479179225106172,
    0.7546206381765829, 0.7567796849686167, 0.7723258442744829,
    0.7680008817950019, 0.7735229766779186, 0.7832751228757526,
    0.7808103902616363, 0.7900943487234741, 0.797160422564417,
    0.8035371996786285, 0.8001862501968511, 0.8104934075820268,
    0.8171198988954234, 0.7932801297933297, 0.8180854398271313,
    0.8218548417739246, 0.8287936595902928, 0.8339004688288864,
    0.8334393972072046, 0.827550741425459
  ],
  "val_ious": [
    0.5138977935564689, 0.5805543967779131, 0.6260332832301873,
    0.6508729589590126, 0.6389869531427604, 0.6668606929589008,
    0.6842947721049406, 0.6862304266812146, 0.6945691154054974,
    0.6863462801860726, 0.7006055552890337, 0.698324027268783,
    0.7023994568465414, 0.699474584149278, 0.709515838087469,
    0.7108496438333954, 0.7183195976675418, 0.7199619855137839,
    0.7141475966875103, 0.7110276965127476, 0.7126996592766998,
    0.7147223344747572, 0.7266558171182439, 0.7290209968020949,
    0.7308996371600938, 0.7335642783538155, 0.7330756297577983,
    0.7218345263298005, 0.7273796429668649, 0.7323183076105254,
    0.7347073408140653, 0.7342496697885402, 0.7337155845286191,
    0.7327709997045817, 0.7276906077412592
  ],
  "training_time": 639.0736401081085,
  "avg_gradient": 0.003365402525502334,
  "memory_usage": 856.21484375
}
