{
  "train_losses": [
    0.26030427322763466, 0.21529288395591403, 0.18750656290870646,
    0.17379834778282954, 0.16147297879923944, 0.1537024193726804,
    0.14522372518220675, 0.13741489592939615, 0.13484871820749147,
    0.13036576091595317, 0.12507560120328612, 0.11994672599046127,
    0.11475866725263388, 0.10929878776812035, 0.10935484123942645,
    0.10437823252995378, 0.10500487065671579, 0.09946290116109278,
    0.0947425588560493, 0.09239602558638739, 0.09202318359166384,
    0.09108183537002491, 0.08508508810368569, 0.08326381501620231,
    0.07897478949440562, 0.08320664379583753, 0.07680329348406066,
    0.07369387840204265, 0.07767231213738737
  ],
  "val_losses": [
    0.23408500137536423, 0.20995183645383172, 0.22416109494541003,
    0.17428459972143173, 0.1722043040006057, 0.16073360407482024,
    0.15047663401650346, 0.15412626042962074, 0.16541805539442145,
    0.1585034340943979, 0.1450841295654359, 0.13830924552419913,
    0.13991101588244023, 0.14120113898230635, 0.14352134858136592,
    0.13850506524676862, 0.138822131830713, 0.1403033673439337,
    0.13469808208553688, 0.14248441710420276, 0.1498015297819739,
    0.13772459635915962, 0.13421724088813947, 0.13631160379103993,
    0.13701297650518623, 0.14106772564675496, 0.1392561198900575,
    0.14343076134505478, 0.14408806176937144
  ],
  "train_ious": [
    0.4772846976335607, 0.5602263464605893, 0.6090241208996461,
    0.6335193363112817, 0.6559560027891315, 0.670830429410157,
    0.6865751445833328, 0.7009573995635129, 0.7058440287583979,
    0.7128956043093962, 0.722231265967307, 0.731885121892328,
    0.7412947600950366, 0.7513762769167837, 0.7516809151224465,
    0.7602015152789544, 0.7593112945340682, 0.7697671772777173,
    0.778493135627629, 0.7829165656821454, 0.7835837774302652,
    0.7851444409377335, 0.7967025950766989, 0.800292423453884,
    0.8090860766993057, 0.8006887046107347, 0.813185808235321,
    0.8198601833504177, 0.8121635469513534
  ],
  "val_ious": [
    0.5258036102505697, 0.5827226049226263, 0.5748421718244969,
    0.637398976130762, 0.6408935932145602, 0.6574607539004172,
    0.6836208979720656, 0.6737944919993911, 0.670194373614546,
    0.6715150905260141, 0.6903219952963401, 0.7018329797015673,
    0.7021928081909815, 0.7032056856846465, 0.7031640593988309,
    0.7085052771844726, 0.7047900216303009, 0.705316562367522,
    0.7173115462064742, 0.7059061687061753, 0.7061607053746349,
    0.7182220868442368, 0.7241293628146684, 0.7255511255799859,
    0.7242709923049679, 0.7165816717821619, 0.7269216225199076,
    0.7231701841388924, 0.7161252312902093
  ],
  "training_time": 530.1570544242859,
  "avg_gradient": 0.003993982362362383,
  "memory_usage": 856.21484375
}
