{
  "train_losses": [
    0.2629711820703486, 0.2185152606309756, 0.19344717523326044,
    0.17619786452016103, 0.16766642001659973, 0.15793950709959734,
    0.15023028720980106, 0.14496916718780994, 0.14081055796502726,
    0.13574262898739264, 0.13046619834621315, 0.12515474090595607,
    0.12264803906335779, 0.11823204503921063, 0.11389077074177888,
    0.11309510530175074, 0.10833986301946899, 0.10554697745196197,
    0.10051341933886641, 0.10013269475134819, 0.09667917798556712,
    0.09452824501077765, 0.0921294662858481, 0.08754874016765667,
    0.08563782574365968, 0.08160610407914805, 0.08779460681683343,
    0.08075495785021264, 0.08286367984407622, 0.0822253850410166,
    0.07468720209663329, 0.07125293842071424, 0.07003353592818198,
    0.06794582681892358, 0.06574109510478118, 0.06494698525689867,
    0.07190203850926913
  ],
  "val_losses": [
    0.2463284656405449, 0.23096967391345813, 0.20415936410427094,
    0.17252797568621842, 0.17198701688776846, 0.15743704690881397,
    0.15100268971012987, 0.15173946499176647, 0.14396268291317899,
    0.14035734809611156, 0.14162741633860962, 0.14020240517414134,
    0.14669927177221878, 0.13346834869488425, 0.13681099175111108,
    0.13692682625158972, 0.13741520354929176, 0.13374829697220222,
    0.12739789550719055, 0.13257996754153914, 0.13101842707913855,
    0.13853189640718958, 0.13055471525244092, 0.1311593867190506,
    0.1288739172336848, 0.1370272448529368, 0.13919370977774911,
    0.13648036980758543, 0.1335839204814123, 0.13573307543992996,
    0.12912012361313985, 0.1366385291128055, 0.14192810751821683,
    0.13345662812175957, 0.14102047471248585, 0.14384745595895726,
    0.15663791609847028
  ],
  "train_ious": [
    0.4686339453294656, 0.5543917965521847, 0.5979876033691821,
    0.6278578072678352, 0.6442648071957668, 0.6616270855285119,
    0.6757039847797245, 0.685172658737587, 0.6933200636851615,
    0.7030987856720671, 0.7123526218144789, 0.7226268591332261,
    0.7264647649574106, 0.7347572082518665, 0.7430616937361761,
    0.7440579632378143, 0.753119615001091, 0.7579765078490194,
    0.767458351409953, 0.768368926115226, 0.774367416628461, 0.7784541941423343,
    0.7833486112995428, 0.7921353564530179, 0.7957086130112844,
    0.8036253115405207, 0.7917602213396541, 0.8053999614456421,
    0.8010896758540819, 0.8022554761905597, 0.8178665595857995,
    0.8252209701399866, 0.8277001942413446, 0.8323507278725724,
    0.8373324357081152, 0.8389920382827954, 0.8244864718205689
  ],
  "val_ious": [
    0.5073330972505654, 0.5462395728066348, 0.598751986372298,
    0.6385116376306701, 0.6376659991084666, 0.6639259250267693,
    0.678296461701393, 0.678932655332745, 0.6892510177432627,
    0.6963583246089411, 0.6957052255022355, 0.6948190350895341,
    0.6936268193134363, 0.7104688770529152, 0.7065614984519241,
    0.7062182916679245, 0.7070009820703148, 0.7139271026936131,
    0.7232203004152878, 0.7205604725125908, 0.7199351271425468,
    0.7078282830939777, 0.7250244183384855, 0.7266941703316093,
    0.7282178324201832, 0.7209500128376309, 0.7159695074610088,
    0.7275398464306541, 0.7264920298172082, 0.7221545883710835,
    0.7351018654695458, 0.7324645985727724, 0.7308605473110639,
    0.7333489442649094, 0.7346671990294386, 0.729966818206552,
    0.7010269892820413
  ],
  "training_time": 673.0904679298401,
  "avg_gradient": 0.008683636686738834,
  "memory_usage": 856.21484375
}
