{
  "train_losses": [
    0.26962208764060686, 0.22339034995631032, 0.20032919700378957,
    0.1826606780776511, 0.17265026287540144, 0.16240180316178696,
    0.1545324126339477, 0.14724235329777002, 0.14368372957181672,
    0.13893537320520566, 0.13426023831024117, 0.1289805088840101,
    0.12579702998956907, 0.12142494770333818, 0.11734913702568282,
    0.11533805501201878, 0.10819002265191596, 0.10803189278458772,
    0.10629599646705648, 0.10457609164650025, 0.09953438660696796,
    0.09613563484795716, 0.09427178290713092, 0.09085618166010016,
    0.08924570732304583
  ],
  "val_losses": [
    0.26009112272573554, 0.2210976704955101, 0.20107297793678616,
    0.1708625166312508, 0.158969942804264, 0.15529077662074048,
    0.1525397085301254, 0.14558735425057617, 0.14438407965328381,
    0.15346840963415478, 0.1393738852246948, 0.15374598587336746,
    0.1374123907931473, 0.13410783753446912, 0.12829224117424176,
    0.12405211105942726, 0.1324119942019815, 0.1313152395836685,
    0.12831382955545964, 0.14211207045161206, 0.12482271489241849,
    0.12807100444384242, 0.12790320910837338, 0.1254294678244902,
    0.13330267272565677
  ],
  "train_ious": [
    0.45510370589023375, 0.5456685671933752, 0.585662960358288,
    0.6179667775505694, 0.6357741131298784, 0.6553249893629031,
    0.6694829499591948, 0.6832685186055262, 0.6908670933242292,
    0.6982496334374813, 0.7067828933181971, 0.716017997837153,
    0.721996096327253, 0.7297848312967067, 0.737876436308674,
    0.7409757700195346, 0.7546386025522062, 0.7543629376028759,
    0.7574278782459266, 0.7597097505045973, 0.7697820857815117,
    0.7759397797610446, 0.7794658047133601, 0.7857711778926683,
    0.7891595969921437
  ],
  "val_ious": [
    0.49066157487855444, 0.5467140236194584, 0.5802093895449154,
    0.6338224635607955, 0.6595737275438032, 0.6632217181765513,
    0.6717928863953854, 0.6887497809054196, 0.6837809131197308,
    0.6781352872865787, 0.6985307556131611, 0.679761554883874,
    0.7005806995042856, 0.7079158390777698, 0.7201878180106481,
    0.7252777493086415, 0.7106205335129859, 0.7125652218642442,
    0.7206808447405911, 0.6988244702418644, 0.7263137248979099,
    0.7227698834477989, 0.7234296893727951, 0.7291186484305754,
    0.716908264419307
  ],
  "training_time": 455.5555462837219,
  "avg_gradient": 0.005292627314086281,
  "memory_usage": 856.21484375
}
