{
  "train_losses": [
    0.26266138393269933, 0.21649501885732877, 0.19339698164359384,
    0.18043723508067752, 0.16737234470960888, 0.1562876347857325,
    0.15030069523693426, 0.1452495708413746, 0.14132870357159688,
    0.13572188154996737, 0.13318306361527546, 0.12779870750787464,
    0.12322416245613409, 0.11790041220576866, 0.11965746307016714,
    0.11333420884835979, 0.11030695652184279, 0.1079520162437921,
    0.1062728556520913, 0.10216454833583988, 0.09896196761047063,
    0.09504466277101765, 0.09543627593666315, 0.09060121432918569,
    0.09060625744092723, 0.08901353480051392, 0.08472365367671718,
    0.08593347016721964, 0.08068219750471738, 0.0773839951776292,
    0.07760536571478714, 0.08068315547121607, 0.07323184585117776,
    0.07178315419055846, 0.07049250714075954, 0.06805240409448743,
    0.06863181649342827, 0.08100206882733366
  ],
  "val_losses": [
    0.2486500581321509, 0.19587550085523855, 0.18216798519310745,
    0.18089582479518393, 0.16707929612501807, 0.15410947313775186,
    0.15351336433187776, 0.14723268086495606, 0.1479195283482904,
    0.17299361980479697, 0.14066288668824278, 0.14280253762136336,
    0.13427102436190066, 0.132969595329917, 0.13094505813458693,
    0.1333981488385926, 0.1322467249372731, 0.12663381174206734,
    0.12871759255295215, 0.12253356643992921, 0.12887159330041512,
    0.1304676382114058, 0.13057513939945595, 0.1339226755435052,
    0.12993989577111992, 0.13158903222369112, 0.12524711518831874,
    0.12866992811145989, 0.13142768666148186, 0.1323276345172654,
    0.12766453947709955, 0.1307950133214826, 0.12902422945784486,
    0.13085811261249625, 0.12803859425627667, 0.13657877610429472,
    0.13805600466287654, 0.1412692316200422
  ],
  "train_ious": [
    0.46577900772293407, 0.5569412970132588, 0.5980559229526834,
    0.621410159961037, 0.644619574851316, 0.6656613741879878,
    0.6766538518494457, 0.6861258355387745, 0.6935615530912427,
    0.7032404506875986, 0.707596740482942, 0.7180462131357707,
    0.7258634195271607, 0.736734366125387, 0.7327280992075151,
    0.7444365149282889, 0.7497594160554202, 0.7541514642104722,
    0.7573407906229086, 0.7650128240710586, 0.770388574217973,
    0.7776563860260061, 0.7768855134862058, 0.786320332167805,
    0.7862010425955488, 0.789331783850988, 0.7976427642979486,
    0.7950740569959518, 0.8054112609529838, 0.8124556141918982,
    0.812389491368895, 0.8062674507390766, 0.8210020786610204,
    0.8242200960715619, 0.8268603965424112, 0.8320765400278397,
    0.8309121753858482, 0.807163318322189
  ],
  "val_ious": [
    0.5294367745518683, 0.5956895951775537, 0.6189027305530467,
    0.6248045272153356, 0.6468011352463044, 0.6704454080782075,
    0.670516362008841, 0.6826423780209776, 0.6845158321270045,
    0.6558456528877867, 0.69677903038868, 0.696599142059036, 0.7098248661428258,
    0.7091791163320128, 0.716299553712209, 0.715256462494532,
    0.7160875622345053, 0.7233657212792963, 0.721715133259262,
    0.7313389693913253, 0.7248282469269157, 0.7205117420441861,
    0.7236743208722791, 0.7226692243762637, 0.7278507153193156,
    0.7274615453637167, 0.7350715534842532, 0.7305800806784977,
    0.7316660146782364, 0.7346812441297202, 0.7383356318957565,
    0.7360732790784558, 0.7420699410680414, 0.7402606988730637,
    0.7390270544135052, 0.7385894539563552, 0.7363065425036608,
    0.7236594793157302
  ],
  "training_time": 693.1500775814056,
  "avg_gradient": 0.003928352128458451,
  "memory_usage": 856.21484375
}
