{
  "train_losses": [
    0.2651729857468087, 0.22335106531239074, 0.19752460847730222,
    0.18040482667477234, 0.16997691826975864, 0.158951789383655,
    0.15457113309884848, 0.14540086022537688, 0.14139582670253256,
    0.13487146098328673, 0.13195420441258213, 0.12696057687635007,
    0.12370377001555069, 0.11899451194735973, 0.11909575804906047,
    0.1114920544559541, 0.10796576143120942, 0.10477753100997728,
    0.10240141213264155, 0.09952891836671726, 0.0983656848092442,
    0.09472621633144825, 0.09271962062010299, 0.08975851337384919,
    0.09001631957843252, 0.08695930902562711, 0.08201377721422393,
    0.08130442573810401, 0.08008434838088958, 0.07855394612187924,
    0.07697459808348314, 0.07429767250204863, 0.0771633219378798
  ],
  "val_losses": [
    0.24924595621616943, 0.2568536381358686, 0.19181619325409766,
    0.189238454984582, 0.16957829082789627, 0.15715482701425967,
    0.14402382253952647, 0.1470415341141431, 0.14442199274249698,
    0.1397219052457291, 0.14460224075161893, 0.13536537292858827,
    0.1400210606339185, 0.1392272602280845, 0.13632248568794,
    0.1274417726242024, 0.12675631969519283, 0.12259209706731465,
    0.12616514706093332, 0.14140835955091144, 0.12576840607368428,
    0.12882637767040211, 0.12732609134653342, 0.1332061988827975,
    0.13303537812569868, 0.12512824651987656, 0.1252298928473307,
    0.12981155142188072, 0.12634240430982216, 0.14691099735057872,
    0.12598613422849905, 0.12859287096754365, 0.14894606140644653
  ],
  "train_ious": [
    0.4649189980903072, 0.546885494655673, 0.5924322097629738,
    0.6229418177643548, 0.6413005218449711, 0.6615737948728643,
    0.668349153105763, 0.6863087198116642, 0.6931689587300237,
    0.706199007189792, 0.7113086429519067, 0.7201384095394093,
    0.7255058329606403, 0.7351592785638311, 0.7340044709651365,
    0.7481803636512027, 0.753969041171713, 0.7606709913715072,
    0.7646962689856686, 0.7699953696110109, 0.7722969927109667,
    0.779196582086708, 0.782718495344338, 0.7880717194706636,
    0.7878622668592826, 0.7936708062779212, 0.8030528837571971,
    0.8045563059656516, 0.8072654995797339, 0.8104956416764123,
    0.8135244093727377, 0.8194042103014132, 0.8136764489438223
  ],
  "val_ious": [
    0.4996541906958041, 0.5063609256260638, 0.5961885929539583,
    0.6132931530043699, 0.6418372295472932, 0.6670601802027744,
    0.6885770885408788, 0.683176492003427, 0.6883755831614783,
    0.6936875201653744, 0.691938506520313, 0.7038123560124552,
    0.6989738476881082, 0.6996872036353402, 0.7071370719999507,
    0.7230114727348521, 0.7248955785796263, 0.7295712927977245,
    0.7225972835136495, 0.6993047728918601, 0.7293131353630535,
    0.7266904767872632, 0.7277525939803193, 0.719192526694657,
    0.7209242269180826, 0.733280789161074, 0.7382332149191179,
    0.7325953279716382, 0.7390152382245962, 0.7160241709671158,
    0.7403987278972848, 0.738172966716946, 0.7053513023732366
  ],
  "training_time": 593.0188200473785,
  "avg_gradient": 0.008508841943768648,
  "memory_usage": 856.21484375
}
