{
  "train_losses": [
    0.2582402604267649, 0.2096326681582824, 0.19005635793766248,
    0.17314404127714428, 0.16269580712137016, 0.1538213229049807,
    0.14727735422227695, 0.1437045150719907, 0.13602014598639114,
    0.12968082426358823, 0.12691913435802513, 0.12416928447782993,
    0.11965103459584972, 0.11438540150613888, 0.11546593272815579,
    0.10796771862584612, 0.1069751855228906, 0.10158636599131253,
    0.09888470367245052, 0.09614724256908116, 0.0939910362434128,
    0.09385194969565971, 0.087801158833115, 0.08659901615718137,
    0.08684260746383149, 0.08143676938894003, 0.08017897775963596,
    0.07964530437374892, 0.0750339092767757, 0.07814422012914134,
    0.07738923678255599, 0.07061300961219746, 0.06895921010847973,
    0.06781479050202863, 0.06582421876247162, 0.06877834050227767
  ],
  "val_losses": [
    0.2578680087690768, 0.19873533462700638, 0.1804751672822496,
    0.1812327228810476, 0.1598278352099916, 0.153818282906128,
    0.15420254303709321, 0.14753595496649327, 0.14897054271853488,
    0.13718243639754213, 0.13881132006645203, 0.13939450000939163,
    0.16044407046359518, 0.13580919121918472, 0.13938545937771382,
    0.14287086025528287, 0.13209893360086108, 0.13213398631500162,
    0.13741560037369313, 0.13206100836396217, 0.13336868163036264,
    0.1448725742166457, 0.13184607919791472, 0.1289047733273195,
    0.13586166501045227, 0.12491925498065741, 0.13130329759872478,
    0.1351571185109408, 0.1297664454449778, 0.13782961650387102,
    0.12902750269226407, 0.1351337327581385, 0.13477656196640886,
    0.13497861555736998, 0.13293602139405583, 0.16051193958391313
  ],
  "train_ious": [
    0.47785279441597905, 0.5702153571435941, 0.6045163677114505,
    0.6348311161973339, 0.6541268652763916, 0.6706034296016766,
    0.682913721633562, 0.6895860886552196, 0.704030176381702,
    0.7147137606921402, 0.7196377647527753, 0.7249209873810192,
    0.7338801595935784, 0.7421916240583297, 0.7407459160447984,
    0.7542572675299822, 0.7558224124536997, 0.7660042028604209,
    0.7714335880633713, 0.7752312326236911, 0.7796548274548157,
    0.7798724308394004, 0.7918729311314184, 0.7937666988675144,
    0.7931950139826619, 0.8042206494272619, 0.8068464072286218,
    0.8077302874214408, 0.8174796442406765, 0.8120870725184247,
    0.812507443022037, 0.8268823468166847, 0.8306863368421361,
    0.832986541632293, 0.8373395169990647, 0.8320737718671994
  ],
  "val_ious": [
    0.48529355843429967, 0.5924316430869311, 0.6226862692746563,
    0.6308704739895418, 0.6580726225738939, 0.6693077735278917,
    0.6731833271358325, 0.6846734989380491, 0.6804637798796529,
    0.7029224636330119, 0.6984513620103617, 0.6979185880526252,
    0.6688516945510671, 0.7053017391674762, 0.7096795750700907,
    0.6993655255739241, 0.7199628670578416, 0.7214025874500689,
    0.7052295795385387, 0.7211435933907826, 0.7153272391229437,
    0.7037576216718423, 0.7306605720001719, 0.7336863933697991,
    0.7257738350958064, 0.7359904277583827, 0.7308977373700212,
    0.7294680011877116, 0.7392980972493903, 0.7221348814774251,
    0.7385039737691048, 0.7352640646091405, 0.7361768311348513,
    0.7372353027264277, 0.7355897255997725, 0.6942321517761203
  ],
  "training_time": 656.1946356296539,
  "avg_gradient": 0.009704222175441427,
  "memory_usage": 856.21484375
}
