{
  "train_losses": [
    0.2737943465295045, 0.22469595989779287, 0.19573415516187315,
    0.18230246226100819, 0.16572578745367733, 0.15674919327316078,
    0.15038239218942498, 0.14538885705658924, 0.13707214577690416,
    0.13445375819245112, 0.13039104842945284, 0.12688239072651966,
    0.12335844354137131, 0.11989286562184924, 0.11270231413452522,
    0.11025537262954142, 0.11082320437645135, 0.10533102472191272,
    0.10267399142131857, 0.10248665434672781, 0.10193779461247765,
    0.09474412234419066, 0.09403200062882641, 0.09356983350184948,
    0.09179235938126626, 0.08556598153613183, 0.08249227625682302,
    0.08389316896057647, 0.08196657341297554, 0.0836794173102016,
    0.07716820966047437, 0.07595568622017036, 0.07312849872624097,
    0.07104500480320143, 0.07855809980031589
  ],
  "val_losses": [
    0.25264376110356784, 0.2336268765122994, 0.19066305944453116,
    0.18868166856143787, 0.16478273807012517, 0.15741668220447458,
    0.1495771166747031, 0.14650477452770524, 0.14977260857172633,
    0.15947365177714307, 0.1399459176413391, 0.14956413371407468,
    0.13741888931911925, 0.1332217968352463, 0.13797615630471188,
    0.1351930680482284, 0.13371657920272453, 0.13583079887473065,
    0.1332294174834438, 0.13002608408746513, 0.13026077073553335,
    0.13363452352907346, 0.12546564217494882, 0.132492122442826,
    0.13221899452416794, 0.1302744365580704, 0.1283455920284209,
    0.13424242595615593, 0.1420346624825312, 0.1342448673170546,
    0.1359514033664828, 0.13723161751809326, 0.13723270092969356,
    0.1310981586575508, 0.1395775688731152
  ],
  "train_ious": [
    0.45192088605161174, 0.5436305869100745, 0.5953592301980739,
    0.6187149858021216, 0.6485736311777776, 0.6651759689160879,
    0.6769653204018653, 0.6856113768898062, 0.7003227748192739,
    0.7059283167447739, 0.7129348440878636, 0.7199487835168837,
    0.7254043660949969, 0.7331854973150338, 0.7447937813358033,
    0.7494393082308595, 0.7480948158148407, 0.758937891680693,
    0.7637141889528088, 0.7640164238603215, 0.7651835571488614,
    0.7782921589695025, 0.7799441837098289, 0.7819597499202126,
    0.783805033111054, 0.7958494009099146, 0.8015567838497786,
    0.7997076321879161, 0.8028630711462187, 0.7998036423671071,
    0.8128666396158329, 0.8152335874628326, 0.8210203530995746,
    0.8255599877540618, 0.8109029437536777
  ],
  "val_ious": [
    0.49609531375808996, 0.5480771366020908, 0.6059988380774207,
    0.6193233559960902, 0.6498513552157774, 0.6600419034560524,
    0.6774201730023259, 0.6838938939398613, 0.6748732553012128,
    0.6599065296459888, 0.6947523100652557, 0.683190238216649,
    0.7032743603854937, 0.7083453238010406, 0.7076349424711172,
    0.7094102270793223, 0.7126803322546722, 0.7101514034945032,
    0.7121314233627871, 0.7169446904158248, 0.7229610770076944,
    0.7160615800083547, 0.7311874224223951, 0.716000669244407,
    0.7235671057217362, 0.732569141448408, 0.7328417543051898,
    0.7170794541421145, 0.7232554442640664, 0.7277599994255151,
    0.729422695826793, 0.7313062611265458, 0.7314261230437653,
    0.7380316028560417, 0.7133859020212422
  ],
  "training_time": 637.4142074584961,
  "avg_gradient": 0.004784221393357809,
  "memory_usage": 856.21484375
}
