{
  "train_losses": [
    0.2680720605927965, 0.21954955201110113, 0.1937736254995284,
    0.1784335856690355, 0.166962340231175, 0.15596760590763195,
    0.15017930839372717, 0.14148679578109927, 0.13832988776266575,
    0.13247185637769493, 0.12850887210958678, 0.12391615958641404,
    0.12025470140835513, 0.11613337136805058, 0.11074659633247749,
    0.10706941536425249, 0.10439090110847483, 0.10254946176934501,
    0.09815306131444547, 0.09590303986940694, 0.09997148277318996,
    0.09167819324394931, 0.0869422267474558, 0.08380704859028691,
    0.08198532846796772, 0.08167312500755423, 0.07888291691146466,
    0.07633601789079282, 0.07467450978963272, 0.07503487862160672
  ],
  "val_losses": [
    0.26119949247526086, 0.21079717997623526, 0.18518605731103732,
    0.19087221084729486, 0.179540632535582, 0.1532634997173496,
    0.16783602438543155, 0.17144500966305318, 0.14023882928101913,
    0.14485477769504423, 0.14047302791605826, 0.14740812276368556,
    0.14075423744709595, 0.1319708067761815, 0.14332422549309937,
    0.13271572003545967, 0.13769353472668192, 0.13681601878741514,
    0.13825863373020422, 0.12827288861507954, 0.13461599450396455,
    0.12826653958662695, 0.13001657763253088, 0.13477116790802582,
    0.14046057216499164, 0.13578776108181995, 0.13557284811268683,
    0.13913556706646216, 0.1321064829826355, 0.15476400534743848
  ],
  "train_ious": [
    0.465565429092722, 0.5524249103028273, 0.5973369342045505,
    0.6252354387787805, 0.646596664265878, 0.6669450124752695,
    0.6769349050262697, 0.6924921407539776, 0.6981320474566756,
    0.7087248546489768, 0.7163667033116022, 0.725055231564287,
    0.7316042669657341, 0.739602049569721, 0.7491169744103712,
    0.7557005800198818, 0.7609802630284557, 0.7640970051288604,
    0.7714148065534192, 0.7759254473814934, 0.768175184672726,
    0.784160981305699, 0.7934367423472198, 0.7995972362333452,
    0.8030166312836214, 0.8036215816071072, 0.8093341687235281,
    0.8148604311804845, 0.8181644532343616, 0.8175866713990337
  ],
  "val_ious": [
    0.500147163004115, 0.5638994036809258, 0.6174747874771339,
    0.6102122454971507, 0.6307167587936789, 0.6730156854011012,
    0.6551792204811954, 0.6552253600911817, 0.6982130809970524,
    0.6887911435054695, 0.6985569537981695, 0.6946784938159195,
    0.7009516230959822, 0.7155736220487651, 0.6954152581916341,
    0.7173488505076674, 0.7073392893957056, 0.7142687863197881,
    0.7121269657560019, 0.7265449978303221, 0.7143007622680804,
    0.7241245251202928, 0.7296108223389889, 0.727111612757047,
    0.7308482521254085, 0.7274810060642767, 0.733441087430802,
    0.724835566420486, 0.7331188068441724, 0.7025763578173043
  ],
  "training_time": 548.0752880573273,
  "avg_gradient": 0.008353893452113738,
  "memory_usage": 856.21484375
}
