{
  "train_losses": [
    0.2590894351672867, 0.2153244128693705, 0.1931666544760051,
    0.17572548272817032, 0.16647770774105322, 0.15868108318713697,
    0.15051511278295, 0.14511321614617886, 0.1381673314001249,
    0.1353083539997106, 0.12970746915949427, 0.12437305473924978,
    0.1254154523105725, 0.11609458453629327, 0.11586233653614054,
    0.11138545106286588, 0.10684365600995395, 0.10310996623466843,
    0.1012990502640605, 0.10361713498992764, 0.09751043019249388,
    0.09171259702871674, 0.09147014335283767, 0.08930724373330241,
    0.08666970066564239, 0.08514981615640548
  ],
  "val_losses": [
    0.2446400795293891, 0.19624371502710425, 0.18338781983956046,
    0.18952402861221976, 0.1629632850703986, 0.1851406275578167,
    0.16131638865108075, 0.1527198135204937, 0.14743406147412633,
    0.14096336325873499, 0.145077388247718, 0.14304186419948287,
    0.13634984891699709, 0.13527943971364395, 0.1358465066422587,
    0.131510220144106, 0.13704555838004404, 0.13346488012567811,
    0.13195749550409938, 0.13085723668336868, 0.1252633334825868,
    0.12477656129909598, 0.13138526791463728, 0.1309803379294665,
    0.1270748584166817, 0.1544318315775498
  ],
  "train_ious": [
    0.47601115933039073, 0.5588198618126519, 0.5983372986100721,
    0.6284966227477011, 0.6463755746574503, 0.6596425055269746,
    0.6762927773854008, 0.6868487764419855, 0.6980237853375898,
    0.7033816865388899, 0.7134611357705315, 0.7231071225326996,
    0.7210450467748055, 0.7387070255219075, 0.7397043768694435,
    0.7476866499561332, 0.7554312615614865, 0.7629051559969137,
    0.7660025765282523, 0.7616033730623514, 0.7730982555751357,
    0.7838068739443582, 0.7840937311234683, 0.7883060688989751,
    0.7934522408506146, 0.7963995278097582
  ],
  "val_ious": [
    0.5188509287393611, 0.5964671023513958, 0.6151397217443023,
    0.6095290993866714, 0.6554144426532412, 0.63232062044351, 0.665207897407421,
    0.6744177276673523, 0.6897267159344495, 0.6970618691133417,
    0.6910574099291926, 0.6939598870450172, 0.7026399818883426,
    0.7055690942899042, 0.7070144445135973, 0.7146499642859333,
    0.715658531456754, 0.7151593505472377, 0.7180294919273126,
    0.7183368964039759, 0.7332624970138938, 0.7340298053147138,
    0.7284087858338286, 0.7271479014037313, 0.7349952001502547,
    0.7023402258105902
  ],
  "training_time": 474.5754153728485,
  "avg_gradient": 0.014086503949862609,
  "memory_usage": 856.21484375
}
