{
  "train_losses": [
    0.26053112089310004, 0.21206902704485084, 0.18436921015381813,
    0.17042326076847056, 0.15915087112428053, 0.1513592906134284,
    0.1446224930088805, 0.13979439518373946, 0.13156979652526585,
    0.13218394253888857, 0.12541136424988508, 0.12065544558446044,
    0.11547038457153933, 0.11492507588928161, 0.10924154216342646,
    0.10814721145383689, 0.10411335685816796, 0.09941879425035871,
    0.10154585467408532, 0.09473481061665909, 0.09003477835136911,
    0.0891135992968212, 0.08750545403555683, 0.08555780788478644,
    0.08299105695408324, 0.08344868801372207, 0.08062376393734114,
    0.07554273218240427, 0.07512013132319502, 0.07531869194834777,
    0.07816090418592743, 0.07948192316309913, 0.0718104264739415,
    0.0683530566647001, 0.07022131673748726
  ],
  "val_losses": [
    0.23612058033113895, 0.19589886425629907, 0.18123809377784314,
    0.1805545224443726, 0.16201577044051627, 0.1542314872469591,
    0.14644916112656178, 0.1558892412678055, 0.16339637339115143,
    0.14448852043436922, 0.14635978185612222, 0.14240838052785915,
    0.14199108954357065, 0.136665315731712, 0.13199876216442688,
    0.13379110169151556, 0.13354557428670966, 0.14282139828023704,
    0.13949753894754077, 0.13362050477577292, 0.1343230485268261,
    0.13854529271307198, 0.136735326246075, 0.13620615766748137,
    0.1276736303192118, 0.13244715770301613, 0.1340111090761164,
    0.13277511557807092, 0.13216380062310593, 0.13457050627988318,
    0.13786530203145483, 0.13361300349883412, 0.13913020021889522,
    0.137931224282669, 0.13266731053590775
  ],
  "train_ious": [
    0.4753926126691308, 0.565451023614277, 0.6152319144727524,
    0.6399695569298406, 0.6600069175271887, 0.6755272566840271,
    0.6877420490634616, 0.6948241178432238, 0.7111400753475615,
    0.7094347814934842, 0.7221116564520026, 0.7310359913153924,
    0.7407775121214596, 0.7416289828285794, 0.7505220776234844,
    0.7532185316625714, 0.7604159794315916, 0.7695781653881931,
    0.7659643979716128, 0.7780021653119202, 0.7869554740795192,
    0.788851274042457, 0.7918596905858616, 0.7961170192322007,
    0.8009988276854807, 0.8007154497655403, 0.8053854464188869,
    0.8158711803996045, 0.8169571936562445, 0.8167643038474997,
    0.8105889598744503, 0.8084989127473553, 0.8239482892812162,
    0.8313038696845372, 0.8278695036103758
  ],
  "val_ious": [
    0.5197639858377151, 0.5906230502802393, 0.6264938398979711,
    0.6235741996678754, 0.6570655299701552, 0.6695183915072593,
    0.6828318484451461, 0.6700137827707374, 0.6602594701276309,
    0.6888652867165164, 0.6911422752815742, 0.6907635832178418,
    0.6981576443582341, 0.7071292162805365, 0.7146865846454233,
    0.7114794649507689, 0.7119728123796157, 0.7074893345867379,
    0.709742240715718, 0.7212256776249927, 0.722436215782511,
    0.7156268256729925, 0.7236225844725318, 0.7211394405019458,
    0.7344889385976654, 0.7208747770907223, 0.7281144358541652,
    0.7326210706994154, 0.7335645359927326, 0.7229147505932959,
    0.7282625408708184, 0.7257345403018206, 0.7286565515442172,
    0.7381650036659795, 0.7329215532627661
  ],
  "training_time": 639.9467451572418,
  "avg_gradient": 0.003150668832659642,
  "memory_usage": 856.21484375
}
