{
  "train_losses": [
    0.2605061970813119, 0.2144346371617006, 0.18897279003716033,
    0.1712929372392271, 0.16205077432096004, 0.15224302973112333,
    0.1438515133669843, 0.13965981919318438, 0.134441163552844,
    0.13036276857652093, 0.12576576545024695, 0.12350325812788113,
    0.11944765192659004, 0.11328115200866824, 0.11061984814865433,
    0.108578956928914, 0.10640296825896138, 0.10346016024603792,
    0.0991840566225026, 0.09282794866063025, 0.09591599776531043,
    0.09117919352391492, 0.09746210900661738
  ],
  "val_losses": [
    0.2615925177283909, 0.20526941541744315, 0.19036885804456213,
    0.2105245149653891, 0.15920429676771164, 0.1612429226870122,
    0.15421377948444823, 0.14948377353341682, 0.14479175809284914,
    0.1401931471798731, 0.14344590238255003, 0.14419411786872408,
    0.13686931943115982, 0.13906017156398814, 0.13748780135875163,
    0.13507737381302792, 0.13198380690553915, 0.1364569254219532,
    0.12973438737832982, 0.13528502926878308, 0.1302566317760426,
    0.13686027896145117, 0.1445362380017405
  ],
  "train_ious": [
    0.474808092633991, 0.5599366126824981, 0.6056040085960125,
    0.636304106077422, 0.6547202072713685, 0.6713550646883855,
    0.6883569582216981, 0.6961592272787855, 0.7044909554331198,
    0.7135137738525006, 0.7209395450418407, 0.7252517921337183,
    0.732622937285814, 0.7438851262348283, 0.7490244508869411,
    0.7526615830003346, 0.756342196162196, 0.7626757365853893,
    0.7697665658981905, 0.7819103894998193, 0.7761289273807102,
    0.7846198471775949, 0.774407093399676
  ],
  "val_ious": [
    0.48296012340680405, 0.5740352030033651, 0.6207587999710138,
    0.6118349547403445, 0.6640538931756779, 0.6634946068127949,
    0.6709204175765964, 0.6805458483488662, 0.6900100379750349,
    0.7025697734476866, 0.6969183491192004, 0.6917308748200319,
    0.7095054774612622, 0.7095572466867557, 0.7101333469584369,
    0.7162748776052308, 0.7170335138621536, 0.7168184970168102,
    0.7263781402422036, 0.7125825825808706, 0.7273610039897587,
    0.7117772275123042, 0.6995496205661608
  ],
  "training_time": 415.1844639778137,
  "avg_gradient": 0.007640590849726582,
  "memory_usage": 856.21484375
}
