{
  "train_losses": [
    0.2620073904323837, 0.21463979335258837, 0.18916785619829013,
    0.17197997050116892, 0.1619653323179354, 0.15244603302815687,
    0.1449837362717675, 0.14075638280938502, 0.1351448590259837,
    0.1327164950983032, 0.12683836844466304, 0.1215799710024958,
    0.1184666050274087, 0.11611524204035169, 0.11046027226130599,
    0.11130675523663344, 0.10629573399605959, 0.09896117011490076,
    0.09996964438291996, 0.09898949126996424, 0.09462689320840266,
    0.09060802391689757, 0.0880308423758201, 0.0839764237322885,
    0.08541945558365273, 0.08569131876625445
  ],
  "val_losses": [
    0.26309926710698917, 0.22729280558617218, 0.1769865200571392,
    0.16652434837558996, 0.16397935767536578, 0.15566524150578873,
    0.15270851827833964, 0.1538082728891269, 0.147946797311306,
    0.14136281269400017, 0.13794358544375585, 0.13971530597494997,
    0.14240082175187443, 0.13286504343799924, 0.13754071829759557,
    0.13334591719119446, 0.13398928421994913, 0.14184640558517497,
    0.13286737239231233, 0.1293388396177603, 0.1289809843444306,
    0.1353415973160578, 0.13046452678416087, 0.1293800515325173,
    0.13342126799018486, 0.14489730803862863
  ],
  "train_ious": [
    0.47330874691892805, 0.562978809672421, 0.6073285192791106,
    0.6377431335656536, 0.6569111975638761, 0.672935947397913,
    0.6876302181702593, 0.6951645539830561, 0.7057049485004465,
    0.7097276759104452, 0.7209207259550474, 0.7298017710555292,
    0.7354235814317418, 0.7405588028655535, 0.74985335033009,
    0.7483325454311958, 0.7568148924712683, 0.771005783284056,
    0.7690830002336397, 0.7713953994646453, 0.7785888580956325,
    0.7871034247935687, 0.791400998182919, 0.7997218021664068,
    0.7969675627739529, 0.796636821675128
  ],
  "val_ious": [
    0.48639730482861604, 0.5562290294446806, 0.6289848303017409,
    0.6489386817683348, 0.6483587860197261, 0.6634108434984651,
    0.6738337295642798, 0.6709564246129299, 0.6801639886006065,
    0.6894713713639025, 0.6998057175373683, 0.6970062720170922,
    0.6951741014701733, 0.7099601924419403, 0.7059535338826801,
    0.7154024485228717, 0.7094911721305571, 0.7049546937147777,
    0.7172436534926512, 0.7212171910897546, 0.7214992998734763,
    0.7165083105581393, 0.7256778759368951, 0.7313948042582774,
    0.7214526473612024, 0.7099980349126069
  ],
  "training_time": 473.4675188064575,
  "avg_gradient": 0.004438715023082635,
  "memory_usage": 856.21484375
}
