{
  "train_losses": [
    0.2592786468727433, 0.21260941563093144, 0.18992066901663077,
    0.17076107082159622, 0.16205595688813407, 0.1543844414712942,
    0.14510948150216238, 0.13955083938882404, 0.13622232648017613,
    0.1330705590789085, 0.12636494203268187, 0.1222760615789372,
    0.11986603879410287, 0.11683751197288865, 0.11151489789557198,
    0.10781584744868071, 0.10489420718310968, 0.10369095060488452,
    0.09998498213193986, 0.09699420954870142, 0.09563234618500523,
    0.09168666022141343, 0.09133187640944253, 0.0917631889409993,
    0.08447389369425566, 0.08638020892344091, 0.0824417520881347,
    0.07793125113391358, 0.07762267594428165, 0.0829162225532143
  ],
  "val_losses": [
    0.2325193007355151, 0.21267236024141312, 0.18129063300464465,
    0.18002282633729602, 0.16340228429307108, 0.15303890066950218,
    0.15028947057283443, 0.14267975027146546, 0.13986707818896874,
    0.14220113825538885, 0.1446391122172708, 0.14706011472836786,
    0.13862811288107996, 0.13616761030710262, 0.13623168384251388,
    0.1333151897010596, 0.13686768726810164, 0.12982573263023212,
    0.13155871986047082, 0.1300899886890598, 0.13449388256539468,
    0.1400782859519772, 0.15155024842723555, 0.12637207738083342,
    0.12389177132559859, 0.12952830188948175, 0.12880192761835846,
    0.130586590455926, 0.13694781923423643, 0.13509993805833484
  ],
  "train_ious": [
    0.4779558173124341, 0.5637531588798846, 0.6045170837770337,
    0.6400041633110115, 0.6561377679632195, 0.6689534605737182,
    0.6862136472178542, 0.6961385389061078, 0.7019963546831541,
    0.7086901621542117, 0.7216573562203115, 0.7280249563788163,
    0.7318535512448221, 0.7377454359354318, 0.7474561621421488,
    0.7537615368871585, 0.7598891970364079, 0.7617704485529577,
    0.7685234253497226, 0.7739324393155785, 0.7766212590470695,
    0.7840265745054124, 0.784646861363148, 0.7842730161720425,
    0.798138682878968, 0.794334818487582, 0.8020405069641449,
    0.8110448939428817, 0.8121694406305534, 0.8016352838148246
  ],
  "val_ious": [
    0.5323792255443074, 0.5636231495418409, 0.6160744575486666,
    0.6239911358857502, 0.6562033166056096, 0.672129229143046,
    0.6778123357157778, 0.6905865505121758, 0.6972983131806056,
    0.6945371612690495, 0.6943707891564437, 0.6916760039934213,
    0.6998277325993001, 0.7081404468719509, 0.7111103672912157,
    0.7161830842926884, 0.7117263916609943, 0.720267588461655,
    0.7173842178738634, 0.7236444608888766, 0.7203248030897498,
    0.7147334956604503, 0.7008753742860712, 0.7334328524876332,
    0.7363040069307105, 0.73529763886894, 0.7329460760389549,
    0.7383872575086096, 0.724420329798823, 0.7229818796765975
  ],
  "training_time": 547.2505283355713,
  "avg_gradient": 0.008091124938741963,
  "memory_usage": 856.21484375
}
