{
  "train_losses": [
    0.27548635807698185, 0.22041230081864024, 0.19870042420275832,
    0.1805548155275376, 0.1703066677664933, 0.16060840439699267,
    0.15104157676029464, 0.14554280901084776, 0.1395696682612533,
    0.13467903301605713, 0.13025543061287506, 0.12896484472667394,
    0.12126309169537347, 0.11859743625087582, 0.11470457866949879,
    0.11176215557624465, 0.10873213114783815, 0.10708578056453363,
    0.10285685915985833, 0.10051330316649831, 0.09722024169952972,
    0.09540918036161558, 0.09256941359490156, 0.0893740228012852,
    0.08699643097655929, 0.08700637697525647, 0.08831127210641684,
    0.0819027139197873, 0.08026308857876321, 0.07747486282301985,
    0.07674185393135184, 0.07469860865208118, 0.07816637724476017
  ],
  "val_losses": [
    0.24950170743724573, 0.20608519147271695, 0.18375249174625977,
    0.1800608845508617, 0.17376894503831863, 0.1643542705670647,
    0.15914339215859122, 0.14631107417137726, 0.14884119043531624,
    0.1552096185800822, 0.14044877109320267, 0.14103713453463887,
    0.14253125566503275, 0.13912340658514397, 0.1408263177651426,
    0.14902578909759936, 0.14416055721433266, 0.133015975356102,
    0.14121610962826273, 0.14084923753271933, 0.12869686244622522,
    0.14437954241166945, 0.1319161088246366, 0.13178945025024208,
    0.13433320642165517, 0.14273429483823155, 0.13637388853923135,
    0.14114739097978757, 0.13491533356516258, 0.13597718739639159,
    0.13406326573180116, 0.13808807212373483, 0.1675452617523463
  ],
  "train_ious": [
    0.45044785224076755, 0.5513297373131997, 0.5887629271255453,
    0.6200289516777236, 0.6405638735471432, 0.6571392348387104,
    0.6741223416790584, 0.6855406153245248, 0.696294958662728,
    0.7052917608964269, 0.7135066727473255, 0.7155949645068335,
    0.7298583606986895, 0.7356212747593721, 0.7419843089537348,
    0.747582156157148, 0.7524796919762224, 0.7554140546075676,
    0.7635957592747349, 0.767161171883345, 0.7734361438323625,
    0.7772598440988341, 0.7825162280080974, 0.788554609739694,
    0.7935239565221291, 0.79337685296069, 0.7903064813302906,
    0.8031024524699084, 0.8065167516469959, 0.8123565010618475,
    0.8136729939260343, 0.8177305515045703, 0.8117342317017954
  ],
  "val_ious": [
    0.4947059341314909, 0.58333601143913, 0.6186365040316099,
    0.6200567293858184, 0.6351485096889994, 0.6503029072630234,
    0.6631549780351529, 0.6874653034020163, 0.6828584306050037,
    0.6769456509230793, 0.6981469399255255, 0.6975891305052716,
    0.7009136119614479, 0.70414267933887, 0.6979995084845503,
    0.6939518175263335, 0.700056827802589, 0.7144094552250878,
    0.6990020540745361, 0.705359197397163, 0.7267998048792714,
    0.7022329009529472, 0.7235645055770875, 0.7281885369532353,
    0.7203730578007905, 0.7139881067517875, 0.7237295659555905,
    0.7244695964930715, 0.7321427943913833, 0.7307973977016368,
    0.7288978754178338, 0.7273381648288256, 0.6754756641128788
  ],
  "training_time": 600.6453323364258,
  "avg_gradient": 0.005406906675882873,
  "memory_usage": 856.21484375
}
