{
  "train_losses": [
    0.2660933565348387, 0.21953945283008658, 0.1923643442923608,
    0.1748611147960891, 0.16229453885360903, 0.15392201738027128,
    0.14518430999115758, 0.14350081773717765, 0.13618103054392597,
    0.13112581622503375, 0.12650948985601249, 0.1218553662462079,
    0.11978162355397058, 0.11432910917083854, 0.1126905653382773,
    0.10799293924608956, 0.10246305872240792, 0.09962136375353388,
    0.10102243701238996, 0.0972606337264828, 0.09359811946911656,
    0.08953989641335995, 0.08590955408694952, 0.08356297992007888,
    0.08478949320219133, 0.08178925271267476, 0.08119495747529942,
    0.07847116968554, 0.07456225132488686, 0.07890806415968615,
    0.07126846200908007, 0.06958299043142925, 0.06912384176140894
  ],
  "val_losses": [
    0.24123292448727982, 0.20245353942332062, 0.18772118765374887,
    0.17306802518989728, 0.15979121236697488, 0.15437866617803989,
    0.16038486636851146, 0.1575390824481197, 0.14742156199139098,
    0.14688512504748677, 0.14377234212082365, 0.14018554208071335,
    0.13932013527854628, 0.15211336557631908, 0.13290159598640774,
    0.13010472804307938, 0.13430488870843596, 0.13289938203018645,
    0.14010435035047325, 0.13470651857230975, 0.1377244865440804,
    0.1304729112788387, 0.13553269272265228, 0.1416744779309501,
    0.13485439526646034, 0.1420897825256638, 0.1350462337874848,
    0.13236345026804053, 0.13512948965248855, 0.13898019800367561,
    0.1367461469186389, 0.1380901762648769, 0.1507051873790181
  ],
  "train_ious": [
    0.46505394319504306, 0.5526688713310421, 0.6001244420050711,
    0.6328676377517589, 0.6547551554074321, 0.6696879546279495,
    0.6866566102033937, 0.6894999169137168, 0.702891197325527,
    0.7117381698411444, 0.7209539923654947, 0.7288808077033879,
    0.7330751966523085, 0.7423632493701535, 0.7461762163734091,
    0.7537695152172147, 0.7641722575046012, 0.7695766630164088,
    0.7671293051022551, 0.7742862258700353, 0.7803532691753425,
    0.7883064626999523, 0.7955574099568357, 0.8000415180256399,
    0.7978659829367765, 0.8038752078470115, 0.8051628063338391,
    0.8106363697544389, 0.8184747235930483, 0.8102107803890671,
    0.8253308392089348, 0.8291762896637991, 0.8303386183536573
  ],
  "val_ious": [
    0.5138472155600354, 0.5887411409530086, 0.6157155147065287,
    0.6352343628371971, 0.6606305623831955, 0.668170673691708,
    0.663699432991553, 0.6686248440241468, 0.6829605428636938,
    0.6830545292384382, 0.6862389199111775, 0.6981755335261856,
    0.7018563278775283, 0.6918309391408728, 0.7100530977266422,
    0.7170336741036263, 0.7166647060193875, 0.714383161154346,
    0.7028304331976436, 0.7190595714078434, 0.7059149560721024,
    0.7259000641280327, 0.7185524583294771, 0.7102468024561371,
    0.7205517734738365, 0.7172596862782604, 0.7260836801235224,
    0.7276461977457653, 0.7283821943877401, 0.7280919925458188,
    0.7295212220886479, 0.7261517985143522, 0.7090291324732959
  ],
  "training_time": 601.8761496543884,
  "avg_gradient": 0.004369801326713091,
  "memory_usage": 856.21484375
}
