{
  "train_losses": [
    0.2738928164800872, 0.223419904384924, 0.198827536938631,
    0.18294970464447272, 0.17078459764952245, 0.16261063564730727,
    0.1528831860050559, 0.1478793258252351, 0.14220765751341116,
    0.13731260030813838, 0.13369716902303955, 0.12848028078999207,
    0.12612180031188155, 0.12197796631928372, 0.11937472617010707,
    0.11534157703104227, 0.10966440217326516, 0.10640823533353598,
    0.10429571609458198, 0.10251111832811781, 0.1008529378020245,
    0.0995009841154451, 0.09399390244937461, 0.09142663216461307,
    0.08830571486412184, 0.08656234796280446, 0.08574098210943781,
    0.08550356239404368, 0.08230959458033675, 0.08465415150251078,
    0.07818805742199006, 0.07911469297402579, 0.07332979600228694,
    0.08042450127718241
  ],
  "val_losses": [
    0.25220597956491553, 0.21224602538606394, 0.18883377151644748,
    0.17410464584827423, 0.17173642632753952, 0.15891092173431232,
    0.15751837939023972, 0.1528044992490955, 0.15523854286774344,
    0.14986222415514613, 0.1389036789212538, 0.1412739326124606,
    0.14601084751927335, 0.1411755070414232, 0.15170840368322705,
    0.14056629023474196, 0.13355370222226434, 0.1292592612621577,
    0.13669201650697252, 0.1307422188313111, 0.134879886618127,
    0.13074966212329658, 0.1325185318355975, 0.12879880841659463,
    0.1299094606352889, 0.1321882552102856, 0.13012633278318073,
    0.12887693326110425, 0.13671026459854582, 0.1345621190317299,
    0.1312350321399129, 0.13040865649995598, 0.14369017258286476,
    0.14075859684659087
  ],
  "train_ious": [
    0.44641085085121623, 0.543339483898835, 0.5873776624600093,
    0.6158576401463454, 0.6388892553530737, 0.6534612117254216,
    0.6723046505796735, 0.6809633758081046, 0.6904500794151561,
    0.69938921312923, 0.7062733252735242, 0.7165967626632125,
    0.7208726077839954, 0.7279231776145919, 0.7328708060085773,
    0.7398562103077981, 0.7500861407514067, 0.7567218429800388,
    0.7612048308702483, 0.7636240275333754, 0.7672961392048476,
    0.7693590964528095, 0.7799133190318289, 0.7849747620630956,
    0.7902655865511167, 0.7940901574557239, 0.7955497418516785,
    0.7962285702427231, 0.8025463315239855, 0.7978373371280623,
    0.8107928217969075, 0.8091904043719391, 0.8207672129290695,
    0.8067055674998658
  ],
  "val_ious": [
    0.48853339870338863, 0.5691544926468877, 0.6065122184978015,
    0.6336586198944976, 0.643098324969195, 0.6614781022071836,
    0.6661438212014624, 0.6743139177560807, 0.672116043990937,
    0.6809250772863195, 0.7036637471637863, 0.6988518756368886,
    0.6976358642180761, 0.70294856355674, 0.695202267256336, 0.7032234608263211,
    0.7147450179293536, 0.7231752958850584, 0.7082906179669974,
    0.7218419669762902, 0.7149553972741832, 0.724383593685385,
    0.7263971102842386, 0.7284757149392277, 0.7269515952338341,
    0.7277953654959582, 0.7311926618002462, 0.7339689833098563,
    0.7324702985908675, 0.7306848747142848, 0.7340922217438185,
    0.7330624646898631, 0.7292623195959176, 0.7223186428132263
  ],
  "training_time": 621.4349679946899,
  "avg_gradient": 0.00494495499529626,
  "memory_usage": 856.21484375
}
