{
  "train_losses": [
    0.2622099091987247, 0.21856051286601502, 0.19327856470709262,
    0.17755238970984583, 0.16367430742020192, 0.15560504980385303,
    0.14561052511081748, 0.14252449721907792, 0.13530206967793082,
    0.13240562905759914, 0.1271928486454746, 0.12304621023814315,
    0.11898610246894152, 0.11751383186682411, 0.11214596753859002,
    0.10766512941083183, 0.10729873917349007, 0.1016284873628098,
    0.10013469191187102, 0.09996951460514379, 0.09201563416939715,
    0.08778527095589948, 0.0859684331504547, 0.08712248653983293,
    0.08370365052605452, 0.08132767976950044, 0.07881605009669843,
    0.08143401332199574
  ],
  "val_losses": [
    0.25767301184975583, 0.22288489892430927, 0.184547180066938,
    0.17091014106636462, 0.17044836444699246, 0.15731007962123209,
    0.1540011697165344, 0.14138494836895363, 0.15768343890490738,
    0.14960679784417152, 0.14864755762012108, 0.1406690735855828,
    0.14490137281625168, 0.13962828335554703, 0.13534036473087643,
    0.1317543249739253, 0.1384041550690713, 0.13616791869635167,
    0.14052763419306796, 0.12966105034169945, 0.13323056195741115,
    0.12978942254963127, 0.13191416762445285, 0.13539307451118593,
    0.131523123577885, 0.13609583546286044, 0.13179881951731184,
    0.1399067518827708
  ],
  "train_ious": [
    0.4722586731034995, 0.5534681340652531, 0.5993843833929391,
    0.6276872661234676, 0.6519308176593503, 0.6667508309626059,
    0.6852280107205331, 0.6911946373681228, 0.7049750005961329,
    0.7107375501722527, 0.7202514670249348, 0.7263231147350607,
    0.7340029728045497, 0.7366500848877259, 0.7474202291797036,
    0.7555357316589876, 0.7562408034784207, 0.7662934211717136,
    0.7691018377849161, 0.7696968375340753, 0.7840967334914898,
    0.7916451417233629, 0.7955781046463098, 0.7931569074483023,
    0.7999142115746717, 0.8043917932588123, 0.8097845442269156,
    0.8050403007562607
  ],
  "val_ious": [
    0.4790284098058507, 0.5593431603865348, 0.6157238770654238,
    0.6403000641992127, 0.6402767803789914, 0.6692705363899036,
    0.6734718848829685, 0.6938037036553674, 0.6718647484330164,
    0.6882998185313267, 0.6810201145168662, 0.6983180905597799,
    0.6941036363874657, 0.6990674112154092, 0.7082764851874199,
    0.7142139433518702, 0.7066824477219926, 0.710439277731854,
    0.6987373010403869, 0.7218103132386138, 0.7214736994625867,
    0.7288104293571002, 0.7269992046598073, 0.7217407384212465,
    0.7295774610146232, 0.7176727324292279, 0.7314174382582955,
    0.7093524954457215
  ],
  "training_time": 511.74715518951416,
  "avg_gradient": 0.006212996409487105,
  "memory_usage": 856.21484375
}
