{
  "train_losses": [
    0.2635738740310721, 0.2133650742471218, 0.19072361395734808,
    0.17397180807007395, 0.16107885397808708, 0.15409834197034006,
    0.14970077938683654, 0.1409248546494738, 0.13438014892618294,
    0.1341899034931608, 0.12648472088672544, 0.12168747449860624,
    0.12072670265384343, 0.11496896928419238, 0.11226363006331351,
    0.10832656822774721, 0.1064938331508766, 0.1025134931196985,
    0.09888821431314168, 0.09546013714988595, 0.09480241548431956,
    0.09020869531061339, 0.09200381426869528
  ],
  "val_losses": [
    0.2376748566394267, 0.20011947401191876, 0.1719927561023961,
    0.161780655708002, 0.16432608502066653, 0.1503695599410845,
    0.15016957647774531, 0.1396413589625255, 0.1422609562135261,
    0.13663901129494543, 0.1402078105703644, 0.1325625590980053,
    0.13148438072075014, 0.1273082797618016, 0.1331030157921107,
    0.13138558229674463, 0.1315311747400657, 0.14643581810852754,
    0.12851366433112518, 0.13344529303519623, 0.12657478775667108,
    0.12633499956649283, 0.1404558773274007
  ],
  "train_ious": [
    0.474143088592783, 0.5643037815402816, 0.6028669847958333,
    0.6353133224166824, 0.6568456330485102, 0.6690039506209068,
    0.6775158008803496, 0.6949088492471239, 0.7059110945657545,
    0.7075662483879622, 0.7201742292314336, 0.7294179646541241,
    0.7301602891065938, 0.7412670968991256, 0.7460508909670339,
    0.7533239275217056, 0.7559242627542949, 0.7645873842032064,
    0.7704878101746244, 0.7773231243093811, 0.7785034605666347,
    0.7872431084945579, 0.7840322290101774
  ],
  "val_ious": [
    0.5261259986006696, 0.5809201589529066, 0.6366400280292484,
    0.6539626119361408, 0.6533027796641641, 0.6745591122603073,
    0.6761107176974198, 0.6954212259987128, 0.6933196294998779,
    0.7017577530249305, 0.700203117253124, 0.7111444691385048,
    0.7118050140747126, 0.7173105990109236, 0.7097405057022538,
    0.7155846311994223, 0.7185781721187673, 0.6975301372400229,
    0.7213027354167854, 0.7176552799300869, 0.7297731091578801,
    0.7297350762115008, 0.7117199329794317
  ],
  "training_time": 421.54751539230347,
  "avg_gradient": 0.0057750949206563824,
  "memory_usage": 856.21484375
}
