{
  "train_losses": [
    0.26349024231667106, 0.22438736964503062, 0.19667630318714224,
    0.18274471398604952, 0.16951661637943724, 0.16046482251714106,
    0.1517597932125563, 0.14716378384796175, 0.13992370798697937,
    0.13769451208898556, 0.1312996035279787, 0.12747838048507337,
    0.12410546940467927, 0.11840165617025417, 0.11577145301777383,
    0.11271670776540818, 0.11056788010603708, 0.10696140381143145,
    0.10255449435309223, 0.09803404448472935, 0.09684245790476384,
    0.09268524258842935, 0.08950547456903302, 0.08811285103792729,
    0.08823788328015286, 0.08683208477399919, 0.0864147072981881,
    0.08794602367055157, 0.07968337202201718, 0.0744775845264287,
    0.07229029508712499, 0.07222264069739891, 0.06916942457547007,
    0.07454995764419436
  ],
  "val_losses": [
    0.25070474912290985, 0.22291114537612253, 0.19244257749422736,
    0.18985450170610263, 0.1640741083285083, 0.1592953830309536,
    0.161674237769583, 0.15342286067164462, 0.1512283995423628,
    0.14400123059749603, 0.14110930717509726, 0.16265812192274176,
    0.14102189761141073, 0.1410458212637383, 0.1400080347514671,
    0.1397459259175736, 0.14019223885691684, 0.1309441869025645,
    0.13290536889563437, 0.1318968401654907, 0.12766542739194373,
    0.129175398984681, 0.13760158549184384, 0.13308873999377954,
    0.1376677566896314, 0.13048309055359467, 0.14425023045876753,
    0.13674843133143758, 0.13314096759194913, 0.135151289889346,
    0.14143878205314928, 0.1373871451486712, 0.14257945930180344,
    0.15485213356821434
  ],
  "train_ious": [
    0.47224741614005256, 0.5436329666147196, 0.5932353886141293,
    0.6160370257237683, 0.6413431109293644, 0.6575948239128656,
    0.6735901641996874, 0.6815465859312941, 0.6958437069062743,
    0.6996940899154412, 0.7109474809165451, 0.7189171957796896,
    0.7242957129534602, 0.7339939974464365, 0.7400517126248366,
    0.7447268957461138, 0.7487411332195223, 0.7558144867636161,
    0.7642044302993933, 0.7721772670637873, 0.7744438133701899,
    0.7817227670895882, 0.7884821503058721, 0.7912477841735748,
    0.7909870752929777, 0.7935222916952945, 0.7949101188476533,
    0.7911880518971144, 0.8077377017209488, 0.8185490411908726,
    0.823210642605588, 0.8235283958307218, 0.8298971550404156,
    0.8190069007484813
  ],
  "val_ious": [
    0.5004190356619116, 0.5532963856838751, 0.5964547883773196,
    0.6061059623092845, 0.6511272006276724, 0.6631111528562463,
    0.6616122649199719, 0.6757280979899392, 0.6804597792418108,
    0.6897261153528657, 0.6947993536790211, 0.6734790812799898,
    0.6938518676636876, 0.697546212137609, 0.6982478868702182,
    0.7013049782186315, 0.7029469520717427, 0.717766230305036,
    0.7184643838284671, 0.7167070296363554, 0.7240370164314909,
    0.7249485740195152, 0.7201761184395223, 0.7219302371360254,
    0.71754963307277, 0.7289685390997626, 0.7074791599011074,
    0.7191977256882017, 0.7287691468777865, 0.7293200209952784,
    0.7267333262640499, 0.7288929012374601, 0.7290786761736525,
    0.6843601372362912
  ],
  "training_time": 620.3321130275726,
  "avg_gradient": 0.007820565872972213,
  "memory_usage": 856.21484375
}
