{
  "train_losses": [
    0.2633010536108328, 0.21932205655004666, 0.19546872442183288,
    0.17899008232938207, 0.1662758811093543, 0.16011969623682293,
    0.1501637959204938, 0.14410065725931656, 0.14120942718632842,
    0.13737548053588555, 0.12819008561580078, 0.1253589961839759,
    0.12626697276921375, 0.12069035633264677, 0.11344360940806243,
    0.1127002319402021, 0.10915580740117509, 0.1037533218850908,
    0.10491313878446817, 0.09833125818682753, 0.09588544038326843,
    0.0944617491863344, 0.08933635622910831, 0.0905888935794001
  ],
  "val_losses": [
    0.3388035096552061, 0.22073510159616885, 0.18699255229338355,
    0.17267528759396594, 0.1673874411246051, 0.16428340113033418,
    0.15383890497943628, 0.15004115843254587, 0.17240383767563364,
    0.14131681653468506, 0.1401031558280406, 0.1445325517460056,
    0.14551386220947557, 0.13785911562002223, 0.14660472017915352,
    0.12992063521043115, 0.13035499612274376, 0.1333956269790297,
    0.14677880558630693, 0.13071083698583685, 0.13414108445462974,
    0.12602368078154066, 0.13123678820936577, 0.15807522590393605
  ],
  "train_ious": [
    0.4676174655543179, 0.5528744037492548, 0.5955257984013227,
    0.6245249351621539, 0.6472494460210423, 0.6577776433980984,
    0.6759651747086773, 0.6881331351140275, 0.6928155856827896,
    0.7000862042001196, 0.7166251611450442, 0.7220450908593513,
    0.7206658382454644, 0.7310531587488408, 0.7446340717699218,
    0.7454104534201863, 0.7520136461201785, 0.7620785099764664,
    0.7591209859195827, 0.7717954627089741, 0.7762237265706066,
    0.7794609372166619, 0.7889509086051713, 0.7863364588415275
  ],
  "val_ious": [
    0.4027631768713826, 0.5411513073072917, 0.6126793270957642,
    0.6370784055063691, 0.6488868902990783, 0.6560756013445233,
    0.6726465769436047, 0.6779515317816663, 0.64810862035855,
    0.6952829682740613, 0.6941811960676442, 0.6981868009636366,
    0.6947639865287837, 0.7033790779718454, 0.7013484392909038,
    0.7186196223981139, 0.720521219830582, 0.7178556709617808,
    0.6962215924176618, 0.7230865894884303, 0.7180092000011086,
    0.7322626098774482, 0.7230184086854905, 0.6962110080580779
  ],
  "training_time": 438.2729618549347,
  "avg_gradient": 0.0052041575051975115,
  "memory_usage": 856.21484375
}
