{
  "train_losses": [
    0.264880356905253, 0.22120412301434123, 0.19332732980989892,
    0.1752308622488509, 0.1664802585930928, 0.15603371887751247,
    0.14883094341696604, 0.14186933090019485, 0.13838093517267186,
    0.1327663369314826, 0.12833164518942003, 0.12441483200730188,
    0.12082717794439067, 0.11594421902428502, 0.1147940004568385,
    0.1068293430397044, 0.10596252617466709, 0.10440005175769329,
    0.0987986447289586, 0.09656358113431412, 0.09209534473231305,
    0.09187265683937332, 0.08746702491265276, 0.08472690067213515,
    0.08381061790430028, 0.08575812492357648, 0.08294090851331534,
    0.08116424573666375, 0.07703376901538475, 0.07858175504952669,
    0.07141953759381305, 0.068311320192626, 0.06775528457744615,
    0.07041875056355544
  ],
  "val_losses": [
    0.24602832742359326, 0.2170976089394611, 0.18758715462425482,
    0.17068149667719137, 0.17864163317110227, 0.1657627325343049,
    0.16320762151609297, 0.14457232164947884, 0.14969292623193367,
    0.1410215845250565, 0.14914654616428458, 0.14434765198308488,
    0.15328963813574417, 0.138644077045762, 0.13705557147445885,
    0.16039350936594216, 0.13679001690900844, 0.13364413315835205,
    0.137057825922966, 0.13700154585682828, 0.13212052522146184,
    0.13614833840857382, 0.13208755818398102, 0.13376935798188913,
    0.1396353677239107, 0.13765406511400058, 0.13983246732665144,
    0.13779317717189374, 0.1459744720031386, 0.13412049850044044,
    0.1383926086127758, 0.13799519561555074, 0.14199401956537497,
    0.1420602123050586
  ],
  "train_ious": [
    0.4662892412245816, 0.5493091605603692, 0.5986024303820686,
    0.6310318317534268, 0.6479568403160227, 0.6661810402528962,
    0.6793447134179478, 0.6920898090238153, 0.6986155310726684,
    0.7097589837900107, 0.7179081741234531, 0.7252357839134291,
    0.7300349676414676, 0.7398972433006417, 0.7420137948963952,
    0.7558369715360623, 0.7579254109574403, 0.7609693450664262,
    0.7704525581304573, 0.7750903502970504, 0.7835553960091829,
    0.7840555772401282, 0.7922444382979389, 0.7974306942112206,
    0.799469769756863, 0.7957190201766248, 0.8009257670761883,
    0.8043298319630005, 0.8131492167063383, 0.8096249601331317,
    0.8247398706018059, 0.8315759545219115, 0.8330738629767861, 0.82714691347834
  ],
  "val_ious": [
    0.5085126272794129, 0.5593963385276173, 0.6083609170239904,
    0.6424564248409822, 0.632729156077772, 0.6457208801006925,
    0.657470403806023, 0.6857342063516808, 0.6783984953510587,
    0.6942745667436849, 0.6787810044876043, 0.6887998492389483,
    0.6780107112034507, 0.7034762784622717, 0.7070123348115146,
    0.6724574429833371, 0.7090142811985983, 0.7155570070380748,
    0.7039124803698581, 0.713286364208097, 0.7194035135317541,
    0.7156108149151872, 0.721378746671953, 0.7239992964094963,
    0.7171904515960942, 0.7156301715235778, 0.7198686627806098,
    0.7241657095542852, 0.7101328206667005, 0.732056411928025,
    0.7309410852798518, 0.7336561798617459, 0.7315990475640781,
    0.7124813659035643
  ],
  "training_time": 620.9399569034576,
  "avg_gradient": 0.0038232376261985433,
  "memory_usage": 856.21484375
}
