{
  "train_losses": [
    0.2581077084431182, 0.20645243893175022, 0.18475142647714718,
    0.16919326004774674, 0.15884605280893005, 0.14997659761296667,
    0.14265996440435233, 0.1397248419487606, 0.13141536919157143,
    0.1285080749784475, 0.12314829133127046, 0.1170894686213654,
    0.11609429525940315, 0.11131477056314117, 0.10987189699612233,
    0.10388595542020124, 0.10298246137149956, 0.10064657174212777,
    0.09638928492432056, 0.09205895180449537, 0.09026889085931622,
    0.09016558693964845, 0.08655789656483609, 0.08317188857852117,
    0.07999501612199389, 0.07865700971983049, 0.07607012493130953,
    0.08032700038798478, 0.07725967353452808, 0.08443130064836663,
    0.0710367536901132, 0.06735611520707607, 0.06585284352869443,
    0.06480065380911464, 0.06493631962929731
  ],
  "val_losses": [
    0.23062741173350293, 0.21733543730300406, 0.18161037240339362,
    0.1871897228386091, 0.16447725697703983, 0.15667013840182967,
    0.14721713069340456, 0.14808364390679027, 0.1494821951441143,
    0.14441590254073558, 0.14143913109665332, 0.14865668247575345,
    0.14091244064595387, 0.14012472817431326, 0.13931223620539127,
    0.1372911865296571, 0.13261530710303265, 0.13739741885143777,
    0.1475094830536324, 0.1337609351005243, 0.13359500402989594,
    0.13905818711804308, 0.12945932085099426, 0.13791114140463911,
    0.13679564776627914, 0.1337216749139454, 0.14574706797366557,
    0.13671483601564946, 0.1525328632282174, 0.13610287609955538,
    0.1364265048633451, 0.13952556187691895, 0.14110769185683,
    0.14194452033742613, 0.15389593723027603
  ],
  "train_ious": [
    0.48548086572006555, 0.5761382490180538, 0.6140978399502198,
    0.6414433994154997, 0.6611618890926457, 0.6773440334675971,
    0.6911281623702116, 0.6965858745186225, 0.7111327756142268,
    0.7171813255526882, 0.7274366780251695, 0.7365820753401612,
    0.7385311703859029, 0.7474373380883016, 0.7509638130448871,
    0.7621182957529153, 0.7633408053737621, 0.7672743379421858,
    0.7756072236899884, 0.7837295627248458, 0.786534734826157,
    0.7878064525624116, 0.7944454101008782, 0.8007583727223284,
    0.8070398192258845, 0.8098519564322805, 0.8153590592353239,
    0.8069083375343374, 0.8130894973874089, 0.7996097283194897,
    0.8260929447369295, 0.8340597521999608, 0.8374513891943984,
    0.8396622737248742, 0.8393423054097353
  ],
  "val_ious": [
    0.5196075316356576, 0.5616290502358172, 0.6219217466271442,
    0.6167674978142199, 0.6488832382188328, 0.6659434288740159,
    0.6913717570512191, 0.6863035777772682, 0.6836131104956502,
    0.6940343654242114, 0.6981433673181394, 0.6846517896738604,
    0.7002009857391966, 0.7061491556789564, 0.7045395121626232,
    0.7085202213214792, 0.7180672497421071, 0.7140284042427504,
    0.7076465051243271, 0.7258415485637777, 0.7254923273255859,
    0.717659823704457, 0.7311907900848251, 0.7228676080703735,
    0.7308140198389689, 0.732856630631115, 0.7279571273188661,
    0.7284230123395503, 0.7100315687881, 0.7295970890832986, 0.7329829704502356,
    0.734031857787699, 0.7349992919227353, 0.7357070918964304,
    0.7197777343832928
  ],
  "training_time": 639.0083010196686,
  "avg_gradient": 0.0036899670072385845,
  "memory_usage": 856.21484375
}
