{
  "train_losses": [
    0.26357700805301254, 0.21943037341470303, 0.19446783002627932,
    0.17594692718399607, 0.16566729958614576, 0.15608491720226797,
    0.1481589774965592, 0.14083269331604242, 0.1360758596059421,
    0.13062896121941184, 0.12584936169340558, 0.12415367020698993,
    0.11865139926743248, 0.11618756304454544, 0.11174912017810604,
    0.10596232411816069, 0.106352048440148, 0.10294087105633123,
    0.09675712612174127, 0.09485008352962525, 0.09687996117155188,
    0.09369957123113715, 0.08821248599206624, 0.08630261031667823,
    0.08281094957467007, 0.08257921995676082, 0.08131978126323741,
    0.08083718160734228, 0.07563869655132294, 0.07583434482955415,
    0.0797765988694585, 0.07517774374750645, 0.07075034914052357,
    0.06767229806712788, 0.06606152671915681, 0.07150485481985885
  ],
  "val_losses": [
    0.26381845675084903, 0.2150007107335588, 0.19247538725966992,
    0.16683553191630737, 0.16492946219185126, 0.15151739331043285,
    0.1529364187432372, 0.1425869208963021, 0.14197469923807227,
    0.15295229074747665, 0.1448884292141251, 0.1448522793210071,
    0.14224420099154764, 0.13642552333033603, 0.14021702791037766,
    0.13389667771432712, 0.14410408667248228, 0.1343271384096664,
    0.12602897506693136, 0.13710716091420339, 0.14123671064558235,
    0.13728294003268945, 0.13308234010701595, 0.13575237714078114,
    0.12853421384225722, 0.1375398749242658, 0.1361394718937252,
    0.13730527007061502, 0.1307919687874939, 0.13281333009185997,
    0.13668024005449336, 0.1426698239925115, 0.1370144434597181,
    0.1352442052701245, 0.13735386324317558, 0.14525636431315672
  ],
  "train_ious": [
    0.4718665265059775, 0.5522762204425924, 0.597652611255214,
    0.6295874219765694, 0.6476077091326747, 0.6657576413582198,
    0.6795008733760618, 0.6938717856031397, 0.702741840341385,
    0.7121784522913504, 0.721656351795663, 0.7241937796166844,
    0.7344771441126218, 0.738558400692283, 0.7473597852108272,
    0.7571473994116853, 0.7569942759430923, 0.7626447823924432,
    0.7747262571061004, 0.7782714176869049, 0.7739825004144857,
    0.7800382363839427, 0.7904869526948614, 0.7944970214604465,
    0.8016520765596544, 0.8020392548346866, 0.8045358765816348,
    0.805644030048363, 0.8164278080929878, 0.8158923702827393,
    0.8079392695124603, 0.8169775450791141, 0.8264134822116384,
    0.8332689153975338, 0.8368243121582529, 0.826064966295076
  ],
  "val_ious": [
    0.48588653891414835, 0.5572139042011206, 0.5921896555717441,
    0.6459556280270867, 0.6500902651012808, 0.6727224000986072,
    0.6744973540738008, 0.6922706983227662, 0.6929389320421911,
    0.6743251521518264, 0.6916865555272586, 0.6922333596841149,
    0.6951574072025825, 0.7059925196395404, 0.701283709510513,
    0.7138261332891986, 0.6956005074839662, 0.7197170814742213,
    0.7302682026140931, 0.7142017583052318, 0.7089754628098529,
    0.7153980269812155, 0.7263129381597907, 0.7210673335669696,
    0.7340047115433045, 0.7165357606566473, 0.7217901694601858,
    0.7311747074127197, 0.732497461896012, 0.7286709331083988,
    0.7255919050911198, 0.7255934638821561, 0.7333216615345167,
    0.7353393698948018, 0.7367224807756534, 0.7135427285363708
  ],
  "training_time": 655.3732180595398,
  "avg_gradient": 0.005764473674518402,
  "memory_usage": 856.21484375
}
