{
  "train_losses": [
    0.2612515732484019, 0.21461598550819833, 0.1921319636799719,
    0.17513887608504813, 0.1631884897613655, 0.15331479170076226,
    0.1448409114761845, 0.14173792209476233, 0.13634504928537036,
    0.13141266924693532, 0.1276476986139365, 0.1228817036456388,
    0.12135819920703121, 0.11570306944296412, 0.1103515167032247,
    0.1089541644019925, 0.10596748433359292, 0.10115357941907385,
    0.0990339216330777, 0.09973624956024729, 0.09440537882239922,
    0.09216604993233214, 0.09344303587694532, 0.08617699632178182,
    0.08300944668767245, 0.08818027302217872, 0.08418982791835847,
    0.08155972526773163, 0.07738718754895356, 0.07741614552619665
  ],
  "val_losses": [
    0.23427945051504218, 0.1995008056578429, 0.2020991042904232,
    0.16634338349103928, 0.1602082236305527, 0.15115029105673666,
    0.1459853412664455, 0.1459180212215237, 0.17481860939575278,
    0.14656450599431992, 0.14117934295664664, 0.13575321727472803,
    0.13972823921105135, 0.14228196847050087, 0.13689879619556924,
    0.1375474238201328, 0.12950344918214757, 0.13502784607850987,
    0.14457940472208936, 0.13031415171597316, 0.1323851185000461,
    0.12419664471045784, 0.12711592115785764, 0.12605521342028742,
    0.13175236077412314, 0.12743864548595055, 0.12628025091860606,
    0.12260591465493907, 0.12949754573080852, 0.14272399376267972
  ],
  "train_ious": [
    0.47689087920066325, 0.5612854524583056, 0.6016482174720451,
    0.6317414781213669, 0.6540836285313835, 0.6712390242171463,
    0.6874563259383035, 0.6926077562181845, 0.7032926654362157,
    0.7122185114717136, 0.7174878227861896, 0.7280936788065714,
    0.7303499931442569, 0.7405711475597774, 0.7499454131052977,
    0.7531268786692963, 0.7583720280748352, 0.7664192935478858,
    0.7710395307968495, 0.7697725329494134, 0.7792481915026476,
    0.7832548787304457, 0.781192368085402, 0.7950147134454353,
    0.8011902477322284, 0.7915337014457456, 0.7990000471472741,
    0.8043018195076266, 0.8127631884122235, 0.8129992609222727
  ],
  "val_ious": [
    0.5265319028842277, 0.5833708110494888, 0.5798376023337459,
    0.6443115172610767, 0.6609502838573593, 0.6750686512045238,
    0.6823452246793803, 0.682819144665331, 0.643586958664051,
    0.6801490677871567, 0.6937531656113224, 0.7039812073327493,
    0.6993558545043504, 0.6935739519371502, 0.7105691469665886,
    0.7032787385194198, 0.716851553407268, 0.7085956192534902,
    0.6973690505045047, 0.7215652953887329, 0.7188254372365234,
    0.7278449913297874, 0.7282905710348185, 0.7308264104784395,
    0.725640842880028, 0.7258076408635015, 0.7318818700918254,
    0.7390328567960988, 0.7366976748774015, 0.7160191125627877
  ],
  "training_time": 547.2614235877991,
  "avg_gradient": 0.006038650021749613,
  "memory_usage": 856.21484375
}
