{
  "train_losses": [
    0.2592176189241202, 0.21343822680089786, 0.1893072424699431,
    0.17175382367618705, 0.16119199857601654, 0.15343015458758757,
    0.1456289085276101, 0.1410195354939155, 0.13667179745338534,
    0.13057983294129372, 0.12642248112546361, 0.12304545947067115,
    0.1178175854375181, 0.11385816525991845, 0.11161413343380326,
    0.1079430497534897, 0.10531037620714177, 0.10305494462828273,
    0.10042903471090224, 0.09526806025077468, 0.09488660327928222,
    0.0931051881659938, 0.08670975709253032, 0.08641963869171299,
    0.08519022563553375, 0.08322992710315663, 0.08390773634385804
  ],
  "val_losses": [
    0.22432502067607382, 0.1936161786965702, 0.18688111687483994,
    0.1591550238106562, 0.17117708176374435, 0.1478207590787307,
    0.14446918180455331, 0.14683995638852534, 0.1476802850223106,
    0.14176917432442956, 0.13564959184631056, 0.13199626816355664,
    0.13427586221824522, 0.13366915447556454, 0.13394123785521672,
    0.14745415925331737, 0.12798565172630808, 0.1318559925193372,
    0.12708043064112248, 0.1270986615639666, 0.13426754542666933,
    0.12618504302657169, 0.12810193196586941, 0.12367407167735307,
    0.1451801121558832, 0.1272677372655143, 0.13900959329760593
  ],
  "train_ious": [
    0.47984785704698024, 0.5627539006966181, 0.6069999378228534,
    0.6384563178255935, 0.6582299094053283, 0.671156694599684,
    0.6852334911624589, 0.6942530462275381, 0.7025598662271015,
    0.7128448113259196, 0.7211560013609521, 0.7271750502936216,
    0.7360048869597741, 0.7438931184402411, 0.7478513241462084,
    0.7543929331544514, 0.7593372711452884, 0.7638787172086863,
    0.7684809651927665, 0.7777657318806305, 0.7790019985666312,
    0.782400768412196, 0.7943915380299953, 0.7947953529116036,
    0.7972032468280067, 0.8006393025102824, 0.8001333706188897
  ],
  "val_ious": [
    0.5378805211056833, 0.5965765192024951, 0.6185596548560737,
    0.6544728147378865, 0.6419181240641553, 0.6821729378855748,
    0.6873079985380173, 0.6832633621018867, 0.6833984521420104,
    0.6905305970838104, 0.7063896273789197, 0.7077470454184907,
    0.7064189092404601, 0.7096158587846202, 0.7095820309891218,
    0.6938738911480143, 0.7202250782562338, 0.7183214680872103,
    0.7243017098609951, 0.7287655088348666, 0.7135284495526465,
    0.7288125025621359, 0.7269713384085804, 0.7356031258469041,
    0.712056487582732, 0.7313270663869554, 0.717633715790251
  ],
  "training_time": 492.66833090782166,
  "avg_gradient": 0.0034043993649643597,
  "memory_usage": 856.21484375
}
