{
  "train_losses": [
    0.2636791547031506, 0.21910377292205457, 0.19338415449728136,
    0.176546525048173, 0.16425861977040768, 0.15560894208433834,
    0.1483388787297451, 0.14201666463328444, 0.13762429178408955,
    0.13172667173911695, 0.12869952096725287, 0.12244898113219635,
    0.12153021489148555, 0.12029794927524484, 0.11332961844037408,
    0.10852616494926422, 0.10555377983204696, 0.10534704743844012,
    0.10087293937154439, 0.09763103018960227, 0.09515014634994061,
    0.09251520535706179, 0.09430530112560677, 0.08862901402070471,
    0.08472322024728941, 0.08072351048821988, 0.07992703042438497,
    0.0796538464644033, 0.08045158446159052, 0.08220595700423354,
    0.07534129188760467, 0.0742793400650439, 0.07403015505279535
  ],
  "val_losses": [
    0.23674127362344577, 0.20164515693550525, 0.1794383613311726,
    0.19047483510297278, 0.17039147408112235, 0.15689783705317456,
    0.1452958246935969, 0.1421422095078489, 0.14470607933142912,
    0.14490365026437718, 0.14069129299858343, 0.1381260836901872,
    0.14347724227801614, 0.14662809248851694, 0.1315168270274349,
    0.13474151637891066, 0.1316742496969907, 0.13511515295375948,
    0.15267163012986598, 0.1333937722703685, 0.14087899417980856,
    0.13468467573756757, 0.13018161835877792, 0.1317602114185043,
    0.12930194531445918, 0.1333003988408524, 0.13403740865380867,
    0.12962137794365053, 0.1375668748565342, 0.13385824276053387,
    0.13468193602950676, 0.1331766148948151, 0.1393527121323606
  ],
  "train_ious": [
    0.47190927102675934, 0.5540197558053163, 0.5997101071196189,
    0.6303514355010743, 0.650949890954771, 0.6667437609555066,
    0.6810912322522937, 0.6916543682092343, 0.6998395688723822,
    0.7109545093515648, 0.7162734130262465, 0.727638623258774,
    0.7301325911413071, 0.731745059291522, 0.7442408095559349,
    0.7536501501133476, 0.7586059526580834, 0.7586793870921581,
    0.7670167559838812, 0.773124282720728, 0.7780203791200249,
    0.7825196711481479, 0.7801465892057489, 0.7900182338620441,
    0.7979533807307052, 0.8060119603423103, 0.8076848112370653,
    0.8080997815814576, 0.8072669113027879, 0.8030269313333697,
    0.817091057266014, 0.8191594013917273, 0.8205380412763437
  ],
  "val_ious": [
    0.5241288286836252, 0.5873933896638345, 0.6237589012885438,
    0.6263772478138192, 0.63807935991149, 0.6656405346980993, 0.685226670857789,
    0.6903120108704636, 0.6872797796259754, 0.6888876274444055,
    0.6996649762858518, 0.7068424706441772, 0.6904429648665416,
    0.6898471887992776, 0.7157909675784735, 0.7094959415819334,
    0.7166706541742104, 0.7134141073278757, 0.6928835010183029,
    0.7159671733776728, 0.7101176586272061, 0.7167288205329921,
    0.7215037941932675, 0.7248478559912115, 0.7279385267824365,
    0.7297656363335208, 0.7255608970704286, 0.7322694350411926,
    0.7155896893877915, 0.7310987333024758, 0.7296473697043847,
    0.7337063080158785, 0.7206942130258119
  ],
  "training_time": 603.0364210605621,
  "avg_gradient": 0.0033333120363220024,
  "memory_usage": 856.21484375
}
