{
  "train_losses": [
    0.25916235691503337, 0.21517623458867488, 0.19134297157111374,
    0.175810306130544, 0.16371110413709414, 0.1570181653065526,
    0.14724098927462878, 0.14312480839536243, 0.13836773768391297,
    0.13118740940547508, 0.12997391410981832, 0.12458614543404269,
    0.12202105958662603, 0.11660730952154034, 0.11300620068188595,
    0.1109256494142439, 0.10701587694980529, 0.10473444114398697,
    0.10271377318903156, 0.09772767567926127, 0.09575069149065277,
    0.09338988489268915, 0.09074214898535739, 0.08837507341219031,
    0.08536092536119015, 0.0841585566168246, 0.08563290864391171,
    0.08235750942612471, 0.07598970393123834, 0.08510008547455072
  ],
  "val_losses": [
    0.23927039069973904, 0.1996505513139393, 0.1904604658484459,
    0.17726401693147162, 0.16285154482592706, 0.1731105492166851,
    0.15089386814962263, 0.1466401525489662, 0.14365889018644457,
    0.14584954957599225, 0.14213133862485056, 0.1389044886050017,
    0.13639503296302713, 0.14464727222271587, 0.1321521683231644,
    0.13065274529483006, 0.13001670672193819, 0.13283365122649982,
    0.13977234227501828, 0.13256213781626328, 0.12804745575008186,
    0.12886380404233932, 0.12890216432835744, 0.13283999377618666,
    0.12633102532962096, 0.138536732967781, 0.13160316030616345,
    0.13047681327747263, 0.13009430646248485, 0.1493162248769532
  ],
  "train_ious": [
    0.4765373699340054, 0.5593884129725073, 0.6020475965587125,
    0.6307197676944559, 0.6510152055517484, 0.6642354071896147,
    0.6829500927765297, 0.6895640855790045, 0.6996815609543223,
    0.7106315685787059, 0.7143968579129895, 0.7239763120162312,
    0.7283503163767897, 0.7382506431768767, 0.7444572958393374,
    0.748926773019459, 0.7562661960828996, 0.7608869102230108,
    0.7642352816959223, 0.7730384933343829, 0.7765028739105092,
    0.7808040950609288, 0.786430085266846, 0.7903575118145214, 0.79687222422681,
    0.7991362369578823, 0.7956682138576887, 0.8025855877693151,
    0.815295148154964, 0.7977978173049465
  ],
  "val_ious": [
    0.5365868008871008, 0.5915497327628343, 0.5998487589151964,
    0.6419472381256629, 0.6563327886920044, 0.6599067903083303,
    0.6784588824147763, 0.6845861040595649, 0.6942632530910382,
    0.6858752749968265, 0.6936679979165394, 0.6997985457596572,
    0.7068458568790686, 0.6972083695556808, 0.7152672325787337,
    0.7135848115751711, 0.7186564751293348, 0.7213859169379526,
    0.7093830231739126, 0.7204127076311388, 0.7278144268885903,
    0.7274693671775899, 0.728877954940865, 0.7270443689995918,
    0.7345367432504462, 0.721535793033199, 0.7269877093857613,
    0.7327903915142668, 0.7359548895687296, 0.7016129532585973
  ],
  "training_time": 549.0873794555664,
  "avg_gradient": 0.005024912871773379,
  "memory_usage": 856.21484375
}
