{
  "train_losses": [
    0.26332300132059533, 0.2153883783713631, 0.18929503922877106,
    0.17193014401456583, 0.15966080218229606, 0.15189239605451407,
    0.14453131567848765, 0.13637590157273022, 0.13470578416372123,
    0.12796591724390569, 0.12480795715490113, 0.12119546694600064,
    0.1155993992705708, 0.11195743634648946, 0.1095007491176543,
    0.10398263269630463, 0.10687661280288645, 0.09866803835915483,
    0.095492676426859, 0.09300137189743311, 0.08894592227981142,
    0.09351986245778592, 0.09244012520851, 0.08299213728826979,
    0.07967335228686748, 0.0795163701126433, 0.08039836140106553
  ],
  "val_losses": [
    0.2607940490479055, 0.24825588710930035, 0.18646029415337936,
    0.16453435271978378, 0.1616766666588576, 0.16255777782720068,
    0.1553656931804574, 0.15044504857581595, 0.14381885204626166,
    0.1417470718531505, 0.1403588832396528, 0.13769205449068028,
    0.1384630012123481, 0.13910442007624585, 0.1336279454762521,
    0.14164137645908023, 0.13199298828840256, 0.1460373111717079,
    0.127554661553839, 0.13690813744197722, 0.13370836688124615,
    0.15425905552895172, 0.13132529106477034, 0.13291794320811395,
    0.13789888050245203, 0.13647575644047363, 0.18182613068948622
  ],
  "train_ious": [
    0.4690097660717107, 0.55756950089573, 0.6055407775700957,
    0.6373072446904322, 0.660629339084245, 0.6750863198784814,
    0.6872029910808884, 0.7014052455947882, 0.7060120218042014,
    0.7179708914372367, 0.7230385724941027, 0.7299454659763458,
    0.7396836327253907, 0.7473099809409913, 0.7512824047302855,
    0.7616746840269668, 0.7561892428151944, 0.7711384009191954,
    0.7770062582972258, 0.7811347929139929, 0.7896395180968279,
    0.7810836756682908, 0.7832853605133903, 0.8008357501332312,
    0.8078924936876777, 0.8079428094020785, 0.8070490294392564
  ],
  "val_ious": [
    0.4693413390845493, 0.5356082093456517, 0.6127740507540494,
    0.6509246413690457, 0.6612621245608814, 0.6591418450293333,
    0.664453414255294, 0.6805779402670654, 0.6927677978208101,
    0.6914372878230136, 0.6997354378302895, 0.7035366804271506,
    0.6993199621421704, 0.7036952410919078, 0.7109991346580395,
    0.7025930298411328, 0.7186047825692355, 0.7005682354388031,
    0.7264184742302134, 0.7152607950611393, 0.7257780434860699,
    0.7053628077973491, 0.7248792130014171, 0.7286904726339425,
    0.7264134760784067, 0.7268871425286582, 0.6807951365692028
  ],
  "training_time": 486.02482557296753,
  "avg_gradient": 0.0053272529005540855,
  "memory_usage": 856.21484375
}
