{
  "train_losses": [
    0.2598480574138787, 0.21269799210131168, 0.19021990295985472,
    0.1735698907919552, 0.1635411858720624, 0.15477844526100418,
    0.14652868825942278, 0.1400731394229376, 0.13656420673689115,
    0.13073977240887674, 0.1261226153406112, 0.12035499999056691,
    0.11917905687637952, 0.11639549016304639, 0.11024755555326524,
    0.1105251321974008, 0.10617698340312294, 0.10304704353051342,
    0.09791744188608034, 0.09766362417165352, 0.09633434422152198,
    0.0883790447741099, 0.08742215439839207, 0.08619636633311925,
    0.08367101066624341, 0.08306371068338984, 0.0814639514150179,
    0.08653400907211978, 0.076695142030392, 0.0731569707353154,
    0.07574475718581158
  ],
  "val_losses": [
    0.25956038579992624, 0.20289178970067398, 0.18011144095140955,
    0.17137408872013507, 0.16060217016417047, 0.15638199659145396,
    0.16070427518823874, 0.16232375152733014, 0.15209341389329536,
    0.142709172938181, 0.14271020500556283, 0.14383173458602116,
    0.13466416931022768, 0.14285740823201512, 0.15015380813375764,
    0.1341341345206551, 0.14025721893362378, 0.1382355345008166,
    0.1362410955454992, 0.14002259043247803, 0.13034409981058992,
    0.12926827306332794, 0.135555237531662, 0.13501980382463205,
    0.13651365819184677, 0.1368243448112322, 0.14684941441468571,
    0.14521740992432056, 0.13578075575439827, 0.13870253851232323,
    0.1573194610359876
  ],
  "train_ious": [
    0.4780094752196169, 0.5625618634124594, 0.6040066432585752,
    0.6327565179570863, 0.6518307275314265, 0.6665885833942368,
    0.6826607580094235, 0.6939924494835777, 0.7004709724282874,
    0.7105142969800081, 0.7200066758238757, 0.7303893209799475,
    0.7329468743848634, 0.7377495215530843, 0.7496238594901736,
    0.7486186347685859, 0.7565546632352941, 0.7624801225096419,
    0.7721783267739027, 0.7728814201402487, 0.7747572743590326,
    0.7902551244782362, 0.7923044525086884, 0.7947317933582738,
    0.7993418736302335, 0.8006564373339431, 0.8038441736413088,
    0.7941101520605711, 0.8135872171192926, 0.8206152696756351,
    0.8156457058545475
  ],
  "val_ious": [
    0.4999371231466101, 0.590215314125669, 0.6257300385530443,
    0.6423825988734978, 0.6605772058600966, 0.6709096204975378,
    0.6656695049310075, 0.6654604725215748, 0.6787409184203631,
    0.6966081827447035, 0.700548351890799, 0.6944439696229022,
    0.711795183411543, 0.6961820689232452, 0.6835231938655826,
    0.7135310036980589, 0.7039273273253785, 0.7172104731418085,
    0.7146943075501402, 0.7181676790334176, 0.7245475021393402,
    0.7323138448207274, 0.726014250646467, 0.7273140376892644,
    0.7270567883615908, 0.7295029843630997, 0.719235445926155,
    0.7186956967132679, 0.7344391605128413, 0.7345130173624427,
    0.7037789832422697
  ],
  "training_time": 565.3313183784485,
  "avg_gradient": 0.004905876243193447,
  "memory_usage": 856.21484375
}
