{
  "train_losses": [
    0.2663925612426322, 0.22021937969586122, 0.19319688544973082,
    0.17706847182758476, 0.16148343787569067, 0.15738834112720645,
    0.14879620054979686, 0.14219449444309526, 0.13619093475458416,
    0.13091633537703234, 0.12725677045629077, 0.12142540652142919,
    0.12132842360955218, 0.11434612362443106, 0.11083883504666713,
    0.10688762889122186, 0.10578785403429167, 0.1019013503809338,
    0.09934976061239191, 0.09244652189638304, 0.09174671137462491,
    0.08754730293446261, 0.08683875008769658, 0.08614092360696067,
    0.08381355031514945, 0.08059153487176998, 0.07979062806976878,
    0.07566011188875722, 0.07988493051379919, 0.0715419125702718,
    0.06913849938174953, 0.07230567802553592
  ],
  "val_losses": [
    0.24596295440974442, 0.20615321235812228, 0.18523602284815,
    0.1689423601264539, 0.1688328254158082, 0.164589396637419,
    0.1520743629206782, 0.14940572108911432, 0.15475496568757555,
    0.14440376100980717, 0.1433506337520869, 0.14474987724552985,
    0.1496893340802711, 0.14533261468876962, 0.1410810615381469,
    0.14425220680625542, 0.13488183267738507, 0.13903800770640373,
    0.14516534753467725, 0.14436365178097849, 0.13501997292041779,
    0.13646958509217139, 0.144915115736101, 0.14852397710732793,
    0.1464130160925181, 0.14408091245138127, 0.1489459762106771,
    0.1518974095259024, 0.1357748194233231, 0.13952524360755217,
    0.14205139000778613, 0.14717346154477284
  ],
  "train_ious": [
    0.4650081356150512, 0.5512277450196551, 0.5989694768103997,
    0.628658921012412, 0.6552984532562719, 0.6624016804971553,
    0.678838691255752, 0.6911704172042833, 0.7025379791747832,
    0.7115162796732312, 0.7193275761885062, 0.7292411540081534,
    0.7292652778543425, 0.7418462970442531, 0.7487091388607369,
    0.7559956237673761, 0.7582454381213671, 0.7654995179694634,
    0.7708594150625281, 0.7828989321554917, 0.7840002399423852,
    0.7922515006384989, 0.7936769543566566, 0.7949399528080142,
    0.7994355160904969, 0.805898062884808, 0.8076720679367796,
    0.8160842916239863, 0.8075133123691532, 0.8246090825701107,
    0.8294516632306407, 0.8232629211700481
  ],
  "val_ious": [
    0.5049796356023222, 0.5789213101717009, 0.6122446202713511,
    0.6446366456971652, 0.6432166943947475, 0.6552283813556035,
    0.6776551548121631, 0.6816728957321335, 0.675639758075493,
    0.6915126492579777, 0.6949253622172534, 0.6975058174651602,
    0.6820907219164614, 0.6950744191805522, 0.7050814324099086,
    0.7011122124782507, 0.7116128467563271, 0.7066012918949126,
    0.7000760569952535, 0.7109122520339662, 0.7188262792601102,
    0.7208666183810304, 0.7088932077521863, 0.7051171163717903,
    0.7158376382312911, 0.7121904345526212, 0.7222054952728575,
    0.7174691452064377, 0.726629765137382, 0.7286044026630513,
    0.7279206859892693, 0.7114264766375225
  ],
  "training_time": 582.7080972194672,
  "avg_gradient": 0.0044741016117041815,
  "memory_usage": 856.21484375
}
