{
  "train_losses": [
    0.27671007269426534, 0.2348211450583261, 0.20680573404483174,
    0.18579112301054207, 0.1707118504235278, 0.16421790064676947,
    0.1525088564047347, 0.14561657340306303, 0.13951111026108265,
    0.13874470551862664, 0.13337699813849252, 0.12615763157120216,
    0.12229019403457642, 0.12013910022442756, 0.11664961003091025,
    0.11223798176354688, 0.10948323442236237, 0.10788006987422705,
    0.10134810913840066, 0.10002349114612392, 0.09984151079602864,
    0.09411828179398309, 0.09092935105866712, 0.08974281860434491,
    0.08888594352680704, 0.08489524403020092, 0.08115416785459155,
    0.08120333362856637, 0.07942663011667521
  ],
  "val_losses": [
    0.2475069074527077, 0.23748475248398987, 0.1934978278434795,
    0.17757231547780658, 0.16272314184385797, 0.15898522864217343,
    0.15483166973875917, 0.14714256155750025, 0.14423165486558623,
    0.14934532409128937, 0.14434866412826206, 0.1375413967863373,
    0.1340943427513475, 0.1508155171961888, 0.14092308655381203,
    0.13645445782205332, 0.13709442349879639, 0.1355412727140862,
    0.1266402349523876, 0.13726604616512422, 0.13260242035207542,
    0.125788531711568, 0.1302444115281105, 0.14170154831979587,
    0.13222857094977214, 0.13451314393592917, 0.13120650564846786,
    0.1300316096647926, 0.13806642559559448
  ],
  "train_ious": [
    0.44588585036631306, 0.5254162252759159, 0.5759645352491004,
    0.6118889578982538, 0.6392235788314238, 0.651311159511839,
    0.6725661721674426, 0.6852011072138948, 0.6960985635177813,
    0.6967709374924503, 0.7075078783799774, 0.7204539747773739,
    0.7277664939022584, 0.7316830970238943, 0.7384337242962655,
    0.7467623436688515, 0.7520002045169258, 0.7539769699392115,
    0.766536762155053, 0.7690161293831423, 0.7689910773457823,
    0.7799015028429206, 0.785744068901176, 0.7877677884762697,
    0.7895792269728321, 0.7975358574286754, 0.8046110416020171,
    0.8048727807143462, 0.8085769572551699
  ],
  "val_ious": [
    0.4919415786862374, 0.5252919910826546, 0.5959409268006034,
    0.6337607347446937, 0.6519639941229335, 0.6637630495040314,
    0.6684904482917509, 0.682669158431067, 0.6890902912271196,
    0.677626313506693, 0.69119133832662, 0.7006478020246477, 0.7086929778258003,
    0.6929864550846211, 0.697700904979222, 0.708185202617576, 0.704657747477725,
    0.7101635850857996, 0.7260750506235207, 0.7124690489060636,
    0.7197048044291094, 0.7302442959685259, 0.723292645336925,
    0.7149377124033114, 0.7256914219562556, 0.7276259168334629,
    0.731216505817745, 0.7327191851277284, 0.7192045482604399
  ],
  "training_time": 530.0630860328674,
  "avg_gradient": 0.006135589403841662,
  "memory_usage": 856.21484375
}
