{
  "train_losses": [
    0.2590460848549138, 0.21988573897144068, 0.1962143604684135,
    0.17984390104918377, 0.16776842324306135, 0.15677545936373266,
    0.1519148174835288, 0.14417944961915846, 0.14005105205528115,
    0.13396758630709804, 0.1312882391250004, 0.12589994890858297,
    0.12133995731077764, 0.11799128126838933, 0.11786358779215295,
    0.11485919291558473, 0.10805334648846285, 0.10381904118896826,
    0.10265157221937957, 0.09864791264028652, 0.09797389534018609,
    0.09546365763020256, 0.0946889969965686, 0.08793086501891198,
    0.09209899636714355, 0.08610121176942535, 0.08436323831910672,
    0.07941585179904233, 0.07894852178414231
  ],
  "val_losses": [
    0.25313717353603116, 0.20354513597229254, 0.1862574478854304,
    0.17044525269580924, 0.1626410600931748, 0.17433875928754392,
    0.1655985563993454, 0.14767346077639124, 0.1476217273460782,
    0.1414793985693351, 0.1491106842523036, 0.1338485239640526,
    0.13156599940165228, 0.1429692774039248, 0.1415068461843159,
    0.14247105659350104, 0.13758832572594934, 0.13120793567403502,
    0.1317062991792741, 0.12889727447991786, 0.12594169021948523,
    0.1244739540245222, 0.12793379115021747, 0.13013705740804257,
    0.13095566776135695, 0.13848096229459927, 0.1314301555571349,
    0.12863858611039494, 0.15007031158260678
  ],
  "train_ious": [
    0.47527749576956785, 0.5513854012487162, 0.5940692460677331,
    0.622832750118729, 0.6444389690523563, 0.6643547367682492,
    0.6744701107019095, 0.6875801292126598, 0.6952665504338083,
    0.7063597327341202, 0.7121308184620259, 0.7217441457121268,
    0.7303435889923056, 0.7361109526692957, 0.735691583242969,
    0.7420270062335158, 0.7540547312709731, 0.7615240324774513,
    0.7640915515738123, 0.7717348178983601, 0.7726062416922351,
    0.776889645265065, 0.7789996229112145, 0.7913980730201887,
    0.7842872608183088, 0.7952077292661737, 0.798266715221647,
    0.8080930087877355, 0.8093043628378193
  ],
  "val_ious": [
    0.509078487213971, 0.5797934139120404, 0.6170204638139063,
    0.6364092027795487, 0.6590025837438693, 0.6509233806012334,
    0.662078667594039, 0.6825807833153269, 0.6842037758965425,
    0.700320742484452, 0.6850767615048783, 0.7099701403707698,
    0.7145695679861565, 0.6987808577824332, 0.7043592919042146,
    0.694011092185974, 0.7065467592598733, 0.7179730124231696,
    0.7204969330974247, 0.7262039383252462, 0.7260014071412708,
    0.7364436048960341, 0.7318029615326204, 0.7330481384111489,
    0.7275846725788668, 0.7104833983424781, 0.7348154107297676,
    0.7384608727002491, 0.7066875383041906
  ],
  "training_time": 528.9596750736237,
  "avg_gradient": 0.00411490816454418,
  "memory_usage": 856.21484375
}
