{
  "train_losses": [
    0.265877572171714, 0.21646953479427358, 0.19269289254494334,
    0.1781771366039048, 0.16826356404825396, 0.15694976666861254,
    0.15474011987933647, 0.14422754987912334, 0.14019305453352307,
    0.1340033258918835, 0.13093720668036005, 0.1256862668239552,
    0.12355321370389151, 0.11893605525888827, 0.11528699185051348,
    0.11324335177145574, 0.10778060519015012, 0.106641773984808,
    0.1057710334982561, 0.09944768857372843, 0.09780119898040658,
    0.09421114951534115, 0.08857050979428965, 0.08985915966331959,
    0.08712148577298807, 0.08581101679769547, 0.0833699339190903,
    0.0801993907307801, 0.08165796088945607, 0.08268986403456201,
    0.0758077320035385, 0.07444858492311576, 0.07557996870625926,
    0.07264556138492796, 0.06975932127755621, 0.0668501771338608,
    0.0653202403134302, 0.06406234648159664
  ],
  "val_losses": [
    0.24004193071437918, 0.2036666957580525, 0.20582942567441775,
    0.17943326934524204, 0.162912392421909, 0.16973954018043436,
    0.16124261462170145, 0.1633433233136716, 0.14968286956781926,
    0.13948834476911504, 0.13427397884104564, 0.13929013179048247,
    0.13754757671900417, 0.13837590975605923, 0.13635439117965492,
    0.13623547343456227, 0.12892997588800348, 0.14499718582500581,
    0.1317577235724615, 0.13722895847066588, 0.13071458203637082,
    0.12958426692563554, 0.1338225055647933, 0.13343943574506303,
    0.1350548132930113, 0.1359952382095482, 0.13135980571741643,
    0.13945936589785243, 0.13828213723457378, 0.1414551240918429,
    0.1368950731728388, 0.13554336827086366, 0.1346246577475382,
    0.13715410653663718, 0.1414065756227659, 0.14216778135817984,
    0.1425610887615577, 0.15343181448786156
  ],
  "train_ious": [
    0.46718273070249444, 0.5573403632025358, 0.6000217673355253,
    0.6266497003751389, 0.6437831416834093, 0.6626995845117432,
    0.6671062300278656, 0.6867481579167254, 0.6948802520831425,
    0.7068995479764288, 0.7122223637998104, 0.7212934970207836,
    0.7258130449099813, 0.7341592142331431, 0.7405651314858943,
    0.7444797936233062, 0.7550660798839033, 0.7569810162851781,
    0.7589759273805481, 0.7694143478529181, 0.772711993775506,
    0.7794389101690141, 0.7901973623944363, 0.7877688640593625,
    0.7929838281934675, 0.795506442640571, 0.8002829961478707,
    0.8061549065337665, 0.8040532729979872, 0.801731564320516,
    0.8157474834849872, 0.8184441525651055, 0.816580772507882,
    0.8229321403347926, 0.8283395717541376, 0.8350399742307867,
    0.8380655624728273, 0.8408942925541301
  ],
  "val_ious": [
    0.526571393660877, 0.5870761486931121, 0.5912070291629734,
    0.6270867653083112, 0.6540991903647132, 0.6488622979841371,
    0.6631531924873157, 0.662987289653308, 0.6832419016223021,
    0.6993637598943019, 0.708450585603714, 0.703576652036197,
    0.7059046103470566, 0.6983546355496282, 0.7090780532014543,
    0.7097655465637429, 0.7239259885273116, 0.6947571719470232,
    0.7176657610613367, 0.7094689145468283, 0.7268829507672266,
    0.7270204303921133, 0.7277806934671126, 0.7256208822347117,
    0.7243531354959459, 0.7215278891549595, 0.7326823285092479,
    0.7278333014768102, 0.7195925643478612, 0.7129563684912696,
    0.7331685663565347, 0.7333743857300802, 0.7336146870385045,
    0.7315696687370107, 0.7325802570667819, 0.7343726423771485,
    0.7347927788893382, 0.7224278549353279
  ],
  "training_time": 698.5092279911041,
  "avg_gradient": 0.0028652223131304952,
  "memory_usage": 856.21484375
}
