{
  "train_losses": [
    0.2592049621693466, 0.21175742797229602, 0.19021949860388818,
    0.1734457270282766, 0.1605302561884341, 0.1526907233359373,
    0.14543373012186392, 0.14050456986803075, 0.13393471272581298,
    0.13021928144861822, 0.12602262721275506, 0.12077250517904758,
    0.11730324618680321, 0.1137907336992414, 0.10975941971106373,
    0.10581195807975272, 0.10384297103661558, 0.1028009892805763,
    0.09528937437774046, 0.09706661425045003, 0.09753550005995709,
    0.08802515677297892, 0.08554361748468617, 0.08327331883913797,
    0.08942040930623593, 0.08092919951709716, 0.07808696438112984,
    0.07467116184694611, 0.07197379571912081, 0.07265491224825382,
    0.0720548504234656, 0.06960453481777855, 0.07621968456584474
  ],
  "val_losses": [
    0.24115672934314478, 0.2008888928786568, 0.18914188120676123,
    0.17773680486108945, 0.1681877692108569, 0.1600606758957324,
    0.15890819255424582, 0.1745787803893504, 0.16296762519556543,
    0.1462240674249504, 0.14829024057025494, 0.13569445260193036,
    0.14143656534345253, 0.1484586761697479, 0.1418822929263115,
    0.14671727950158325, 0.1478109502274057, 0.1336629787540954,
    0.13055898184361664, 0.13095464427833972, 0.13891169687976007,
    0.133289134858743, 0.13169847266829532, 0.13380572426578272,
    0.13260984080641167, 0.13900651053889937, 0.1432441421177076,
    0.14375667031044545, 0.13723201903959978, 0.1380717180993246,
    0.13782245843954707, 0.144620045857585, 0.14050274471873822
  ],
  "train_ious": [
    0.47608947558868403, 0.5651738721661378, 0.6034633254605358,
    0.6344260908123373, 0.65685221898383, 0.6721191093649553,
    0.6844748916725321, 0.6941580873900565, 0.7060650459126288,
    0.7132316683081611, 0.7202976071208281, 0.7307535613468591,
    0.7366012413108692, 0.7426381320085218, 0.7510400175832315,
    0.7578970974554187, 0.7613514163463874, 0.7627770413739089,
    0.7768509501888268, 0.7743530493715529, 0.7729129526710163,
    0.791016123918951, 0.7963140779647273, 0.8004367082663207,
    0.7885902218412663, 0.8050960917835653, 0.8106953182082244,
    0.817869274944499, 0.823587751582913, 0.8221433736059979,
    0.8235920490562051, 0.8289404779240706, 0.8154269298133644
  ],
  "val_ious": [
    0.5112759947128919, 0.5805524296086768, 0.6122075815995535,
    0.6247154675100163, 0.646096605753553, 0.661700105537539,
    0.6712482569442279, 0.6404520173867545, 0.6633199535418248,
    0.6821859327779299, 0.6911076933577442, 0.7059533827114797,
    0.6976604483265809, 0.696835973556491, 0.7056800543830015,
    0.6971200963725215, 0.6910236587990884, 0.7198271980320196,
    0.7247213736392449, 0.7245293190513833, 0.7152865783891814,
    0.7234061191911284, 0.7288430521021718, 0.7287792442501453,
    0.723063667399296, 0.7163510052622228, 0.7253663993400076,
    0.7224263466786647, 0.7342738003834434, 0.7307522653237635,
    0.7296512345041056, 0.7265919241784277, 0.7236812509920286
  ],
  "training_time": 602.5616090297699,
  "avg_gradient": 0.009725715511492355,
  "memory_usage": 856.21484375
}
