{
  "train_losses": [
    0.26937662008339947, 0.2279374912057234, 0.2023562061721864,
    0.18263500880288042, 0.16987129948709323, 0.1583321296569446,
    0.1518269312041609, 0.14672347441639588, 0.13914511466155882,
    0.13466012818009956, 0.12752045658619507, 0.1252426379967643,
    0.12165172074152075, 0.12059911700856427, 0.11648070306071769,
    0.1105881909556363, 0.10755763822437628, 0.10371570625220952,
    0.10261886485892793, 0.09707716119516155, 0.10026884585133065,
    0.09498442421950724, 0.09068766819394153, 0.08692013322497191,
    0.08999362223498199
  ],
  "val_losses": [
    0.27100627286278683, 0.2086570690507474, 0.19087377352559048,
    0.17138620109661765, 0.17159004282692206, 0.15895013025273447,
    0.16324647613193677, 0.14625106071648392, 0.15959783481514972,
    0.1563297589511975, 0.14437683007639388, 0.1338523258657559,
    0.1410207756511543, 0.14289372365759767, 0.13111880275866258,
    0.13584599935490152, 0.13439340678894002, 0.13967802634705667,
    0.1307627220192681, 0.14070825392137404, 0.13188352484417998,
    0.13674991464485292, 0.13013276004272958, 0.1309167728151964,
    0.1402381796227849
  ],
  "train_ious": [
    0.4595383787325222, 0.537799099298275, 0.5823559799380061,
    0.6166860548698384, 0.6405692214983097, 0.6613043592567891,
    0.6735521535510598, 0.684005336701006, 0.6970146037638186,
    0.7063053694648151, 0.7186049407051093, 0.7230758754455521,
    0.7296590412008588, 0.7321914961912492, 0.7385697197439012,
    0.7492048293352124, 0.7545331614496914, 0.7616432696796842,
    0.7644509486854077, 0.7741493245289803, 0.7686064135877121,
    0.778456651538179, 0.7861875417115899, 0.7933254043261215, 0.787992573140756
  ],
  "val_ious": [
    0.4714816932876903, 0.5704435732053674, 0.605514112158098,
    0.6358224181593328, 0.6367361677297649, 0.6620011800441188,
    0.6500820649274882, 0.6873860825663027, 0.6656092822119811,
    0.6698503185441528, 0.6912672340437984, 0.7051972481219665,
    0.6949815525524858, 0.6967483733011327, 0.7157578783622687,
    0.7109258069076398, 0.7121299939311069, 0.7061403385107067,
    0.7198485567949819, 0.7115633403477463, 0.7210989873046462,
    0.7194292722404867, 0.7250993359779968, 0.7244544608005579,
    0.7100670028855833
  ],
  "training_time": 456.14886498451233,
  "avg_gradient": 0.00545417602640067,
  "memory_usage": 856.21484375
}
