{
  "train_losses": [
    0.2605206959111535, 0.21070595247590024, 0.18886818145604237,
    0.1744502586029146, 0.1618397665898437, 0.15315212523969618,
    0.14888154111964547, 0.14400319281317617, 0.13531897561219725,
    0.13226543136102997, 0.12733186506058858, 0.1215466573105558,
    0.12007608232290848, 0.11293810610052037, 0.11145576826580193,
    0.10769258245177891, 0.10139947068756042, 0.10114158957224825,
    0.09631895508779131, 0.09376126049977282, 0.09453434764367083,
    0.08813602493509003, 0.09044255664491135, 0.0905252936012719,
    0.08196034578039595, 0.08062390699658704, 0.08657636120915413,
    0.076431086934779, 0.0734816274970122, 0.07158373551362235,
    0.07257985123230712
  ],
  "val_losses": [
    0.26892489454020624, 0.20046058297157288, 0.18256533793781116,
    0.1759508887062902, 0.16423008202210718, 0.16999371479386868,
    0.16815072217065355, 0.14885539674888487, 0.15607866984994515,
    0.15291922750032466, 0.14869736005430637, 0.15157562056961266,
    0.1469314854754054, 0.14085598889252413, 0.14041418646988663,
    0.1392204351723194, 0.14703022461870444, 0.13354381854119507,
    0.13642863006047581, 0.137220265586739, 0.13301469968712848,
    0.13537061635566794, 0.14060156549448552, 0.1341989003121853,
    0.1356169327121714, 0.1516725009550219, 0.1404727344279704,
    0.13369524559896925, 0.1422683876817641, 0.1416375016712624,
    0.150286628500275
  ],
  "train_ious": [
    0.48035529288260825, 0.5679554121325843, 0.6066552727496712,
    0.6334292316350384, 0.6555112736920515, 0.6711485864783544,
    0.6804884168980774, 0.6893751479793285, 0.7028809358244357,
    0.7102883162813773, 0.7178212260638459, 0.7287171779443391,
    0.7321730075215084, 0.7453065120439599, 0.747651064363511,
    0.7550327174257544, 0.7666100061674045, 0.7667585903427742,
    0.7758711919296479, 0.780381789188022, 0.7792667435023234,
    0.7914182523778386, 0.7867873507565352, 0.786734875939462,
    0.803588993523432, 0.8057973044721973, 0.7944719449117565,
    0.814372553773548, 0.8206174717001291, 0.8245607993525006,
    0.8229906033130657
  ],
  "val_ious": [
    0.46783977854942926, 0.5839629031825757, 0.6149556330148724,
    0.631845084005508, 0.6527868388355642, 0.646689193404239,
    0.6480823779019755, 0.6843944215688154, 0.6748457952685979,
    0.6787051383567894, 0.6784005471761676, 0.6856113022220307,
    0.6921055662459221, 0.7026659114205317, 0.7034084973991779,
    0.7066867967014729, 0.7048786228549652, 0.7119295296893604,
    0.7156953528739404, 0.7180087361214819, 0.7202287465333935,
    0.7232008729723917, 0.7160886459160543, 0.7249872287114462,
    0.7244887462128764, 0.7101981588031935, 0.7199562418719997,
    0.7270102269839548, 0.7261413808750071, 0.7279665172100067,
    0.7184051124082095
  ],
  "training_time": 565.880918264389,
  "avg_gradient": 0.0033556644496482075,
  "memory_usage": 856.21484375
}
