{
  "train_losses": [
    0.256606357091147, 0.2108790565929983, 0.18898152608586394,
    0.17366482050198576, 0.16368552358092173, 0.15263984542663978,
    0.1470550856269572, 0.14239106780808905, 0.13809383960197802,
    0.1332643114273315, 0.1280895986634752, 0.1242520465799,
    0.11904178025281947, 0.11564165912568569, 0.11480404104551543,
    0.11244388702123062, 0.10781723378307145, 0.10368696381540402,
    0.10081358922078558, 0.0951853728974643, 0.09506179424731628,
    0.09329165850320588, 0.09101700102505476, 0.08976268484864545,
    0.08591268985005825, 0.0822128141703813, 0.07969066071445527,
    0.0777439879172522, 0.07522894940136568, 0.07658021783699161
  ],
  "val_losses": [
    0.2542815490261368, 0.1981601119041443, 0.19874505083198132,
    0.17048243141692618, 0.1713952684532041, 0.14980322624678197,
    0.15298283553641776, 0.1421808987531973, 0.14941849122228829,
    0.14595859141453452, 0.14093910740769428, 0.13097683259326479,
    0.13223884027937186, 0.13220550103679948, 0.14305642328184584,
    0.12617523854841356, 0.1306146124134893, 0.13529942719184834,
    0.1265636488147404, 0.13026463791080142, 0.13410042210117631,
    0.12822455281148787, 0.1269080496352652, 0.13201325338171876,
    0.12816941187433575, 0.134362423873466, 0.1347230468755183,
    0.1267662471079308, 0.1355082404030406, 0.1397152810317019
  ],
  "train_ious": [
    0.4812827947789102, 0.5667065712420838, 0.6048902731550775,
    0.6332794148744881, 0.6512684034912479, 0.673079141240189, 0.68231406894283,
    0.6909581264615922, 0.6991552867103318, 0.7077129380102606,
    0.7168236433703826, 0.7243024173962036, 0.7338053413491316,
    0.7398602159126945, 0.7421265821633994, 0.7455372695905579,
    0.7542217100660004, 0.761747409576091, 0.7671562379253081,
    0.7774822780511517, 0.7773682931303114, 0.7807541305496208,
    0.7852944525471637, 0.7880359254237534, 0.7953378316284951,
    0.8025355068021923, 0.807997265695662, 0.8116888562622276,
    0.8169223048548768, 0.8143979442724286
  ],
  "val_ious": [
    0.4926709006877914, 0.5925173554299533, 0.6046346745629242,
    0.6448798367510672, 0.6419697213863981, 0.678454178398934,
    0.6739109996436299, 0.6963310751362123, 0.679299242902493,
    0.6870312874299892, 0.69807631533215, 0.7141463598911314,
    0.7116843952216965, 0.7160377035970275, 0.7064610015654911,
    0.726784736134004, 0.7189450957204983, 0.7164738035720326,
    0.7323405800954154, 0.7256918942582781, 0.7234399072501969,
    0.7293034735797109, 0.7322166499452315, 0.7279801500448283,
    0.7345821809941444, 0.7273285458053368, 0.7292173144178112,
    0.7409029501503792, 0.7361115588658097, 0.723487357514492
  ],
  "training_time": 546.7825541496277,
  "avg_gradient": 0.004975752513797464,
  "memory_usage": 856.21484375
}
