{
  "train_losses": [
    0.26940364317725535, 0.22775400948265326, 0.2061767383762028,
    0.18412333743079848, 0.1727061662013116, 0.16334145224612692,
    0.15612443054661804, 0.14807372726500034, 0.1425912068022982,
    0.1411111165728906, 0.13504471516479616, 0.1316126161052481,
    0.1285203378242643, 0.12451198705188606, 0.11892239802071582,
    0.11454977925218966, 0.11441628934572572, 0.11071775444661794,
    0.10845228661175656, 0.10515392012894154, 0.10348199980090493,
    0.09897956163015055, 0.10030025049396184, 0.09651595301440229,
    0.09081559417688329, 0.09325574492306812, 0.09040499519070853,
    0.08810941372876582, 0.08762290612187075, 0.08144790622527184,
    0.08224720884438443, 0.08548283443340789, 0.07909714284798373,
    0.0759023469062927, 0.07488892964370873, 0.07313387652697123,
    0.07361408766440075, 0.0774122916728906
  ],
  "val_losses": [
    0.25080403977114224, 0.24371652661458307, 0.20852300168379492,
    0.18705468333285788, 0.16502390348392984, 0.15352577991459682,
    0.15946419391295183, 0.15094979269349057, 0.15913917399618938,
    0.1478549162654773, 0.13678229632584946, 0.13195543023555176,
    0.13851249412350033, 0.14406771229013152, 0.14028030342381934,
    0.13983287743252257, 0.1360393412735151, 0.13119299645009247,
    0.13110975662003393, 0.13653662233896877, 0.1316568887104159,
    0.14153923142863356, 0.1306267166915147, 0.12400707489122516,
    0.13026036338313765, 0.12796175787630287, 0.13289199607527774,
    0.1420074126318745, 0.12537403809635536, 0.13284526862528012,
    0.1345055555195912, 0.12971355231559795, 0.12490290289987689,
    0.12702946510651839, 0.1313769339543322, 0.13198622575272684,
    0.13272146572885307, 0.14206434656744418
  ],
  "train_ious": [
    0.4564197170615628, 0.5352150889086553, 0.5758659703576048,
    0.6159215014481892, 0.6366672195170237, 0.6539571434259414,
    0.6659388261428772, 0.6811311610474968, 0.691561694378438,
    0.6959393978442836, 0.7050282663085327, 0.7105101871209731,
    0.7174614788289517, 0.7238748683121758, 0.7337539309932701,
    0.7427771830580372, 0.7426287295917673, 0.7485651307995768,
    0.7531051485110885, 0.7599403516429923, 0.7617851983809815,
    0.7704315705467824, 0.7683015821528606, 0.7754966478416884,
    0.7862119653626628, 0.7811546246318714, 0.7870908092329465,
    0.7914444416545436, 0.7924600759710089, 0.8048679357853488,
    0.803231945288354, 0.7973545061937274, 0.8095607996202898,
    0.8166410063487894, 0.8180993771639429, 0.8221228177780686,
    0.8211852018383964, 0.8135452147411261
  ],
  "val_ious": [
    0.4933427963135899, 0.5047461685279141, 0.5837065890647363,
    0.6124645769596101, 0.6461291397395341, 0.6666203698386317,
    0.6616762369007304, 0.6788644259390626, 0.6640650673189026,
    0.6790626515512884, 0.7006417694299117, 0.7100625839354336,
    0.6954582042020301, 0.6866598828979158, 0.6962956701931746,
    0.6979579983846002, 0.7032448582459186, 0.7134674312411873,
    0.7142955878938454, 0.709665374479432, 0.718257629569026,
    0.7123136399448783, 0.7190064558948296, 0.7281000078588292,
    0.7256428877944533, 0.7289304985948233, 0.7175692119028257,
    0.7158952828334726, 0.7294452123451923, 0.726603388570357,
    0.7238310497740043, 0.7300736889027166, 0.7391847389331763,
    0.7367395581542582, 0.7320898825275727, 0.7354314670614575,
    0.7350960306931235, 0.7039048334826592
  ],
  "training_time": 857.0959255695343,
  "avg_gradient": 0.008633783223947023,
  "memory_usage": 1152.220703125
}
