{
  "train_losses": [
    0.27931872026427934, 0.23100400238257388, 0.2056234983484382,
    0.19120704002030517, 0.17700674757361412, 0.16567452162828133,
    0.15814013309452846, 0.1506223727584533, 0.14458580728134382,
    0.14008605549030978, 0.13518487585141606, 0.13230068520035432,
    0.12736329517286757, 0.12429647293427716, 0.1210385961053164,
    0.11681205560655697, 0.11377349921056758, 0.11237765395123026,
    0.10966175616435382, 0.10562572405552087, 0.1021702830153315,
    0.10107339542035175, 0.10276104270925988, 0.0953968241000953,
    0.094681643354504
  ],
  "val_losses": [
    0.2502028381694918, 0.2164570711877035, 0.21408730453771094,
    0.1829748215234798, 0.1657814153510591, 0.1779274043181668,
    0.15668283289541368, 0.1470181072211784, 0.14860214147230852,
    0.14747385194768076, 0.15487877619655235, 0.15449658343973366,
    0.13623062488825424, 0.13495402588792468, 0.1291562971537528,
    0.13427931361872217, 0.13950951462206634, 0.13987039985216182,
    0.13301798263969628, 0.13090677284028218, 0.13074869047040524,
    0.1347547520114028, 0.12758946321580722, 0.12445778140555257,
    0.15187107755438142
  ],
  "train_ious": [
    0.43492555245757125, 0.5304292636127144, 0.5764424615688081,
    0.6040523239559885, 0.6295458984331813, 0.648388722992462,
    0.6627935050190354, 0.677274759804857, 0.6887012073311252,
    0.6961799097125944, 0.7055250384129473, 0.7107893229610679,
    0.7189979416088782, 0.7258586303695388, 0.73074857312916,
    0.7388201482809972, 0.7436557544962217, 0.746747677416905,
    0.751755655459736, 0.7583948517407201, 0.7643747559168198,
    0.7664326570280217, 0.763473496218954, 0.7777530702667823,
    0.7791723818990627
  ],
  "val_ious": [
    0.5007065820737161, 0.5621951901610346, 0.5579617192995722,
    0.6149982833775921, 0.6489704648653666, 0.625010795135429,
    0.6687874832878942, 0.6790960696728332, 0.6816851209471189,
    0.6810476147178288, 0.6707541901564251, 0.6760147786226826,
    0.7036378955927447, 0.7065125759960944, 0.7189941905114962,
    0.7102888161721436, 0.7026729305153308, 0.701373491814171,
    0.7130188386941303, 0.7179342890563218, 0.72325703760852,
    0.7181267451117003, 0.7244648276895717, 0.7300768174986909,
    0.700938131066336
  ],
  "training_time": 563.0415830612183,
  "avg_gradient": 0.0050569553049281575,
  "memory_usage": 1152.220703125
}
