{
  "train_losses": [
    0.2717757411301136, 0.22991619631648064, 0.20667007816550526,
    0.18923873697286067, 0.17480371398446354, 0.16524417746974074,
    0.15507032900400783, 0.15081516029718128, 0.146082135565255,
    0.13966268037810273, 0.13359458724279766, 0.13069108339107555,
    0.1276919172833795, 0.1251110525234886, 0.1232729968007492,
    0.11780043205489284, 0.11353313283103963, 0.11086111912584823,
    0.10780141514766475, 0.10485137290442767, 0.10118961569083773,
    0.09955187603507352, 0.10119274084496757, 0.09425556177840284,
    0.09064591007874064, 0.08961128735023996, 0.09166894071613965,
    0.08908516411548076, 0.09223170987451854, 0.08544364194993091,
    0.08235904550098855, 0.08162628158764995, 0.07930968430541131,
    0.07870018117777679, 0.0798502191901207
  ],
  "val_losses": [
    0.25886815300454263, 0.22615862281426138, 0.1997276029509047,
    0.1777865060645601, 0.17186813348013422, 0.15563825469302095,
    0.1529492389248765, 0.14747955261365228, 0.1618055124645648,
    0.13953576577098473, 0.14275408244651297, 0.14447522843661514,
    0.13209283108944478, 0.13644568541127702, 0.1302988180971664,
    0.13252318715271744, 0.13490695085214532, 0.12730394870690678,
    0.13175448678109958, 0.1299016201949638, 0.12481725377881009,
    0.12889998082233511, 0.12748524983939918, 0.13760406394367633,
    0.12295838348243547, 0.12898141210493835, 0.1238884007477242,
    0.13185854806848193, 0.12277229891523071, 0.12512961256763208,
    0.13079959818202516, 0.12297209238876468, 0.12620005465072134,
    0.13093575948606367, 0.14114414123089417
  ],
  "train_ious": [
    0.44887491133387986, 0.533976911607644, 0.5745901554498984,
    0.6064085205611975, 0.6326190286680408, 0.6505981011559137,
    0.6669420112950213, 0.6755666891517844, 0.6840886536283769,
    0.6959529526099777, 0.7069616427348144, 0.711914915429509,
    0.7188561842169452, 0.7224315622470519, 0.7262016227603825,
    0.7360051970227038, 0.7441577968606048, 0.7491236944021521,
    0.7543814191999646, 0.759456987344269, 0.7665650931497414,
    0.7693580129332303, 0.7661029864912446, 0.7792823595953159,
    0.7863216609086681, 0.7880763347274151, 0.7844676521161326,
    0.7890894006451832, 0.7835221076249215, 0.7961163657406962,
    0.8022772675731041, 0.8037242367863656, 0.808422121232835,
    0.8097701390152391, 0.8076006409482682
  ],
  "val_ious": [
    0.46748636835727153, 0.562230702219666, 0.5800695121288298,
    0.6265476516623426, 0.6362137425204982, 0.6685504628264385,
    0.6736603331738624, 0.6870179802611255, 0.6610169434461041,
    0.698286472023397, 0.6958095770383228, 0.6910389987886816,
    0.7130677654691363, 0.7038584789936095, 0.7160681993633078,
    0.710795266256816, 0.7109849349312161, 0.724311405117961,
    0.7227208283932312, 0.7195018827915192, 0.7342962305182996,
    0.7235059589147568, 0.7283542875362478, 0.7190262701200403,
    0.7405297086722612, 0.7283744304508405, 0.7379665387713391,
    0.7320163614939953, 0.7396600548771844, 0.7369681298732756,
    0.7355708572743597, 0.7456493546133458, 0.7443286104910617,
    0.7345503661511602, 0.715808958247088
  ],
  "training_time": 790.3988003730774,
  "avg_gradient": 0.004548888855043239,
  "memory_usage": 1152.220703125
}
