{
  "train_losses": [
    0.2734973521336265, 0.23132617747330148, 0.2079020305334226,
    0.1898665509146193, 0.17441304635418498, 0.1647609567026729,
    0.15608070325106382, 0.14845556729351697, 0.1441978117370087,
    0.13900544470095116, 0.13405359447326348, 0.1292877469373786,
    0.1269253782685036, 0.12196484932918912, 0.12017196335870287,
    0.1189907613493826, 0.11349048578868741, 0.11150935211259386,
    0.10938321248344753, 0.10451273118024287, 0.10086080083704513,
    0.10088812952618235, 0.09785089832123207, 0.09692924153869567,
    0.0935437929938021, 0.08930647154541119, 0.0893271531018874,
    0.08747367755226466, 0.08537372493225595, 0.0898425530075379,
    0.08807004097363223
  ],
  "val_losses": [
    0.2630914608421533, 0.21238848243070685, 0.20302135335362476,
    0.18130455943553345, 0.16753630793612936, 0.15868067838575528,
    0.17275168390377707, 0.1471555599051973, 0.13891217387888743,
    0.13994305548460587, 0.13789032658805017, 0.13380507638920908,
    0.13722724532303604, 0.14327953561492587, 0.14095049772573554,
    0.1308200612016346, 0.14010539991052254, 0.1407940144772115,
    0.12969543590493823, 0.1316563041637773, 0.13511651317062584,
    0.13564077570386554, 0.12754307719676392, 0.13111999468958896,
    0.1301813399338204, 0.1264339750227721, 0.1304730654734632,
    0.1351302058800407, 0.12878022423904875, 0.13113227761957957,
    0.1564400518394035
  ],
  "train_ious": [
    0.448297361438365, 0.5295827078592515, 0.5727188972405333,
    0.6054238507767085, 0.6336223594304445, 0.6508928070357741,
    0.666272146060415, 0.67942296638005, 0.6876126900855183, 0.6977535679504492,
    0.7065209499087889, 0.7156450020122354, 0.7199323204872401,
    0.7282365622079889, 0.7321306896814398, 0.734357166063526,
    0.7440658208468686, 0.7476639871795976, 0.7515458960248076,
    0.7603994297484554, 0.7670296732930165, 0.7677344943842168,
    0.7727437629971812, 0.7742787313418118, 0.7810287194839418,
    0.7888372688405754, 0.788850140528402, 0.7927765012111354,
    0.7967080513852234, 0.7885437958158446, 0.79140644358552
  ],
  "val_ious": [
    0.4883516366067141, 0.5663942483024321, 0.5840877155246943,
    0.6226226948741554, 0.6450664966866588, 0.6568557473196498,
    0.6511168544707092, 0.6815866761017537, 0.6970346652079321,
    0.6970424511726353, 0.7004579143679662, 0.7078797061374221,
    0.7074761708145556, 0.6926835114541261, 0.6974756564351097,
    0.7142777058525361, 0.7025080683870594, 0.7002109908971232,
    0.7184305908023447, 0.7178215278663498, 0.7160405076068379,
    0.7112775859625444, 0.7268648352743922, 0.7254710178012433,
    0.7255323825107105, 0.7335677306721177, 0.7260939455118731,
    0.7210519484419755, 0.7344332806010176, 0.7248194129138753,
    0.7008219499518905
  ],
  "training_time": 700.7999091148376,
  "avg_gradient": 0.007858293503844743,
  "memory_usage": 1152.220703125
}
