{
  "train_losses": [
    0.2943578986046107, 0.24022986731775428, 0.21385036093061385,
    0.19715083293292834, 0.18401877978897613, 0.17344351444879305,
    0.1640903190912112, 0.15687375264647213, 0.15189551894107592,
    0.14701334322276322, 0.14044440748251003, 0.13761949105917112,
    0.1325809580233434, 0.13045976663251285, 0.12523494106110022,
    0.12236743505396273, 0.11860252487594666, 0.11344792284881292,
    0.11252601153176764, 0.10872883620955374, 0.10738029298575028,
    0.10283099430734696, 0.10137744328897932, 0.09826658338146366,
    0.09579047593085663, 0.09519485631228788, 0.09054071363061666,
    0.08878826281136792, 0.09044204555127931, 0.08570677037958217,
    0.0835493267716273
  ],
  "val_losses": [
    0.24439359780239023, 0.2335368602172188, 0.20220356888097266,
    0.19276811927556992, 0.18705556736044263, 0.16507199050291724,
    0.1601996441250262, 0.15590358460726944, 0.16832618431552596,
    0.14220722780927367, 0.1500419170960136, 0.14921284807117088,
    0.14544152436049088, 0.13893705622657485, 0.14143835785596268,
    0.13234533029405968, 0.14731552241289098, 0.13301646174943965,
    0.13241793717379155, 0.12870268086376396, 0.12800788620243903,
    0.1321846880018711, 0.13122017195691232, 0.12661815110756003,
    0.14043873305553975, 0.12851662366934444, 0.1275457477440005,
    0.1309130846158318, 0.1345168687403202, 0.13787047824133997,
    0.13715106232658678
  ],
  "train_ious": [
    0.40301218852856324, 0.5132321298284375, 0.5605771336974443,
    0.5907513763269652, 0.6166124395702197, 0.6350295734794241,
    0.6515738498149577, 0.6652891970091108, 0.6737760535940744,
    0.6831110681312672, 0.6955441616583559, 0.700546739865904,
    0.709648756715267, 0.7136516605058442, 0.7237702279311159,
    0.7274681511132614, 0.7347308685058268, 0.7442709657269112,
    0.7458220683038236, 0.7525225297372404, 0.7549739176056522,
    0.7631519788849179, 0.7660424536013085, 0.7719069618353805,
    0.7763522454685922, 0.7776764556765556, 0.7862720184460068,
    0.7898914047881316, 0.7871494311569392, 0.7957470637300742,
    0.8000788037543713
  ],
  "val_ious": [
    0.501264287725739, 0.5212280243851136, 0.5734524813251218,
    0.6037724935922071, 0.6124068338801897, 0.6486452062060866,
    0.6612399900737017, 0.6694139365268791, 0.6581465336291685,
    0.6955768243558166, 0.6835042870994927, 0.6822076848019724,
    0.693877204388812, 0.698299321575441, 0.6958125078159831,
    0.7129654074492661, 0.6882036004377448, 0.7131944579490718,
    0.7139766451673232, 0.715925062696139, 0.7230175020902054,
    0.7163010071153224, 0.717569868201795, 0.7286927801543387,
    0.7095703370329263, 0.7292751665564552, 0.7286166641591251,
    0.7255937215210736, 0.7192320009504539, 0.7206511503976324,
    0.7189431972261787
  ],
  "training_time": 698.7491869926453,
  "avg_gradient": 0.005914426977571211,
  "memory_usage": 1152.220703125
}
