{
  "train_losses": [
    0.2660576822641103, 0.22319297970313093, 0.19953905191758406,
    0.18312975359351738, 0.16783906349345393, 0.1568387315568069,
    0.15264128488690956, 0.146135319672201, 0.13962401392991128,
    0.13322785435973303, 0.12987482304806294, 0.12716737033232398,
    0.12366190196379372, 0.11833187273663023, 0.1152561602142194,
    0.10940098778709122, 0.10942244226031977, 0.10637295238025811,
    0.10311573407734217, 0.09882333145841309, 0.0984861061948797,
    0.0953248715757028, 0.0952719101358367, 0.09317907075519147,
    0.08962976539750463, 0.08609804875500825, 0.08603875667018734,
    0.082143591635901, 0.07993176899364461, 0.0788677089807132,
    0.08770429832941812
  ],
  "val_losses": [
    0.2663395563545434, 0.21020199909158374, 0.18720798907072647,
    0.1933498761576155, 0.15944177171458368, 0.1566679237977318,
    0.14706772905976875, 0.14588811572479166, 0.15011187399859013,
    0.1430400397790515, 0.13944612702597742, 0.1354016340945078,
    0.14591498883522075, 0.1351638041112734, 0.13281704906536185,
    0.1359460306880267, 0.13619651110923808, 0.14047799356605695,
    0.13536523574072382, 0.14020206633469331, 0.12858240516937297,
    0.13779895720274551, 0.1439944755124009, 0.13765581778210143,
    0.1303440142908822, 0.13015860221956088, 0.13074459086941637,
    0.13258307362380234, 0.12985875376540681, 0.1460289757536805,
    0.1351582799916682
  ],
  "train_ious": [
    0.46215137837967546, 0.5424062009036973, 0.5846379284301529,
    0.6165973595411017, 0.6443370337179605, 0.6644477960856068,
    0.6727084186521993, 0.6850182790903077, 0.696077244491249,
    0.7077783826684607, 0.7145635228118171, 0.7190909080639262,
    0.7250987923015717, 0.7349819931323118, 0.7407494569602223,
    0.7515763031399773, 0.7510805314649701, 0.7569376520164631,
    0.7629696599383283, 0.7707835763584879, 0.7715286050477751,
    0.7767364170564257, 0.7773333854325436, 0.781349552930265,
    0.7882953635484411, 0.794786901361701, 0.7950418367442013,
    0.8026129965117011, 0.8072117683680162, 0.8094142395733065,
    0.7921843093590458
  ],
  "val_ious": [
    0.4698524564720582, 0.5661559271207753, 0.6081188165623209,
    0.6016439037478487, 0.6582333484421604, 0.6721538989872172,
    0.6816044873085574, 0.6877341948557592, 0.6825593262910844,
    0.6926517387231192, 0.6936758281528086, 0.7066219492235044,
    0.6978381811708644, 0.7140360113935195, 0.7151093228139741,
    0.7082824350699134, 0.7113868475392245, 0.7137087225050168,
    0.7162289716627288, 0.70707906804223, 0.7281509462905965,
    0.7186118744421697, 0.6997427100288698, 0.7227320634368538,
    0.731255330901215, 0.7323847957279372, 0.7332521271014557,
    0.7298750315887341, 0.7354743778705596, 0.7184370918118437,
    0.725776724193407
  ],
  "training_time": 700.330614566803,
  "avg_gradient": 0.002974447341391603,
  "memory_usage": 1152.220703125
}
