{
  "train_losses": [
    0.29145929136353993, 0.23687788374398067, 0.21878913709002992,
    0.20710511529899162, 0.19167480949798357, 0.18341012290962364,
    0.17382598850552156, 0.16403609522334908, 0.15940174509001814,
    0.15152184061868035, 0.14801882871467134, 0.1429815626014834,
    0.14017498367668493, 0.13734039425364006, 0.13074233800010837,
    0.12656449311939272, 0.12382899710665578, 0.12504572907219763,
    0.11817800480386485, 0.11467521163918402, 0.11398295612762803,
    0.11116670367672392, 0.11019729673052611, 0.10901829697515654,
    0.10482204369390788, 0.10258229356259108, 0.09990920336998027,
    0.09921212457930265, 0.09623180989823911, 0.09851090209153683,
    0.09914860704346844
  ],
  "val_losses": [
    0.2593671238940695, 0.24734073618183966, 0.23075749271589777,
    0.19407487142345178, 0.21165352217529132, 0.19812589106352432,
    0.1621177134954411, 0.17271452656258707, 0.16024897117977557,
    0.15330961897321368, 0.14994494730363722, 0.149547077877366,
    0.1477460877402969, 0.14124948450404665, 0.1407819495576879,
    0.14299177248840747, 0.15796659870640092, 0.13904431996786076,
    0.13574046690178954, 0.15081172630838727, 0.1347716931739579,
    0.13185152330476305, 0.12728349443363107, 0.13229286622094072,
    0.1371730632432129, 0.1399908627828826, 0.13703429828519406,
    0.12350013107061386, 0.1295136666816214, 0.12657803847737933,
    0.14678622296322946
  ],
  "train_ious": [
    0.40435056567893957, 0.5186155928919713, 0.5525259662527534,
    0.5742485231679417, 0.6010350176821588, 0.6153115319169087,
    0.6339972031073294, 0.6514419000865758, 0.6604654348414875,
    0.6750357996510421, 0.680441937098901, 0.6893862634357335,
    0.6956843402830587, 0.700946345385434, 0.7125256997195706,
    0.7200395352058652, 0.7256972493360875, 0.7234706268038437,
    0.7362167878427369, 0.7419845357105352, 0.743754693293485,
    0.7487502485189749, 0.7500684670024163, 0.7525131012434545,
    0.7601922914601752, 0.7643104800819486, 0.7692279073855156,
    0.7697630242809008, 0.7763903380736056, 0.7720767114905341,
    0.7708209632639442
  ],
  "val_ious": [
    0.4743788885897485, 0.5110367783817693, 0.5312891574441522,
    0.5925359643887783, 0.5692217069259591, 0.6069398703782454,
    0.6514603793621061, 0.6439613354378854, 0.6572714948999708,
    0.6741636790659118, 0.6778690838727399, 0.6749566335608994,
    0.680113347760145, 0.6911754189194113, 0.6911953907945881,
    0.6934811546318774, 0.6736997601346693, 0.6976021716128227,
    0.7084660355163657, 0.6901714244614474, 0.7094248511653016,
    0.7159239608740462, 0.7220366340184556, 0.7151230476472691,
    0.7047065807425458, 0.7050219273221664, 0.7149948728257332,
    0.7300584253625594, 0.7179605351841967, 0.7264272060947141,
    0.6989301075969918
  ],
  "training_time": 698.0731332302094,
  "avg_gradient": 0.004413467539355602,
  "memory_usage": 1152.220703125
}
