{
  "train_losses": [
    0.2870904553843581, 0.23371058127478414, 0.21461787034312022,
    0.1950434649606114, 0.1839282822025859, 0.17252880302460297,
    0.16299864358228186, 0.15495937054409928, 0.14941519636498846,
    0.14645634862877752, 0.14074674560485975, 0.13853463530540466,
    0.13199084049657636, 0.12950177413775868, 0.1264642381068805,
    0.12068543757271508, 0.122035873082021, 0.11456170188182074,
    0.11569742498028537, 0.11025353674979313, 0.10768670924817739,
    0.10656274616232385, 0.10453435017362885, 0.10167504474520683,
    0.10108187025331933, 0.09816755884853394, 0.09818739897531012,
    0.09479690788556701, 0.09277944878229628, 0.09624251703043347,
    0.09114377196554256, 0.09492127099276884, 0.08746975947819326,
    0.0856007753830889, 0.08232099473800349, 0.0800177919394944,
    0.08023438327338385
  ],
  "val_losses": [
    0.2536329591403837, 0.22219807201105615, 0.20513753916906274,
    0.1897375894629437, 0.18278303191713666, 0.17109234663455383,
    0.1562952726431515, 0.15027652292147928, 0.1678478228657142,
    0.14821137261131537, 0.1534469884050929, 0.14525562524795532,
    0.1385172592556995, 0.1392974876191305, 0.1378851845536543,
    0.14491432872803314, 0.13928227450536645, 0.13439172457741655,
    0.13123827848745429, 0.13008714532074722, 0.14247752402139746,
    0.13699455947979636, 0.12649557350770288, 0.12829865920154945,
    0.12962665927150976, 0.13426931170017822, 0.1296808693719947,
    0.13923276118610217, 0.12561370918284293, 0.1258451444623263,
    0.14474789117989334, 0.12915982225019, 0.12666717511804207,
    0.12289133295416832, 0.13114137672211812, 0.1309950732342575,
    0.13804571524910306
  ],
  "train_ious": [
    0.4146438480348095, 0.5240839969474765, 0.5610238261574854,
    0.5969276794272924, 0.6170644133311249, 0.6378790542375351,
    0.6549567932236025, 0.6685265657370504, 0.678379455608302,
    0.6847311021841093, 0.6950601654640145, 0.6992215332777607,
    0.7108192003291584, 0.7153485281311948, 0.7210178046446771,
    0.7310664482090781, 0.7300246421625647, 0.7429424617169559,
    0.7403252613393291, 0.7499016913706842, 0.7555455880752504,
    0.7575536299010983, 0.7601159717077796, 0.7660426757689831,
    0.7668480034107747, 0.7729139336101385, 0.7722686152851231,
    0.7792048149242783, 0.7826823371907942, 0.777262893977804,
    0.7857059572377935, 0.7785756706219654, 0.7929751594429434,
    0.7963643966485622, 0.8027828780637271, 0.8074408485621644,
    0.8070394465888758
  ],
  "val_ious": [
    0.48794625591540686, 0.5446863150683002, 0.5768673012869946,
    0.602851307262545, 0.6146277314510901, 0.6400352917287659,
    0.667001429459323, 0.6767866881429285, 0.6558973931747935,
    0.6812999421271725, 0.672482517318449, 0.6910844585601835,
    0.7019424701946368, 0.6995390098595966, 0.7024638430363892,
    0.687765194238096, 0.6996968043023262, 0.7072866986627168,
    0.7153282251910886, 0.7217179288466771, 0.7042821866014729,
    0.7078669075516687, 0.7252216464367467, 0.7218481721221536,
    0.7209432734095533, 0.7183091281980708, 0.7244017089622609,
    0.707645599392877, 0.7335314402977625, 0.7263860810494078,
    0.7131917915050535, 0.726299016587976, 0.728542521811914,
    0.7371828096068423, 0.7300777705251307, 0.7314267640096555,
    0.7210478635801786
  ],
  "training_time": 835.1481192111969,
  "avg_gradient": 0.004218152968467018,
  "memory_usage": 1152.220703125
}
