{
  "train_losses": [
    0.2657000810393821, 0.2215221118505882, 0.20067837899145874,
    0.18667187582215536, 0.17186577237494613, 0.16192079311155755,
    0.15398751474592998, 0.146940468000653, 0.141775398393688,
    0.13647573712565328, 0.13022345668919708, 0.12857481780583443,
    0.12452817238543344, 0.12185224364309208, 0.11690938484895488,
    0.11302844791308693, 0.11039311953050934, 0.10494606500572484,
    0.10477487657867048, 0.10226560999517856, 0.09806994838721078,
    0.09344895831916643, 0.09714262669339128, 0.09681931255466264,
    0.08809148617412733, 0.08402628034515225, 0.08276074067891939,
    0.08089940747975008, 0.0840810946310344, 0.08011532194264558,
    0.08148379563151495
  ],
  "val_losses": [
    0.24548303335905075, 0.22442078557999237, 0.20862747404886328,
    0.17782376220692758, 0.18713029895139777, 0.1574230645985707,
    0.15301700713841812, 0.14772237351407175, 0.14668670588213464,
    0.13776944755859996, 0.14044140003945516, 0.1360807305444842,
    0.14172793228341185, 0.13160666807190233, 0.1282487304314323,
    0.13257468297429706, 0.13657044360171194, 0.12961826781215874,
    0.13327729054119275, 0.12564245028340298, 0.12402611922310747,
    0.12322571436348169, 0.1265977959594001, 0.1287595187516316,
    0.12222540135616841, 0.11880846240598222, 0.12294454176140868,
    0.13824987508680509, 0.13061851522196893, 0.12768750151862268,
    0.1409806051979894
  ],
  "train_ious": [
    0.4624029350588504, 0.5459431176600245, 0.5842382436267275,
    0.6083886129376678, 0.6362848095595837, 0.6549461839747602,
    0.670321078242167, 0.6828137226942657, 0.6923490527315416,
    0.7018493420943832, 0.713280817520791, 0.7160622322041057,
    0.7240941297748816, 0.7295826895945313, 0.7380564787789533,
    0.7448480949885602, 0.7498233608253623, 0.7596123924721839,
    0.75950450066855, 0.7639322234992535, 0.7720879625691018, 0.780592797189087,
    0.7746442179533016, 0.7740486111437931, 0.7911676247806654,
    0.7989236691399763, 0.8015829635703043, 0.8050355897217559,
    0.7990624044036523, 0.8066485571688496, 0.8042832963924476
  ],
  "val_ious": [
    0.5095689052688903, 0.5716569141849227, 0.5595684161652688,
    0.6290899288395176, 0.6093672842219255, 0.6665965662054394,
    0.6714616905951845, 0.6829888103664785, 0.6880823147037756,
    0.7043739734352499, 0.6979447154031284, 0.7060153207917144,
    0.6986279375311257, 0.7173909279315369, 0.7245247078978495,
    0.7136906962031905, 0.7080639011186102, 0.7203664531310399,
    0.7236705003441244, 0.7269603333611421, 0.7321815095517945,
    0.7330332664044007, 0.7291863333919771, 0.7254384013189786,
    0.7434927248868388, 0.7458588550056237, 0.7412759620642315,
    0.7308380787355313, 0.7268260587816653, 0.7397563833257427,
    0.7125457389199216
  ],
  "training_time": 698.5943412780762,
  "avg_gradient": 0.0059756271377131515,
  "memory_usage": 1152.220703125
}
