{
  "train_losses": [
    0.26818988391238713, 0.21331945758150972, 0.18838039202534634,
    0.17315032648975434, 0.1632681299081963, 0.15441830885475097,
    0.14666664329074, 0.1430299821836145, 0.13555426842978466,
    0.13109808366583742, 0.12946534472639146, 0.12165987985613554,
    0.11938535450431316, 0.1151382664785437, 0.11261889229164175,
    0.10779044347936692, 0.10480268522287192, 0.10254288796821366,
    0.09930132082461016, 0.09650587723792894, 0.09475026478100082,
    0.09251455144713754, 0.0923300799711243, 0.09260282580457303,
    0.08806733718222898, 0.08431314515030902, 0.08279383733220723,
    0.08330608671531081, 0.08251948427894841, 0.08166587733380172,
    0.07850075820865839, 0.07584115144108301, 0.07435549568870793,
    0.07247038981269883, 0.07209436064990966
  ],
  "val_losses": [
    0.267457554521768, 0.19180184667525085, 0.18116146293671234,
    0.1899476796388626, 0.1590028210826542, 0.16079382566006287,
    0.15306942569820778, 0.16623285914892735, 0.14488405135014784,
    0.16082015763158383, 0.1415558424980744, 0.135845549242652,
    0.14374928176403046, 0.13952755150587662, 0.13365049012329266,
    0.1332116357010344, 0.14171881957546525, 0.1317515781392222,
    0.13617340394336244, 0.13066482641126798, 0.13180787990922513,
    0.13486003713763278, 0.1443677129952804, 0.13240944270206534,
    0.1309761121545149, 0.13377248463423355, 0.14247455755653587,
    0.13266767464254214, 0.1336310787693314, 0.1342595919318821,
    0.1362733159052289, 0.13646722779325818, 0.1347256291495717,
    0.13432735901163972, 0.14174548034434734
  ],
  "train_ious": [
    0.4615143885518815, 0.5629774293443862, 0.6072134241677715,
    0.634878439963728, 0.6544022583875101, 0.6697930185583185,
    0.6835327353598413, 0.6910411682033883, 0.7054571441874122,
    0.7122039658327894, 0.7159810986207884, 0.7303083494197634,
    0.7339214851026952, 0.7409306536766066, 0.745931666614353,
    0.7551625300792676, 0.7600351679476273, 0.7638734701642956,
    0.7704544315195597, 0.7751741228976117, 0.7786497848405354,
    0.7826532616779425, 0.7831757356939105, 0.7829094598798644,
    0.7919326808465561, 0.7990469131348789, 0.8014450898205024,
    0.8008423521034956, 0.803067479498576, 0.804284615361172,
    0.8104508401475093, 0.8157266991725863, 0.8190554373938109,
    0.8229237263617312, 0.8240426617903985
  ],
  "val_ious": [
    0.48328384746243996, 0.6009902671195458, 0.6220762319322944,
    0.6095414113091386, 0.6622538218895595, 0.6666525161784628,
    0.6749523934246836, 0.649264080584913, 0.6883268166279448,
    0.6618860290534255, 0.693186189169469, 0.7043563213901244,
    0.6974888659905697, 0.7085826707922894, 0.7104122342838758,
    0.7190691796333893, 0.7133505255847739, 0.7190363150143968,
    0.7120007524887721, 0.7237250016651291, 0.7221507898707319,
    0.7241254466167395, 0.7154173030369525, 0.7225310411574182,
    0.7312471294316694, 0.7262038739695066, 0.7192753112834432,
    0.7370856810307158, 0.7193205712930016, 0.7285071462392807,
    0.7298733270254689, 0.7304783800373909, 0.7330284429633099,
    0.7360946136540261, 0.7240458871575371
  ],
  "training_time": 787.5306947231293,
  "avg_gradient": 0.003093522978882408,
  "memory_usage": 1152.220703125
}
