{
  "train_losses": [
    0.2777328773037247, 0.2292697837819224, 0.21106472514245822,
    0.19751908395277418, 0.1837011995198934, 0.17306138089169626,
    0.16540090877400793, 0.16004397436652495, 0.15049983208756085,
    0.14792647232989903, 0.14162948423915583, 0.1369544333656845,
    0.1331460494953005, 0.1313277904106223, 0.126149480757506,
    0.12278064360599154, 0.12056230336589657, 0.11718403284802385,
    0.11513799631401249, 0.10914270749882511, 0.10729031803329354,
    0.10638260157049997, 0.10554466975609893, 0.10328709994159314,
    0.09771327322105998, 0.09426669181203065, 0.09727865372500989,
    0.09663725389248651, 0.0897509707947788, 0.08787691714647024,
    0.0897062697812267, 0.08662384780852692, 0.08802452841368706,
    0.08330252062043418, 0.07985977002460024
  ],
  "val_losses": [
    0.27708667516708374, 0.2411338029348332, 0.20541909110286963,
    0.2071214256727177, 0.22074085312045139, 0.16995056686194046,
    0.16190962590601132, 0.16165635378464407, 0.159638119780499,
    0.1485985136874344, 0.15921929332873094, 0.14629295516921126,
    0.1527646245515865, 0.14307038664169933, 0.14057706555594568,
    0.14258730184772742, 0.14690066015590791, 0.13849103628941203,
    0.1309238408246766, 0.13347998828343724, 0.1344265762878501,
    0.14096994131155635, 0.1407693091617978, 0.1270130415973456,
    0.12549983418506125, 0.1291755317993786, 0.14619628404793533,
    0.13413927347763724, 0.12701720711977585, 0.131819535208785,
    0.13404661352219788, 0.13658879988867303, 0.1278543512782325,
    0.12637815300537192, 0.13767060345929602
  ],
  "train_ious": [
    0.44049455118837977, 0.5343623993297417, 0.568127612758806,
    0.5907935175666779, 0.6154173522431777, 0.6339322914895803,
    0.6489653469643735, 0.6587450401182623, 0.6767340904452661,
    0.6813646206713238, 0.6927067038157716, 0.7003021644617334,
    0.7078513973864955, 0.712709833800361, 0.7208264932792257,
    0.7274269956717458, 0.7307577173670994, 0.7378082305624862,
    0.7404398385813272, 0.752204873963543, 0.7554491437647657,
    0.757166104904119, 0.7592419979796895, 0.7626972477613149,
    0.773204110508812, 0.7794865636505943, 0.7735381841227627,
    0.774623029473899, 0.787839186040388, 0.7914426502758177,
    0.7878003091267916, 0.7935911363017734, 0.7916282440225281,
    0.800469441582327, 0.8069195937419282
  ],
  "val_ious": [
    0.48021504013002775, 0.5201004876390748, 0.5768083714056705,
    0.575461016293021, 0.5447861701250076, 0.6426215798094654,
    0.6570684423913126, 0.6585640743158866, 0.6593600507231726,
    0.6801144793845604, 0.6619647957276606, 0.6850014100040214,
    0.6696882399096007, 0.6925551375185234, 0.6969047357206759,
    0.6980501534282296, 0.6900334569855009, 0.7034485670535461,
    0.7122655053069628, 0.7114832200433898, 0.7065993452417677,
    0.7057863687691481, 0.7069262210009756, 0.7266067944575048,
    0.7266273757685787, 0.726676589552907, 0.7024424583583639,
    0.7162741081438202, 0.73089769784955, 0.7231733967428622,
    0.7206081344165662, 0.7187111429546189, 0.7322663941245147,
    0.7355101020007895, 0.7238605361485826
  ],
  "training_time": 789.8610274791718,
  "avg_gradient": 0.0032279653803883317,
  "memory_usage": 1152.220703125
}
