{
  "train_losses": [
    0.27928946402085864, 0.22677317512748035, 0.20389724239383056,
    0.18777097154246725, 0.1778590748005587, 0.16639755034576292,
    0.15931123134720584, 0.15165465373707854, 0.1459122054764758,
    0.14177330623826254, 0.13851144557575817, 0.13032206986099482,
    0.1274362751890136, 0.12617485820437255, 0.12139494028752265,
    0.12095133502684209, 0.11440900292085565, 0.1117362268269062,
    0.10928627059025608, 0.10397199909810138, 0.10580563828673052,
    0.10512744359996008, 0.09779507407675618, 0.09649370132904986,
    0.09422392580334259, 0.09166441849716332, 0.09171063124971546,
    0.0921902933522411, 0.0873822856127568
  ],
  "val_losses": [
    0.24535521832497223, 0.23855978801198627, 0.2087656777838002,
    0.1918915788764539, 0.18034269304379172, 0.16788553381743637,
    0.16989572994087054, 0.15497150191146394, 0.1565098814342333,
    0.1435771539159443, 0.14702854418884154, 0.14507512829225996,
    0.14129685740108075, 0.14524834651661955, 0.13971600924497066,
    0.1355274261339851, 0.13583341467639673, 0.13528350432929787,
    0.130584755183562, 0.1329657381967358, 0.1291124527545079,
    0.12777997650530026, 0.13216126483419668, 0.12930286789070006,
    0.13051211056501968, 0.13330920639893282, 0.12757747782313306,
    0.12500820389908293, 0.13497153102703716
  ],
  "train_ious": [
    0.4342613403594283, 0.5366459516133518, 0.5804861656835544,
    0.6079661104882107, 0.6260274696717228, 0.647048051536515,
    0.6598175723591578, 0.6741983121180016, 0.6844148730886157,
    0.6918087403519432, 0.6990202424534854, 0.7129769085542017,
    0.718519785212002, 0.7199497922067194, 0.7303125032264252,
    0.7302261319389377, 0.7421511281011763, 0.7471019471793072,
    0.7518425078495691, 0.7607984329587308, 0.7583696917779201,
    0.7596360205308249, 0.772435712857523, 0.7747237132727235,
    0.7798270918968796, 0.7842200874094509, 0.7838039816613646,
    0.7831992159287127, 0.792475385726362
  ],
  "val_ious": [
    0.5103700841250626, 0.522578518135824, 0.5828842242126878,
    0.603356817494268, 0.6253723981587784, 0.6513412171515867,
    0.644178291377814, 0.6711390560519868, 0.6678929661495097,
    0.6889679144690002, 0.6868673176437184, 0.6871084115211515,
    0.6965200698030168, 0.695473494089168, 0.6997402232626209,
    0.7111847091844115, 0.712384333645088, 0.715602268991263,
    0.7185754972523537, 0.715751874274102, 0.7199484664892807,
    0.7244230938562449, 0.7166405451902442, 0.7266447133776069,
    0.7222542900970018, 0.7282521320857862, 0.7308220934608707,
    0.7320833707201307, 0.7183834696593492
  ],
  "training_time": 652.7041382789612,
  "avg_gradient": 0.0035368760026186275,
  "memory_usage": 1152.220703125
}
