{
  "train_losses": [
    0.2648547789000947, 0.21763486609510754, 0.19322129006942976,
    0.18011759675067404, 0.16775619384387266, 0.15920999326297772,
    0.15260805408267872, 0.14617929931568063, 0.14120368691890137,
    0.13534097179122592, 0.13053963159251472, 0.12786423755080803,
    0.12233279495621505, 0.11951573820703704, 0.11723685673559489,
    0.1115559807209217, 0.10969063457425522, 0.10371676107625598,
    0.1018882299894872, 0.1008839070715982, 0.10028229508063068,
    0.09392178350168726, 0.0945682089532847, 0.08753105568821015,
    0.08863847735135452, 0.0841768866242922, 0.08283972298807424
  ],
  "val_losses": [
    0.25089809266121493, 0.20548328919255215, 0.21100742564253186,
    0.19022818330837332, 0.1707350158173105, 0.1675040955128877,
    0.15776087019754492, 0.1488261444737082, 0.17277230063210364,
    0.16315696080741676, 0.1479665463709313, 0.14480687807435574,
    0.14231160736602286, 0.14249038064609404, 0.14154294181777083,
    0.1441767936491448, 0.13690821210975232, 0.1343178038039933,
    0.13887569826582205, 0.13792897469323614, 0.1376306686712348,
    0.13448294673276984, 0.13801385527071747, 0.13535752244617627,
    0.1363809594641561, 0.14035715000784915, 0.14627910000474556
  ],
  "train_ious": [
    0.465228566103547, 0.5550462932906292, 0.5996365113642769,
    0.6231634117446948, 0.6442295580670452, 0.6605627639894035,
    0.6725562339027722, 0.6836859191889345, 0.6935322872106582,
    0.7032984988089054, 0.71267294894526, 0.717892576710901, 0.7274538887583695,
    0.732938230091679, 0.7377371776687063, 0.7480001883662265,
    0.7508562319520591, 0.7613429377476377, 0.7649156459323736,
    0.7668171805748039, 0.768460644058127, 0.7797905801646953,
    0.7785972921528679, 0.7923126889095786, 0.7904774140080676,
    0.7990521608271463, 0.8012802278002102
  ],
  "val_ious": [
    0.4894292087874551, 0.5747258709608645, 0.5761938962167588,
    0.6155846822952877, 0.6389077269080757, 0.6482155165378597,
    0.6649445511292723, 0.6786895193483519, 0.6423552753268806,
    0.658763260729071, 0.6831951430742293, 0.6902995107398516,
    0.6946187047422798, 0.696952252716258, 0.6985541463330172,
    0.6938508273898689, 0.7083933625532233, 0.7116413811842601,
    0.7053325770125872, 0.7105898364730502, 0.7091167001188663,
    0.7139509626920671, 0.7163091472525529, 0.7203711511000342,
    0.7169489346552587, 0.7166536258182663, 0.7057297519151716
  ],
  "training_time": 609.9894380569458,
  "avg_gradient": 0.00472243810228711,
  "memory_usage": 1152.220703125
}
