{
  "train_losses": [
    0.2818318916403729, 0.23078346163358376, 0.20704992091202218,
    0.18673650912292625, 0.17537849874276182, 0.16459401146225308,
    0.15994141866331515, 0.15337181682495968, 0.14760911889860165,
    0.14250928989571074, 0.13665068222452764, 0.13285325022171374,
    0.12764054682591688, 0.12593767095519148, 0.12183099377738393,
    0.11752911045661439, 0.11439127879946129, 0.1114150818599307,
    0.10987915576476118, 0.10660115807600644, 0.10389629528736291,
    0.10066587595350068, 0.09657203551867734, 0.09802528203505537,
    0.09487280901521444, 0.09369894979602617, 0.0921158641171844,
    0.08878995729205401, 0.08559854053284811, 0.08429344735391762,
    0.0832712731283644, 0.08487032920770023, 0.07967753226504377,
    0.07764258786388066, 0.07630360029313875, 0.08244655613342057,
    0.07780816746146782, 0.07264055259039869, 0.07021560851970444,
    0.06882475245663006, 0.06906054215505719, 0.07440289567508128
  ],
  "val_losses": [
    0.2961262535789739, 0.22383831506190094, 0.20118914285431738,
    0.19099748426157495, 0.17205456385146017, 0.16196876343177713,
    0.1545589171026064, 0.1400644688502602, 0.1430519597361917,
    0.13701641802554546, 0.13848306935118593, 0.1424575344375942,
    0.14316079522604527, 0.13620541325729826, 0.13185109084715013,
    0.1280019135902757, 0.1302182949755503, 0.13761976004942603,
    0.13054875851325368, 0.13010064366718996, 0.12631910812595618,
    0.1275757810343867, 0.12979887085764305, 0.13475902961648029,
    0.1281014734312244, 0.12957774183672408, 0.12330751639345418,
    0.13056261173408965, 0.12369521237585855, 0.12394809172205302,
    0.12605306813898293, 0.12748315039536226, 0.12972237461287042,
    0.1267593958131645, 0.1359861922328887, 0.12695228842937428,
    0.12493932992219925, 0.12704202597555908, 0.12697779014706612,
    0.12500245350858438, 0.13005931950781657, 0.1526430098582869
  ],
  "train_ious": [
    0.4281682417849485, 0.5318224499730956, 0.5750568860304963,
    0.6104236813127131, 0.6320404440056586, 0.6524753866420275,
    0.6595646357838657, 0.671870083048724, 0.6820024770239125,
    0.6910620263197281, 0.7018986376191397, 0.7082283814856108,
    0.7183599686924965, 0.7219157131469771, 0.7294130961856117,
    0.7355771426489394, 0.7434607750155786, 0.7472713306222264,
    0.7506014229594796, 0.7568455142495424, 0.7617402806662127,
    0.767899653995815, 0.7754912907122701, 0.7726320297713731,
    0.7785401320003945, 0.7808299762183342, 0.7836407471610152,
    0.7899186407634317, 0.7962440717155517, 0.7992884190618127,
    0.8008027872529581, 0.7979018697380161, 0.8080732093557067,
    0.8125966848886526, 0.8147728094372192, 0.8022385325984679,
    0.8119868841292203, 0.8225549367674879, 0.8279817118376924,
    0.8309794108288877, 0.8305633259208307, 0.8194446831509686
  ],
  "val_ious": [
    0.44966236701694096, 0.551911087139793, 0.5883637033942817,
    0.6048438544722571, 0.6397227126619092, 0.6470667277125347,
    0.6747015382068744, 0.6962719661170158, 0.6920738505280534,
    0.6990568426208219, 0.6981458076532335, 0.6925704487855883,
    0.6907563282959704, 0.7019406522529713, 0.7096846824970799,
    0.722304450644963, 0.71503274553064, 0.7094305023766947, 0.718789874859478,
    0.7187322915896125, 0.7253009072248485, 0.7302794290193614,
    0.7223690279584001, 0.7169764523488887, 0.7311888479668163,
    0.7258004965125651, 0.7375713435636052, 0.7261244332876761,
    0.7378067730561549, 0.736685687865036, 0.7414315131263457,
    0.7338091927594034, 0.7329299575176793, 0.7448137486758438,
    0.7313378835501878, 0.7292416130287059, 0.7441513099964113,
    0.7461450097785479, 0.7460000009640403, 0.7478412635948347,
    0.7418031824239784, 0.7037507686494054
  ],
  "training_time": 948.4119596481323,
  "avg_gradient": 0.00545526216927606,
  "memory_usage": 1152.220703125
}
