{
  "train_losses": [
    0.27750422854138457, 0.23072499830437743, 0.20680315233767033,
    0.19141941177456276, 0.17610919969561306, 0.17080321122446787,
    0.161248249285247, 0.15444254822543133, 0.14821343949955443,
    0.14369621164286914, 0.1412468554614031, 0.13685369414641804,
    0.12971916033521944, 0.12777949537595976, 0.12653483069785262,
    0.12214905468989974, 0.12036654762113871, 0.11541152053067218,
    0.11309513818148685, 0.10924999480662138, 0.10936464357149342,
    0.10422660544028749, 0.09906517953166495, 0.09915126058394494,
    0.10214427741163451, 0.09345255456054988, 0.09610385743334242,
    0.09181699116268884, 0.09408242138021666, 0.08791313300152188,
    0.08714710508027802
  ],
  "val_losses": [
    0.2406725135186444, 0.23628411247678424, 0.19982473260682562,
    0.1858179115730783, 0.1727558899184932, 0.16846465578545694,
    0.15108151814859846, 0.14456701926563098, 0.14839443710187208,
    0.1462035094914229, 0.14530283147874085, 0.13761530411632164,
    0.13613213841681895, 0.141254594306583, 0.1430087394040564,
    0.13976204103749731, 0.13645240518709886, 0.1332642750247665,
    0.13676642739902373, 0.1383251904145531, 0.12943036967645521,
    0.13187917872615482, 0.13089399250305217, 0.1337468152784783,
    0.12782243396277013, 0.1279577295417371, 0.12990991722630418,
    0.13434468452697215, 0.13068706137330635, 0.12640970815782962,
    0.13663873011651245
  ],
  "train_ious": [
    0.4331024179025893, 0.5294215655953125, 0.5744342157968144,
    0.6017113840342432, 0.6306717796926047, 0.6411154239937882,
    0.6581291475373768, 0.6698272044136043, 0.6810100425196729,
    0.6892594693471554, 0.6935238256186678, 0.7033433212858178,
    0.7153056878866495, 0.717915021315001, 0.7200575533552446,
    0.7291086543945302, 0.7321965890950052, 0.7413735388629678,
    0.7452916298871457, 0.752886325822792, 0.751506004266549,
    0.7618955071961532, 0.7706196390200353, 0.7706805185239386,
    0.7657995875654876, 0.7812275690552989, 0.776234814060339,
    0.7845321929865132, 0.7797547974016356, 0.7918849148504108,
    0.7935080683749657
  ],
  "val_ious": [
    0.5172829300813053, 0.5422892257355262, 0.5849891920452533,
    0.6156011105015657, 0.637495657456094, 0.6473369524962661,
    0.675579473592233, 0.6881906357796297, 0.6805442394553751,
    0.6840423755887628, 0.6931976611199587, 0.7015536736319031,
    0.7039660303920938, 0.7002870768740558, 0.693632568570151,
    0.7000405520632647, 0.7039328891298046, 0.7127257298300232,
    0.7067179856956867, 0.7094883750314296, 0.7212272223787031,
    0.7166346752125284, 0.7206130945596143, 0.7183132400547249,
    0.7239042876855187, 0.730852966723235, 0.7279756440632584,
    0.7227426814860192, 0.727676285997681, 0.7351847141981126,
    0.7185124521670133
  ],
  "training_time": 701.5984909534454,
  "avg_gradient": 0.023890103593308273,
  "memory_usage": 1152.220703125
}
