{
  "train_losses": [
    0.2687434218014064, 0.22001665984482868, 0.1966769193177638,
    0.17826263387889965, 0.16702299516486085, 0.15825917336927808,
    0.14887363281424926, 0.14763322500916926, 0.13876839662375656,
    0.13393502151998488, 0.1309955358181311, 0.12647396087160576,
    0.12711942021775505, 0.11876207440281691, 0.11687246665520512,
    0.11437238117113062, 0.11021822403468516, 0.10709122531925855,
    0.1060829400692297, 0.10159194036184446, 0.09839492631347282,
    0.09737086652413658, 0.09444818750995657, 0.09207235147123752,
    0.08988083542689033, 0.09330772721897, 0.08765460032483806,
    0.08728609209799248, 0.08434186406109644, 0.08109671942403783,
    0.08012932474198549, 0.08355700690299273
  ],
  "val_losses": [
    0.25706880539655685, 0.23145933578843655, 0.22153980058172476,
    0.17595080124295276, 0.1690884870679482, 0.16236938762923944,
    0.16707850053258563, 0.1580026859174604, 0.15100885943874068,
    0.14646367842088576, 0.14416032948571703, 0.14250752880521442,
    0.13794084006677504, 0.13686218371857767, 0.13501159328481424,
    0.13677954220253488, 0.14004815628995065, 0.13951880711576212,
    0.13887536250378774, 0.13328236357673354, 0.14088159005927003,
    0.1326403962853162, 0.13627886869337247, 0.13490355646480684,
    0.13943341503972592, 0.13020964080224867, 0.1322987712919712,
    0.13292150750108386, 0.13602059350713439, 0.12828758958241213,
    0.12956846343434375, 0.15524616772713867
  ],
  "train_ious": [
    0.45340458958315244, 0.5507178582736979, 0.5945915304448295,
    0.6265796938560145, 0.645847299122724, 0.662666111914576,
    0.6797969718126285, 0.6825488083928394, 0.6976251039060127,
    0.7067372609415783, 0.7122087975882966, 0.7207504452570622,
    0.719312133294517, 0.7348071983542996, 0.7374837000084957,
    0.7429310039657612, 0.7499574744075107, 0.7558189990079921,
    0.7583514678197496, 0.7654810117530649, 0.7715520345322465,
    0.7738328574468261, 0.7791222800379214, 0.7837452207138572,
    0.7882074571714017, 0.7818526150523756, 0.792367734770844,
    0.7932535714969255, 0.798681823995666, 0.8049503834783167,
    0.8074387504138805, 0.8011002671243487
  ],
  "val_ious": [
    0.4806868820518687, 0.5301398172758628, 0.5899158271326533,
    0.6292868431495583, 0.6458784972411998, 0.6558374263670135,
    0.6487939422545226, 0.6646196896183316, 0.6806016553571259,
    0.6867805058541505, 0.6908343909443289, 0.6927375599094059,
    0.703656490082326, 0.7016548881496208, 0.709929734900378,
    0.7075539140597634, 0.7057149818410045, 0.7056860098804253,
    0.7068253757729046, 0.7139153409263364, 0.7174080554125967,
    0.7162554175525473, 0.7138790155666462, 0.7232242865838865,
    0.714788530615793, 0.7208971491326458, 0.7270092191039652,
    0.7244562074758004, 0.7274539239596629, 0.7352599188469459,
    0.7306056016165274, 0.6898009200458941
  ],
  "training_time": 724.1524212360382,
  "avg_gradient": 0.004572782638564752,
  "memory_usage": 1152.220703125
}
