{
  "train_losses": [
    0.2637012540160314, 0.21473612952167573, 0.19022507374377354,
    0.17360119108596575, 0.16353032810856466, 0.1570588458005501,
    0.14976553400249584, 0.14259482989006717, 0.13890191366005203,
    0.13563150523797327, 0.12839827787778949, 0.126521698968566,
    0.12324195031238638, 0.11907992896664402, 0.11429194113968508,
    0.1120900042840968, 0.10998438505212897, 0.10715643158587425,
    0.10400077603433443, 0.10208378683613695, 0.09799439366906881,
    0.09748403922371242, 0.09416101144059845, 0.09143808467880539,
    0.0943570047535974, 0.0879262708046514, 0.08856598453839189,
    0.09081480210727971, 0.0867862356826663, 0.08533758674140858,
    0.0802534744143486, 0.0770313445802616, 0.07580259470674007,
    0.08106645816208227
  ],
  "val_losses": [
    0.25916499774093216, 0.235816295704116, 0.18918372204770212,
    0.17560532818669858, 0.17067431917657022, 0.15804096489496852,
    0.16216839785161224, 0.15141581581986469, 0.1428354252939639,
    0.15772111049812773, 0.1463167902244174, 0.13836293991493143,
    0.14261502254268396, 0.13829988597527795, 0.14108899478679118,
    0.1350449446750724, 0.15657608016677524, 0.1398425316033156,
    0.13058440873156424, 0.13336177299851956, 0.13413443918461385,
    0.13240795371972996, 0.1404486871931864, 0.13260955493087354,
    0.1309818763123906, 0.12888654029887656, 0.12624626039810802,
    0.13704690515347148, 0.12882874711700107, 0.13033200314511423,
    0.13142758397304494, 0.1310947832206021, 0.13324583176037538,
    0.1443007518739804
  ],
  "train_ious": [
    0.46677036879692185, 0.5592684492846763, 0.6038867284314354,
    0.635182944490858, 0.6549188794865127, 0.664773049939802,
    0.6777829241709437, 0.6905795290958191, 0.6974502754384196,
    0.7042069295826164, 0.7176538022316016, 0.7208224644587524,
    0.726210275206013, 0.7338897679810942, 0.742499056339696,
    0.7472786077338713, 0.7507122500759101, 0.755451394326013,
    0.7615189142525188, 0.7650585709598616, 0.7723645781693252,
    0.7733989444331845, 0.7796645894970583, 0.7846094619320789,
    0.7797457294511626, 0.7915043494515664, 0.7909941732667489,
    0.7860830172464467, 0.7939105139694351, 0.7964536425644068,
    0.8071395535076005, 0.8134449942820315, 0.8158452608015224,
    0.8056755512412908
  ],
  "val_ious": [
    0.5100478005150091, 0.5410402944122535, 0.6084484004456063,
    0.6392570166052252, 0.6412943584331566, 0.6664119805546773,
    0.6524728415668875, 0.6772777731867805, 0.6945949095314827,
    0.6759086661580682, 0.6872376158185627, 0.7009045732194098,
    0.6955305715833885, 0.702056945666023, 0.6990140173314273,
    0.7122441089671591, 0.6722440428060033, 0.7080942372912947,
    0.717273094083952, 0.7185120867646259, 0.716797622649566,
    0.7210875667523646, 0.7191832827917043, 0.7219932582499323,
    0.7203896754029869, 0.7320909873730893, 0.729221452621446,
    0.7183199758115023, 0.7317570888477825, 0.7334639607132345,
    0.7335369897925337, 0.7393003255128862, 0.7322868393815082,
    0.7088498246410618
  ],
  "training_time": 766.899165391922,
  "avg_gradient": 0.003704833321325065,
  "memory_usage": 1152.220703125
}
