{
  "train_losses": [
    0.2853406763271145, 0.23807493119460085, 0.21591430019749247,
    0.20119226205608118, 0.1891789625034384, 0.18304285374672516,
    0.1707135451066753, 0.16406688393782015, 0.15651911683380604,
    0.15167731609519408, 0.1479739375088526, 0.14255492919651064,
    0.13945553512514933, 0.1339161105696922, 0.13001247924631057,
    0.12793889277331208, 0.12477383357675179, 0.12101773464161417,
    0.11989476434562517, 0.11369135676194793, 0.11405032573510772,
    0.10839387106344751, 0.10743229799782453, 0.10484740219038466,
    0.10323476876415637, 0.09795519592159468, 0.09635989866017,
    0.09393423799749302, 0.09487636472381976, 0.09432356780313927,
    0.08893208934561066, 0.08941129101035387, 0.08871512357955394,
    0.08646387922699036, 0.08544388089490973, 0.08269126373140709,
    0.08067029398744521
  ],
  "val_losses": [
    0.25978429194377817, 0.21382963041896405, 0.20555902758370276,
    0.19252832331087277, 0.1845426931977272, 0.17391972600117975,
    0.17185760516187418, 0.1587265256954276, 0.15248311894095462,
    0.15612442532311316, 0.14964504248422125, 0.15297221036060996,
    0.14359828327660976, 0.16089016296293424, 0.13770625205791515,
    0.14461825366901315, 0.14181360181259073, 0.13898291778953178,
    0.12760980540643568, 0.13253237420450087, 0.1296058962850467,
    0.1330778321818165, 0.13226806226631868, 0.1297707905911881,
    0.1336465960611468, 0.1251447330350461, 0.12912059186593347,
    0.12541984766721725, 0.13415031572398933, 0.13159189081710318,
    0.12661804372201796, 0.130454133062259, 0.12782838227956192,
    0.13015462344755296, 0.12980661152497583, 0.12869302636903265,
    0.13163146975895632
  ],
  "train_ious": [
    0.42439664977575653, 0.5133537870116424, 0.5581402828565972,
    0.5838171031488025, 0.6060144724189371, 0.6169592247924943,
    0.6382604451391145, 0.6499065653137539, 0.6643741246366845,
    0.6741516555025094, 0.6799060915583286, 0.6904720887541774,
    0.6957153621791065, 0.707443420869717, 0.7136613732014875,
    0.7171039276256942, 0.7232709950834948, 0.7309065842326139,
    0.7322767907618615, 0.74306678518221, 0.7421499821694866,
    0.7526051348102267, 0.7548726248028489, 0.7598284682177983,
    0.7629157872195695, 0.772443122621896, 0.7749674877934697,
    0.7800938972420449, 0.77858372858685, 0.7791954838819268, 0.789629558020312,
    0.7888246106820701, 0.7899165967128419, 0.7941285872804945,
    0.7957213156033257, 0.8018021294172256, 0.8054290701081783
  ],
  "val_ious": [
    0.47607300246971246, 0.5546793995991998, 0.5713111352229464,
    0.6009095706369565, 0.6131613714539484, 0.632436424277831,
    0.6433453903250075, 0.6594015498092209, 0.670338708853376,
    0.6634048884329588, 0.6793819801962894, 0.6763532584992007,
    0.6888978597910509, 0.6515224141919095, 0.7003743419612664,
    0.6879123602656353, 0.6920829868834951, 0.6988917932562208,
    0.7201872059832448, 0.7155787219171941, 0.7145523927781893,
    0.7152262710142827, 0.71523099489834, 0.7234273848758229,
    0.7204284961672798, 0.7291198826354482, 0.730269070552743,
    0.7336156996695891, 0.7229395074688871, 0.7268368511096291,
    0.7275910962750946, 0.7293227610812671, 0.7303258770185966,
    0.7291655238123909, 0.7331891649443171, 0.7371737283209095,
    0.7251962619847145
  ],
  "training_time": 832.4426453113556,
  "avg_gradient": 0.002504029239009838,
  "memory_usage": 1152.220703125
}
