{
  "train_losses": [
    0.27122454077977204, 0.22775865386685598, 0.20210826971932597,
    0.18660305974924046, 0.1741707300686318, 0.1647136633324882,
    0.1554585356346291, 0.1483617578835591, 0.1430605481095288,
    0.1395353777334094, 0.13319122532139654, 0.12817821461383416,
    0.12669245979708174, 0.12527031836140415, 0.12165800044717996,
    0.11426414589843024, 0.11545174192313266, 0.11024423648157845,
    0.10672974752505189, 0.10529426133017177, 0.1029186079521542,
    0.10068173706531525, 0.09652837527834851, 0.09752448239242253,
    0.1013748661979385
  ],
  "val_losses": [
    0.26432030226873315, 0.21256363262300906, 0.1973436445645664,
    0.18002168121545212, 0.16216085268103558, 0.17222253783889438,
    0.16150520223638284, 0.14661211002132166, 0.14685273721166278,
    0.14221772486748901, 0.14252927186696426, 0.13720914057415465,
    0.13560227774407552, 0.1330830589260744, 0.13259002420565355,
    0.1435789963149506, 0.13570612118296002, 0.1298085527251596,
    0.1357958378351253, 0.12728044325890747, 0.12744983366650084,
    0.1277499265320923, 0.12670142819052158, 0.12848138517659644,
    0.13781421582983888
  ],
  "train_ious": [
    0.4498803767281165, 0.5348307182607442, 0.5836083072683084,
    0.6101471090122411, 0.6337916615648547, 0.6520308768511682,
    0.6691164587610876, 0.6826973793407282, 0.6899608170100745,
    0.6964500935721226, 0.7090504594903063, 0.7174831912785338,
    0.7209660539376562, 0.7234639396917991, 0.7300418358350143,
    0.7429976463317872, 0.7406640715789105, 0.7508136637076952,
    0.7572167155103406, 0.7591267881941969, 0.7637250935793787,
    0.7677904088320078, 0.7755041205580689, 0.7740803682177825,
    0.7665710651680177
  ],
  "val_ious": [
    0.4697023881734281, 0.560291597376699, 0.5890132331329845,
    0.6216059897256934, 0.6531857714272927, 0.6436299966729205,
    0.651645417014758, 0.6826543978590895, 0.6833748601484989,
    0.6910358321839487, 0.6907927052698275, 0.7013873200917591,
    0.7047527909710788, 0.7086030469424481, 0.7112764567136768,
    0.6954567916151407, 0.7064513479885848, 0.7192307803509891,
    0.7108727855526883, 0.724334426332211, 0.7231959454391316,
    0.7260483289542404, 0.7287754414306171, 0.7220224556715593,
    0.707089252014091
  ],
  "training_time": 570.6932377815247,
  "avg_gradient": 0.005018785493063957,
  "memory_usage": 1152.220703125
}
