{
  "train_losses": [
    0.28709138694988645, 0.23272727705214336, 0.2099069765890422,
    0.19842625547038473, 0.18443312350174654, 0.17471374336468137,
    0.16414444804515527, 0.1576687304869942, 0.15137036529410144,
    0.14627574845824554, 0.14174742486489855, 0.13711603844295378,
    0.13363340982924338, 0.13068967664857273, 0.12549677936603193,
    0.12429112851943659, 0.11918851619829303, 0.11915801501954379,
    0.11197265658689581, 0.10924988414120415, 0.10787954400091068,
    0.10619955825740876, 0.10861872598204923, 0.09833159585199926
  ],
  "val_losses": [
    0.2662147999457691, 0.23427271583805914, 0.21186286372982938,
    0.21049499090598978, 0.1851125537701275, 0.1866197990982429,
    0.16783282873423203, 0.16903480822625366, 0.17020792222541312,
    0.16377394500633943, 0.1552671861389409, 0.15856419406507327,
    0.1530124384747899, 0.15107333287596703, 0.1449275494593641,
    0.1393885414885438, 0.1481267623603344, 0.13900849903407303,
    0.14303336616443552, 0.13887035587559576, 0.13617552298566568,
    0.13730809724201326, 0.13267934792067693, 0.1767682664744232
  ],
  "train_ious": [
    0.415603486973534, 0.5261878323187865, 0.5686913614525743,
    0.5889134093903111, 0.6148608054803768, 0.6323561125259467,
    0.6517218202892425, 0.6626091188602689, 0.6748893554119962,
    0.6840782617421253, 0.6923217100725654, 0.7015539038440454,
    0.7067503993925837, 0.7129014009150904, 0.721688331199297,
    0.723451329584139, 0.733335132940092, 0.7342285160245244,
    0.7470350261723644, 0.7520733413596944, 0.7540293586966785,
    0.7571349285974887, 0.7526113470827324, 0.7716697931721592
  ],
  "val_ious": [
    0.4609817648711412, 0.5190459073021791, 0.5591922666931499,
    0.585751694181691, 0.6144843477269877, 0.6182441298944362,
    0.649344462847364, 0.6429523829964623, 0.6535791350879531,
    0.6558679009693255, 0.6724671967651532, 0.6655975636364759,
    0.6775490712860356, 0.6761201576910156, 0.6966349819432133,
    0.7020121624936229, 0.685721745957499, 0.7005743138168169,
    0.6994068423906962, 0.7023103615080102, 0.7121515991031262,
    0.7107446474441584, 0.713302157063415, 0.6702191676350607
  ],
  "training_time": 542.6019921302795,
  "avg_gradient": 0.019561056872423654,
  "memory_usage": 1152.220703125
}
