{
  "train_losses": [
    0.2687549812152334, 0.22778495595507, 0.20289271948454174,
    0.1865873148907786, 0.17287310139964457, 0.16354511524348156,
    0.15618358317600645, 0.1515383732950558, 0.14380311844465526,
    0.1415939872841472, 0.13540161688528632, 0.13385361724573633,
    0.12845913389616687, 0.12283198069781065, 0.12306556150155223,
    0.1185874589111494, 0.11460223320223716, 0.1115242644496586,
    0.1107571770882477, 0.10624351741179176, 0.1028120031013437,
    0.10240291824321383, 0.10043943252252496, 0.09605069511124621,
    0.09775061395181261, 0.09522871705500977, 0.09507172967752685,
    0.08963682121880677, 0.08928503687291042
  ],
  "val_losses": [
    0.25499544260294543, 0.22939894251201465, 0.1900138456536376,
    0.18531210428994635, 0.15953578929538312, 0.15908099030670914,
    0.14673869392794112, 0.1562058659999267, 0.15039081142648406,
    0.14736394017286922, 0.1409258410010649, 0.14183167238598285,
    0.13735754642149675, 0.13216790686482968, 0.13417359376731125,
    0.13546993907379068, 0.13100898573579994, 0.13629180435901103,
    0.13087440946179887, 0.13292926679486813, 0.13018210475211558,
    0.12776367771236793, 0.1314297000999036, 0.13079733676884486,
    0.13610644087843274, 0.13169424478774486, 0.13114455293702043,
    0.12369331296371378, 0.13500442469249602
  ],
  "train_ious": [
    0.4599895074126729, 0.535317516899195, 0.5805283760031065,
    0.6114242427267026, 0.6362751930196217, 0.6533091840860635,
    0.6666905930724694, 0.6759306529293889, 0.6887287587683268,
    0.6929419817591926, 0.7033929889076856, 0.7076023004517171,
    0.7181175391635171, 0.7262400968567183, 0.7275620211941611,
    0.7344812711943749, 0.7418958519355974, 0.7479258820522517,
    0.7485001043457057, 0.7570608510919238, 0.7633419858048791,
    0.764496291353219, 0.767828597970631, 0.7764250808867853, 0.773036188621452,
    0.7778616393713844, 0.7782401737311615, 0.7882860955120862,
    0.7887617496476649
  ],
  "val_ious": [
    0.49321047502799326, 0.5339703761797022, 0.6060070430023082,
    0.6264579764742784, 0.6614251467196838, 0.6581361241962599,
    0.6836191802353099, 0.6713079579066538, 0.6795167229745701,
    0.6862994698078736, 0.6966444681520049, 0.6983582785596016,
    0.7035446931486544, 0.7127069299635679, 0.7090227383634319,
    0.707044111861699, 0.718943277346915, 0.7096642780563106, 0.717214423245278,
    0.7193861318671185, 0.718867763444997, 0.7226701180140177,
    0.7217552804428599, 0.7229712618433911, 0.7120377838179685,
    0.7194485228130785, 0.7240137559348255, 0.7360639338907988,
    0.7170811608649682
  ],
  "training_time": 652.3365886211395,
  "avg_gradient": 0.0025232333785470424,
  "memory_usage": 1152.220703125
}
