{
  "train_losses": [
    0.2691610190693451, 0.22540022862022338, 0.20041427809907042,
    0.1834689247543397, 0.1678066026095463, 0.16140155866742134,
    0.15396789080746795, 0.1473025502232106, 0.14145059389588627,
    0.1377762234972223, 0.13243867626980596, 0.12930556277380043,
    0.12478205735754708, 0.12344978178810814, 0.11807793164220841,
    0.11504449002930651, 0.10980111498223699, 0.10775659751632939,
    0.10702305517928756, 0.10554541335643633, 0.10003969927682825,
    0.10017311836228422, 0.09563904684846816, 0.09143211591340926,
    0.08819463023025056, 0.08818772423040608, 0.08902216787733462,
    0.08917714752580809, 0.08405907824635506, 0.07996260176372269,
    0.0785189458452489, 0.08056359580191581, 0.07831061465422744,
    0.07554435264319181, 0.073808663484195, 0.07136644493869465,
    0.07152063059418098
  ],
  "val_losses": [
    0.2528638101142386, 0.221946210640928, 0.1913301455585853,
    0.17487708608741345, 0.16207270486199338, 0.16232660186031592,
    0.17242848452018655, 0.15487079273747362, 0.14864408775516177,
    0.14447981896607773, 0.15059846283301062, 0.1527801191677218,
    0.1423241468551366, 0.13376182949413423, 0.136715950201387,
    0.12834504781209904, 0.12770868157563003, 0.1281853076880393,
    0.1306430059282676, 0.12854471656939256, 0.13140562030932176,
    0.1306337612154691, 0.1270042105537394, 0.12525351799052695,
    0.1349125148161598, 0.13060464062120603, 0.13608822080752123,
    0.12947831918363986, 0.12667299693693285, 0.1307773632199868,
    0.12707228002988774, 0.1337107713131801, 0.12986628937980402,
    0.13609893571423448, 0.13427976810413858, 0.12879692422954933,
    0.14557439963454785
  ],
  "train_ious": [
    0.45378217392979037, 0.5406111852684311, 0.5854262977406597,
    0.6162585994039755, 0.6446621075164582, 0.6559309912980464,
    0.6712803685686729, 0.6828566209237645, 0.6932637638587886,
    0.6994307197738384, 0.7098096536769382, 0.7146908430301626,
    0.7227715352091238, 0.7264513882497952, 0.7357106696328393,
    0.7409908016198786, 0.7503898320854571, 0.7548491383052387,
    0.7557679789977663, 0.7587310680444688, 0.7682586448348091,
    0.7684396099893078, 0.7765792684926498, 0.7845943950224613,
    0.7907021336689375, 0.7910014404982756, 0.7891716305976324,
    0.7891524611715819, 0.7988354190104248, 0.8070274432716161,
    0.8101318713979443, 0.8061683225458948, 0.8104840429580732,
    0.816169074912002, 0.8198900643898088, 0.8248398789893024,
    0.8249521337557532
  ],
  "val_ious": [
    0.5005908621394116, 0.5487645408813505, 0.603551580854084,
    0.6253508910320809, 0.6531520740709442, 0.6524977906458619,
    0.6491837097682813, 0.6745915039294007, 0.6827577235906022,
    0.6867105455502222, 0.6812411816655726, 0.6752880340900973,
    0.6895380223142926, 0.7086204100346217, 0.7057681206775747,
    0.7166043930295587, 0.719997368860936, 0.7182604743950608,
    0.7178674417993297, 0.7189414589733315, 0.7187491061462872,
    0.7204995645561081, 0.7282922710629478, 0.7305769045715745,
    0.7222897587479022, 0.7276187672995139, 0.7255867698054381,
    0.7261469415996389, 0.7363466562136358, 0.7338243278040405,
    0.7344190819539886, 0.7206709598717482, 0.7336240279069846,
    0.7306172396393792, 0.7312906414702318, 0.7399076895005462,
    0.7228001950011738
  ],
  "training_time": 834.2126758098602,
  "avg_gradient": 0.002534249338047864,
  "memory_usage": 1152.220703125
}
