{
  "train_losses": [
    0.2670235705116521, 0.23117588176999404, 0.20873965954651003,
    0.18856722958709882, 0.17569858345972456, 0.16492387628101784,
    0.1583147840169461, 0.15266992427084758, 0.1468160710014079,
    0.14097725361099708, 0.13682913419831058, 0.13072913374913775,
    0.12614832531012918, 0.12308055336546639, 0.11947379743113466,
    0.11564859585917514, 0.11240965326357147, 0.10761524910998085,
    0.10439604411468557, 0.10163989796748628, 0.09774548272885707,
    0.10027306935871425, 0.09439433382257172, 0.09115896471168684
  ],
  "val_losses": [
    0.2441890903789064, 0.22396848091612692, 0.19823759308327799,
    0.20450438008360242, 0.17437785863876343, 0.16344372442235117,
    0.15946960514006409, 0.16531732095324475, 0.14561999200478845,
    0.16297018722347592, 0.15481428316105966, 0.14628632965943086,
    0.1378309981006643, 0.13877329133127048, 0.1364584315730178,
    0.14753810688853264, 0.13833944920612418, 0.13796904261993326,
    0.1378950191580731, 0.13094434757595477, 0.13795230829197427,
    0.14066292005388634, 0.1287205384477325, 0.14306750683032948
  ],
  "train_ious": [
    0.45800546548612725, 0.5277049137360378, 0.569442136672096,
    0.6056583660344285, 0.6296140012209827, 0.6492626663243426,
    0.6614610484760742, 0.672296093425889, 0.6825008772421577,
    0.693522394189368, 0.7020226925935434, 0.7122607044335727,
    0.7204159670981809, 0.7261455559536164, 0.7321975199316725,
    0.7400609096107275, 0.7460430064171121, 0.7541240734466605,
    0.7609882511846395, 0.7648348607446837, 0.7728178070831121,
    0.7680066839616365, 0.7788379763563471, 0.78532169861854
  ],
  "val_ious": [
    0.5095329305184061, 0.5433721236776615, 0.5856952919908193,
    0.5810963524424512, 0.6364529711612756, 0.6542925255886024,
    0.6637425103049347, 0.6498013479986052, 0.6828723830589347,
    0.6511965184539986, 0.6734964985778363, 0.6903542733710745,
    0.7004272073939226, 0.6997569799423218, 0.7024750746246697,
    0.6889152343290439, 0.7051173539265342, 0.7070208904535874,
    0.707662211596102, 0.7175355659446854, 0.71078633117503, 0.7101999942375266,
    0.724978921206101, 0.6961280163647473
  ],
  "training_time": 540.7087597846985,
  "avg_gradient": 0.006587738542335034,
  "memory_usage": 1152.220703125
}
