{
  "train_losses": [
    0.2606488090494405, 0.21386620199874692, 0.19089186920419984,
    0.1763772354663714, 0.16329215612748396, 0.1521819354156437,
    0.14689134227354889, 0.1403885553388492, 0.13484366161181874,
    0.13367618486771118, 0.1280577080729215, 0.12197115017182153,
    0.11823972484663776, 0.11835704241757808, 0.1140313878574449,
    0.10972239077091217, 0.10704672790091971, 0.10502505715450515,
    0.10381629710774058, 0.09904001940689657, 0.09484470951492371,
    0.09481422615278026, 0.09329760953298082, 0.09039109787377327,
    0.08856401053945655, 0.08746624102249094, 0.08393195186458204,
    0.08197165385860464, 0.0805209701799828, 0.08026183858189893,
    0.07943753230021051, 0.08129052473637073, 0.07869811736695144,
    0.079363614037309, 0.07193107441391634, 0.06903004377027569,
    0.06804868836036843, 0.06684445259768677, 0.0664471686291306
  ],
  "val_losses": [
    0.2454510201578555, 0.22253464518681818, 0.18545157624327618,
    0.17388585080271182, 0.1541115249628606, 0.151585782189732,
    0.15807727465163107, 0.14866387746904208, 0.1434232485683068,
    0.14617937333557918, 0.13677505338969437, 0.13217596515365268,
    0.1428738903740178, 0.13132814204563265, 0.1317522120864495,
    0.1314926962165729, 0.13648265017115552, 0.12337469503931377,
    0.14533089409055916, 0.13665170805609744, 0.126071791448023,
    0.127049225827922, 0.13085434909747995, 0.12432703553982404,
    0.13782460728417273, 0.12668718608177226, 0.12798429231928743,
    0.1271070109113403, 0.13212512887042502, 0.12917738375456436,
    0.12416342078991559, 0.12474184159351431, 0.13425290114853694,
    0.1299639802588069, 0.13067156335581903, 0.13492467675520026,
    0.12901571004287057, 0.13756257247017778, 0.13566549008955125
  ],
  "train_ious": [
    0.4729639361882447, 0.5608176152235353, 0.6019753813743594,
    0.6294317661204198, 0.6526630019256173, 0.674063321095014,
    0.6827628881926987, 0.6953921192798062, 0.7048033663220165,
    0.7071291255778162, 0.717802376040946, 0.7293460318359775,
    0.7355266658292302, 0.735376812679612, 0.7431960303498351,
    0.7514387543002765, 0.756028753907784, 0.7599849468232063,
    0.7614462728733599, 0.7706680586696536, 0.7780693682531519,
    0.7787942128336948, 0.7817949543072692, 0.78679997123022,
    0.7899347131235008, 0.7925673360949842, 0.7993151668621148,
    0.8031383321984953, 0.8062748089432713, 0.8070886213926302,
    0.8084515024354494, 0.8050811799324079, 0.8104069909971692,
    0.8090606567220412, 0.8238162437210914, 0.8304841504364776,
    0.8324747268056522, 0.8351962295347369, 0.8360774928460949
  ],
  "val_ious": [
    0.49803515896201117, 0.5706306490777194, 0.6088493574356687,
    0.6297013025352921, 0.6705058897319047, 0.6811774811450986,
    0.6652298269496447, 0.6828998195520346, 0.6897526387719142,
    0.691713048712067, 0.7026958204265953, 0.7086478871279868,
    0.6987650644951972, 0.7148123195637825, 0.7143880172052243,
    0.7160001893838244, 0.7123923040386559, 0.730730376381805,
    0.7042180496281472, 0.7184942893791889, 0.728349014252856,
    0.7300656366607415, 0.7230050771132761, 0.7374435194592546,
    0.7171969390001849, 0.7290907886581145, 0.7319092271120649,
    0.7382367080536443, 0.7376719579316569, 0.737026190844135,
    0.7408774365549501, 0.7394218552803646, 0.7348944637654485,
    0.7390505792438122, 0.7391556369653643, 0.7342369547788649,
    0.7437678180311036, 0.7395021423049594, 0.7371528653994852
  ],
  "training_time": 891.3669571876526,
  "avg_gradient": 0.005425823396318065,
  "memory_usage": 1152.220703125
}
