{
  "train_losses": [
    0.27259595611173176, 0.2276469047140816, 0.20487383809750495,
    0.1942055853002745, 0.18020771289973156, 0.16700976050418356,
    0.16003422382409158, 0.15221073073537453, 0.14701177155518014,
    0.14053911869616612, 0.13741816944726135, 0.13159413951570573,
    0.12668991821777562, 0.12386515987632067, 0.12324174862031055,
    0.11614902661708386, 0.11274201018006905, 0.11161786095117746,
    0.10873898762561705, 0.10935163939290721, 0.10204443189760913,
    0.0981544038766752, 0.09560549170102763, 0.09490880912736706,
    0.09186677671159091, 0.09172952049614294, 0.08861982713089041,
    0.08545263642040284, 0.08617632981875668, 0.08718277939149867,
    0.08350467058303564, 0.07841663779285939, 0.07718149661693884,
    0.0787350762149562
  ],
  "val_losses": [
    0.2508167617994806, 0.23944255450497504, 0.19725670503533405,
    0.20411545718493668, 0.1713472037859585, 0.17525631286527799,
    0.15787124342244604, 0.151084345643935, 0.16446742771760278,
    0.16061804961899054, 0.14180619852698367, 0.1411674911885158,
    0.13899706125907277, 0.14373448150961296, 0.14714193506085355,
    0.13483087345957756, 0.13613086388162945, 0.1583209718051164,
    0.12702295022166293, 0.14045043645993524, 0.13923645375863367,
    0.13337365375912708, 0.13148459063276, 0.13263178519580676,
    0.1334220068934171, 0.13440770753051923, 0.13056220762107684,
    0.13778641091092772, 0.13553017345459564, 0.13761217260490294,
    0.13330395211992058, 0.13110506421198015, 0.13394824739383615,
    0.13850647389240886
  ],
  "train_ious": [
    0.44453780394911335, 0.5346955489907143, 0.5756260946500992,
    0.5960171018605647, 0.6194409799316652, 0.6449633960382662,
    0.6581627205014228, 0.6723953779732835, 0.6830531756083169,
    0.6943052644854872, 0.7003386248496996, 0.7106799294335251,
    0.719835175120312, 0.7240602003707398, 0.7255962864644289,
    0.7392431371777818, 0.7451769520623096, 0.7468575691615328,
    0.7523418840398824, 0.7516597080165925, 0.7647887180572834,
    0.7725013075531394, 0.7770094478475874, 0.7780934025843943,
    0.7839102232693762, 0.7847834258623752, 0.790286560151456,
    0.796457157564768, 0.7952805225723891, 0.7934400040278404,
    0.8007290254252544, 0.8105666593149088, 0.813288056008194,
    0.8101210125546525
  ],
  "val_ious": [
    0.5010815548939981, 0.5398117366476336, 0.578017286632372,
    0.585868325786314, 0.6348736426536589, 0.6350540821103082,
    0.6652729813603386, 0.6740345453870471, 0.6575531847235088,
    0.6604472793962644, 0.6929970908424129, 0.6942948867445405,
    0.6979909740064457, 0.6957438719877298, 0.6960194447766177,
    0.7160824271647827, 0.7049420419810473, 0.6807359096364698,
    0.723517616589864, 0.7014254726793455, 0.7080544550781663,
    0.7177627324194148, 0.7225702212772506, 0.7196406773898912,
    0.7268256894920185, 0.7197124098522075, 0.7248681939166528,
    0.7185394046963127, 0.7314953845048299, 0.7239967463673025,
    0.7332273615875107, 0.7365457681210144, 0.734976548647535,
    0.7195603996515274
  ],
  "training_time": 776.16242146492,
  "avg_gradient": 0.011174248285776695,
  "memory_usage": 1152.220703125
}
