{
  "train_losses": [
    0.28421631552602933, 0.23611534419267075, 0.20960882249409737,
    0.19353579972749171, 0.18386156427795472, 0.1737342084069615,
    0.16558152368373197, 0.15735042459614898, 0.15107831504681837,
    0.1441865025655083, 0.14214547840959352, 0.1374853771260899,
    0.1330314590798124, 0.1309650922599046, 0.1251931086020625,
    0.12471525059284075, 0.11705805049480303, 0.11578036188755346,
    0.11280530144500991, 0.10932041068925806, 0.10852672171819469,
    0.10564840751011735, 0.1002447034596749, 0.10354390019631904,
    0.10054482944795619, 0.09585243888685237, 0.09360656551206889,
    0.08861026099032682, 0.09282459764052993, 0.08823648520299922,
    0.08547752148107342, 0.0886837883407007
  ],
  "val_losses": [
    0.2672850211029467, 0.2354134826556496, 0.20275916321122128,
    0.19274962725846664, 0.20356081490931305, 0.16413567765899326,
    0.16626174650762393, 0.1689971393865088, 0.1479343337857205,
    0.14959802106022835, 0.143203838687876, 0.17033012502867242,
    0.1421666074058284, 0.15007293289122375, 0.1403234594542047,
    0.1455730062140071, 0.13396123326990916, 0.14162874772496845,
    0.1276019162133984, 0.13857825391966364, 0.125093976440637,
    0.12590875152660452, 0.1277672389279241, 0.1310375809021618,
    0.13108268768891043, 0.12524051203028017, 0.12555750248872716,
    0.13534062566316646, 0.1246334029280621, 0.12948721469096516,
    0.1261851654752441, 0.145569888955873
  ],
  "train_ious": [
    0.421017935216103, 0.5208187277928211, 0.5695672686063293,
    0.5989007785700372, 0.614245747094569, 0.6337033382792406,
    0.6482247354975648, 0.663400080918834, 0.6742133859922921,
    0.6874461645881338, 0.6914428982721723, 0.699828699447107,
    0.7079733111288238, 0.711705430964197, 0.7227202091312062,
    0.7231335127051327, 0.7380068498677103, 0.7394948315577229,
    0.7458299788227982, 0.7513360066906264, 0.7527977825830809,
    0.758869429213413, 0.768760492404302, 0.7618113822587157,
    0.7681071184899494, 0.7768689788122107, 0.7805872607598272,
    0.7906220509954124, 0.782294407378936, 0.7913570926133273,
    0.7963195638596147, 0.7911420727445596
  ],
  "val_ious": [
    0.46549958584533213, 0.5295726310299792, 0.5858533144861028,
    0.6010306803644567, 0.6005873122940892, 0.6500256592812745,
    0.6491236924261289, 0.6529109719870748, 0.6836609164441839,
    0.67686901792236, 0.6879079270622005, 0.6571400275696879,
    0.6937555495811545, 0.681974998202877, 0.7011784179055174,
    0.6864928242521011, 0.7085609196320825, 0.7024103329665421,
    0.7187214230281719, 0.7044675542392591, 0.7267451595137085,
    0.7253322648829306, 0.7227850750736569, 0.7181948598312295,
    0.7207967159540757, 0.7300639327453532, 0.7304699639047402,
    0.7190079088660254, 0.7330837673035222, 0.7261074742545253,
    0.7342978350926136, 0.7039044324470605
  ],
  "training_time": 721.9899244308472,
  "avg_gradient": 0.010480151466051133,
  "memory_usage": 1152.220703125
}
