{
  "train_losses": [
    0.2670102014975703, 0.21931979384111322, 0.19815843220314253,
    0.17938327319596126, 0.1685486435080352, 0.16030249712259872,
    0.15081797629270866, 0.14588415910206412, 0.14075618111730917,
    0.13449193346921517, 0.12898730551419052, 0.12654217688933664,
    0.12394792987438648, 0.11801860732552798, 0.1161334199587936,
    0.1136094034123032, 0.11003195603742548, 0.10639830581519914,
    0.10439652143775122, 0.09800225929559572, 0.09560019373083892,
    0.09477667109635861, 0.09681704280007145, 0.08905346557983886
  ],
  "val_losses": [
    0.2378113153188125, 0.2196076586842537, 0.20963364126889603,
    0.17333708671124085, 0.175667070824167, 0.1616676294285318,
    0.16474476100310034, 0.16002272231423337, 0.1479083147385846,
    0.14455798705634865, 0.1412348146347896, 0.1455684701061767,
    0.15505612803542096, 0.136836771407853, 0.13865576571096544,
    0.13676219401152237, 0.1462843918605991, 0.13117817692134692,
    0.1335456471728242, 0.1307328702962917, 0.13137277750217397,
    0.15077109456710194, 0.12944157858905586, 0.14276837816704874
  ],
  "train_ious": [
    0.46004754935215786, 0.5480142960837785, 0.5897513879598052,
    0.622614983847176, 0.6429988862811656, 0.6583608204255934,
    0.6752882173851779, 0.6844228322523225, 0.6928728407491808,
    0.7051785985088866, 0.715500032718199, 0.7191304450017819,
    0.7242089443556637, 0.7352885926763217, 0.7389187506143596,
    0.7429013723588512, 0.7499230005170986, 0.7565941953140758,
    0.759925522396098, 0.772178402683441, 0.7766857982437677,
    0.7780162996032104, 0.7743021314558772, 0.7889775035066023
  ],
  "val_ious": [
    0.5143708797252696, 0.5473467760543894, 0.5750051543548487,
    0.6371504204428714, 0.6317640620729198, 0.6578339625527893,
    0.6594061622585076, 0.6712546156368394, 0.6857481212287707,
    0.6892820454162101, 0.6965390841166176, 0.6981108082809311,
    0.681746256308279, 0.70709644884303, 0.7049396744240886, 0.706482586869295,
    0.7044394564801371, 0.7199174303939376, 0.7143696244212162,
    0.7259213587512139, 0.7231209984292155, 0.6993714061336239,
    0.727912404398987, 0.7065092001272284
  ],
  "training_time": 543.1075537204742,
  "avg_gradient": 0.0032798826155562514,
  "memory_usage": 1152.220703125
}
