{
  "train_losses": [
    0.2729095002717298, 0.22889414915572043, 0.20806132297476995,
    0.18853857206261676, 0.1778437704981669, 0.16637407510500887,
    0.16010425223604494, 0.1530501333915669, 0.14646994954218034,
    0.14365237854097201, 0.13878711819162834, 0.13373021506097005,
    0.12940225167118985, 0.1263669143309412, 0.12342074703749108,
    0.11867773913494918, 0.11763286999548259, 0.11516647129926992,
    0.11082823898481287, 0.10639089297341264, 0.10601753417564475,
    0.10295049206394216, 0.10058567049386709, 0.09772357984405497,
    0.10118787828832865, 0.0945394144433996, 0.09279942739269008,
    0.08889838421474332, 0.08839875852446193, 0.08955166496984336,
    0.08670825324952602, 0.0823372984709947, 0.08359154868547035
  ],
  "val_losses": [
    0.29874811872192053, 0.20874826739663663, 0.19874345997105475,
    0.19373948710120242, 0.18027827467607416, 0.18076336804939352,
    0.1553499497797178, 0.1486237324450327, 0.14577073992594428,
    0.16184220851763434, 0.14021017742545708, 0.14311218051158864,
    0.14539539036543472, 0.1426051838890366, 0.13780284721566283,
    0.14229650260961574, 0.1363200817419135, 0.1419000936591107,
    0.1418606127085893, 0.13387670205987018, 0.13493352253799853,
    0.1416916878003141, 0.13710814941188562, 0.13155425275149552,
    0.13023619742497153, 0.13493730403158977, 0.14072379518462264,
    0.13013208317367927, 0.13520886635650758, 0.1346974729195885,
    0.1316751338865446, 0.13112256740746292, 0.13660935571660165
  ],
  "train_ious": [
    0.4470906006442247, 0.5315900332145934, 0.5717608001407076,
    0.6071855972210567, 0.6266423557763514, 0.6472106200197467,
    0.6599558338090995, 0.6717642161833199, 0.6842648475498393,
    0.6898149769159332, 0.6990899987842729, 0.7072230955396874,
    0.7151815207216186, 0.720761992631183, 0.7263667273564616,
    0.7350297543233716, 0.7372926848306168, 0.7411433403258738,
    0.7487208337347578, 0.7569728271792759, 0.7578303652505076,
    0.7635603257711385, 0.7676960822680717, 0.7731520556237383,
    0.767363072305486, 0.7792930559295673, 0.7824427779170047,
    0.7899507000178531, 0.7907308506360955, 0.7882316261529919,
    0.7938443114576129, 0.8023954493843989, 0.8003269663971405
  ],
  "val_ious": [
    0.4488892862978189, 0.5729506737080174, 0.5844514155085535,
    0.6091255282146342, 0.6278924333012622, 0.6301684081554412,
    0.6643226693073909, 0.6797766199578409, 0.6889989751836528,
    0.6635571260383163, 0.6954569721567457, 0.6919997958601387,
    0.6880297418953716, 0.6945482555074969, 0.7037186806184658,
    0.7001519544401029, 0.7064377529465632, 0.6995591970457548,
    0.7024368818687358, 0.7143306848795519, 0.7074885998947033,
    0.7062774907419648, 0.715947082941083, 0.7217565293329351,
    0.7231100052595139, 0.7171048804901647, 0.7072308234114579,
    0.7287969081730081, 0.7212832621906115, 0.724042176120523,
    0.724060019289238, 0.7303209708652636, 0.7151286256486091
  ],
  "training_time": 743.6635556221008,
  "avg_gradient": 0.0033706385817832045,
  "memory_usage": 1152.220703125
}
