{
  "train_losses": [
    0.27040870827825175, 0.21810108245066975, 0.19349812141255193,
    0.17682815982919672, 0.1670920930640853, 0.15805013481851504,
    0.15139386778616387, 0.14602145030284705, 0.1384786452855105,
    0.1349853171116632, 0.1324942224537549, 0.12895876837327427,
    0.12320156391386104, 0.11984888877233733, 0.11438082182860893,
    0.11550089239102343, 0.11357532506403716, 0.10768786570786135,
    0.10788668129269195, 0.10305391822982093, 0.09760341323588205,
    0.09966958933712347, 0.09439378551652898, 0.09139328680770553,
    0.0928120757655605
  ],
  "val_losses": [
    0.23251720161541647, 0.20258670591789743, 0.18324484935273294,
    0.16814914313347443, 0.1588851394860641, 0.1606209608523742,
    0.16335662940274115, 0.14572402478560156, 0.15214466578934505,
    0.1555918178156666, 0.1396864693125953, 0.13574996849764948,
    0.13488598346062328, 0.13242342808972235, 0.13402242877561113,
    0.13673412864622864, 0.1340000085208727, 0.1393046202542989,
    0.1332568367538245, 0.1334989940666634, 0.13089273627037587,
    0.13139883801341057, 0.13060657258914865, 0.13450256897055585,
    0.13825006588645603
  ],
  "train_ious": [
    0.4551239377697524, 0.554993256143686, 0.597598628613396,
    0.6285112058014976, 0.6455750386568083, 0.6631966808243939,
    0.6757237998147803, 0.6837831755587159, 0.6979217196180336,
    0.7052002375324566, 0.7099097428330473, 0.7162250889384233,
    0.727505678337985, 0.7332642914700337, 0.7433321700039975,
    0.740168834672026, 0.7448036497917733, 0.754471592929052,
    0.7549035984320916, 0.7631682474976003, 0.7735559797805286,
    0.7699199722728867, 0.7792616928185242, 0.7852061968026814,
    0.7826482333998751
  ],
  "val_ious": [
    0.5209625367669093, 0.5814275675709698, 0.6172559613334959,
    0.6433760690084401, 0.6620073292566382, 0.6585477206154146,
    0.6544090867906378, 0.6842750654272411, 0.6825157540000004,
    0.6737069396868997, 0.6994560201098952, 0.7064352147821067,
    0.7091503106597542, 0.7115425938281459, 0.7096731515898221,
    0.7019246360961943, 0.7075446628142094, 0.7011571967083473,
    0.7091735890810039, 0.7122532811717709, 0.7189267711794894,
    0.7211763327536377, 0.7231221874986871, 0.7166472787874333,
    0.7085004159505818
  ],
  "training_time": 570.3348634243011,
  "avg_gradient": 0.00237418273057115,
  "memory_usage": 1152.220703125
}
