{
  "train_losses": [
    0.2595628550195176, 0.21785677353972974, 0.19677061571375185,
    0.18382539624429267, 0.17126016254010407, 0.16157349381271913,
    0.15633079255728619, 0.14873543948582982, 0.14336820509608672,
    0.1389735357268997, 0.1351559384442542, 0.12851477673520212,
    0.1299606411839309, 0.123511984579913, 0.12003027919032004,
    0.11773937033570331, 0.11254872098241163, 0.10954342831088149,
    0.10769827655800011, 0.10672176034068284, 0.10381756176281234,
    0.0983002020208084, 0.09824879673997992, 0.09568667569724114,
    0.09511300427434237, 0.09018932246481595, 0.08854162656580625,
    0.08620201776047116, 0.08347674224363721, 0.081172204900371,
    0.08776761939668137
  ],
  "val_losses": [
    0.24329968962980353, 0.23869015535582666, 0.19399150072232538,
    0.18265413460524185, 0.168460167620493, 0.17391156146059866,
    0.16781369953051858, 0.1512926855812902, 0.1553501404173996,
    0.16540810368631198, 0.17407353870246722, 0.15404484421014786,
    0.13603449952991112, 0.1375286187166753, 0.1448242991514828,
    0.1357552240724149, 0.142260845426632, 0.13482810799842296,
    0.13634313788750899, 0.1412779769819716, 0.13085967448094618,
    0.1308133951995684, 0.13453767950768056, 0.1328626521255659,
    0.13030878600219023, 0.13250642998710924, 0.14423725592053455,
    0.1344795244867387, 0.1346026242751142, 0.1300104543890642,
    0.1368184912463893
  ],
  "train_ious": [
    0.47663783618127537, 0.555025239650538, 0.5923379044169969,
    0.6155295240274371, 0.6390969745166921, 0.6563434162973496,
    0.6658192035620625, 0.6802191673845484, 0.6899011627487514,
    0.6988614699870779, 0.7053107743461927, 0.7173113261983878,
    0.7154659393472947, 0.7269244676158911, 0.7323484871590482,
    0.7361957706726983, 0.7459508856029615, 0.7514519349172493,
    0.7542241763701476, 0.7565327605799483, 0.7622049284586012,
    0.7718674798050652, 0.7718997726189911, 0.7768483804943775,
    0.7780565614069715, 0.7869388993451563, 0.7901610588465912,
    0.7950328962634444, 0.7998653129822969, 0.8044802627485734,
    0.7924786065367683
  ],
  "val_ious": [
    0.5151072870130126, 0.5221290641288827, 0.6004144918659459,
    0.6203380540229272, 0.6444126214238182, 0.6342187238776166,
    0.65428525943687, 0.6762059436760086, 0.6747365567995154,
    0.6521349132492923, 0.6580435966236005, 0.6717700550089711,
    0.703286565732265, 0.6974361990241037, 0.6927936213172, 0.7041963600162148,
    0.6962054421504341, 0.7106522494468138, 0.7133565190909563,
    0.7074302294548006, 0.7221512166054352, 0.7224938202163446,
    0.7125805368026097, 0.7202272175446802, 0.718171392014061,
    0.7216918939265651, 0.7127153432887533, 0.720768003144126,
    0.7284346060908359, 0.7250486143689225, 0.7154629930205969
  ],
  "training_time": 699.7660357952118,
  "avg_gradient": 0.0028994799693625862,
  "memory_usage": 1152.220703125
}
