{
  "train_losses": [
    0.26042288420316967, 0.21611221782539203, 0.19211039805541869,
    0.17886989660885022, 0.1665640787585922, 0.157728331649433,
    0.15137092109121705, 0.1452323860772278, 0.13936510844075162,
    0.1329263102101243, 0.12954673183191082, 0.12487361665167239,
    0.12141286504819342, 0.11559709044092376, 0.11407472553622464,
    0.1105749302989115, 0.10895197364785102, 0.10336907475214938,
    0.09921761423997257, 0.10040150789301032, 0.09516530868637821,
    0.09103417157640924, 0.09050514654296896, 0.09171833316593067
  ],
  "val_losses": [
    0.22798564965310303, 0.20384359942830127, 0.18387723422568777,
    0.20386798193921213, 0.2021763985571654, 0.15331147060446118,
    0.1574477741251821, 0.1515087281232295, 0.1492967111584933,
    0.15687573020872864, 0.13985330627664275, 0.1428829335972019,
    0.13640413384722627, 0.1393604035610738, 0.14365556722749834,
    0.15162711655316147, 0.17339916689240414, 0.13340413683782454,
    0.13765928699918414, 0.1286101248925147, 0.13258038833737373,
    0.13019521437261417, 0.13920527550837267, 0.14665133473665817
  ],
  "train_ious": [
    0.4713142766698224, 0.5576362814214352, 0.600014170658761,
    0.6252342487374941, 0.6467560429827889, 0.6633172649080334,
    0.6754576648598996, 0.6867740856132645, 0.6981915685253732,
    0.7087687791689581, 0.7145030756035575, 0.7235025649053463,
    0.7300577343482035, 0.7398785961710893, 0.7428716746145404,
    0.7487653099216417, 0.751990495222634, 0.7622299139806323,
    0.7698294900465703, 0.7680809033521705, 0.7776782165510928,
    0.7856370060556175, 0.7868945037649163, 0.7842119861448156
  ],
  "val_ious": [
    0.5309616800235665, 0.5824722992121308, 0.6087212931850683,
    0.5836307842662368, 0.598929149085197, 0.6693396216285402,
    0.6641084055105845, 0.6752103685900785, 0.6798668665730435,
    0.6749909923992296, 0.696584540648737, 0.6924795380968978,
    0.702189365374869, 0.6989820789599765, 0.6975662894007089,
    0.6821605735930844, 0.6663647358832153, 0.7189744065205257,
    0.7129646926254466, 0.7214499737905418, 0.7165266307799711,
    0.7238012534984644, 0.7180130306793295, 0.6956233418938044
  ],
  "training_time": 542.6662693023682,
  "avg_gradient": 0.0037351187477592017,
  "memory_usage": 1152.220703125
}
