{
  "train_losses": [
    0.2650473210150781, 0.22666223136627156, 0.20015243311291156,
    0.17923310196594053, 0.16919336573261282, 0.15926320822504553,
    0.1507247028791386, 0.14782530292058768, 0.14179629638143207,
    0.13534807373324168, 0.13186407826193, 0.12965889100957176,
    0.12400779622080534, 0.12169908424434454, 0.11547300539424886,
    0.11453078905849354, 0.1115055349452988, 0.10682593201003644,
    0.10477786256081384, 0.10697610615550177, 0.09955077950397263,
    0.09986318842224452, 0.09669161822808825, 0.09256359809280737,
    0.09027523450229478, 0.09043778624871503, 0.08872217956282523,
    0.08590429073766521, 0.08564191862292912, 0.08163609898284725,
    0.0827040852897841, 0.08494974510825198
  ],
  "val_losses": [
    0.24512933356606442, 0.22248347783866135, 0.19336147768341977,
    0.1755219830766968, 0.18100231529577918, 0.16855823086655658,
    0.15328251214131064, 0.16132007053364877, 0.1598509708824365,
    0.13924509513637293, 0.1459723816293737, 0.14382575112192528,
    0.1406333579317383, 0.14513527439988178, 0.14866825792452562,
    0.1341007604547169, 0.1293835022851177, 0.14254652012301527,
    0.14265433212985162, 0.13813649004568224, 0.14261841482442358,
    0.13196163494949756, 0.13475152380440547, 0.13551536931291872,
    0.13498283307189526, 0.1331170936641486, 0.13316585609446402,
    0.13431480915650076, 0.13823609297042308, 0.13615449242617772,
    0.1394411067923774, 0.13868617476976436
  ],
  "train_ious": [
    0.46552058125751616, 0.5376697937161594, 0.5863045546347679,
    0.623439412779998, 0.6422940420823685, 0.6602516432387241,
    0.6755052728821405, 0.6813908969794493, 0.6921306851765383,
    0.7034254870444964, 0.7093752505446694, 0.7147051401004412,
    0.7255007900513598, 0.7283092506661797, 0.7403666404602317,
    0.7419946734132111, 0.7468926718701495, 0.7564673486935062,
    0.7598701251157819, 0.7556897498991179, 0.7694935704163022,
    0.7692379597844416, 0.7747768663085887, 0.7822982242357905,
    0.7866761173135128, 0.7866304342945417, 0.7894071095987512,
    0.7951081948003905, 0.7954744829431826, 0.8036043541370961,
    0.8014624032421389, 0.7974571131061821
  ],
  "val_ious": [
    0.5005223877404048, 0.5554621573807536, 0.6012826996005101,
    0.6300179299668989, 0.6203987479641818, 0.6484728330287378,
    0.6716386535461398, 0.667782758888991, 0.6659403894690499,
    0.6969550906316094, 0.6911689399377158, 0.691096167633499,
    0.6959930127081664, 0.6945524170346883, 0.6896912174812262,
    0.7119370331798776, 0.7186934617550477, 0.7039972243533619,
    0.7011712383532868, 0.7080510690592338, 0.7017970605604889,
    0.7242852583311606, 0.7178566650204037, 0.7218958828328313,
    0.7249514352584229, 0.7241426375897031, 0.7218698245891629,
    0.724256689565769, 0.7216010894896325, 0.7284588701483132,
    0.7207264887249988, 0.7181508646927017
  ],
  "training_time": 723.042453289032,
  "avg_gradient": 0.003560241832492095,
  "memory_usage": 1152.220703125
}
