{
  "train_losses": [
    0.2724921170460141, 0.22559981793165207, 0.2023384558117908,
    0.1836541597124027, 0.1719525175412064, 0.16471811529734862,
    0.15648339858845525, 0.15241799155331176, 0.14592038872449295,
    0.14015498587294764, 0.13395584407060043, 0.13220824689968771,
    0.12918526618538992, 0.12436337692096182, 0.119877097480323,
    0.1170914504353119, 0.11281273595016936, 0.1093002456118879,
    0.10803709256098322, 0.1058418127991583, 0.10255725345695796,
    0.09890251902296492, 0.09989160392433405, 0.10004376802269531,
    0.09173621617905471, 0.08916167501846085, 0.08577019069343805,
    0.08797323023495467, 0.08368254440796116, 0.08320411408077115,
    0.08515272714683543, 0.07982375468734813, 0.07846214873311312
  ],
  "val_losses": [
    0.24465796059888342, 0.20136921042981354, 0.20563039054041324,
    0.17168150226707043, 0.1766356926249421, 0.15637385553639868,
    0.1628975153941175, 0.15546105137985686, 0.14785153937080633,
    0.14360585306649623, 0.1405225616434346, 0.14472292541809703,
    0.14974487589105315, 0.13608688326633495, 0.1440840693919555,
    0.13575864826207576, 0.16339495421751685, 0.12810857788376187,
    0.13315455680308136, 0.1336687707706638, 0.13063547922217328,
    0.13361025763594586, 0.1294118402444798, 0.13019167437501575,
    0.12650512142673784, 0.12314677319448927, 0.12418053720308386,
    0.1268397065932336, 0.1273136386728805, 0.1334366571644078,
    0.13217891817507538, 0.1266645406899245, 0.13723883243358653
  ],
  "train_ious": [
    0.4493760600875038, 0.5414317510752142, 0.5841718092560767,
    0.6166063114676784, 0.6381290263995739, 0.6503671379085036,
    0.6655812960495987, 0.6746950358476326, 0.6864900337937087,
    0.6956972693079628, 0.7069261559433694, 0.7099727475880715,
    0.7157247076755848, 0.7245534636836126, 0.7329989822878353,
    0.738137396781341, 0.7449195559366025, 0.751601763825486,
    0.7543495781719685, 0.7580447323296383, 0.7643108775542267,
    0.7710697615816109, 0.7695796902196994, 0.7689768859333748,
    0.7844396472193192, 0.7893654645785031, 0.795780553010063,
    0.7913480988447215, 0.7998203444092169, 0.8005337799372881,
    0.797257064153319, 0.8077822615918907, 0.8100681248782335
  ],
  "val_ious": [
    0.5070022215013918, 0.581906093419462, 0.577597522865171, 0.630751426021258,
    0.6340691987155139, 0.6675390281539032, 0.6462689400583074,
    0.6638859497464221, 0.6811061955016592, 0.6869900945736014,
    0.6945959359839343, 0.6907898107732551, 0.6791160873312883,
    0.6985971875812697, 0.6973402614610782, 0.7064390601455304,
    0.6764852126007496, 0.7202542612086171, 0.7086373124865518,
    0.7131083514811337, 0.7202439729286279, 0.714082450538442,
    0.7202309713415478, 0.7222419998783995, 0.726449819362682,
    0.7323155638532362, 0.7364902919617251, 0.7321892339682232,
    0.730426540841227, 0.7198317716087119, 0.7282379919636075,
    0.735220869166264, 0.7185923061940981
  ],
  "training_time": 744.9583241939545,
  "avg_gradient": 0.006270162938915791,
  "memory_usage": 1152.220703125
}
