{
  "train_losses": [
    0.2815236910043851, 0.24095581358541612, 0.21492563455325106,
    0.19575365057781988, 0.18270039040109384, 0.17151275017987128,
    0.16446424785839475, 0.1574543249266951, 0.15115358955834224,
    0.14482062168257392, 0.140936730267561, 0.1383188506183417,
    0.13171163051510634, 0.13178837963420412, 0.12628931847765393,
    0.12334944514314765, 0.11880508368915838, 0.11656209291971248,
    0.11120602196973303, 0.10979427445841872, 0.10749209437357343,
    0.10566855586417344, 0.10309906607574743, 0.09768760661878016,
    0.09751920612609905, 0.09300390667403521, 0.09320623998570701,
    0.09298689246339642, 0.08964766914267903, 0.08909036429679912,
    0.0849398678249639, 0.08272352069616318, 0.08903079686443442,
    0.08437865559497605, 0.07878035161158313, 0.0766999293928561,
    0.07872375619152318, 0.07606264224032992, 0.07326854085144789,
    0.07264044587297933, 0.07238554401809107, 0.07229839996232287
  ],
  "val_losses": [
    0.25243878688501276, 0.2239935585986013, 0.208977442720662,
    0.21185502733873285, 0.1940866789740065, 0.1714917826263801,
    0.16436736285686493, 0.1575733799001445, 0.15115777435510055,
    0.14602951284336008, 0.14627338119823, 0.1533421976086886,
    0.1494894554109677, 0.14028890722471735, 0.13242938742041588,
    0.13427025533240775, 0.1339097223851992, 0.1284029853084813,
    0.13051668441166048, 0.15183894336223602, 0.12959400645416716,
    0.1472485248485337, 0.13018532826200777, 0.13002868142464888,
    0.12868379056453705, 0.1336276168408601, 0.1283734938048798,
    0.1286759951516338, 0.13535993481459824, 0.12701891378863997,
    0.12873397087273392, 0.1297527127291845, 0.14127757756606393,
    0.12793568181602852, 0.127540507880242, 0.13946467670409576,
    0.13162526553091797, 0.13000437892649486, 0.13311679612683214,
    0.13682356752131297, 0.13354510230862576, 0.13921490586970164
  ],
  "train_ious": [
    0.42818627293235145, 0.5077045721312365, 0.5585877091448378,
    0.5927669099275615, 0.6170386820491676, 0.6379428761808772,
    0.6512926605300627, 0.6639168811557082, 0.6751907852788765,
    0.6875712950376497, 0.6942386793485585, 0.7002404049794744,
    0.7112424699184686, 0.7103390402120094, 0.7208626724347689,
    0.7256021135743111, 0.7339577631673947, 0.7379218688153703,
    0.7478360387942063, 0.750752801210552, 0.754695118499407,
    0.7581152693516968, 0.7628671016166177, 0.7730301220131954,
    0.7737599806725114, 0.7817092773814996, 0.7812389170993931,
    0.782289566607147, 0.7878672362345721, 0.7892037925404911,
    0.7969963924716351, 0.8019048114833626, 0.7901371453443297,
    0.798573343434196, 0.8098303614103273, 0.8135123406199445,
    0.8096732820073763, 0.8148576592405641, 0.8211047029581625,
    0.8222552334916765, 0.8222673718912012, 0.8231335674291074
  ],
  "val_ious": [
    0.4930932677310448, 0.5350551731560541, 0.5767121509365414,
    0.5704656910637153, 0.6116736943739047, 0.6384282328080441,
    0.6534664144982462, 0.6654155405535214, 0.676113097132116,
    0.6862890867219454, 0.6834114662547042, 0.6797804240731226,
    0.6809801636398702, 0.697570613760879, 0.7079846185186637,
    0.7045915677495624, 0.709466469028722, 0.7206073969170668,
    0.7164656377356985, 0.6909125827360845, 0.7221860935290655,
    0.6949716130460519, 0.7203584611415863, 0.7252022278481636,
    0.7278446153454159, 0.7234362495550212, 0.7269029913173205,
    0.7271731258302495, 0.7210695050332859, 0.7354471100413281,
    0.732077044421348, 0.731568367584892, 0.7208424957766049,
    0.7373891993277316, 0.7398637686518658, 0.7240470336831133,
    0.7358814210131548, 0.7387319107850395, 0.7348575443029404,
    0.737313466443532, 0.7381219669528631, 0.7302689956150195
  ],
  "training_time": 945.5603032112122,
  "avg_gradient": 0.0034353501021892234,
  "memory_usage": 1152.220703125
}
