{
  "train_losses": [
    0.2792239917199249, 0.23338832924871342, 0.20942762388807276,
    0.1918405334100775, 0.17829958041724953, 0.16788492133112057,
    0.1567919324759556, 0.15090741869062185, 0.1436837863420015,
    0.1400079800463889, 0.13569991606409135, 0.12769047025105226,
    0.12624114245662224, 0.12404265137308318, 0.11951040764055822,
    0.11632539562719024, 0.11206897453445455, 0.1104128564019566,
    0.11014427503813869, 0.10471747058403233, 0.103633397380295,
    0.09955530917352956, 0.0965003252191388, 0.09698674601057301,
    0.09410380596375983, 0.08907216252840083, 0.08825392547346976,
    0.08897975265331891, 0.08780901138063359, 0.08394736812814423,
    0.08539917980037305, 0.07996368460843097, 0.0830430876382667,
    0.07791933882981539, 0.07672702456298082, 0.07859481150365394
  ],
  "val_losses": [
    0.2531320442971976, 0.22276079784268918, 0.20559416031060013,
    0.19005755367486374, 0.17551710974910986, 0.184719768555268,
    0.15715564916963162, 0.15398728685534518, 0.15313502951808597,
    0.14792354728864587, 0.14233490193019743, 0.14270433508183644,
    0.13965074669407762, 0.14402286805536435, 0.13950739428400993,
    0.14567386294188706, 0.13679238684151485, 0.14061787416753563,
    0.1298341381808986, 0.14669793552678564, 0.13199909144769545,
    0.13556930957281071, 0.14092674640857655, 0.14548453364683234,
    0.13414592522641886, 0.1333107998513657, 0.1386195801846359,
    0.13888351473471391, 0.13809458765646684, 0.13293300488072893,
    0.14444302281607752, 0.13210951455909273, 0.1310795437058677,
    0.139723203914321, 0.1332077290052953, 0.17632805669437285
  ],
  "train_ious": [
    0.43223122966077593, 0.5251443026506386, 0.5700451913087264,
    0.6014792420833871, 0.6260649671481137, 0.6450054065148898,
    0.6648515614046565, 0.6766754390428895, 0.6885322528904765,
    0.6953991450153402, 0.7030582639078299, 0.7187208858305133,
    0.7201005426653917, 0.7249989327637187, 0.7325071991029855,
    0.7393268549787825, 0.7463960839786392, 0.7500016462003841,
    0.7496115639805789, 0.7603143183109552, 0.7620794317968516,
    0.7699225588661176, 0.7754623009350852, 0.7742339598311901,
    0.7799800870859098, 0.7891307949911855, 0.7911802285175394,
    0.7898364802957446, 0.7918520158939605, 0.7989897428863292,
    0.796565190821454, 0.8071039945319078, 0.8010974154956096,
    0.8112397296489143, 0.8136246700001798, 0.8109100646730788
  ],
  "val_ious": [
    0.4883407738761626, 0.5419434651300529, 0.5814813751241436,
    0.6093424519766933, 0.6299783174974332, 0.6185309306003045,
    0.6649847622366919, 0.6699477857437687, 0.6723593268273531,
    0.6864605772754421, 0.6924747556879901, 0.6953363256609958,
    0.700179419007854, 0.6948716128649918, 0.703746951792551,
    0.6896017722893452, 0.7078601977099541, 0.7015110046967216,
    0.7223622211511583, 0.6938270066959271, 0.7191862127055293,
    0.7116853285958801, 0.7152071986077486, 0.7065452285434887,
    0.7225606642339543, 0.7263609607150588, 0.7200530149798463,
    0.7131440458090409, 0.7234266471603642, 0.7235913369534674,
    0.7215291017639466, 0.7354900655539143, 0.7359530731387759,
    0.7298757006292756, 0.7320801831673885, 0.6875822922025903
  ],
  "training_time": 820.5293619632721,
  "avg_gradient": 0.014139800504029144,
  "memory_usage": 1152.220703125
}
