{
  "train_losses": [
    0.26825685556168144, 0.21856682520845663, 0.19432530212013618,
    0.17903313567133053, 0.1671402960529794, 0.15801197541472706,
    0.15231288815646069, 0.14521511866832557, 0.14114933675559965,
    0.13691916369387638, 0.1345517583920256, 0.12688633139528657,
    0.12552944838028887, 0.12285703141242266, 0.11794803368494562,
    0.11323057507853145, 0.11036921130574268, 0.1093802035016858,
    0.10811373826278292, 0.10338569294823252, 0.10264697423933641,
    0.09980537179533554, 0.09407660340809304, 0.09371642873662969,
    0.09376261225375145, 0.09280945490235867, 0.08627174458587947,
    0.08454881345286318, 0.08608013249771751, 0.08323595891504185,
    0.0807558080262464, 0.08069211912705847, 0.0773553832879533,
    0.0781063886926226, 0.0821333923579558, 0.07473480665003476,
    0.07228215154179413, 0.07031283584301887, 0.07274887907197294
  ],
  "val_losses": [
    0.2484007331988086, 0.21170957775219626, 0.18812756564306177,
    0.17726817856664243, 0.1744194121464439, 0.16397545519082443,
    0.15431221088637476, 0.15276593585377155, 0.15627223399022352,
    0.1866319257280101, 0.14207375308741693, 0.14278949068292326,
    0.13527665044302525, 0.14291556584446327, 0.1419379643124083,
    0.14261604100465775, 0.1277537321590859, 0.1330953750597394,
    0.15760055427318034, 0.13752644509077072, 0.13701393924977467,
    0.13380653654103694, 0.1286954766382342, 0.14571342601076417,
    0.14276696369051933, 0.12877436095605727, 0.12871153830834056,
    0.13134285678034244, 0.13215028769944026, 0.1338207426926364,
    0.13632054238215738, 0.13038436712130255, 0.13259532286421113,
    0.1393387654553289, 0.1346539247619069, 0.13344940980491432,
    0.1320905492681524, 0.13193778693675995, 0.13923943334299585
  ],
  "train_ious": [
    0.4561127395929255, 0.5532817486403646, 0.596710278612116,
    0.6245676335757192, 0.6454842606208462, 0.6633434274598307,
    0.6728226211515891, 0.68665215605195, 0.6940186607880868, 0.701667341147212,
    0.7056377744977023, 0.720260524555393, 0.7232357620437078,
    0.7273609827178109, 0.7361759946722053, 0.7452199734963368,
    0.7508018575068833, 0.752644151503193, 0.7536783308006715,
    0.7629060983333901, 0.7642906023108441, 0.7696397512395317,
    0.7799903447537317, 0.7809906494466293, 0.7809363830348718,
    0.7823121298806391, 0.7947549050052968, 0.7982268436015516,
    0.7957753326365912, 0.8005147091504462, 0.8058709698202818,
    0.80587663145169, 0.8126443082439729, 0.810876941227395, 0.8033749092964161,
    0.8184524595305536, 0.8232168299348459, 0.8275990956935325,
    0.8226824673837514
  ],
  "val_ious": [
    0.5091109920455062, 0.569367470084757, 0.6052729638590328,
    0.6239232965137649, 0.64108412226905, 0.6551966524642447,
    0.6701543970384459, 0.6723271521969116, 0.669402757200642,
    0.6287101762018343, 0.6959283958742583, 0.6945764929920003,
    0.7061783286972322, 0.6991894469744918, 0.6963147210038226,
    0.7011823382066644, 0.7218181320290635, 0.7131286505339803,
    0.6802993760160778, 0.711110690149708, 0.7086185383192007,
    0.7123946068079579, 0.7242417484521866, 0.7042672184930331,
    0.6996203205291777, 0.7242843083281447, 0.7292982735063717,
    0.7256076184735781, 0.7259289946245111, 0.7269367145887317,
    0.7191070873236312, 0.7314838054387466, 0.7325894109148909,
    0.7250020139027333, 0.7262398710717327, 0.7316218260405721,
    0.7359966229701389, 0.7380200285410536, 0.7191966644663744
  ],
  "training_time": 878.4844427108765,
  "avg_gradient": 0.008590605333469548,
  "memory_usage": 1152.220703125
}
