{
  "train_losses": [
    0.2650944968766492, 0.21790291231287562, 0.19572257938916268,
    0.18272157604603664, 0.1711891542148331, 0.16539800401938998,
    0.1559073214378694, 0.15163768823865964, 0.14644838108316713,
    0.13905135716271141, 0.13596281761546497, 0.1329777025739136,
    0.12912536546102035, 0.1278238743543625, 0.11924824786736914,
    0.11905323321242696, 0.11669013159268576, 0.10996192835433327,
    0.10975243066154096, 0.10559077488015527, 0.10055914877549461,
    0.09841910105846498, 0.09748762607088556, 0.09748553419890611,
    0.0963629137157746
  ],
  "val_losses": [
    0.26062903099733853, 0.2245348338847575, 0.20293303643879684,
    0.17154165551714276, 0.16485485920439596, 0.16121363283499426,
    0.15774696287901505, 0.15131163532319275, 0.15664453642523807,
    0.14157743897774946, 0.1473349133587402, 0.13461637966658757,
    0.13437128245182658, 0.13112833026958548, 0.1323867952046187,
    0.13431377012444579, 0.12450415284737297, 0.1359041849880115,
    0.13296693450082903, 0.12981142881123917, 0.12384521831636844,
    0.12818672977711842, 0.130927005863708, 0.12992384576279184,
    0.1427183008712271
  ],
  "train_ious": [
    0.4646865860221611, 0.553834886762543, 0.595293871140566,
    0.6171510493841724, 0.6385741430348247, 0.6488556716645107,
    0.6663437969442728, 0.6746236715411797, 0.6845444170353204,
    0.6963398529999493, 0.7030626555931739, 0.708995784700349,
    0.7158586873092518, 0.7176711317961629, 0.7333653154040596,
    0.7338189549096251, 0.7383172763106612, 0.7505218982696534,
    0.7503460756894474, 0.758601484955221, 0.7674695620502249, 0.77130579440922,
    0.7735519050148085, 0.7732447947820894, 0.7757614409901956
  ],
  "val_ious": [
    0.4705590186775595, 0.5355603295391884, 0.5984302361806233,
    0.638223213993985, 0.6498292842205019, 0.6570705898861955,
    0.6635370755541153, 0.6767849628476128, 0.6685407662737195,
    0.6935921805924263, 0.6913173894087474, 0.7055794203626938,
    0.7086588338665337, 0.7151241587555925, 0.7139645862406576,
    0.710032577747884, 0.7258519608041515, 0.7145165112139523,
    0.7185063593197559, 0.7202307463124179, 0.7353389666996143,
    0.7252045841752619, 0.7282293492901155, 0.7276966774809187,
    0.7073351974072664
  ],
  "training_time": 563.9151968955994,
  "avg_gradient": 0.00590357946271504,
  "memory_usage": 1152.220703125
}
