{
  "train_losses": [
    0.2706166092792283, 0.22105123507587807, 0.1977364518072294,
    0.18239479601059272, 0.16835460309749065, 0.16054072036691333,
    0.15180414149780636, 0.14556537212237067, 0.14132361150468173,
    0.13612591345673022, 0.13170666401476963, 0.12534557679749053,
    0.12264129454674928, 0.12132678346951371, 0.11527020565193632,
    0.11253597085242686, 0.10816986486315727, 0.10808579125644072,
    0.10488262452671061, 0.1016651074928434, 0.102123172832248,
    0.0959103157662827, 0.09301441571796717, 0.09053747947125332,
    0.09090568461333928, 0.08937003973709501, 0.08912612364182006,
    0.08582898217212895, 0.08193368266296128, 0.07863540412939113
  ],
  "val_losses": [
    0.24135083996731302, 0.21675045723500458, 0.19993756549513858,
    0.17330005279053812, 0.1629802419439606, 0.15569254691186157,
    0.1653948497513066, 0.1523874810208445, 0.15196318454716518,
    0.15501732816514763, 0.13973138594756956, 0.14270945476449054,
    0.13670883019981178, 0.1550285054937653, 0.14244909730294478,
    0.14585881097161252, 0.1290003555300443, 0.13101454565058585,
    0.12813386758384498, 0.1295500345852064, 0.14409649177737857,
    0.12714653008657953, 0.12820024367259897, 0.13516797595050023,
    0.13443435194051784, 0.12608585101754768, 0.1233119496508785,
    0.1288223256883414, 0.13391467864098755, 0.13538964416669763
  ],
  "train_ious": [
    0.4532303209686518, 0.5490181531919085, 0.5922725884702756,
    0.6189796999096872, 0.6440753380673522, 0.6580984492556773,
    0.67562617280561, 0.686257097384204, 0.6944811698859151, 0.7042688386703746,
    0.71228500622986, 0.7236590485857878, 0.7283335654739886, 0.731493341965952,
    0.7421513063212236, 0.7467164310856143, 0.7541477855672872,
    0.7544846143303575, 0.7601193364007749, 0.7661372930135412,
    0.7659138758545339, 0.777102401938991, 0.7821998098946131,
    0.7873039051782393, 0.7864997632585574, 0.789137842754523,
    0.7899721393334692, 0.7961266204930729, 0.803662808908932,
    0.8103288612935854
  ],
  "val_ious": [
    0.5140355126797289, 0.5713748466493427, 0.6012167690888696,
    0.6355723252762919, 0.6548360657432806, 0.6663499202417289,
    0.6580134440159453, 0.6711548357338144, 0.6729017770376758,
    0.6791942551516102, 0.6964782217274541, 0.6878309705551121,
    0.7042527730050293, 0.6754206336926722, 0.6978329808815665,
    0.6942018883815709, 0.7185057488040648, 0.7157050543937131,
    0.7217700995396876, 0.7223985357129056, 0.7056176556625227,
    0.727300922939743, 0.7225312342246373, 0.7186668919048449,
    0.7167710614377173, 0.7365543101576791, 0.7362186174461809,
    0.7316557752049487, 0.7281239959208862, 0.7205569107031478
  ],
  "training_time": 674.7579445838928,
  "avg_gradient": 0.0015844666122291338,
  "memory_usage": 1152.220703125
}
