{
  "train_losses": [
    0.2824491837426372, 0.23014869144105393, 0.20499095142535542,
    0.19003474947227084, 0.1783375999201899, 0.16926807570068733,
    0.1619611809273129, 0.153938853100914, 0.14847478339367587,
    0.14167496112539715, 0.13733137961800979, 0.1346735976960348,
    0.12975467919655467, 0.12714578106027583, 0.12386945930674025,
    0.1180146153530349, 0.11538434664354376, 0.1132220146043793,
    0.10737333612759477, 0.10749426593437143, 0.10840336978435516,
    0.10076638226113889, 0.10051799213270778, 0.09700257804892633,
    0.09777752767600444, 0.09198559978571923, 0.08956606795444437,
    0.09122084056877572, 0.08977091401491476, 0.09105938073733578,
    0.08963596492843784, 0.08276482618859281, 0.08118853620860887,
    0.07932490806864656, 0.07700013142565022, 0.07790744466626126,
    0.07776313882483088, 0.07814989000072946, 0.07352158753201365,
    0.07660600785975871, 0.07254403201944154, 0.07166083513394646
  ],
  "val_losses": [
    0.25376657202191977, 0.21294809035632922, 0.20218792007021283,
    0.19022527693406396, 0.18764622217935065, 0.1738744206402613,
    0.16422622974800027, 0.15377386400233145, 0.1560559476847234,
    0.14959079464492592, 0.15173425816971323, 0.14468900146691696,
    0.14601946087635082, 0.15347588548193808, 0.15294084568386493,
    0.1456371851913307, 0.14231145511502805, 0.14067738827155984,
    0.13814959966618082, 0.1487189848785815, 0.1444716877911402,
    0.13994002552784007, 0.13405472056373305, 0.14747178635519484,
    0.1458634377821632, 0.13776087404593176, 0.1397167372962703,
    0.13865062999336616, 0.14059864308523096, 0.1427900564411412,
    0.13765976367437321, 0.13296675925021587, 0.137819928481527,
    0.13525335539294325, 0.13892001107982968, 0.13783546925886817,
    0.14671328194115474, 0.13839373365044594, 0.13858792801266132,
    0.1428316745745099, 0.14007827688170515, 0.1430644575992356
  ],
  "train_ious": [
    0.4228094773640371, 0.5298275937852652, 0.5779095934299026,
    0.6032102004881353, 0.6259357470857063, 0.6414921114194222,
    0.6552151292022584, 0.6694535175743307, 0.6807909050173517,
    0.693301313975151, 0.7000275255869266, 0.7057163350931981,
    0.7154505067113514, 0.7184070339561373, 0.7252438565635163,
    0.7353169593582117, 0.7400484274586903, 0.744511747327836,
    0.7550180536573344, 0.7551536488792172, 0.7540023209716099,
    0.7676429617340148, 0.7680429009639692, 0.7747858098667599,
    0.772436348046514, 0.7841663391909737, 0.7884532627852073,
    0.785557255472826, 0.7881428807218002, 0.7859430283416012,
    0.7885033388392652, 0.8015549451760622, 0.8050761004720902,
    0.8086774329776347, 0.8135858928595765, 0.8115739024419715,
    0.8117591468752294, 0.8114286368523823, 0.8205103576183322,
    0.814231531559558, 0.8225658911725751, 0.8247482282096065
  ],
  "val_ious": [
    0.4833840309925702, 0.559845181910888, 0.5719364569454953,
    0.6025911856820617, 0.616733857255051, 0.6338927722063619,
    0.6493512363969416, 0.673956837343133, 0.6685319868982702,
    0.6833691927401915, 0.6844103368728056, 0.6938726804826569,
    0.6888452379599859, 0.6781279241693192, 0.6838437653538111,
    0.6927871887666592, 0.6991335995819259, 0.7022344400917275,
    0.713251382544421, 0.6946418252976043, 0.7038671324650446,
    0.7142177077307217, 0.7139081875051276, 0.7070878754923308,
    0.7090985099042671, 0.7185408609068914, 0.7168638265651205,
    0.7145665564398835, 0.7162046190621197, 0.7132431819387104,
    0.723092338313227, 0.7319404048764188, 0.7231953457213831,
    0.725213788341785, 0.7283808915079505, 0.7234926424596623,
    0.7197380070237144, 0.7299819681523502, 0.7286821025005286,
    0.7203504283359085, 0.7273357668216679, 0.7212450936220693
  ],
  "training_time": 945.090035200119,
  "avg_gradient": 0.0033186615466947963,
  "memory_usage": 1152.220703125
}
