{
  "train_losses": [
    0.26540917546852777, 0.2183895406677671, 0.19295873517251533,
    0.1769491139313449, 0.1652944012666526, 0.1565721605135047,
    0.1500021648066847, 0.14547217102802318, 0.14094797712143348,
    0.13713415347687577, 0.1325509605281379, 0.12816691576786662,
    0.12738582609302324, 0.12409321850408679, 0.1180969857732239,
    0.11467663988309063, 0.11099140204327262, 0.10930984649483276,
    0.10849444349498852, 0.10513908270260562, 0.10112131625899802,
    0.09654877525146889, 0.09658352650054124, 0.0974972109188852,
    0.09254092289863722, 0.09055739653337261, 0.09133209834766129,
    0.08768425561973582, 0.08723198314723761, 0.08295635441723077,
    0.08857454561992832
  ],
  "val_losses": [
    0.30001235688510147, 0.23728346014800278, 0.1931661412767742,
    0.17560971981805304, 0.16632699027009631, 0.17387695189403451,
    0.16444581633676653, 0.17005252417014993, 0.17602343760106876,
    0.1427209846999334, 0.15764703018509824, 0.137515335465255,
    0.1455759948686413, 0.1417521960709406, 0.15657676983138788,
    0.14066521742421648, 0.14715914136689642, 0.139842981553596,
    0.15130543805982755, 0.13237660847928212, 0.13158144866642746,
    0.13759443082887193, 0.131024780480758, 0.13639734069938245,
    0.13358042130003805, 0.12904383711840794, 0.13532359460773674,
    0.12901213635569034, 0.13289631595430168, 0.1349678948197676,
    0.1407382580573144
  ],
  "train_ious": [
    0.46310088148786016, 0.5543539416098942, 0.599616628734098,
    0.6297763766909853, 0.6500479518503385, 0.6662077063127706,
    0.6775597480220203, 0.6868461326196572, 0.6942656928862356,
    0.7017065723953037, 0.7087176361161727, 0.7180116011396697,
    0.7193427732133343, 0.7253698449635849, 0.7356636736919914,
    0.7419688451657261, 0.7488491673940336, 0.7521059437506442,
    0.7531825076194778, 0.7594499885496022, 0.7670276049470554,
    0.7758788544738641, 0.7754176070616725, 0.773552382067925,
    0.7831411567935042, 0.7865080384240634, 0.7851613392324552,
    0.7919305848578616, 0.7932777978695817, 0.8014787464686061,
    0.7908743569168489
  ],
  "val_ious": [
    0.47695707918509195, 0.5125064122072164, 0.6083494588948679,
    0.6340154906113942, 0.6492037675950837, 0.6485641870809636,
    0.6516486378251641, 0.6576049336488694, 0.6480111756186554,
    0.6908760690602704, 0.6683958939452103, 0.7026230844034664,
    0.6867895711591279, 0.693843967024831, 0.677785807761593, 0.70035054480684,
    0.6929657616909001, 0.7045043076294057, 0.6951478218686755,
    0.7141506192476852, 0.7136246620312979, 0.7182781391817589,
    0.7235084132871764, 0.7117866150278974, 0.7190421569174618,
    0.7293694710385971, 0.7169367567352627, 0.7270346016123675,
    0.7232481245545374, 0.7233273959246234, 0.7106383939584097
  ],
  "training_time": 700.3930344581604,
  "avg_gradient": 0.008096745148384259,
  "memory_usage": 1152.220703125
}
