{
  "train_losses": [
    0.2823949598747751, 0.23530351062831673, 0.2128080913554067,
    0.19559291005134583, 0.18379565174488918, 0.170526127209482,
    0.16311553768489673, 0.1551623844501117, 0.15170683177269023,
    0.1462648311710876, 0.14018088777590057, 0.13579255686667951,
    0.1330217355052414, 0.12979753189922674, 0.12447659076070008,
    0.12442743737736474, 0.11922686911471513, 0.11408856195276199,
    0.11240784070737984, 0.1089956514618319, 0.1080354800366837,
    0.1059282541922901
  ],
  "val_losses": [
    0.28893998297660245, 0.2314156183730001, 0.24730913470620694,
    0.21076999604701996, 0.213830113734888, 0.17372553406850152,
    0.15995076752227286, 0.1556687818273254, 0.16125637357649597,
    0.15101606123473332, 0.15518247967828874, 0.14894905783559964,
    0.1404222740751246, 0.14246785656913466, 0.14430076337378958,
    0.13961409210510875, 0.1431069573306519, 0.13887238648274672,
    0.13543045941902243, 0.14781631999041722, 0.13086398901498836,
    0.15302486215596614
  ],
  "train_ious": [
    0.4250709612658111, 0.5209270854197119, 0.5636290278609678,
    0.5949590860501578, 0.6160066143974016, 0.6397937123218311,
    0.6532399918398135, 0.6686723111332324, 0.6748633944038029,
    0.6842518430473151, 0.6950158170707849, 0.7035917929117229,
    0.7087849285723505, 0.7144807748820474, 0.7236034121310366,
    0.7239708562476047, 0.7339560027247755, 0.7436323578374973,
    0.7464836572391407, 0.7521853096567205, 0.7546767037415849,
    0.7583535528485325
  ],
  "val_ious": [
    0.4294916385973709, 0.5311269255867902, 0.5127337641906048,
    0.5663643315218496, 0.5636354874873508, 0.6326750300932621,
    0.6595077531925145, 0.6717879089756289, 0.6577649636976961,
    0.6769540785015494, 0.6703013514263043, 0.6834765063679736,
    0.6956032842829607, 0.6967705991389094, 0.6869080060202144,
    0.6975116302137792, 0.6977001851883486, 0.7024410477151044,
    0.7096272469430731, 0.6920773371838141, 0.7151203956724942,
    0.6829227805137635
  ],
  "training_time": 496.9554362297058,
  "avg_gradient": 0.009087257979925335,
  "memory_usage": 1152.220703125
}
