{
  "train_losses": [
    0.2836811748211798, 0.24139997047250686, 0.21569828891559786,
    0.19790711739788885, 0.1834432174978049, 0.17461998566337253,
    0.1663840870656397, 0.15956750406843165, 0.1535357907819359,
    0.14785644938440426, 0.1434172342490891, 0.13872986052023328,
    0.13439939361389563, 0.13047428457471338, 0.12650692385985798,
    0.12313260036804106, 0.12007858733768048, 0.11715308848120597,
    0.11362950831813656, 0.10870003113118203, 0.10815143888897222,
    0.10712807702467493, 0.10514360516453566, 0.1024417309495418,
    0.09624828734313665, 0.0951027007692534, 0.09684442404819571,
    0.09490080720380596, 0.08945079402917105, 0.08965562518848025,
    0.08518406019910522, 0.08306622906061618, 0.08562118973097076,
    0.08186913743291212, 0.08071260745434658, 0.08442709546374239
  ],
  "val_losses": [
    0.26441286504268646, 0.2490367397018101, 0.20814967447001,
    0.2034479172333427, 0.1835305198379185, 0.17795944181473358,
    0.16962788383597913, 0.1835520303119784, 0.15377156339261844,
    0.15331225809843643, 0.14964521271379097, 0.15729244442089743,
    0.14783087065038475, 0.14015816071111223, 0.13737830244328664,
    0.13876462177090024, 0.1450424401656441, 0.14041242894271147,
    0.14114299675692682, 0.1363718814176062, 0.14249663767607315,
    0.1391273586322432, 0.13513727000226144, 0.14219947548016257,
    0.1312459443250428, 0.13794005257279976, 0.1349186430806699,
    0.1319774047512075, 0.13401723831244136, 0.13119029140342836,
    0.13725384567742763, 0.13419266369031824, 0.13334187492728233,
    0.13436641544103622, 0.13451858707096265, 0.1492504871085934
  ],
  "train_ious": [
    0.42408309203397115, 0.5061480946892845, 0.556646969439327,
    0.589782550957972, 0.6151980462929479, 0.6315328974978648,
    0.6463511628841144, 0.6574641893199384, 0.6714522415313171,
    0.6817845280511652, 0.6897542990096241, 0.697991915911004,
    0.7069671340826629, 0.7129502292668473, 0.7209223953170188,
    0.7266119567920335, 0.7318792519146113, 0.7378112241301847,
    0.7441485762272192, 0.7528531001745786, 0.7534014304047045,
    0.7556299393375714, 0.7590362551635587, 0.7641470392329108,
    0.7759794995080738, 0.7780549303237084, 0.7751346902138943, 0.7782461527681,
    0.7889144966999687, 0.7883240018525852, 0.7970550185528351,
    0.8012542847705924, 0.795829482700514, 0.8035577503235437,
    0.8056865160663923, 0.7982558736550631
  ],
  "val_ious": [
    0.4631360492844512, 0.5152749837092733, 0.5744792652734811,
    0.5907745516818504, 0.6181384035642595, 0.6281091292267261,
    0.647195828133735, 0.6333452979291696, 0.6743429871141048,
    0.6754447815642842, 0.6796325013257454, 0.6676879380492197,
    0.6869091987609863, 0.6985025323819423, 0.7064056504463805,
    0.7023850398651067, 0.6955260614986003, 0.7002276523389677,
    0.7088959340168085, 0.7095995044362718, 0.7042795570864194,
    0.7096469972444616, 0.710035718653513, 0.7118711875400683,
    0.7243035098780757, 0.7108790071114249, 0.7165534571892974,
    0.723927506718083, 0.7225150992904885, 0.7285098323355549,
    0.7231827970000281, 0.7316537680833235, 0.7294039220913595,
    0.728355827754822, 0.7294512596251307, 0.6976391299479252
  ],
  "training_time": 820.7234742641449,
  "avg_gradient": 0.00444320008083781,
  "memory_usage": 1152.220703125
}
