{
  "train_losses": [
    0.2809554429967766, 0.2370848622497009, 0.21215972822645437,
    0.19735252071657908, 0.1858881330522506, 0.17281812648086445,
    0.1658585908944192, 0.16031977975660044, 0.15173907752108315,
    0.14797988663549008, 0.14563068310203758, 0.13993146582304136,
    0.13591500371694565, 0.13224361318608988, 0.1289764720460643,
    0.12650991069233936, 0.1218415900821919, 0.11939384500779536,
    0.11710331661869651, 0.11488943619896537, 0.11289833830264599,
    0.10811972893450571, 0.10639659218166185, 0.10473990784553082,
    0.10330202414289764, 0.10095796887965305, 0.09812740864151198,
    0.09329500757967649, 0.09438983889539605
  ],
  "val_losses": [
    0.27024374837460724, 0.2707698397014452, 0.21172961139160654,
    0.19079617702442667, 0.17452028069807135, 0.1695567262561425,
    0.163215481068777, 0.16035652355007504, 0.16517686519933783,
    0.15876203694421312, 0.15004444494843483, 0.15264066243949143,
    0.14143908752695375, 0.13739955554837766, 0.14039023836021838,
    0.1331499951041263, 0.13297638054127278, 0.1449622298064439,
    0.13319195078118987, 0.13991058423467304, 0.13253341647593872,
    0.12722024143390034, 0.14463005571261697, 0.12314062435989795,
    0.12764611046599306, 0.1382092804364536, 0.1291971997074459,
    0.12525293198616608, 0.13643724001620128
  ],
  "train_ious": [
    0.42602328035602494, 0.5181289930436488, 0.5649915460929057,
    0.5923113389399608, 0.6138721110596171, 0.6368167091538939,
    0.6502389542866444, 0.6585185764816358, 0.6742164626501606,
    0.6804098261763221, 0.6858346641495608, 0.6956040107145693,
    0.7027921579994153, 0.7102260445447068, 0.7154615873983802,
    0.7203401713159635, 0.7291195327281088, 0.7338360269432479,
    0.7379559246094329, 0.7414254974843798, 0.7458810187012391,
    0.7539467829401079, 0.7572975249394126, 0.7594918165409908,
    0.7631946958709458, 0.766905094510403, 0.7724429521763669,
    0.7816727552292998, 0.7797442541282247
  ],
  "val_ious": [
    0.45112831442468404, 0.5005541978322942, 0.5707727256028549,
    0.6068387636239977, 0.6393416476422461, 0.6389785704837329,
    0.6529031873181248, 0.6558250152114509, 0.6508668684873028,
    0.6690956213767977, 0.6818131502123846, 0.6733772445848022,
    0.6958494877469714, 0.7040407234343931, 0.6951162631528967,
    0.7094601630300715, 0.7115333829668985, 0.6938530005838561,
    0.7112015533274496, 0.7018224247123888, 0.7113004262032715,
    0.7210686252168985, 0.6979973346426867, 0.7313697798096617,
    0.7245185344979382, 0.7097870234562003, 0.7235008795624193,
    0.7320562082788219, 0.7065197089012117
  ],
  "training_time": 654.2235341072083,
  "avg_gradient": 0.0060818846461864855,
  "memory_usage": 1152.220703125
}
