{
  "train_losses": [
    0.2671313195934762, 0.22975750923480676, 0.20021490963256877,
    0.18450518114411313, 0.17216301085832325, 0.1634080384493522,
    0.15302610049105209, 0.14883829074223404, 0.14281455431457446,
    0.13797109683408684, 0.13612141111946624, 0.13311831341327532,
    0.12592942773809898, 0.12211749860611947, 0.12096130236497392,
    0.11661776961029871, 0.11584568728247414, 0.11250826793358377,
    0.10867607200761205, 0.1062964973161402, 0.10446814451690602,
    0.10088372922947873, 0.09916991270754648, 0.09622555201792199,
    0.09223395274223192, 0.09152599833095851, 0.09166857972741127,
    0.08932252920678128, 0.09019945347276719, 0.08760864295713279,
    0.08350147023473097, 0.08107449681214664, 0.07799059298375378,
    0.07605670372267133, 0.0745959109424249, 0.07748508708470542
  ],
  "val_losses": [
    0.3245391696691513, 0.21456017928278964, 0.20047773032084756,
    0.17187040655509286, 0.20311341758655466, 0.16312849651212277,
    0.15148823060419248, 0.17007371945225674, 0.15479982466153477,
    0.144174512475729, 0.14006682112812996, 0.13813054367252017,
    0.1383799559072308, 0.13662048720795175, 0.13520985080496126,
    0.13774792331716287, 0.14118087388899014, 0.13312182769827222,
    0.1323493301220562, 0.12885157861139462, 0.1306213323512803,
    0.1290011255313521, 0.14430355151062427, 0.1279374088930047,
    0.1304204693954924, 0.13112804018284963, 0.13141650560757387,
    0.13925539669783218, 0.13449020359827124, 0.12784681339626727,
    0.13121512678006422, 0.12725787755587828, 0.1280799890341966,
    0.1267149011078088, 0.12798867261280183, 0.1355167408676251
  ],
  "train_ious": [
    0.4606166166536833, 0.5324429343791977, 0.5867263468495313,
    0.6138398000511571, 0.6378418561341107, 0.654832358053629,
    0.6724238718549412, 0.6804973467968511, 0.6910135722246724,
    0.6994579880349879, 0.7042591628497058, 0.7091449684854866,
    0.7215854204867194, 0.7285154385195264, 0.7298544283038461,
    0.7392522804439069, 0.7407733361250252, 0.745418953506843,
    0.7517982009744301, 0.7582502319221048, 0.7606322046207342,
    0.7671043994310106, 0.7706538096502207, 0.7761052837730316,
    0.7835781333995043, 0.7851166846095657, 0.7845559601766474,
    0.7891554374085817, 0.7867752906960853, 0.7921666779379912,
    0.8006528286074382, 0.8056095644183779, 0.8117172692133038,
    0.8155792319904203, 0.8185209293944243, 0.8126917934936031
  ],
  "val_ious": [
    0.43677494831491215, 0.5637082650825598, 0.592097771988399,
    0.6431336005528769, 0.6084342626989752, 0.6614729710247206,
    0.6774419274019159, 0.654606330006019, 0.6700391210075739,
    0.6872268869825031, 0.6976691056852754, 0.6965481900218605,
    0.7014691469030104, 0.7033234581999157, 0.70637003235195,
    0.7069207896356999, 0.7000201731056407, 0.7144941445710001,
    0.7160550906606341, 0.7214856376682502, 0.7209441905868224,
    0.7233085453078367, 0.7016492751629457, 0.7236880785313203,
    0.7234085405218428, 0.7305184594099071, 0.7259190209965773,
    0.7148049810658329, 0.7190020453670749, 0.7285505075385607,
    0.7306372426126316, 0.739072212058565, 0.7398479138163553,
    0.737098954294039, 0.7398411087367849, 0.7246317682058914
  ],
  "training_time": 809.7461993694305,
  "avg_gradient": 0.0036078623590072552,
  "memory_usage": 1152.220703125
}
