{
  "train_losses": [
    0.26607042251397733, 0.21784927363952863, 0.19288736476522425,
    0.17737034060384915, 0.16949221313647603, 0.15760700109050327,
    0.15028682922053596, 0.14515172678005436, 0.14173920553825473,
    0.1388410769160027, 0.13105816665388967, 0.12585134723264238,
    0.12618070334682, 0.12087801592829435, 0.11724336546562288,
    0.11387879915697419, 0.11299184640950483, 0.10930048998283304,
    0.10500161175656578, 0.10267069769780272, 0.1045438150834778
  ],
  "val_losses": [
    0.2601238145776417, 0.2149458809391312, 0.19025652369727258,
    0.21641838906899744, 0.1783033311367035, 0.16523932665586472,
    0.16100033048702322, 0.15670170003305312, 0.14484045443975407,
    0.1456383776081645, 0.14061060110511986, 0.1398918210812237,
    0.13764733157080153, 0.14610015228390694, 0.13824938610196114,
    0.1446168924803319, 0.13643045043167862, 0.13375305902698767,
    0.1339583053537037, 0.14659058480806972, 0.14911182354325833
  ],
  "train_ious": [
    0.46402439210509916, 0.554040386139051, 0.5990259248115447,
    0.6278783763772338, 0.6416913906949153, 0.6642816650370756,
    0.6770741751660472, 0.6863432826231359, 0.6924304164190221,
    0.6983903276639574, 0.7124211014504883, 0.7217259472371009,
    0.7204419558030971, 0.7313183752846892, 0.7375464357867614,
    0.7434495246928671, 0.7445030699389569, 0.751415984192188,
    0.7603182726256227, 0.764214240986368, 0.7619224303010583
  ],
  "val_ious": [
    0.48648064745509106, 0.5617387133879937, 0.6070478372815726,
    0.586239197547885, 0.6359066859535549, 0.6550288677647493,
    0.6647237621355747, 0.6676858138778935, 0.6860950520073158,
    0.685506464994472, 0.6964799986369369, 0.6979274440934694,
    0.7016047910935636, 0.6903106840192407, 0.7028555921886278,
    0.6954006591568822, 0.7040115791386453, 0.715863196314245,
    0.7148373792136924, 0.6950239558582719, 0.6857918358367424
  ],
  "training_time": 472.78259778022766,
  "avg_gradient": 0.0034825205084094172,
  "memory_usage": 1152.220703125
}
