{
  "train_losses": [
    0.2689456554210704, 0.22534306630816148, 0.19952720768101836,
    0.18398205652509048, 0.1726670112946759, 0.16356788073544917,
    0.15820262597306914, 0.15172291603749213, 0.14640458648943383,
    0.14107858114268468, 0.13772599856652643, 0.13341829209062067,
    0.12936825702047866, 0.125762812388332, 0.1219963266554734,
    0.11812116310972234, 0.11353012935622879, 0.11521447619990162,
    0.10876126781753871, 0.10500087629517783, 0.10565396782982608,
    0.09854626424772583, 0.09643257680632498, 0.09436491512410018,
    0.09110631785638955, 0.08908755587332923, 0.09366704434480357
  ],
  "val_losses": [
    0.2539246720464333, 0.20590073550524918, 0.1926380152935567,
    0.17556289259506308, 0.17579630924307782, 0.17036362348691278,
    0.15231076773741972, 0.15637633496004602, 0.15069052058717478,
    0.14782010261779246, 0.14475955441594124, 0.13729694518058197,
    0.1396049079687699, 0.13922977398919023, 0.133724604125904,
    0.13623130532062572, 0.13475927159838055, 0.13107985355283902,
    0.1361002857270448, 0.14280198239113973, 0.13455001685930335,
    0.12590827841473662, 0.1287421253712281, 0.12793244939783346,
    0.13031648925465086, 0.13716868246379105, 0.1382150089611178
  ],
  "train_ious": [
    0.4550146393450921, 0.5404745736091896, 0.586920725883565,
    0.6158217159842235, 0.636263099539539, 0.6519704937826897,
    0.6637041266413701, 0.6745453223154163, 0.6841507773792401,
    0.6939947517129823, 0.6999526182594503, 0.7069414674263932,
    0.7147164012750855, 0.7215678557429621, 0.728339399170617,
    0.7356902630324812, 0.7433691206725612, 0.7411624896677506,
    0.7518743103289087, 0.759704062634188, 0.7579658688518447,
    0.7713685927075755, 0.7754273906998013, 0.7786986431565835,
    0.7850741443858635, 0.7888608492802885, 0.7800089881579946
  ],
  "val_ious": [
    0.493930687075076, 0.5699034255483876, 0.6031292456647623,
    0.6401984430309656, 0.635198976466621, 0.6446403690438338,
    0.6750504549430765, 0.664942471013553, 0.6767176527907882,
    0.685739679828934, 0.6858189568139504, 0.7008527074603069,
    0.6993106134991717, 0.7001711438963377, 0.7085447713084843,
    0.7093886119731958, 0.7128122889477276, 0.7179668370796288,
    0.7084140989227571, 0.7032924467238828, 0.7101746786763702,
    0.7299150392629099, 0.7274569869041444, 0.7255908069403274,
    0.728632373870283, 0.718280482335367, 0.7100307855053225
  ],
  "training_time": 609.3912634849548,
  "avg_gradient": 0.004278930508481718,
  "memory_usage": 1152.220703125
}
