{
  "train_losses": [
    0.2716708428671826, 0.23528452282366547, 0.2111714773851892,
    0.19194100675699505, 0.17451901725776817, 0.16299006419823223,
    0.15857918762966342, 0.14879969236157511, 0.144408804445487,
    0.13924671802669764, 0.13387053063058335, 0.1315895829187787,
    0.128627289046088, 0.1226798901334405, 0.11856363256178472,
    0.11501800455152988, 0.11236916612023892, 0.11076498954840329,
    0.11054834844949453, 0.10285144647502381, 0.10121378505035587,
    0.09818570736957632, 0.09463211298798738, 0.09413956089512161,
    0.09808684164739173, 0.08940757454737373, 0.08981511049458514,
    0.08696328216920728, 0.08584052437673444, 0.09009117629055095,
    0.08830880199599525, 0.08143781153890102, 0.07975378300508727,
    0.07851695135721694, 0.07677270520640456, 0.07510906530787116,
    0.07692398734228767, 0.07421395733304646, 0.07335736835375428,
    0.0732289184006336, 0.07233237139070811
  ],
  "val_losses": [
    0.24957208108642828, 0.22558665178392245, 0.21435338939013687,
    0.20827628348184668, 0.16710652508165524, 0.17326359677573908,
    0.15348863050989484, 0.15767217589461285, 0.14888644477595453,
    0.1444310293249462, 0.14154303284442943, 0.1379579802894074,
    0.13892647526834323, 0.1390295705717543, 0.1372837900467541,
    0.1365962383215842, 0.1349649646359941, 0.133516121007826,
    0.13088846012302066, 0.1348625146176504, 0.13264543789884317,
    0.13514340409766074, 0.12968266917311627, 0.13066209787907807,
    0.1310151528729045, 0.1315796956743883, 0.12706565743555193,
    0.1282603100914022, 0.12898866637893344, 0.13770880566343016,
    0.12888746141739513, 0.13191734140981798, 0.1350722774539305,
    0.13110089512622874, 0.13174731235789217, 0.13072434424058252,
    0.12919186897899793, 0.1353159483684146, 0.13515593030530473,
    0.13312028818156407, 0.14313503128031027
  ],
  "train_ious": [
    0.44952587933158084, 0.5220619248685194, 0.5665250075036201,
    0.601240045728459, 0.631639311063117, 0.6538999742031962,
    0.6617910247566042, 0.6795077765549439, 0.68830820955876,
    0.6973379765083826, 0.7064584255542444, 0.711262051232051,
    0.7172055824295339, 0.7268475099210288, 0.7341428399085994,
    0.7416888011646448, 0.7460258519411953, 0.7480250295737515,
    0.7496410599113377, 0.7633156358007938, 0.7664645330953427,
    0.7716331094287447, 0.7787081424848755, 0.7792935826532211,
    0.7729405299692914, 0.7886987426250747, 0.7875755105869497,
    0.793320967289417, 0.7955259461549743, 0.7879709061505141,
    0.7905024124336414, 0.8041320132172634, 0.807399103175039,
    0.8104729929911921, 0.8136353109409845, 0.8174674693441046,
    0.8137077880294422, 0.8192226787408196, 0.8207969226051073,
    0.8211283465658411, 0.8228744965964472
  ],
  "val_ious": [
    0.49317958907804615, 0.5460691091375073, 0.5808632748498433,
    0.5924633324578188, 0.6481438089108124, 0.6414776859076128,
    0.6730849334727163, 0.6699526227902675, 0.6827700686627537,
    0.6924120647751767, 0.6963442296221637, 0.7024530530839728,
    0.7015833824441053, 0.7004471738701283, 0.7071105431819307,
    0.7067149294459302, 0.7116969292578491, 0.7156757664853248,
    0.7185819133900213, 0.7156873729781829, 0.7184373773094539,
    0.7165838393612185, 0.7264432090780008, 0.7261902687774189,
    0.7259242132953977, 0.7271019537811694, 0.7359711687633955,
    0.7296302741852358, 0.734371793658837, 0.718210510585619,
    0.7307134017996166, 0.7293719280025232, 0.7299143514339476,
    0.7382335386414457, 0.7377213518256727, 0.733482096074284,
    0.737036042455314, 0.7307059628807981, 0.7351074791040975,
    0.7381088837333349, 0.7177076957364013
  ],
  "training_time": 924.5228071212769,
  "avg_gradient": 0.006713626199998081,
  "memory_usage": 1152.220703125
}
