{
  "train_losses": [
    0.26364439353346825, 0.22048829366331515, 0.19475955653773702,
    0.17651169552751209, 0.16522067024008089, 0.1564428415554373,
    0.14571003575363886, 0.14093703845434863, 0.13437764439731836,
    0.12988805078455937, 0.12601763746984626, 0.12230586685726176,
    0.12101888842880726, 0.11709301031963981, 0.1117927823215723,
    0.10945770780191473, 0.10822706645273644, 0.10178377799203862,
    0.0998253954331512, 0.09686912976853225, 0.09764404040153908,
    0.09520680076726105, 0.09190027371210896, 0.08816157730863146,
    0.0924363427835962, 0.08609248944760664, 0.08486799685203511,
    0.08034019552819106, 0.07968397523559954, 0.08959181201846703
  ],
  "val_losses": [
    0.24266134170086487, 0.22803088666304297, 0.19188850599786508,
    0.18972773072512253, 0.1831184538162273, 0.1699314159543618,
    0.1594912202461906, 0.15702842078779056, 0.17085974987434305,
    0.1566324752310048, 0.1506577364128569, 0.14764906692764032,
    0.14441281881021417, 0.14801296591758728, 0.14069325671247815,
    0.15366402916286304, 0.14654159610686096, 0.1445457838151766,
    0.14153089277122333, 0.14273650328750195, 0.1458910634012326,
    0.1472534203658933, 0.14276600564303604, 0.14929460507372153,
    0.1450960181005623, 0.1427688812432082, 0.14304369898593944,
    0.1409277849547241, 0.1430440413887086, 0.14363588911035788
  ],
  "train_ious": [
    0.46322917542335984, 0.5467181634697792, 0.5945543547201415,
    0.6285204409041266, 0.6500727729736894, 0.6654841842642727,
    0.6861673169701864, 0.6938129464785259, 0.7060086908007877,
    0.7144437053281326, 0.7216772727020411, 0.7284394291539991,
    0.7307962821121664, 0.7372098282735418, 0.7474623168616187,
    0.7517575319802418, 0.7540307562744273, 0.7654102755629496,
    0.7693649456444855, 0.7746921480781789, 0.773166286610607,
    0.7776167088768622, 0.7836348506203595, 0.7909957621300561,
    0.7826003159085912, 0.7951616455895316, 0.7970125627690466,
    0.8063516970993814, 0.8081474148708843, 0.7881959288556513
  ],
  "val_ious": [
    0.5081384343945462, 0.5427936161125916, 0.6091525150813918,
    0.618518951146499, 0.6240523498559345, 0.645151963916378,
    0.6652473617291104, 0.6648174157177192, 0.639995591364045,
    0.6717998150034229, 0.6852949464666669, 0.6871449053287506,
    0.692429700839347, 0.6894800248353379, 0.7027174588562787,
    0.687967017940853, 0.6969500860010369, 0.7028656040412795,
    0.7124225974514865, 0.7080332543970883, 0.712553053446438,
    0.7097463162912839, 0.7113595693439677, 0.7005948858416599,
    0.7084549360949062, 0.7176948695079143, 0.7170517291279808,
    0.7249198277359425, 0.7136514791543932, 0.7031145164932029
  ],
  "training_time": 674.776798248291,
  "avg_gradient": 0.002781552047228871,
  "memory_usage": 1152.220703125
}
