{
  "train_losses": [
    0.2818975686703039, 0.23874767084160578, 0.21727658856822096,
    0.20021427106922088, 0.18633795019401156, 0.17746128530605979,
    0.16753623780349028, 0.15732761942174123, 0.1526005674234551,
    0.1474607340667559, 0.1404126776058389, 0.13606420778871878,
    0.13391087131331797, 0.13045845055223806, 0.12453683919232825,
    0.12256559927988311, 0.1204956971189898, 0.11646347533425559,
    0.11416192672660817, 0.10948595100932795, 0.10949821381465248,
    0.107821358124847, 0.10395578756604505, 0.09844973217695951,
    0.09492633426966875, 0.09278256628338409, 0.09514154331839603,
    0.09099571184133706, 0.09526916597362446, 0.08774105556633162,
    0.08694794992713825, 0.08342839056706947, 0.08295658238880012,
    0.08577364322769901, 0.08163083903491497, 0.07810646834094888,
    0.07632028641503143, 0.07635013032299669
  ],
  "val_losses": [
    0.24500793186218842, 0.23743902276391568, 0.25685720502034476,
    0.19326568977988284, 0.1939867475758428, 0.18173496392757996,
    0.1700730395057927, 0.17676850537890973, 0.1590689592387365,
    0.15731836693442386, 0.15064418639825738, 0.1463095894002396,
    0.15826313294794248, 0.1465439121036426, 0.14864769658964613,
    0.13625371618115384, 0.14106085297206175, 0.13905475045675816,
    0.13806073221823442, 0.1442287446040174, 0.13953914234171744,
    0.14542582112809885, 0.13961262061544086, 0.13677578743385232,
    0.13599420225490694, 0.1475327071612296, 0.1446630135178566,
    0.13197725201430527, 0.13545970149014308, 0.14819620484891144,
    0.13645916011022485, 0.1369544536523197, 0.14120101523788078,
    0.13955966755747795, 0.14038232179439586, 0.1407037832490776,
    0.13820165881644125, 0.14275616698938867
  ],
  "train_ious": [
    0.4220222354692787, 0.5137545863247436, 0.5555661802274594,
    0.5857463671245438, 0.6114291448308075, 0.6261153651428394,
    0.6450333465160663, 0.6640375664700633, 0.6730473926965742,
    0.6811476122533933, 0.6943284373028559, 0.7030112087942548,
    0.7070200183037398, 0.713494248094334, 0.7234378764270871,
    0.7275182750561965, 0.7322471633661485, 0.7390059978309749,
    0.7432976492505149, 0.7514432913259322, 0.751430894261685,
    0.7543062492125274, 0.7610616616472824, 0.7709973210981794,
    0.7776046901725343, 0.7827071049723073, 0.7777158501895438,
    0.7854001526383385, 0.7772373215875763, 0.7916015508598172,
    0.7929695384118005, 0.8000484543002166, 0.8013333718197929,
    0.7958515879252677, 0.8033996169333871, 0.8106888306961544,
    0.8145444247385731, 0.8146356685438022
  ],
  "val_ious": [
    0.4964178321154222, 0.5243305512096569, 0.5219474681045697,
    0.5989178719295971, 0.6029416242803353, 0.6325598760791444,
    0.6418092181717139, 0.6364443138025807, 0.6635465008625087,
    0.6662770958914273, 0.6816183872844861, 0.6890149814063224,
    0.6744806075441666, 0.6959447273309679, 0.6906290579101313,
    0.7073019038939821, 0.7019136109645815, 0.7075544178917789,
    0.70556379876275, 0.7032211548176364, 0.7053867312877076,
    0.6952024519011595, 0.7121096417523813, 0.7160672053046848,
    0.7188630751941515, 0.7077910889318023, 0.7111906839021738,
    0.724821025478667, 0.7226785164380418, 0.7168195480885712,
    0.7235107886186545, 0.725261409861454, 0.7184434381948002,
    0.7210411314947018, 0.7239007308431296, 0.7251451507858606,
    0.7299563904171404, 0.7238678474357162
  ],
  "training_time": 859.1474928855896,
  "avg_gradient": 0.004111248245702549,
  "memory_usage": 1152.220703125
}
