{
  "train_losses": [
    0.2717435851531184, 0.22355231772298398, 0.19780820875388125,
    0.17881643472482328, 0.16874879217990066, 0.15880414693737807,
    0.15190268672354842, 0.14703087711139864, 0.14224960484906382,
    0.13552076211604086, 0.13296634371837843, 0.1272428207423376,
    0.12541056991271352, 0.12216413887622564, 0.1168195869287719,
    0.11467725686405016, 0.11176155216020087, 0.10892222744777151,
    0.10522130038589239, 0.10265669728750768, 0.09969737081100112,
    0.0984704032054414, 0.09327887342837841
  ],
  "val_losses": [
    0.2474195121423058, 0.21001379710176718, 0.1994659090819566,
    0.17315683351910632, 0.1717009855353314, 0.1614556539317836,
    0.151822404369064, 0.15082826481565184, 0.1396210938692093,
    0.142272033283244, 0.14276398783144745, 0.14566058681710906,
    0.1360551909260128, 0.13414451431321062, 0.13462088111302126,
    0.1306128114785837, 0.13732980305086012, 0.13050364395198616,
    0.13752461192400559, 0.1390048395032468, 0.1307940376193627,
    0.1297114962792915, 0.14665306035591208
  ],
  "train_ious": [
    0.448341135462017, 0.5434577063643848, 0.5895373678455751,
    0.625475101766811, 0.6428421873977218, 0.6607834160111953,
    0.6741445472167021, 0.6839314650042335, 0.6922937733647615,
    0.704250751036233, 0.7089039189336096, 0.7191163881857322,
    0.7225716984898284, 0.7285816726153308, 0.7377101922056809,
    0.741904105775166, 0.7470379493374757, 0.7526345546694772,
    0.759109003496343, 0.7645272585036957, 0.7696333119942657,
    0.7714735860193987, 0.7808826330347344
  ],
  "val_ious": [
    0.5007331077603328, 0.573771518425665, 0.5913587925226791,
    0.6421707345955615, 0.6525799914978553, 0.6585759991321011,
    0.6701661136703215, 0.6807749424723609, 0.6955443227636641,
    0.6906022472658018, 0.6945364622102267, 0.6892627980830011,
    0.7051960005276446, 0.7128071633801945, 0.7115654977767363,
    0.7155722096778344, 0.707839933426484, 0.7176988790000693,
    0.7183675277924193, 0.7085812523745108, 0.7236500069283057,
    0.7193983618331989, 0.7027875031682026
  ],
  "training_time": 519.636556148529,
  "avg_gradient": 0.004127977669728707,
  "memory_usage": 1152.220703125
}
