{
  "train_losses": [
    0.26854047195419023, 0.22597038259972696, 0.20470433746990951,
    0.18840798184923505, 0.17444285045823324, 0.16539162445975386,
    0.15912918151234803, 0.15281184305153464, 0.14829369853048222,
    0.1399939895162116, 0.13670517184326184, 0.13329112760560669,
    0.12805294638256665, 0.12440419306411692, 0.12220308285854432,
    0.12023029557388762, 0.11546106745853373, 0.11259281546201395,
    0.11183476095776194, 0.10806360225314679, 0.10249478171539048,
    0.10096557689425738, 0.09888422513461631, 0.09916427832744691,
    0.09429245041278393, 0.09313372016438971, 0.09252423428646896,
    0.08997959983737572
  ],
  "val_losses": [
    0.2404397236912147, 0.22488701246354892, 0.22730899958506876,
    0.18032763477252878, 0.17284619030745133, 0.15696918365100157,
    0.15295286606187405, 0.15237387010584708, 0.155153494976137,
    0.1500832770505677, 0.14641038895301198, 0.1353348811035571,
    0.1340169328386369, 0.13996205495103545, 0.13995685039655023,
    0.15348512339203255, 0.14719794544836748, 0.13022663557659026,
    0.1433402730718903, 0.1299795092124006, 0.12746366469756418,
    0.13067259623304658, 0.13062520082230153, 0.13171323340224184,
    0.13653303277881249, 0.13096910180604976, 0.12352034838303276,
    0.13506903742318568
  ],
  "train_ious": [
    0.45368212432452065, 0.5388441271000152, 0.5791757409123409,
    0.6086122509146077, 0.6343408118447534, 0.6489736029095411,
    0.6611336571690828, 0.6724548595215096, 0.6814373091295145,
    0.6963036381572051, 0.7016513366522134, 0.7078094689742379,
    0.7168223265612476, 0.7242725320376349, 0.7279628948780941,
    0.7312630011119708, 0.7404545838202258, 0.7459704076358377,
    0.7469126152387567, 0.7538474370603979, 0.764469687489496,
    0.7673190527096169, 0.7708291465389555, 0.7701746087143385,
    0.7800574686540208, 0.7814147220789517, 0.7830983150372473,
    0.7877408357850019
  ],
  "val_ious": [
    0.4906502956173558, 0.5410625038371569, 0.5459035494621248,
    0.624609059829643, 0.6349074585714201, 0.6635515493327293,
    0.669811803145685, 0.670155279878257, 0.6695493131444072,
    0.6799401362305102, 0.6890115079240522, 0.7037585714588998,
    0.7056108812491099, 0.6943969661774841, 0.697793090041133,
    0.6755901914143909, 0.6894822692957479, 0.7163035524064215,
    0.690683279780374, 0.7194865805947264, 0.7227738303118858,
    0.7158401722925297, 0.7214201304359712, 0.7163635082002998,
    0.7108636403429337, 0.7246908919102905, 0.7330265494360441,
    0.715960781643356
  ],
  "training_time": 630.7680654525757,
  "avg_gradient": 0.00745106590752673,
  "memory_usage": 1152.220703125
}
