{
  "train_losses": [
    0.2841081872744405, 0.23361979643611805, 0.2088449948021899,
    0.19123277068138123, 0.18009233239876188, 0.1677883722535942,
    0.159096949774286, 0.15328953803881354, 0.14860340503408856,
    0.1438128303979402, 0.13926067745879941, 0.1358648179017979,
    0.13215664907804, 0.12534097428231136, 0.12220514387540195,
    0.12160469247433155, 0.11676871529577867, 0.11336131819078456,
    0.11094997446660114, 0.10871834048758382, 0.10745608183028905,
    0.10284429480848105, 0.09998767685307108, 0.09684603798972524,
    0.0994224730960053, 0.09819380590773147, 0.0923704249865335,
    0.09278699366942696, 0.08719366505418134, 0.08663814271921697,
    0.08496312627001949, 0.08313311029063619, 0.08423772636477066,
    0.08623987804774357
  ],
  "val_losses": [
    0.24979977115340854, 0.2341491638318352, 0.21190365598253583,
    0.20502798129682956, 0.17966830957195032, 0.16801492967035458,
    0.17616494323896326, 0.176297752753548, 0.16220058921886527,
    0.16015344534231268, 0.1423489857950936, 0.1585003540891668,
    0.14843324863392374, 0.15553502803263458, 0.13615710012938664,
    0.13767097485454186, 0.1336048943517001, 0.14280693913283554,
    0.1319468769690265, 0.13526740151902902, 0.13830511466316556,
    0.13034396796770717, 0.13095627255413844, 0.12763644900658858,
    0.13266764160083688, 0.13144859185685281, 0.12859171823315,
    0.13083756812240765, 0.13114289631662163, 0.13429755944272745,
    0.13024849995322849, 0.13524296863571458, 0.13245348227412804,
    0.13707656348529068
  ],
  "train_ious": [
    0.4258986666319434, 0.5242760606865953, 0.5709735756281062,
    0.6038925705504589, 0.6252307242349441, 0.6442879237558531,
    0.6627384223367857, 0.6723251035571962, 0.6806331316846005,
    0.6889905318941758, 0.6979034589468568, 0.7045422761120657,
    0.7109316915705585, 0.7231138325903729, 0.7292871166398558,
    0.7293603246950585, 0.7388801021852351, 0.7459295028685659,
    0.7490141294572659, 0.7527562577979292, 0.7557997834747254,
    0.7642768690011642, 0.769082899866761, 0.7747297830663725,
    0.7706769778784633, 0.7730546487306339, 0.7829725565253814,
    0.7830984014747793, 0.7928353654949566, 0.7943848542113238,
    0.7976094667894256, 0.8009775060674417, 0.7988150385410896,
    0.7956455961085749
  ],
  "val_ious": [
    0.5032284371014955, 0.5279579094570616, 0.5694952005709425,
    0.5842415303855703, 0.6218375537706461, 0.6418371146571807,
    0.6322608222995979, 0.6344931697931844, 0.6545568242453147,
    0.662673008614692, 0.6928844605235085, 0.6655141935832258,
    0.6857140042643615, 0.6871389912954275, 0.7065661517174348,
    0.7038180478241134, 0.7096196261868961, 0.6992399100808129,
    0.7154525712780331, 0.706837658216988, 0.7066163522177847,
    0.721595449940018, 0.7177174268425375, 0.7225484981916952,
    0.7154370205125946, 0.7163391430740771, 0.7232987187478853,
    0.7221524758615356, 0.7190156101748563, 0.7235196932502415,
    0.7286556613618049, 0.7237362598163495, 0.7260859295509866,
    0.7158301468344703
  ],
  "training_time": 766.608537197113,
  "avg_gradient": 0.00512352451539766,
  "memory_usage": 1152.220703125
}
