{
  "train_losses": [
    0.26993547857779526, 0.22148718158512012, 0.20024481383354767,
    0.1835848173207563, 0.1716738662318043, 0.16226088919717332,
    0.15475589960165645, 0.14763049740830195, 0.1441593461305551,
    0.1382846619285967, 0.13458542250420735, 0.13193384675390046,
    0.1272095213036822, 0.12306569702923298, 0.11993744924826466,
    0.11730573840601288, 0.11367404060033352, 0.1095779086260692,
    0.1082652689403166, 0.10602958233136198, 0.1056476783250337,
    0.10149936762678882, 0.09931815634279148, 0.09887339061369067,
    0.09494703603179558, 0.09150370550544365, 0.09459921677151452,
    0.08790108573663494, 0.08559457459689482, 0.08447032891537833,
    0.08394067799267561
  ],
  "val_losses": [
    0.25823165767866635, 0.20718483918386957, 0.20460982264383978,
    0.18320309727088266, 0.1689169432805932, 0.1630567474209744,
    0.17014993791994842, 0.1524113316250884, 0.16674799488290495,
    0.14800278939630673, 0.15150842507896217, 0.14738947946740233,
    0.14870590603222017, 0.1390044190313505, 0.13603907353852107,
    0.14979046777538632, 0.13662810656039612, 0.15470881387591362,
    0.14056171930354575, 0.1303888687297054, 0.12995627619650052,
    0.13527406071839126, 0.1296540359440057, 0.13201461975341258,
    0.1303631605013557, 0.13540743080818135, 0.13141513016560805,
    0.12639647349715233, 0.13252074822135593, 0.1306795490824658,
    0.14191565030942793
  ],
  "train_ious": [
    0.4530749837564224, 0.548525504659915, 0.5860646400006784,
    0.6168404872650683, 0.6389387326072091, 0.6548011672237644,
    0.6689483419708582, 0.6808351799305796, 0.6874041859114514,
    0.6979292638167955, 0.705601057874552, 0.7106223194927408,
    0.7192760875475583, 0.7267468659666136, 0.732315946586322,
    0.7367965268592036, 0.7437584003352604, 0.751681570503591,
    0.7532313646937622, 0.7569087269189564, 0.7588968404393267,
    0.7660607832173503, 0.7700509343134326, 0.7709269627820753,
    0.7782954478609387, 0.7840179468950501, 0.7791973490106023,
    0.7914896038347393, 0.7957969627518587, 0.7979266599252605,
    0.7992967291586643
  ],
  "val_ious": [
    0.4857147170797638, 0.575464090143425, 0.5753068286871563,
    0.6180428635814915, 0.6407841785230497, 0.650619439240815,
    0.6443243443533994, 0.6745706461909888, 0.6605635704337687,
    0.6836800862481629, 0.680357879270678, 0.6872552836286849,
    0.6872494624576706, 0.7032526794119157, 0.7051445621511213,
    0.684576240786608, 0.7089483934468115, 0.6921077824157218,
    0.7073307028715162, 0.7225637010474135, 0.7236349440139273,
    0.7116585136323735, 0.7233887668968977, 0.7178459320811256,
    0.7280595401922861, 0.7220051089922587, 0.7258931525807447,
    0.7321433284576391, 0.7214988394491914, 0.7297571027192515,
    0.7157172958056133
  ],
  "training_time": 698.9026453495026,
  "avg_gradient": 0.004463351856013159,
  "memory_usage": 1152.220703125
}
