{
  "train_losses": [
    0.2641405532055575, 0.21828409745965316, 0.1961906601715347,
    0.1790799364933501, 0.1659855390696422, 0.15741121287093215,
    0.151036753197727, 0.14469325951422038, 0.13947366923093796,
    0.13385352334412542, 0.12859731977400574, 0.12487175226535487,
    0.12387480647505625, 0.12105715756668993, 0.11474711978403122,
    0.11408929538953563, 0.1107621126929703, 0.10583842736061501,
    0.10184344005487535, 0.1024458073079586, 0.09822557445453561,
    0.09985714154722898, 0.09442475693219382, 0.09149399658908015,
    0.08977560670641453, 0.09156767125038998, 0.08723698248681815,
    0.09261217814586732, 0.08192237247915371, 0.07988626461314119,
    0.07900222609548466, 0.07804593431722859, 0.08581388365153385
  ],
  "val_losses": [
    0.248036562424639, 0.22044928987389026, 0.20072335879439893,
    0.18842505015756772, 0.17083689278882483, 0.18435708951690924,
    0.16216887177332587, 0.1648465958626374, 0.16644466927518015,
    0.15622638651858206, 0.14999668462120969, 0.13944646521754886,
    0.1471432500883289, 0.1360258814757285, 0.13778481211351312,
    0.13748126962910528, 0.14781045184835143, 0.13943939153914867,
    0.13903734104140944, 0.15435321402290594, 0.13546753933896188,
    0.14179313458178355, 0.13395323231816292, 0.13568518213603808,
    0.14313624523904012, 0.12933794263264406, 0.14456501522141954,
    0.13415077199106631, 0.13463532940849013, 0.1335040287155172,
    0.1323431671961494, 0.13430588935380397, 0.14159379834714142
  ],
  "train_ious": [
    0.46524303105484316, 0.552072450275654, 0.5922738662448481,
    0.6245452994885653, 0.6481041460149531, 0.6633520505890467,
    0.6754703217766427, 0.6879508615187976, 0.6961632195482218,
    0.7063868954453782, 0.7166140910939892, 0.7247175783242872,
    0.7249234248006688, 0.7306002027530599, 0.7414793093567311,
    0.742561356690915, 0.7485008993442505, 0.7581177248039109,
    0.7651164514970951, 0.7639596466568933, 0.7716979906502839,
    0.7690138285034811, 0.7786459078391392, 0.7844489487292973,
    0.7875390341640387, 0.7842523219144855, 0.7927646792993169,
    0.7825337524755279, 0.8030541636913584, 0.8070535133390322,
    0.8087455421902134, 0.8107773888370263, 0.7959014667548993
  ],
  "val_ious": [
    0.5082098189471423, 0.5350173488259314, 0.5901692142521126,
    0.6278228837510812, 0.6435820075912753, 0.6238989413216496,
    0.6559312322001526, 0.6651024172703426, 0.6449487485747405,
    0.6750666183837947, 0.6837442450333334, 0.702324647186459,
    0.6914214135512061, 0.7065439070912375, 0.7088584727135259,
    0.703899052264034, 0.6916752820429595, 0.7104821492364443,
    0.7115576180858888, 0.6965168364669967, 0.7173587232828141,
    0.708995418920033, 0.7251436092715333, 0.7231602897678596,
    0.7101312102614968, 0.7245095458583558, 0.7139489642087963,
    0.7281072232602298, 0.732686744004056, 0.7301172929397528,
    0.7292797096829484, 0.7308360938576685, 0.7185874248760334
  ],
  "training_time": 747.3750252723694,
  "avg_gradient": 0.004357389792113477,
  "memory_usage": 1152.220703125
}
