{
  "train_losses": [
    0.28046963752611825, 0.24262599331205306, 0.21762348047417143,
    0.197312007860645, 0.18398152672402238, 0.1737876062321922,
    0.16395026518274908, 0.1548117760811811, 0.1530720877825566,
    0.1466383588216875, 0.1417475489737547, 0.13712758979881587,
    0.13364946805750547, 0.12994875872264738, 0.12412681191673745,
    0.12115169215299514, 0.11868442708383435, 0.11444876363257998,
    0.11281789604412473, 0.10851632378509511, 0.10845465901429238,
    0.1014346671493157, 0.10367544351712517, 0.09934080351629983,
    0.09927336353322734, 0.09346208033030448, 0.0970334274613339,
    0.08993097273227961, 0.09300956664525944, 0.08918581465664117,
    0.0856177034261434, 0.08320422191172838, 0.08094473272238088,
    0.07904716192380241, 0.07798182057297748, 0.08619117331893547
  ],
  "val_losses": [
    0.2622007183406664, 0.2618296661454698, 0.20313914930043014,
    0.18972321923660196, 0.16997066399325494, 0.16492155161888702,
    0.15946249825798947, 0.16447841376066208, 0.15072497790274414,
    0.1482392719582371, 0.14611104260320248, 0.1436150712163552,
    0.1381910815834999, 0.14493433159330618, 0.13521788641810417,
    0.13876208063700926, 0.13767931545558182, 0.13449444978133493,
    0.13975668228838756, 0.13617628569836202, 0.13674149872816127,
    0.14002996310591698, 0.13474813524795615, 0.13891580765661987,
    0.13082979862456737, 0.1273266417176827, 0.1298645312047523,
    0.13310602355910384, 0.1307996785187203, 0.13395532625524895,
    0.12868738789921222, 0.1313688939680224, 0.12999323318186012,
    0.1403133475586124, 0.1430522250416486, 0.13394789511094923
  ],
  "train_ious": [
    0.42843981184051844, 0.5057078532442667, 0.5538022813211747,
    0.59018711362412, 0.614767673384884, 0.6335891200148542, 0.6513043053556178,
    0.668371260058189, 0.6702036983401014, 0.6825295384919295,
    0.6919418892998626, 0.7013608708005884, 0.7075850895025589,
    0.7139429750757804, 0.7244114489767, 0.7299586686211219, 0.7352685701587928,
    0.7423572165054692, 0.7446292684669941, 0.7532563279720321,
    0.7528868957922081, 0.7663118608727836, 0.7625109236957374,
    0.7702942397175494, 0.7700738861508991, 0.7808309756219386,
    0.7742632300849409, 0.7879294660212333, 0.7821759258167462,
    0.7896876793516716, 0.7963208983773772, 0.8007343776416088,
    0.8053359919484115, 0.8091909372504204, 0.811545910718648,
    0.7953597713207856
  ],
  "val_ious": [
    0.47128928560709604, 0.47532336381466495, 0.5889435367307799,
    0.6001900222854338, 0.6392843954373099, 0.650812760643337,
    0.660319645335709, 0.6557470985512804, 0.6783494059590326,
    0.679869596077048, 0.6836449005033658, 0.691496515835541,
    0.6984122499175692, 0.6874867589145467, 0.7080557914315789,
    0.7011462475942529, 0.7009687842666239, 0.709087844128194,
    0.6977390074643537, 0.7087230174869731, 0.7069196539080661,
    0.7123015449530837, 0.7103329978991245, 0.7051190764143846,
    0.7209098008663757, 0.7298003851935484, 0.723634237828462,
    0.7237594792808311, 0.7246303862851597, 0.7205080450444982,
    0.7314955561921216, 0.7311892578567282, 0.7321863142044648,
    0.7231819573519888, 0.7262649266184238, 0.7240464512420736
  ],
  "training_time": 809.6970498561859,
  "avg_gradient": 0.003434921014456298,
  "memory_usage": 1152.220703125
}
