{
  "train_losses": [
    0.26920172661218955, 0.22840254284117534, 0.2047779790085295,
    0.18631025946334653, 0.17263474080549635, 0.16348087981991147,
    0.15376135512538577, 0.14965367916485536, 0.14207800736893778,
    0.13740052452877813, 0.1341720935686127, 0.12976626784581205,
    0.12463309980281022, 0.1235235170258776, 0.11903747175212788,
    0.11593892117557318, 0.11507652250482985, 0.10966973998786314,
    0.10587719621379739, 0.10914015551300152, 0.10136863269397746,
    0.10216609805660404, 0.09829390939811002, 0.09669373257328635,
    0.0949111912480515
  ],
  "val_losses": [
    0.24236684227767197, 0.2280106810124024, 0.2230419723883919,
    0.20159779035526773, 0.19570236329151236, 0.18062510211830554,
    0.16263260303632074, 0.15771904733517897, 0.1561954609401848,
    0.1572127330886281, 0.14740750776684802, 0.1454954247759736,
    0.14439107574846433, 0.1456842587693878, 0.1432512522391651,
    0.14346447408847188, 0.14227521403328233, 0.13618545104628024,
    0.15768432698172072, 0.13414226197030232, 0.1408379163755023,
    0.13626167113366333, 0.13349390370042427, 0.13646135884134666,
    0.15743493628890617
  ],
  "train_ious": [
    0.45510298038657365, 0.5345209323517655, 0.5778082306024388,
    0.6111315831649994, 0.6345486465463601, 0.6523531744985472,
    0.6701981205547198, 0.6773260544607608, 0.6906972223001979,
    0.7002516883978803, 0.7061489492222881, 0.7142403939387936,
    0.723498373143915, 0.7257410603156987, 0.7346568647502122,
    0.7397059839272847, 0.7418168505680732, 0.7511776560998481,
    0.7576666637391289, 0.7518685768911805, 0.7663815342213797,
    0.7656610538994054, 0.7718786280332266, 0.7745083900357501,
    0.7783839784670569
  ],
  "val_ious": [
    0.5073715881377028, 0.5490826074627863, 0.5419169923533564,
    0.5936691475951154, 0.6031650177378586, 0.6326663105384164,
    0.6628311824971351, 0.6660706921332125, 0.6697626113891602,
    0.6671325439128322, 0.689427351606065, 0.6930831623250162,
    0.6956459117540414, 0.6894024273623591, 0.6976883471875952,
    0.6952852993339732, 0.6994957856941915, 0.7103987744320994,
    0.6915497961251633, 0.7148357562828755, 0.7123883958312048,
    0.7164500729329345, 0.7212422086276871, 0.71601863183837, 0.697056466686553
  ],
  "training_time": 564.7063047885895,
  "avg_gradient": 0.012207969958404747,
  "memory_usage": 1152.220703125
}
