{
  "train_losses": [
    0.26905314591915713, 0.22580423675801442, 0.20040713542181512,
    0.1851723258909972, 0.17100439155879227, 0.1613062585339598,
    0.1534679009295676, 0.14860305570713853, 0.14320801992131316,
    0.13806541668980019, 0.134363557252547, 0.1293505355310829,
    0.12580385229185873, 0.1205524775887961, 0.11739929955776619,
    0.11483955427842296, 0.11072004084353862, 0.1086767393204829,
    0.10631863647343023, 0.10398793228618476, 0.09945671794855077,
    0.09596636830626623, 0.09602207439425199, 0.09486585555841094,
    0.0951188062115208, 0.0903546299137499, 0.08765375634412402,
    0.09084286747257346, 0.08634931691314864, 0.08592762688741735,
    0.08543365019495072, 0.07917695674721313, 0.07634015071570226,
    0.07553158570890842, 0.07839097783131443
  ],
  "val_losses": [
    0.24692427658516428, 0.2175079665106276, 0.20332504258207654,
    0.18340647414974545, 0.17622227772422458, 0.1649938831510751,
    0.15665322445009067, 0.15796130442101022, 0.1542958299750867,
    0.1534590040859969, 0.16717926186064017, 0.15222668777341428,
    0.14098863449433577, 0.14795768374334212, 0.14877106508483057,
    0.13659087487536928, 0.13862205037604208, 0.1410678861581761,
    0.13516185108734213, 0.13643645981083746, 0.13828374769376672,
    0.14116501014517702, 0.1401364042059235, 0.14615954879833304,
    0.13726017478367555, 0.14044643290664838, 0.13888143958604854,
    0.14276900433975717, 0.13738602853339651, 0.13942353913317557,
    0.13400102212377216, 0.13122551224153975, 0.14124595552035,
    0.14363541454076767, 0.14598606219110283
  ],
  "train_ious": [
    0.4565115907108009, 0.5371730945518484, 0.5852256239378365,
    0.6140372478875559, 0.6393479907858198, 0.6571128551942714,
    0.6702316901174146, 0.680068102489779, 0.6895108433521312,
    0.6998747470046298, 0.7063884016504324, 0.7148827280363311,
    0.7215195953090123, 0.7313142718504304, 0.7366870901398903,
    0.7415588741609151, 0.7491069381003791, 0.7524291677535441,
    0.7566078548198155, 0.7614462125668487, 0.769954671786315,
    0.7763930426883521, 0.7762637328410497, 0.7781785011183524,
    0.7774755610827951, 0.7864032250059687, 0.7919796912566474,
    0.7861920536860175, 0.7944443577873533, 0.795367258074491,
    0.7963083821578304, 0.8087246347812634, 0.8141759966594582,
    0.8159999763188154, 0.8102857757737673
  ],
  "val_ious": [
    0.5000340505570604, 0.5493883443051489, 0.5774645088375479,
    0.6209383734326434, 0.6274243783259738, 0.6498006441886873,
    0.6658124027476794, 0.661224476237228, 0.6728185464938482,
    0.6744384359622346, 0.657940878816273, 0.6809944763131761,
    0.6950904018637063, 0.6871988775505536, 0.6981531485267309,
    0.7045116411603014, 0.705637209441351, 0.7017266329215919,
    0.7098222251819526, 0.7111268674117932, 0.717359615408856,
    0.7099117425040923, 0.7171089066111523, 0.7003551993681036,
    0.717072414531224, 0.7099056580792302, 0.7179086592750272,
    0.7047649248354676, 0.7218355417683506, 0.7178446380556494,
    0.728003754132036, 0.7300753524337991, 0.7254721211350484,
    0.7274883678857832, 0.7151213383329088
  ],
  "training_time": 788.8381772041321,
  "avg_gradient": 0.004710314258190332,
  "memory_usage": 1152.220703125
}
