{
  "train_losses": [
    0.2701915066851222, 0.22537416073939073, 0.20039636868497598,
    0.18465365477554177, 0.17282972582008527, 0.16150331153007952,
    0.15449205656414447, 0.14837978687137365, 0.14492461615768465,
    0.14035380202467027, 0.13441815526913042, 0.13163703975632138,
    0.12842282498984234, 0.1262205388477963, 0.1198446610942483,
    0.11768906243631373, 0.11369763326871654, 0.11039779614657164,
    0.11200886406004429, 0.10570746980121602, 0.10487729918373667,
    0.10241163866189511, 0.10183393238517253, 0.09808811189039894,
    0.09544234735000393, 0.09352138217376627, 0.09274056651022124,
    0.08945871606145216, 0.08689939348108094, 0.0906411168044028,
    0.0855951820621672, 0.08120481929053432, 0.07874810489137536,
    0.0773742939548, 0.08468471086867478
  ],
  "val_losses": [
    0.24205705782641534, 0.21647155479244565, 0.1920342698045399,
    0.18217968487221262, 0.1727102337324101, 0.1643241783199103,
    0.15969230655742728, 0.14997692616737407, 0.15870312180208124,
    0.15417793668482616, 0.15700882478900577, 0.14944244872616685,
    0.1518798998516539, 0.1415601252861645, 0.13903880783397218,
    0.13582670640038408, 0.1535945367877898, 0.1462065640674985,
    0.1363490883098996, 0.13187608835489853, 0.13672516090066536,
    0.134778360147839, 0.1450819010319917, 0.13073671188043512,
    0.13059312040391174, 0.12949913578188937, 0.1364427897269311,
    0.12863099542648895, 0.13280970813787502, 0.12734369253334793,
    0.12933719109581865, 0.12890814520094707, 0.1290062691854394,
    0.1317480893238731, 0.15272357946504717
  ],
  "train_ious": [
    0.4516228336867865, 0.541912927467754, 0.5870257933232662,
    0.6142086764608604, 0.6359609759588174, 0.65687694951244,
    0.6697783165651817, 0.6806063070569348, 0.6860079081270151,
    0.6951724638001641, 0.705890507153843, 0.7109055200564688,
    0.7170374048468859, 0.7201781264789726, 0.7319067218813345,
    0.7352668592787304, 0.7431850068379137, 0.7492005563192613,
    0.7458557261397007, 0.7582042956373831, 0.7601992122397049,
    0.7639279891939267, 0.7657011203683806, 0.7723154736601789,
    0.7765284840395487, 0.7804863613800722, 0.7823366668021335,
    0.7883852573408593, 0.7932983872251235, 0.7862792123055113,
    0.796115329840045, 0.804122131263864, 0.8093942718013473,
    0.8123576339820152, 0.7984581260361535
  ],
  "val_ious": [
    0.5062093093343405, 0.5670280185514602, 0.6042998899584233,
    0.6207577882037647, 0.6400367954502936, 0.6557898201804232,
    0.6604913768992909, 0.6799603370220766, 0.6696552420439926,
    0.6747401553219644, 0.6623725336099017, 0.6856275788251904,
    0.6814500518899035, 0.6988121584273768, 0.7052436166483423,
    0.7068518560001814, 0.6758582926746726, 0.6913888391809188,
    0.7088816798683525, 0.7194160827692005, 0.7072371464708577,
    0.716835684750391, 0.7012654711370883, 0.7187575276779092,
    0.7223016168328297, 0.7292020487180654, 0.7157897836920143,
    0.7320729252220927, 0.7226395272258399, 0.7329605979763941,
    0.7321968931650767, 0.7345411179290301, 0.73322789306226,
    0.7384294087904086, 0.6962262286224228
  ],
  "training_time": 790.4001715183258,
  "avg_gradient": 0.0066446286246579596,
  "memory_usage": 1152.220703125
}
