{
  "train_losses": [
    0.27383905009407067, 0.22845500521361828, 0.2031896286846503,
    0.1854258293852858, 0.17458869006646716, 0.16390267597592395,
    0.15721197964866523, 0.14930449029349763, 0.1449238712211018,
    0.14106555675844784, 0.1338611970372174, 0.13215332915601524,
    0.1260802433623568, 0.12228768436319154, 0.11937092216280491,
    0.11691415139838406, 0.110924969913195, 0.11043784759290841,
    0.10686893890733304, 0.10200041581107222, 0.10092412174233924,
    0.10017722282234741, 0.0973164181670417
  ],
  "val_losses": [
    0.262804769627426, 0.2282589690192886, 0.19028798393581225,
    0.19336361891549567, 0.16360391320093817, 0.16953114517357037,
    0.18299335565256036, 0.14926825933482335, 0.15051591995617616,
    0.15446448423292325, 0.14309080738736235, 0.13757592342470004,
    0.14119506659715073, 0.14607785010467406, 0.1368289538051771,
    0.13903779633667157, 0.13601799536010492, 0.13735403250093045,
    0.1314822616784469, 0.13118434000922286, 0.13497909369028133,
    0.13646608720655026, 0.1504998433849086
  ],
  "train_ious": [
    0.4499947747242626, 0.5342174459086813, 0.5802000415497934,
    0.6131596456187358, 0.6325382925570017, 0.6511033488896448,
    0.6643156947541065, 0.6782748627921813, 0.6869710249205427,
    0.6927744079975117, 0.7062080304907716, 0.710500061026086,
    0.7215918403496779, 0.7282496452655481, 0.7333260346473987,
    0.7379977199370451, 0.7484125146723314, 0.749542274174915,
    0.7557776883460471, 0.7648158726700841, 0.766485547133978,
    0.7683951938929764, 0.7738110028963159
  ],
  "val_ious": [
    0.5036328726488611, 0.5467821368272753, 0.6045263381539911,
    0.5921021946098493, 0.6522794730853343, 0.6443532210761223,
    0.6245636406584063, 0.67517592056074, 0.6761689533789953,
    0.6853591335424479, 0.6938891171113306, 0.6993605624074521,
    0.6994678622138671, 0.6902660530978355, 0.7068243862494178,
    0.7015105200850446, 0.7109749807395795, 0.7078196995932123,
    0.7164280932882556, 0.7182790116555451, 0.7139465595069139,
    0.7130521015412569, 0.6975657317949377
  ],
  "training_time": 517.5603923797607,
  "avg_gradient": 0.007229613857152214,
  "memory_usage": 1152.220703125
}
