{
  "train_losses": [
    0.27406932632236375, 0.22340383469734504, 0.20452817181206268,
    0.1902098093667756, 0.17752815491479376, 0.1690710275636419,
    0.16064165350373671, 0.15552335050280974, 0.14688103241117104,
    0.14347389474025238, 0.1366866095720426, 0.13632136644066675,
    0.1297364330486111, 0.12834929152513327, 0.12441291182261446,
    0.11768519639482965, 0.11518248676767816, 0.11156567024148029,
    0.10909875340597786, 0.10483155784237644, 0.10009541269391775,
    0.09987683112368635, 0.09595694720907055, 0.09654712122257637,
    0.09952691845271898, 0.09020721171375203, 0.08747964737046024,
    0.08846487032006616, 0.0842240333719098, 0.08151288128093533,
    0.08067232467558073, 0.08491210023994031, 0.0853061460201507,
    0.07896134378793447, 0.0758390152098044, 0.07363415195647141,
    0.08137555315118769, 0.07329619890483825, 0.07096577500519545,
    0.07045887123145488, 0.07000546355772277, 0.06885291020507397,
    0.06751023301773745, 0.06570964413897498, 0.06434206587626883,
    0.06355842030809625
  ],
  "val_losses": [
    0.2455867755672206, 0.2088203582426776, 0.23648579710203668,
    0.18082647090372833, 0.17868322619925375, 0.16162036262128665,
    0.17700339238280835, 0.15465065917891005, 0.14021014049649239,
    0.13625230364825414, 0.13961755484342575, 0.1483896313154179,
    0.13866797202955122, 0.13875683704796044, 0.13269566793156706,
    0.1268330321687719, 0.13981566238014595, 0.14464688997553743,
    0.1385376937687397, 0.12602135733417844, 0.12842552023737328,
    0.1259669748985249, 0.12916199911547743, 0.12309179633207944,
    0.12126901907765347, 0.1266212615629901, 0.1310130616892939,
    0.12675700109937918, 0.12322529486340025, 0.13163634503017302,
    0.1251046539324781, 0.1281764648206856, 0.13196089086325272,
    0.12424281595841698, 0.1261467246905617, 0.1277377581142861,
    0.12568362170587416, 0.13219082387893097, 0.12528126605826875,
    0.13142264861127603, 0.1272331719165263, 0.1333844831780247,
    0.1293403145087802, 0.1282210651299228, 0.13029112342907034,
    0.13387144826676534
  ],
  "train_ious": [
    0.44350994765704516, 0.5427994231652955, 0.5781284461094846,
    0.6036298857003021, 0.6272921335438019, 0.643247831450856,
    0.6579397441684338, 0.6666377897819745, 0.6826078910110656,
    0.688578821178796, 0.7023155513233036, 0.7030264037134856,
    0.7146023851481901, 0.7172535458120746, 0.7236271423922069,
    0.7361206400977537, 0.7410164308072865, 0.7479269168191195,
    0.7516873127956324, 0.7598748299414695, 0.7680201911084028,
    0.7687835174518213, 0.7760044334699279, 0.7752480294177496,
    0.7694474891691966, 0.7867941286252897, 0.7915256964447709,
    0.7901090096304383, 0.7984076945138151, 0.8037861370738, 0.8058357743033464,
    0.7972218495780146, 0.7966079386895981, 0.8086403697945074,
    0.8152637587509297, 0.8200408724555075, 0.8048445607225105,
    0.8208279386162755, 0.825997308976409, 0.8269712026568428,
    0.8280793116360469, 0.8303644769433617, 0.8332026443187739,
    0.8374129738928613, 0.84045290461053, 0.8421922914575836
  ],
  "val_ious": [
    0.5030168740861658, 0.5568747601431349, 0.5283178512168966,
    0.6163001205178275, 0.6279866179262382, 0.6596294950315917,
    0.6323708278545436, 0.6716580397408942, 0.6972965639138569,
    0.7011179634626362, 0.695961875760037, 0.6942323681668959,
    0.6944887581942739, 0.7002318473397824, 0.711202730735143,
    0.7212981652954349, 0.7130282387353373, 0.6927749149609304,
    0.7074431198230688, 0.7286202149546664, 0.721308718988861,
    0.728149404776269, 0.7288938074008279, 0.7340414297321568,
    0.7360088138476664, 0.7352218951867976, 0.7266021865433541,
    0.7347676766955336, 0.7419662000476448, 0.7342066732437711,
    0.7376176228989724, 0.731618280859961, 0.7320856311614964,
    0.739783335423124, 0.7405823233766834, 0.7444484318080156,
    0.7397157472112904, 0.7397613881722743, 0.7432320405175723,
    0.7435585472030916, 0.7442918279464693, 0.7378329157397366,
    0.7472017057563948, 0.7426390062639677, 0.7438370589760767,
    0.7426281396461569
  ],
  "training_time": 1038.9095101356506,
  "avg_gradient": 0.001676691666274311,
  "memory_usage": 1152.220703125
}
