{
  "train_losses": [
    0.28085810593936755, 0.22488910866820294, 0.20082356116693953,
    0.1852517696502416, 0.1732534478701975, 0.16362151317298412,
    0.1562545878164794, 0.1519037249052654, 0.14617025313655968,
    0.1416524267229049, 0.13579669003577335, 0.1335071099355169,
    0.13144846357729123, 0.12604418789724942, 0.12142501074982726,
    0.11538599156167197, 0.11769844838620527, 0.11215604274817136,
    0.10944677905543991, 0.1099166608537021, 0.10166225424441307,
    0.10047698575679374, 0.09793242953879677, 0.09956478380152713,
    0.09446641814935466, 0.0909000362229088, 0.0975909449726991,
    0.08990512869280318, 0.08708819973727931, 0.08932555819173223,
    0.08520348552290512, 0.08405637575070495, 0.0809055262690653,
    0.08070832584053278, 0.08360796446061652
  ],
  "val_losses": [
    0.23954877030590307, 0.22422334195479102, 0.1942078075979067,
    0.19443491813929184, 0.2084685946288316, 0.16701959203118863,
    0.17014358451832895, 0.16538347401048825, 0.15586881987426593,
    0.14930525519277738, 0.15753502933227498, 0.15901838113432346,
    0.14645844033878783, 0.143192187761483, 0.14233565832609715,
    0.13849192679576253, 0.14874729789469554, 0.14146999771828236,
    0.13858656552822693, 0.13260089346896048, 0.1289022849953693,
    0.13297074644461923, 0.13118734081154285, 0.1471684204171533,
    0.13305471076265626, 0.13453606678091962, 0.1418981561842172,
    0.1398270407124706, 0.13313422821786092, 0.13169715100008508,
    0.13571996533352396, 0.13380854576826096, 0.1305670142173767,
    0.14079512137433756, 0.13438049946790157
  ],
  "train_ious": [
    0.42660042164725775, 0.5417789468892673, 0.5862713343315367,
    0.6140918777580708, 0.6353162213944007, 0.6524352981992387,
    0.6662991929637352, 0.6753822215225387, 0.6853659994684268,
    0.6923876615862049, 0.7035350870826969, 0.7084810270563413,
    0.710523105401924, 0.7215025693286158, 0.7296980136222594,
    0.7404198090451352, 0.7364991543193657, 0.7465288912256554,
    0.7511479663460148, 0.750999706324892, 0.7651750068517696,
    0.768226494607718, 0.7727570085637808, 0.7692714196940263,
    0.7781832138265392, 0.7857700917815817, 0.7734065718300966,
    0.7876419967067418, 0.7932810340130669, 0.7891404953231849,
    0.7965957485679268, 0.7990848700637403, 0.8054640144109719,
    0.8056322371290213, 0.8006809271764065
  ],
  "val_ious": [
    0.5159599977558936, 0.5619497011969056, 0.6012174130781834,
    0.6001372836206271, 0.6010962636142537, 0.644885562468266,
    0.6515198051929475, 0.6535654448080753, 0.6675555487905723,
    0.6808235481165459, 0.675817994751792, 0.665064439393472,
    0.6892772286698436, 0.6914497810429421, 0.7034175804127818,
    0.7008893956308779, 0.6881503875272861, 0.6959203218204387,
    0.7070085047811704, 0.7167759168407192, 0.7215429440788601,
    0.7180502539959508, 0.7193062739527744, 0.6978669319895731,
    0.727651893876601, 0.7181157279705657, 0.7128528384626778,
    0.7186796945938166, 0.7282051817662476, 0.7257878918578659,
    0.7270882695481397, 0.7284209717443023, 0.7317681800628052,
    0.7279633979002634, 0.724521625517071
  ],
  "training_time": 789.29674243927,
  "avg_gradient": 0.006371990439530503,
  "memory_usage": 1152.220703125
}
