{
  "train_losses": [
    0.28312221817348315, 0.23474262468516827, 0.20926304542176102,
    0.19678326760945114, 0.1851649513549131, 0.17125550195898698,
    0.16490988522444083, 0.15769017560650472, 0.15262092540607505,
    0.1460483550377514, 0.14293689556095912, 0.13985141921464517,
    0.13480341823204703, 0.12943220899804778, 0.12670220135022764,
    0.12425288193575713, 0.12112059091906184, 0.1159595491607552,
    0.11203028565353673, 0.10961856458174146, 0.10895354138768237,
    0.10394680362356745, 0.10251856242994899, 0.09789259561701961,
    0.09661882540777973
  ],
  "val_losses": [
    0.27132534721623297, 0.2413533968122109, 0.19213773698910422,
    0.1920422620099524, 0.17461510974427927, 0.17415807298991992,
    0.1587915657007176, 0.15796043853396954, 0.15078743579594986,
    0.15268475983453833, 0.15948111596314804, 0.15515234515718793,
    0.13969649552651073, 0.14585031374641086, 0.14425173709573952,
    0.1464207807312841, 0.12969845905900002, 0.13046229549724123,
    0.13457562175133955, 0.1459607358859933, 0.12978050679616307,
    0.13328812303750412, 0.13413657976881319, 0.13088692595129428,
    0.1633245692304943
  ],
  "train_ious": [
    0.42673064691379026, 0.520036648823947, 0.56992571555294,
    0.5924764446968187, 0.613923221502615, 0.6384883928450122,
    0.650128447707149, 0.662812758129144, 0.673122051833333, 0.6850995265919229,
    0.6897908013475976, 0.6972242160227854, 0.7060111070024797,
    0.715139602297458, 0.7201105920948848, 0.7234547156030717,
    0.7304106596047459, 0.7394681794271953, 0.746382674553256,
    0.7507327913806061, 0.752451456543328, 0.7610083111170407,
    0.763604056090117, 0.7727639775021349, 0.7749412012812887
  ],
  "val_ious": [
    0.463884063874898, 0.5178931976358095, 0.595252801326738,
    0.6015498683504437, 0.634385125360627, 0.6306874901056291,
    0.6614798575207808, 0.6637740543355113, 0.6771160482928371,
    0.6756790893665258, 0.6665494822073673, 0.6789960517831473,
    0.6969978386077327, 0.6955019818699878, 0.691473905806956,
    0.6937621685041897, 0.7181231696968493, 0.716623531303544,
    0.7059024952460027, 0.7008838059677595, 0.7204980465812961,
    0.7152732409860777, 0.7137632626986157, 0.722419202759646,
    0.6869990186414858
  ],
  "training_time": 563.3810601234436,
  "avg_gradient": 0.0038184325687501018,
  "memory_usage": 1152.220703125
}
