{
  "train_losses": [
    0.27370104088407493, 0.22883297405813052, 0.20551067234381384,
    0.1864948490553576, 0.1733976786389299, 0.16510012413820493,
    0.15731894520475811, 0.15037703866382007, 0.14623161777853966,
    0.14004621853161117, 0.13706335073094006, 0.1302202192094663,
    0.12848134678990944, 0.1247890543030656, 0.12449701932137427,
    0.11819917858456788, 0.1132032364282919, 0.11262087989598513,
    0.10869641091836535, 0.10866958522440298
  ],
  "val_losses": [
    0.34924577889235126, 0.24437700665515402, 0.2066695602691692,
    0.20620015781858694, 0.17676996245332385, 0.16534596908351648,
    0.16354766228924628, 0.15707612037658691, 0.16554954583230225,
    0.14234182384351027, 0.14741625636816025, 0.14276003788994707,
    0.14393527838199036, 0.13939914819986923, 0.13536321258415346,
    0.13661516668355983, 0.1459928182480128, 0.13632077545575474,
    0.13159323807643808, 0.16282778038926746
  ],
  "train_ious": [
    0.4434785713590142, 0.5332329382283102, 0.5786907665323522,
    0.611738934735025, 0.6346067188010701, 0.6492107094306017,
    0.6638188283296591, 0.6767504413922628, 0.6843902718653713,
    0.6963648845212181, 0.7025484675946444, 0.7141528017818931,
    0.7164633608274701, 0.7227495424989339, 0.7243247010029742,
    0.7356582756383696, 0.7446191334098146, 0.7449298356322281,
    0.7530849162435185, 0.7522271646429664
  ],
  "val_ious": [
    0.4373926012844279, 0.5273057408090951, 0.5827554637107296,
    0.6029937826636909, 0.636047305404276, 0.6539360431657322,
    0.6563233672708706, 0.6656386798274692, 0.6544205524783206,
    0.6921482839878054, 0.6897565623124441, 0.6913957243812255,
    0.6918624831714492, 0.6999212946148887, 0.7076170496318651,
    0.7049827243106953, 0.6880419345005698, 0.7135459296945214,
    0.7177460113729254, 0.6685938319002374
  ],
  "training_time": 457.6572036743164,
  "avg_gradient": 0.005399819593015765,
  "memory_usage": 1152.220703125
}
