{
  "train_losses": [
    0.2765502774197122, 0.22195572074016798, 0.19939735855745233,
    0.18198356566869694, 0.17002905727080678, 0.16302081408060115,
    0.15528427521981622, 0.14747691514861325, 0.14424803727508886,
    0.1364970455027145, 0.1337323461294822, 0.12979721711219652,
    0.12729004608548206, 0.12361115873183894, 0.11895363794072815,
    0.11482970922699441, 0.11343870733095252, 0.11020907407383555,
    0.10858922512472971, 0.1031325358249571, 0.10137934537361497,
    0.09861897231768006, 0.09769739842285281, 0.094921648380873,
    0.09313755478385997, 0.09327057882657518, 0.08928929726876643,
    0.08751653555942618, 0.08564742565478968, 0.08621150283547847,
    0.08105673875821673, 0.08185755955460279, 0.08083367359864971,
    0.08593467343598604
  ],
  "val_losses": [
    0.2666100982738578, 0.22583103503869928, 0.1952010419057763,
    0.1783605331312055, 0.17913964066816412, 0.17325985949972403,
    0.15811666295580243, 0.14939575982482536, 0.1518164108628812,
    0.1444357849009659, 0.15834388120666795, 0.14256819353803343,
    0.150997674173635, 0.14504029375055563, 0.1485052204326443,
    0.13438545475187508, 0.1377131945413092, 0.1414173478665559,
    0.13761969153647838, 0.142005684097176, 0.1344594728687535,
    0.13353170908015707, 0.14712565651406412, 0.13667403955174529,
    0.13453366817987483, 0.12698526032592938, 0.1334962655344735,
    0.13564592016779858, 0.14209630048793295, 0.12871396946518318,
    0.13628692244705948, 0.1348061823974485, 0.1381749437878961,
    0.14163750993168872
  ],
  "train_ious": [
    0.43901463483284786, 0.5464185680384223, 0.5867327199573967,
    0.6192990587889284, 0.6404303147093109, 0.6532591675826608,
    0.6680026574843171, 0.6807653876426432, 0.6867476373478989,
    0.7020028929995454, 0.7070310569867707, 0.7137683491775954,
    0.7190594247177888, 0.7268543175921063, 0.7338152763204302,
    0.7417338645436623, 0.7435163454409092, 0.7499021190232122,
    0.7524046076704625, 0.7635244231509124, 0.7664017340951211,
    0.7711756319023565, 0.7728634231008482, 0.7783564942470496,
    0.7816742031794527, 0.7810717804924296, 0.789055308947961,
    0.7925215704717495, 0.7961895423738852, 0.7944862992651219,
    0.8049306729133577, 0.8033524659880691, 0.8056531711548999,
    0.7959749594978666
  ],
  "val_ious": [
    0.48372115000434546, 0.5395103890610777, 0.600077328906543,
    0.6176564440779062, 0.6263038429661074, 0.6316647199184997,
    0.6645534470461416, 0.6772980471883995, 0.6739682559517846,
    0.6852161987968113, 0.675316113492717, 0.6905069204344266,
    0.6809970574534459, 0.701487642051517, 0.6850445996160094,
    0.7065574416647789, 0.7040522407362427, 0.7027163289595341,
    0.7090245815722839, 0.7035665168710377, 0.7118866728699725,
    0.7138208854889523, 0.7066107323204261, 0.7202172834372176,
    0.7166312114484067, 0.7292889712945275, 0.7255844439285389,
    0.721122040912725, 0.7165329233891721, 0.7367510812869971,
    0.7237206524696902, 0.72776579964852, 0.7197004124738171, 0.713582317898239
  ],
  "training_time": 767.3471179008484,
  "avg_gradient": 0.002969913715211476,
  "memory_usage": 1152.220703125
}
