{
  "train_losses": [
    0.2707571991435859, 0.22026681381723154, 0.1997821039479712,
    0.17949688272631686, 0.1702276867530916, 0.1601817521226147,
    0.15520583647910668, 0.1484615535920729, 0.14222658947920022,
    0.13906615336790032, 0.1350184252647602, 0.1298724573267543,
    0.12799372835813658, 0.1220306043067704, 0.11730482858484206,
    0.11794506693663805, 0.11398367377241021, 0.10979551955571641,
    0.10810401327098193, 0.10878150914188313, 0.10291753932023825,
    0.09702823392075041, 0.0962107588901468, 0.09685071727827839
  ],
  "val_losses": [
    0.25468318326317746, 0.2036428082248439, 0.20829958501069443,
    0.18371571891981622, 0.15887303779954495, 0.1512465088263802,
    0.15714085458413415, 0.14842971090389334, 0.14536686290217482,
    0.1415264680981636, 0.14178037821598674, 0.13513356819748878,
    0.14449088728946188, 0.13507728278636932, 0.13461640752528026,
    0.1410047672688961, 0.13814167289630228, 0.12521246820688248,
    0.12922003930029663, 0.1451298902216165, 0.12244647757514664,
    0.12122901593861372, 0.12709555807320969, 0.14137770170750824
  ],
  "train_ious": [
    0.45351595474758016, 0.5485650863282491, 0.5855376134910013,
    0.6232284186003004, 0.6404112121495213, 0.6584494872477608,
    0.6674386139257229, 0.6802744257493298, 0.691993548548308,
    0.6972973985408528, 0.7056162235313568, 0.7137839099851206,
    0.7170282708130025, 0.7271742681986183, 0.7366912292613498,
    0.7354890457961867, 0.7429344807953939, 0.7498074116158315,
    0.7538079384012498, 0.7520414996838226, 0.7634453539183177,
    0.7742149156072868, 0.7757426303797874, 0.7743711663221101
  ],
  "val_ious": [
    0.49810136973425967, 0.5751482790363008, 0.58449838710004,
    0.6147641753372938, 0.6598987140949221, 0.6779303265654523,
    0.6618325220070023, 0.6836573971786362, 0.6879571965639143,
    0.6933591253515603, 0.693633577529935, 0.7059433736662934,
    0.6906621510135956, 0.7089875873880109, 0.709794875504314,
    0.6959619586882384, 0.7046347286390222, 0.7287532793007037,
    0.7258519815362018, 0.6993919449008031, 0.731826332168303,
    0.7371379979278732, 0.7266393673160804, 0.7044257601534111
  ],
  "training_time": 540.3589208126068,
  "avg_gradient": 0.004096291511872643,
  "memory_usage": 1152.220703125
}
