{
  "train_losses": [
    0.26803716482675594, 0.22634791801481144, 0.2017186952997809,
    0.18943055735334105, 0.17859455027981944, 0.16730476802457933,
    0.16041800938546658, 0.1514366393018028, 0.14851423093806143,
    0.14362234152529552, 0.13868970816712017, 0.1328038082498571,
    0.12929447865842478, 0.12672280953468187, 0.12354247786266648,
    0.11811462899103113, 0.11673012428471576, 0.11490484274437894,
    0.11002131871393193, 0.10782987045367128, 0.10683711962369473,
    0.10243983862354704, 0.09813442251280598, 0.0963457438122967,
    0.09624169795247524, 0.0920460187708554, 0.09773037926820309,
    0.08927928943834874, 0.08747301032037838, 0.084210105240345,
    0.08848527409946141, 0.08154171271978514, 0.08851689387760732,
    0.08257600341154181, 0.07684837073168677, 0.07495633729369096,
    0.07620976990817682
  ],
  "val_losses": [
    0.32879782824412634, 0.21491865586975348, 0.21275428229052087,
    0.21053150296211243, 0.1720655097261719, 0.17376141185345856,
    0.15291849442798158, 0.1469960053977759, 0.14998348300223766,
    0.1447572709749574, 0.14422721124213675, 0.15822625160217285,
    0.13910343643763792, 0.14527731469791869, 0.14012312192631804,
    0.13618902457149132, 0.14083614394716595, 0.13448658974274344,
    0.13165321282070616, 0.15488785294734914, 0.1256920983609946,
    0.13750135866196259, 0.13325394382295402, 0.12826740223428476,
    0.12836083073330962, 0.135517716569745, 0.13031826702796895,
    0.1329247300391612, 0.13171539666212123, 0.14623164174997288,
    0.127238430082798, 0.14369947187926457, 0.13471322992573614,
    0.1321451618619587, 0.13336602258293526, 0.13288972607773283,
    0.1364133999399517
  ],
  "train_ious": [
    0.4552443271057436, 0.5386374855980929, 0.5827097434658505,
    0.6055391705122546, 0.6251205872690334, 0.6460977244744266,
    0.6580704305374966, 0.674583266232757, 0.6800630946738132,
    0.689710312833389, 0.6970722090074982, 0.7084239526395352,
    0.7149905769721322, 0.7203064388123114, 0.7254636730404872,
    0.7356623283222964, 0.7375487331570924, 0.7408579543664836,
    0.7504252866450427, 0.7546023295085501, 0.7560775635790995,
    0.7639893264766188, 0.7720908785535808, 0.7754860764936259,
    0.7758340012768039, 0.7833350622027677, 0.7727171301949711,
    0.7885365923461704, 0.7920840270817275, 0.7986860102501465,
    0.7902258501212662, 0.8035668615197789, 0.7902940348114653,
    0.801405048888663, 0.8134763793668888, 0.8172234089478204,
    0.8148909296462498
  ],
  "val_ious": [
    0.4221476778064086, 0.5644547428557839, 0.5711209119661994,
    0.580530982086624, 0.6350467796774878, 0.6392471585152805,
    0.6718504083329352, 0.6846154342958893, 0.6788274427686912,
    0.6886237414850706, 0.6908770419549252, 0.6707961414603217,
    0.7006662673708322, 0.6887159952218983, 0.6969764470190241,
    0.7076368591059807, 0.7006166259879651, 0.7140327277390854,
    0.7168966648371323, 0.6943077874788341, 0.7288322435772937,
    0.7098567578671634, 0.7173736132141472, 0.7306879024574721,
    0.7303946344316871, 0.7258050247378971, 0.7233113141163535,
    0.7262165738620621, 0.7295229871203933, 0.708470682087152,
    0.7315894188224404, 0.7131410245446191, 0.7217997381652611,
    0.7343956197517503, 0.737438184843547, 0.7267336301181626, 0.721228223563968
  ],
  "training_time": 833.1806409358978,
  "avg_gradient": 0.005224347011046277,
  "memory_usage": 1149.470703125
}
