{
  "train_losses": [
    0.28695805581367534, 0.23063027729158816, 0.21064046130556127,
    0.19659033174748006, 0.1845329691372488, 0.17589289735516775,
    0.1658922906803048, 0.16202479021866684, 0.1537771811708808,
    0.1473862779043291, 0.14359360674153204, 0.13897320579575456,
    0.13762914486553357, 0.13481197319924831, 0.12827879854518434,
    0.12444991942333139, 0.12098960728263078, 0.11956532032269498,
    0.11721282533329466, 0.11235112263618605, 0.11054131380565789,
    0.10887089849490186, 0.10606829842309588, 0.10316888680276663,
    0.10079337769876355, 0.10182615320967592, 0.09695793882660243,
    0.0935843895877833, 0.0935014157920428, 0.0898933557631529,
    0.08918387677682482, 0.0902994783271266, 0.08667588140815496,
    0.0841181225993711, 0.08685874983506359, 0.08249774012390686,
    0.08396085991483668, 0.08159936672967413, 0.07771628123262654,
    0.0769459029821598, 0.07475219106139697, 0.08643238242391658
  ],
  "val_losses": [
    0.26355651377335837, 0.22718988682912744, 0.20686365016128705,
    0.20018836888282196, 0.20487624957509662, 0.16928365016761032,
    0.16238296031951904, 0.152751710427844, 0.15894249859063522,
    0.14589631346904713, 0.1482773303337719, 0.14333118854657464,
    0.1578939778973227, 0.16260091101993684, 0.1434421924793202,
    0.14139806220064993, 0.13756646847595339, 0.14138317172941955,
    0.13449185163430546, 0.13010992206957028, 0.13608967998753424,
    0.12940809065880982, 0.1363480968967728, 0.12744885456302893,
    0.1258414962693401, 0.1379247210595919, 0.12756828801787418,
    0.13027061343840932, 0.12490848500443541, 0.13013460859656334,
    0.13643945623999057, 0.13427614890362904, 0.12407212995964548,
    0.12761037699554278, 0.12923547900889232, 0.12402011988603551,
    0.1333834854481013, 0.1249108197896377, 0.1307577398484168,
    0.124861021404681, 0.13242666747259058, 0.13525949564317
  ],
  "train_ious": [
    0.41615662602977677, 0.5307557995066696, 0.568378869255168,
    0.5940233843158124, 0.6161013314689416, 0.6308983899652961,
    0.6489773423991341, 0.6560204148400521, 0.6717799633093499,
    0.6844379204878769, 0.6897687172868113, 0.6980302113553754,
    0.7013726084344627, 0.7055314397574335, 0.7186980054754276,
    0.7249374012800233, 0.731084795533747, 0.7340266042645431,
    0.7388373471364595, 0.7467534957264644, 0.7505326541005704,
    0.7529125148295492, 0.7582731712339585, 0.7638474336784813,
    0.7680902235965796, 0.766643356477869, 0.7755503422324209,
    0.7814316381902794, 0.7814061017032118, 0.7885073086489802,
    0.7897938169215032, 0.7874153949644253, 0.7947669491387793,
    0.7994545861214833, 0.7942624826362163, 0.8028697345567786,
    0.799788853288561, 0.8045431511557617, 0.8123265668965771,
    0.8143244309053904, 0.8187749448461803, 0.7955988698463511
  ],
  "val_ious": [
    0.4740036491682563, 0.5267705310514009, 0.5720892457858374,
    0.5893398784640906, 0.5793376081231711, 0.6445628391659777,
    0.65443110358024, 0.6708053218713703, 0.6631966773150624,
    0.6816580204860025, 0.6770288132239081, 0.6879535231037416,
    0.6617252988659817, 0.65773306225521, 0.6867070148388544,
    0.6914353809062984, 0.7026406744683997, 0.6953001125999119,
    0.7077426919038743, 0.7170643268719964, 0.7092896157848662,
    0.7188954515301661, 0.7089419157608695, 0.721661203365395,
    0.7233603441196941, 0.7080426147018655, 0.7248249200807102,
    0.7269356537988219, 0.7315746135469796, 0.7257944561433101,
    0.7196367793325066, 0.7226515408011451, 0.7373309085766474,
    0.7314351270164269, 0.7236885372279346, 0.7358138785845989,
    0.7264290838569835, 0.7428070658790894, 0.735944492013558,
    0.7410679422858832, 0.7324023445447285, 0.7142183769872222
  ],
  "training_time": 947.7470827102661,
  "avg_gradient": 0.003918454892045014,
  "memory_usage": 1152.220703125
}
