{
  "train_losses": [
    0.2829804423710574, 0.22924792199679042, 0.2065966556901517,
    0.1878963418142951, 0.175586578314719, 0.1651644026050749,
    0.15636627080485874, 0.15032624088875626, 0.14480034877424655,
    0.14149598615325015, 0.13644370303043854, 0.13255832575099624,
    0.1259168113541344, 0.1241141344299135, 0.12293263107700192,
    0.11719185405451318, 0.11409934796392918, 0.10838555281414934,
    0.10965550755677016, 0.10775200759425112, 0.10506409252791302,
    0.09980874314256337
  ],
  "val_losses": [
    0.2412583536427954, 0.22180948827577673, 0.2038647354297016,
    0.17336392661799555, 0.1742601770421733, 0.16884756055863007,
    0.15465109260833781, 0.15037033609721973, 0.14796837662225185,
    0.15527287125587463, 0.14787880881972934, 0.1401454396545887,
    0.13762836352638577, 0.13489748602328094, 0.13463251956779024,
    0.13154972328440004, 0.13451625584908153, 0.13344644900897276,
    0.1384923793375492, 0.13234719229133232, 0.13737246232188266,
    0.15519946295282114
  ],
  "train_ious": [
    0.4210116731920751, 0.5337875468143519, 0.5758457903250834,
    0.6088409500493522, 0.6321673111423203, 0.6492507699067177,
    0.6654228948704574, 0.6767415944756804, 0.6870891911288105,
    0.6937499159704084, 0.7025561949265173, 0.7103819028622863,
    0.7216302597004436, 0.7245391193183437, 0.7274149780472122,
    0.7370374266976031, 0.7430276941454063, 0.7532030751631744,
    0.7508785963814325, 0.7546264737088607, 0.7597484613998214,
    0.7692614362939546
  ],
  "val_ious": [
    0.5133099640193193, 0.5536778250682179, 0.5840814623279849,
    0.63501259058282, 0.6340401451224865, 0.6552511874748314,
    0.6670648883218349, 0.6763705881177516, 0.6829681454793267,
    0.6694745641687642, 0.6821035595907684, 0.7000645802936694,
    0.7026648903670518, 0.7051475838474606, 0.7062001686165297,
    0.71155274886152, 0.7095769531484961, 0.7150028069382132, 0.704091836792835,
    0.7212589182283565, 0.7077188882706821, 0.6910781473785207
  ],
  "training_time": 496.6378593444824,
  "avg_gradient": 0.011179186559127004,
  "memory_usage": 1152.220703125
}
