{
  "train_losses": [
    0.2729361509175404, 0.2244234550744295, 0.1986113448181878,
    0.18486488707687543, 0.17261463816723097, 0.16351404263759436,
    0.15723125187113232, 0.15136627520879972, 0.14749182550155598,
    0.14070502275843982, 0.13452894568605267, 0.13345758329429055,
    0.12841927499064934, 0.12353337807175906, 0.1213110278401038,
    0.12073274815212125, 0.11416274710031955, 0.1093032177456695,
    0.1083138410973808, 0.10758029361781866, 0.10258515539538601,
    0.10165975862385138, 0.09801691094332415, 0.09427822271928839,
    0.09277385088574627, 0.09074929943713157, 0.09142611851996701,
    0.09171626012286414, 0.08890921829025382, 0.0871704940724632,
    0.08531069771751114, 0.0806316926913417, 0.0774832152478073,
    0.07728444335415312
  ],
  "val_losses": [
    0.23454598175442737, 0.20921138965565225, 0.22788012027740479,
    0.1815467904443326, 0.16910443649343823, 0.16370347368976343,
    0.15620924629594968, 0.15274701202693192, 0.15458197875515275,
    0.14536867582279703, 0.14418943971395493, 0.13848186689226524,
    0.14101436993350153, 0.1370413713157177, 0.1419506009830081,
    0.1310897563462672, 0.13658364991778912, 0.1407128023388593,
    0.13613473478218782, 0.1294355852448422, 0.1379982437128606,
    0.1274236984874891, 0.1293463666477929, 0.12443448457381,
    0.13575424837029498, 0.12930076650303343, 0.12967983341735342,
    0.12934569933492204, 0.14279852273023647, 0.1293635906084724,
    0.13007177056177802, 0.1265172670068948, 0.1265113230632699,
    0.140579367623381
  ],
  "train_ious": [
    0.4419853266984886, 0.5411483082866324, 0.588614545519585,
    0.615082018239343, 0.6361863791834618, 0.6543991257423076,
    0.6658451234300934, 0.6751878846274771, 0.683320487215035,
    0.6943421696947104, 0.7064399502739525, 0.7082481627231059,
    0.7170640919087589, 0.7255033047302911, 0.7296915987263555,
    0.7312903363743553, 0.7437761499397995, 0.751920887471541,
    0.7533368326291657, 0.7555660093608106, 0.7641361413550551,
    0.7656242708149165, 0.7726698385524579, 0.7798560941996777,
    0.7821062867516192, 0.7859231542957865, 0.784935577462117,
    0.7841098602807175, 0.7898577616374566, 0.7930188717293569,
    0.7968309667447331, 0.8062341993917587, 0.8123452113806336,
    0.8129844241168186
  ],
  "val_ious": [
    0.5224586350546366, 0.5648058461754217, 0.5569417368674623,
    0.6232154287289883, 0.6443394694639288, 0.6574311938838682,
    0.6670045744681705, 0.674506480711094, 0.6700913145922233,
    0.6884576082229614, 0.686405796719634, 0.6962363234032756,
    0.6938799911219141, 0.7004280878581861, 0.6958817178788392,
    0.7138329487347947, 0.7075628899577736, 0.705519743371701,
    0.7070422405781953, 0.7184829312390175, 0.7080448919880219,
    0.723223538502403, 0.7238153426543527, 0.7309288434360338,
    0.7217151913521945, 0.7221646622039269, 0.7230749696061232,
    0.7213870146568269, 0.7117578059002972, 0.7282655798438668,
    0.7288797705069834, 0.732334870359172, 0.7344351091246673, 0.717506208065627
  ],
  "training_time": 777.839170217514,
  "avg_gradient": 0.008160498657947546,
  "memory_usage": 1152.220703125
}
