{
  "train_losses": [
    0.2760276373313821, 0.23353127390146255, 0.2079834604392881,
    0.19395764949529068, 0.17502087265577004, 0.1680756059029828,
    0.1589985792727574, 0.1516756788706002, 0.14807512631396885,
    0.14247863395544497, 0.13853342891873224, 0.13216594630933326,
    0.1313701793551445, 0.12640070048687252, 0.12152528738522012,
    0.11823978404635968, 0.11832294827732055, 0.11330466482626356,
    0.10711145396951748, 0.10894464822890966, 0.10616091488982024,
    0.10260511618917403, 0.09901270075984624, 0.0952080073563949,
    0.09984950798199228, 0.09696767616855062, 0.08941091625424831,
    0.08834250336108, 0.09134511333768783, 0.08622033711846756,
    0.0890188537457067, 0.08714576656727688, 0.08214523416498433,
    0.07973915103660978, 0.0786500416048195
  ],
  "val_losses": [
    0.2694184096611064, 0.2528735454315725, 0.23994667342175607,
    0.18121315441701724, 0.1718316402124322, 0.17134747945744058,
    0.17975156203560208, 0.1547210911369842, 0.1520388498902321,
    0.15940091823754104, 0.143763502654822, 0.14541481678252635,
    0.13816827033524928, 0.13859758493692978, 0.13783727310921834,
    0.1513947807252407, 0.13933714139072792, 0.13774226476316867,
    0.13368825452483218, 0.13441474314617075, 0.1332713292668695,
    0.13069382617655007, 0.1318116246358208, 0.12670581058963484,
    0.12492193848542545, 0.12628380759902622, 0.12950322793229765,
    0.14039413355614827, 0.1307984789752442, 0.13442574749174324,
    0.12930027492668317, 0.12999514587547467, 0.12786333878403125,
    0.12671985865935034, 0.13349089933478314
  ],
  "train_ious": [
    0.4392842544256239, 0.5235703226880751, 0.5717119186360767,
    0.5987646696360216, 0.6325102732989233, 0.6446479415871956,
    0.6614285595175149, 0.6743190418119012, 0.681599178877862,
    0.6912281535889794, 0.6980090723305511, 0.7102161099513371,
    0.7131599630026709, 0.7216701559938382, 0.7297388469611389,
    0.7361241734006267, 0.7358159058443882, 0.7451097423183747,
    0.7560934144733602, 0.7518854390127939, 0.757568075389102,
    0.7645090666694058, 0.7707776605974941, 0.7780483281374843,
    0.7703924653646735, 0.7754388807368449, 0.7889325701348165,
    0.7911631371555979, 0.785262916237116, 0.7949262327258136,
    0.7896189620529394, 0.793276320872964, 0.8032816963783205,
    0.8080116538465885, 0.8106901683453195
  ],
  "val_ious": [
    0.4605107180018355, 0.5148007845964985, 0.5118887942770254,
    0.6249827526617743, 0.6351848711138185, 0.6399710599495015,
    0.6384702547304874, 0.663995179793109, 0.6729470895252365,
    0.664094292383263, 0.6887238446785056, 0.6912055393491966,
    0.7012560289839042, 0.700693805364595, 0.7076897165481596,
    0.6826766105233759, 0.7020359134328539, 0.7000323125849599,
    0.7152097259742626, 0.7145887742871825, 0.7195475211609965,
    0.7185335984264596, 0.7180731836436454, 0.7267332586689271,
    0.7315782163886057, 0.7310678451389506, 0.729595898502115,
    0.7127667598534322, 0.7273975250081739, 0.7325628509987956,
    0.7268612458222156, 0.7281198743460834, 0.7334088402381841,
    0.7344326044338338, 0.7254524211520735
  ],
  "training_time": 787.940042257309,
  "avg_gradient": 0.003486928609508938,
  "memory_usage": 1152.220703125
}
