{
  "train_losses": [
    0.2844342723812746, 0.22875259338837603, 0.2067413215889879,
    0.18882956752634567, 0.17482414444827515, 0.16533819286395673,
    0.15668199434066596, 0.15084509511032831, 0.14655903734914635,
    0.13951238746876302, 0.1360666197117256, 0.13216038704242394,
    0.1270197177224833, 0.12446089578873437, 0.1190123920450392,
    0.11622750362300355, 0.11165994008922059, 0.11111134116578361,
    0.1056498785138778, 0.1058322532588373, 0.1035353934959225,
    0.09905511683419994, 0.09651667155001474, 0.0964172089310444,
    0.09008993030242297, 0.08941796385561643, 0.08737402186607537,
    0.09138316102325916, 0.09207411733982356
  ],
  "val_losses": [
    0.25806065195280575, 0.2089618590214978, 0.19785107737002167,
    0.20272582510243292, 0.18239663379347842, 0.16582823058833246,
    0.17787043717892273, 0.17777577496093253, 0.15891707461813223,
    0.14996770526403966, 0.14534526221130206, 0.14462410124099773,
    0.14506904861849287, 0.13806174776476363, 0.14946071771175964,
    0.1434713877413584, 0.15784212379999782, 0.14084834816015285,
    0.13670121959370116, 0.14249161047779996, 0.13865964179453644,
    0.13477731398914172, 0.14531815246395444, 0.1337172565576823,
    0.13680213090518248, 0.135711381940738, 0.1414122975066952,
    0.14643438225207123, 0.1462357332525046
  ],
  "train_ious": [
    0.42815830103675073, 0.5331852643116229, 0.5758078658170458,
    0.607258990568959, 0.6316071991687234, 0.6501929850142072,
    0.6657052552462488, 0.6757663886292258, 0.683889320957056,
    0.6971081644836545, 0.7037885316472119, 0.7105028894932375,
    0.719914454696835, 0.7244506840580616, 0.7342846320699086,
    0.7393276985140815, 0.7470054038516853, 0.7492438019185826,
    0.7587818864031115, 0.7587953573767692, 0.7624906715059624,
    0.7708189635389096, 0.7751082004304383, 0.7759888451276488,
    0.7877492936517015, 0.788734064046024, 0.7928625686985, 0.7857322429401287,
    0.7842493696489193
  ],
  "val_ious": [
    0.4797742226417514, 0.5701645276900653, 0.5899590114536492,
    0.5806789397113565, 0.6192550603030383, 0.648110536561496,
    0.6351965337559796, 0.63810599649298, 0.6688407516997794,
    0.6811493695646094, 0.6857850236305292, 0.6891991653736086,
    0.6891146375649216, 0.7016750235056534, 0.6903489156477692,
    0.6974860542062401, 0.6771620276613511, 0.6999862621659816,
    0.7131397253361302, 0.707939397165741, 0.7111402944378231,
    0.7185069039679955, 0.7071900754303172, 0.7202368909898011,
    0.7241655056891234, 0.7241763811612476, 0.7171099488286008,
    0.7027203701976417, 0.699988651966703
  ],
  "training_time": 653.5496344566345,
  "avg_gradient": 0.003979267766884182,
  "memory_usage": 1152.220703125
}
