{
  "train_losses": [
    0.2667580663995898, 0.22562876878225285, 0.1998697800318832,
    0.18357976064409898, 0.1707900755269372, 0.16304148020951645,
    0.15335731451278148, 0.14967164146187512, 0.14007922035196554,
    0.14063238498309386, 0.13414725369733313, 0.12996506290105375,
    0.12436634237351625, 0.12104146470032308, 0.11816595745799334,
    0.11603474280918422, 0.11192571517565976, 0.10967104007368503,
    0.10444550232394882, 0.10464814580653024, 0.09852283921740625,
    0.09634432050844897, 0.094535105659262, 0.0949014353606364,
    0.09637813764097898, 0.08911666095904681, 0.0859395616242419,
    0.08736404962837696, 0.08462869497420995, 0.08237442281097174,
    0.0851564077741426, 0.08313508052378893, 0.07739180488430936,
    0.07553922451789612, 0.0772667792018341
  ],
  "val_losses": [
    0.233873360182928, 0.21083413582781088, 0.18975985341745874,
    0.18089151641596918, 0.16589618862971015, 0.15918153297642004,
    0.15835037373978159, 0.1518448513487111, 0.14695428376612457,
    0.14040690239356912, 0.1404616704777531, 0.1387720278099827,
    0.13444103511131328, 0.13750403844144032, 0.13453947493563528,
    0.14198422610111858, 0.13559097197392714, 0.12700807060236516,
    0.13386809890684875, 0.12967154756188393, 0.12794263110212659,
    0.12535114051855129, 0.12626363482812178, 0.12780303346074146,
    0.12625598583532416, 0.12868037528317908, 0.12263121326332507,
    0.12943958199542502, 0.1277980911342994, 0.12406517516659654,
    0.12695786551288937, 0.1314054081297439, 0.12477565605355345,
    0.1288045160472393, 0.14232214766999948
  ],
  "train_ious": [
    0.46265140634731955, 0.5399647232523, 0.586379500726859, 0.6168409688533218,
    0.6406840481187988, 0.6556242240079931, 0.6716642665366332,
    0.6787235977641053, 0.695782828968072, 0.6945943354048588,
    0.7072696511404242, 0.7147572713269704, 0.7247691433606807,
    0.7310134777664274, 0.7363514702605165, 0.7394127518046594,
    0.7469469343946463, 0.7512490463753537, 0.7607560712250243,
    0.7602085583451866, 0.7714307671007906, 0.7757850463731567,
    0.7788229666758272, 0.7786260955575584, 0.7756109326753927,
    0.7893059924244882, 0.7953068784613542, 0.7925137869905737,
    0.7980305611871293, 0.8021482783167262, 0.7973721966255403,
    0.8008566499836199, 0.8128146267887469, 0.8164358153075414,
    0.8130108253031543
  ],
  "val_ious": [
    0.5271525103328886, 0.5684065621184266, 0.6076562430547631,
    0.6293898982846218, 0.6481913909100102, 0.6630085428123887,
    0.659928607335989, 0.6788072015928186, 0.6898483705261479,
    0.6967273674149443, 0.6964592538450077, 0.6982858543810636,
    0.7101827166650608, 0.7007158320883046, 0.7083470231812933,
    0.6986050370378771, 0.710302781583606, 0.7254027562296907,
    0.7168140763389893, 0.7242365306702211, 0.728739476290302,
    0.7317084575044934, 0.7341567951699963, 0.7295699385197267,
    0.7299502805091332, 0.7353460620278898, 0.7396091322104137,
    0.7327470239521802, 0.7321031421854877, 0.7426549461872682,
    0.7305805791115414, 0.7321099986632665, 0.7407766215611197,
    0.7437557772449825, 0.7250149636596875
  ],
  "training_time": 788.9055452346802,
  "avg_gradient": 0.007913810130095372,
  "memory_usage": 1152.220703125
}
