{
  "train_losses": [
    0.27621290468327375, 0.2301032211145629, 0.20524890850419583,
    0.1894479761629001, 0.17467191693899425, 0.16490081560028635,
    0.15832578160030686, 0.14990192777274744, 0.14519337090947057,
    0.14186956352837707, 0.13902891115487917, 0.13150596399994,
    0.12797019776442778, 0.1250529471460892, 0.1218119180234878,
    0.12044590573919856, 0.11590022978413364, 0.11283471844280543,
    0.10934012743603924, 0.10720390875054442, 0.10387504262768704,
    0.10203552412112123, 0.09799257572740316, 0.09653388927488224,
    0.0945734674434947, 0.09450432532669409, 0.09231328263716854,
    0.09343273832422236, 0.09048339688097654, 0.08984423813450595,
    0.08546421871237132, 0.08122988247677036, 0.08225762317685978
  ],
  "val_losses": [
    0.26942337855048804, 0.2288559305927028, 0.2016114540722059,
    0.17800582589014716, 0.17267189336859662, 0.17144299395706342,
    0.15967879573936047, 0.16012988304314407, 0.1566971895163474,
    0.16380123178596082, 0.15470079413574675, 0.15060886578715366,
    0.1422190716409165, 0.14649439667877945, 0.1387980546316375,
    0.1448110567162866, 0.13707875427992447, 0.1554007092895715,
    0.13653505544947542, 0.13954048587576204, 0.13640331136791603,
    0.13400996541199478, 0.1351557011189668, 0.1418238094319468,
    0.13383903289618698, 0.14287867445660674, 0.13718772614779678,
    0.13664460425143657, 0.13475765822374303, 0.13942652244282805,
    0.1288021274882814, 0.13254846875434337, 0.142592817382968
  ],
  "train_ious": [
    0.4459214570385446, 0.5314106264462073, 0.5776002485089112,
    0.6058978691049246, 0.6312486203252404, 0.6498261398595313,
    0.6623530510435072, 0.6778410192633021, 0.687684609460226,
    0.6932576831592165, 0.6979241077450737, 0.7120410102433057,
    0.7188854171098145, 0.724358266948358, 0.7282238158302891,
    0.7316891585571179, 0.7399521896048734, 0.745545090324637,
    0.7518977218887946, 0.7555347016972038, 0.762119138154431,
    0.7651715657093385, 0.7724231944783871, 0.7748747308185137,
    0.7793580394616164, 0.7789705362224926, 0.7827686972484211,
    0.7815559098793979, 0.7864501632318113, 0.7879392485255776,
    0.7961728668407251, 0.8045590003763416, 0.8026586228954614
  ],
  "val_ious": [
    0.4694807205511176, 0.54502240082492, 0.5840369133629661,
    0.6219509269880212, 0.6396420850701954, 0.6360695452793782,
    0.6618020357429115, 0.6593094321264737, 0.6712134512870208,
    0.6557381306437479, 0.675516543397005, 0.6780416671780575,
    0.6935990441968476, 0.6856237857238107, 0.700951232642367,
    0.693721999724706, 0.7035127612559693, 0.6894113738899644,
    0.7108847123125327, 0.7077618349289551, 0.7105255673329036,
    0.7164088254389555, 0.7132132567357325, 0.7013469243395157,
    0.7164816398551498, 0.7027452534091647, 0.7135991654966188,
    0.7119354471780251, 0.7192285274681838, 0.7173062403132949,
    0.7228565362916476, 0.7275453980850137, 0.7074482296256052
  ],
  "training_time": 746.6938841342926,
  "avg_gradient": 0.0058657925515555685,
  "memory_usage": 1152.220703125
}
