{
  "train_losses": [
    0.2809407595221115, 0.2283191710062649, 0.20642725985659205,
    0.19138553447049597, 0.17964561299785323, 0.16949555245430573,
    0.16148094241709812, 0.1540664796434019, 0.14941506415767514,
    0.1447472252842525, 0.1384194436604562, 0.1340533403031852,
    0.1290154460331668, 0.12593125916369582, 0.12173746947361075,
    0.11828094737037369, 0.11414138490901045, 0.1105991312424126,
    0.10623425391057263, 0.10781021865651659, 0.10096690528418707,
    0.09936141323946092, 0.09711795875235744, 0.09413495331840671,
    0.09628258467368457, 0.09156584136349999, 0.08917105112872693
  ],
  "val_losses": [
    0.25607642660970276, 0.23567121961842413, 0.19845968063758768,
    0.1916107995354611, 0.18474013455536054, 0.16446466808733734,
    0.1680940826949866, 0.1774647002634795, 0.15462372338642244,
    0.15528833056273667, 0.14539153226043866, 0.13733787786053575,
    0.1450198069214821, 0.13489745524914368, 0.14435544593826585,
    0.1356147101715855, 0.13472805852475372, 0.13365965563318002,
    0.1346692737677823, 0.12856287120477014, 0.13343817060408386,
    0.1301960778301177, 0.13110811052762944, 0.13281478425082954,
    0.13747015093331752, 0.1350061909660049, 0.139076162615548
  ],
  "train_ious": [
    0.42585655504270725, 0.5346341925956629, 0.5746533635571816,
    0.6016601138356804, 0.6238147167731889, 0.6416949728584808,
    0.6563204522582066, 0.6708307011403898, 0.6789025194619015,
    0.68766646394911, 0.698997829487358, 0.7066135989043162, 0.7159395145009393,
    0.7223863655134389, 0.7281881131339765, 0.7352291586930334,
    0.7432652318283265, 0.749473988038042, 0.756170955527088, 0.754738907883133,
    0.767134978449431, 0.769447240114644, 0.7735752907676109,
    0.7797446526263068, 0.7759044248664729, 0.7842467675606409,
    0.7893706514783527
  ],
  "val_ious": [
    0.4878549360926602, 0.5404844368281573, 0.5868391753106877,
    0.6017951533414315, 0.6132531589356024, 0.6490967794173005,
    0.6437513420115346, 0.6402428728946742, 0.6688899194848711,
    0.6689906798411107, 0.6861988699090654, 0.7020902080812317,
    0.6883821264989133, 0.7077011772687886, 0.6949511921924093,
    0.7052084918039433, 0.7118467409973559, 0.7123855015505913,
    0.713188543051913, 0.7221759190593942, 0.7196086286634639,
    0.723730353773504, 0.7207223695257438, 0.7215813843236454,
    0.7147349000409029, 0.7176833183005237, 0.7111818127442097
  ],
  "training_time": 607.1277449131012,
  "avg_gradient": 0.003278959662446642,
  "memory_usage": 1152.220703125
}
