{
  "train_losses": [
    0.2623153265727603, 0.21436923904263455, 0.1943570726915546,
    0.17768554689119692, 0.16836706751390643, 0.15982157830148935,
    0.15192378952127436, 0.14779700901683257, 0.1413732851329057,
    0.1372184191789964, 0.1320142939929729, 0.12808239974243485,
    0.12303954613921435, 0.11937745433786641, 0.12097856859959986,
    0.11525175987702349, 0.10974165121012408, 0.10970476674644844,
    0.10248327656122654, 0.10361222647454428, 0.10062492100278968,
    0.09704416633948036, 0.09770663106895011, 0.09210570091786592,
    0.09019201005930486, 0.09135092499301485, 0.08743340137374142,
    0.08563524031120798
  ],
  "val_losses": [
    0.24478262112192486, 0.20693199466104092, 0.204574857716975,
    0.177150617475095, 0.1811643714166206, 0.1693447598296663,
    0.1587820090353489, 0.15905964212573093, 0.1586244984165482,
    0.14925541161842967, 0.14997872208123622, 0.14170767253507738,
    0.14129131854228352, 0.14715848101869874, 0.14200041216352713,
    0.13907372562781625, 0.13575168164527934, 0.1366404009901959,
    0.131869792452325, 0.1360003000692181, 0.13594341278076172,
    0.13936985494649928, 0.13360971795476, 0.13978662034091743,
    0.13852692557417828, 0.13336004203428392, 0.1307171011424583,
    0.14732720459932866
  ],
  "train_ious": [
    0.47123823267664167, 0.5603604630121719, 0.5942562581512375,
    0.6266047405483929, 0.6437313902745213, 0.6596335783816767,
    0.6739191131639305, 0.6813822663456635, 0.6924578228398511,
    0.7011366790511474, 0.7090883738752722, 0.7172749780010487,
    0.7265370353732422, 0.732860665228488, 0.7303490540471628,
    0.7407544931207874, 0.7508047709538452, 0.7508047789983124,
    0.7637178715912328, 0.7612952200722868, 0.7671959938454453,
    0.7744019616233266, 0.7725785392997919, 0.7826218411218432,
    0.7868118614930174, 0.7850326319103659, 0.7921780371579573,
    0.7952927072950898
  ],
  "val_ious": [
    0.5121976585275885, 0.5830860308546949, 0.5800583081832833,
    0.6329241896021193, 0.6314573972553447, 0.6432286671538284,
    0.6695917862049047, 0.6684767100690067, 0.6658504834209662,
    0.6825399487346843, 0.6795455578012743, 0.6965630931266841,
    0.7033214024875475, 0.688838287756063, 0.699370203026827,
    0.7033365550248519, 0.7113498332707778, 0.7092424639757128,
    0.718025057428125, 0.7163213534631592, 0.7192838245975798,
    0.7148885167595269, 0.7243179352819056, 0.7213242522616319,
    0.7236783770115479, 0.7282599733359573, 0.7279023037872452,
    0.7089769216119381
  ],
  "training_time": 633.115148305893,
  "avg_gradient": 0.002916332105513549,
  "memory_usage": 1149.470703125
}
