{
  "train_losses": [
    0.2733870544673308, 0.22812279297605806, 0.19853222920842792,
    0.17744959445427294, 0.164842257357162, 0.15640058141687643,
    0.14881421135657508, 0.14392104092985392, 0.138164473252128,
    0.13378136560482823, 0.12922701158601305, 0.12502339972264093,
    0.12167475028368442, 0.1161252222550304, 0.11598692530685145,
    0.11026568690557843
  ],
  "val_losses": [
    0.26202977481095685, 0.2150448165510012, 0.1955311256258384,
    0.17361099758873816, 0.17892556184011957, 0.1637592338349508,
    0.15617328542082207, 0.14646883422265883, 0.15167277565468912,
    0.14974150045410448, 0.14747588336467743, 0.13884649879258612,
    0.14001996053949647, 0.13872902079120927, 0.1486834844817286,
    0.18023599425087805
  ],
  "train_ious": [
    0.44332661978441534, 0.534573638865697, 0.5891793805673935,
    0.6270405065430248, 0.6497938007224296, 0.6647482832920725,
    0.6793368517056753, 0.6889036237329677, 0.6994515740569085,
    0.7072868023769582, 0.715769136513489, 0.7237266124482603,
    0.7292259809007681, 0.739105335882177, 0.7385490331528842,
    0.7494638585418031
  ],
  "val_ious": [
    0.47147564762744343, 0.5624630073274394, 0.602291679252749,
    0.6354636882526288, 0.6312194542176481, 0.6564036594784779,
    0.6694976888273072, 0.684985938495484, 0.6736301058444423,
    0.6807655521493028, 0.687717455452767, 0.7045976258274437,
    0.6999060174693232, 0.7077400867921722, 0.6863997993261919,
    0.6520421727411988
  ],
  "training_time": 362.0300076007843,
  "avg_gradient": 0.006906049984717625,
  "memory_usage": 1152.220703125
}
