{
  "train_losses": [
    0.273154905470817, 0.22550315353209557, 0.200701505512647,
    0.18681337012220983, 0.17327128375030082, 0.16283679461997488,
    0.15473132406401893, 0.1487262036408419, 0.14349375414135662,
    0.14131649676710367, 0.13826072535922992, 0.13149847875794637,
    0.12696409743765127, 0.12388919970101636, 0.12197079290838345,
    0.11573937697255093, 0.11494045785587767, 0.11174023410548335,
    0.10727809345268685, 0.10738752575834161, 0.10301262488507706,
    0.1042129488904839, 0.09728404830979265, 0.09652790091121974,
    0.09670674209685429, 0.09237666764175115, 0.08881935189761546
  ],
  "val_losses": [
    0.2447111791242724, 0.21405932598787805, 0.1919858896214029,
    0.17662359126236127, 0.1706580581224483, 0.15681778590964235,
    0.16644586622714996, 0.14936719494669334, 0.15273721694298412,
    0.15032182050787884, 0.15005521735419397, 0.14111951835777448,
    0.13527563700209494, 0.13332977680408437, 0.13713969581800958,
    0.13213272052614586, 0.1316387410397115, 0.1349572707777438,
    0.13331798431666, 0.13229833235559257, 0.13980295816841332,
    0.1320938688257466, 0.12660148804602417, 0.13133316649043042,
    0.1336318899108016, 0.12832064537898355, 0.147749497514704
  ],
  "train_ious": [
    0.45084898068529117, 0.5406872295653045, 0.5867040026932954,
    0.611996275143347, 0.6350967051002427, 0.6545111905189525,
    0.6688510580663232, 0.68015146476851, 0.6899814292572547,
    0.6942009326556454, 0.6993654654293818, 0.7113634714505805,
    0.7201912262733434, 0.7257522030908994, 0.7293570447119248,
    0.7405822620443674, 0.7420678091761858, 0.7477908533444437,
    0.7557862079229907, 0.7551910304396914, 0.7632511806660804,
    0.7611937015384866, 0.7741178983579513, 0.7754474172125697,
    0.7752972955181111, 0.783765451361736, 0.790179655279802
  ],
  "val_ious": [
    0.4994700856614806, 0.5671622606291287, 0.6014862015195515,
    0.6313056988992553, 0.6417775866778, 0.6668270197899442, 0.6523669126673022,
    0.6820474698923638, 0.6754281160192214, 0.6778180283912715,
    0.6835877286351246, 0.6973028455091561, 0.7059763477764269,
    0.709701763978903, 0.7028504530156868, 0.7105917675771577,
    0.7135516802469889, 0.7104919334684593, 0.7107056292934695,
    0.7184689358092736, 0.7042256606661755, 0.7172794836586803,
    0.7270850694697835, 0.7234094542437706, 0.7201204185468563,
    0.7297589852326157, 0.7127304405405902
  ],
  "training_time": 609.2474508285522,
  "avg_gradient": 0.0029557695831812815,
  "memory_usage": 1152.220703125
}
