{
  "train_losses": [
    0.2742753492101379, 0.22731228318551314, 0.2029337610077599,
    0.18654413545585197, 0.172200761978393, 0.1630195267903416,
    0.15456571178915707, 0.1496076668896105, 0.14396240886138834,
    0.1403540821098115, 0.1341664418578148, 0.12935704770295517,
    0.12754097852208043, 0.12434585311490556, 0.11992487072458734,
    0.11744286954078985, 0.11515476724699787, 0.10946610901990662,
    0.1076066410978851, 0.10447992846045805, 0.10186148949129425,
    0.09778231305434652, 0.09663152148056289, 0.09647649174313182,
    0.09455746351538794, 0.09238225962642742, 0.08648592460414638,
    0.08381339652544778, 0.08867425103064465, 0.08215085951530415,
    0.08455901354065408
  ],
  "val_losses": [
    0.2720316198209058, 0.23655018663924673, 0.19744944151328958,
    0.19568841483282007, 0.22112766264573389, 0.1599723434318667,
    0.16342751422654028, 0.16232665271862692, 0.15107560902833939,
    0.1449632035649341, 0.14833597984650862, 0.13821438878126766,
    0.14212380074288533, 0.1415593011871628, 0.13951461211494778,
    0.1409710742857145, 0.16853662029556607, 0.14245004158305086,
    0.1347065725080345, 0.14039907636849777, 0.13662645674270132,
    0.1305880083338074, 0.12944761291146278, 0.14181024807950723,
    0.13322503897158997, 0.13024129945298898, 0.1285655286325061,
    0.13553461934561314, 0.1290162145767523, 0.12833021273431572,
    0.14188836790297343
  ],
  "train_ious": [
    0.44139510082027, 0.5359369618143293, 0.5807692754095884,
    0.6119779805126396, 0.6371226884640651, 0.6557886649625027,
    0.66819210814825, 0.6774188780590243, 0.6887118496216725,
    0.6956695298245854, 0.7068553907067884, 0.715512439932512,
    0.7191109613555929, 0.7243707143850087, 0.7320428196394787,
    0.7365891756894795, 0.7412645454531995, 0.7509502402466275,
    0.754412051614212, 0.7598572806387709, 0.7652721981099547,
    0.7725394820605497, 0.7741892513805538, 0.7750447509621367,
    0.77917829517653, 0.7828268825575925, 0.7938840668918428,
    0.7991578010437282, 0.7904702635023039, 0.8025992163929389,
    0.7986309012209157
  ],
  "val_ious": [
    0.45943225963392115, 0.525213523187499, 0.5911897045114766,
    0.6056169832962147, 0.5450578493916469, 0.6610949978880261,
    0.6559955877238426, 0.6630689462889796, 0.675447050428045,
    0.6865279925042304, 0.6871294912652692, 0.7004427404507346,
    0.6956805290951245, 0.6980218094760096, 0.6965559742588929,
    0.701736624258152, 0.6757412919963616, 0.7004901188007299,
    0.7143217551967372, 0.7080760127392369, 0.716317790573922,
    0.7236569353203841, 0.7249856453011002, 0.704719319075778,
    0.719799520312876, 0.7269380282664644, 0.7293045542378352,
    0.7272745096597117, 0.7300203140231147, 0.7342888429976889,
    0.7045155234526898
  ],
  "training_time": 698.9949538707733,
  "avg_gradient": 0.0057743747360792875,
  "memory_usage": 1152.220703125
}
