{
  "train_losses": [
    0.2640719570867393, 0.21906189207473528, 0.19276003191328567,
    0.1764666055045698, 0.1656065307881521, 0.1579484712008549,
    0.15235716659251763, 0.14429945790249368, 0.1409573597104653,
    0.13521524259577627, 0.13304151027746822, 0.1279188626162384,
    0.12524287244709936, 0.11791437390543845, 0.11635072577906691,
    0.11192302547557198, 0.1113516999732541, 0.10701127921271583,
    0.10347159182571847, 0.10176310493894246, 0.10293409337654062,
    0.0955641326373038, 0.09235914849230777, 0.09376341586365648,
    0.08985882823395988, 0.08467346725418516, 0.08306468136446632,
    0.0825299153752301
  ],
  "val_losses": [
    0.2419348683046258, 0.19890392118174097, 0.2273344734440679,
    0.194156711516173, 0.1636652849290682, 0.1693274284834447,
    0.15435521498970364, 0.14640585802819417, 0.1426157296999641,
    0.14786627435165903, 0.13565871670194293, 0.13963308817018633,
    0.1387345416714316, 0.13469762565649074, 0.1427791308125724,
    0.1313364337319913, 0.1374420551178248, 0.1320709453328796,
    0.1347670577790426, 0.1316000756038272, 0.1317327203957931,
    0.13897843934271648, 0.13627075436322586, 0.13330992683768272,
    0.12880176743087562, 0.13300766925448956, 0.12835204973816872,
    0.1356647612284059
  ],
  "train_ious": [
    0.46758750541324645, 0.5519133883973827, 0.59944497394389,
    0.6288447779589806, 0.6484795697573305, 0.6635486375594485,
    0.6728276787460719, 0.6887201632818455, 0.6943952038452249,
    0.7032354811503406, 0.7083865365796328, 0.7180769523956639,
    0.722415096355953, 0.7361348034355085, 0.7386175348706864,
    0.7469371345596032, 0.7473696121487067, 0.755793938224299,
    0.7620035642623033, 0.7648460004424704, 0.7627241853354633,
    0.7762481662566245, 0.7822219946462173, 0.7797212352355322,
    0.7870198047139503, 0.7972899423777192, 0.8005162386790566,
    0.8017424866557122
  ],
  "val_ious": [
    0.5082575705820234, 0.5941077092851418, 0.578611250264921,
    0.601580952604612, 0.6564670079860132, 0.6470579453136612,
    0.6697215381739795, 0.6839918556852618, 0.6956585285024366,
    0.6820308451635251, 0.7046923790720925, 0.7023787917434304,
    0.700302214726158, 0.7090556016866709, 0.7057691987441934,
    0.714517796817033, 0.7093211827070818, 0.7195527484451516,
    0.7174262581528097, 0.7184483849483988, 0.7176458611004594,
    0.7108175171458203, 0.7145131634197373, 0.7170505635980247,
    0.7271838324225467, 0.7304814341275588, 0.73508477880471, 0.7172194658846094
  ],
  "training_time": 632.2051331996918,
  "avg_gradient": 0.0034675189837051587,
  "memory_usage": 1152.220703125
}
