{
  "train_losses": [
    0.27529063796543557, 0.23213387013453504, 0.20490587243567343,
    0.18887348942782567, 0.1739746464173431, 0.16202677794448708,
    0.15668454669092013, 0.14937479834517706, 0.14376166292830653,
    0.1408504002687076, 0.13411921675762403, 0.1323705484037814,
    0.1271818706198879, 0.1230488487964739, 0.1199609090614578,
    0.11771304492393266, 0.11351650240628616, 0.11005494387253471,
    0.11046539008131494, 0.10468717312197322, 0.10233413622431133,
    0.10117684665095547, 0.10154141497838756, 0.09972529627544724,
    0.09440149293969506, 0.0929792203495036, 0.08980061956073927,
    0.0871165973012862, 0.09184114817205978, 0.08515093981733789,
    0.08182530368313841, 0.07988707984433226, 0.09055999812224637,
    0.08529736810242353, 0.07852291971769022, 0.07557817204328983,
    0.07623652955922096, 0.07330951999629969, 0.0825914720316296
  ],
  "val_losses": [
    0.2536110748415408, 0.2220496694030969, 0.2089699247609014,
    0.18291935357062714, 0.17260891199111938, 0.16659826040267944,
    0.16003909739463226, 0.15580444961138393, 0.14864316971405692,
    0.15367450079192285, 0.18652434128782022, 0.14252824028548988,
    0.14274422079324722, 0.14278360828757286, 0.13427285833851152,
    0.1414671047874119, 0.13392636714422185, 0.13358343522185864,
    0.14267588908905568, 0.1285174097055974, 0.1369578880460366,
    0.13050623059920644, 0.1386295390193877, 0.12709509872871896,
    0.1285682710940423, 0.13167620984756429, 0.1349780493132446,
    0.1318512269012306, 0.13015115941348282, 0.13337433062817738,
    0.12865304865914842, 0.1311462038884992, 0.14268561873746954,
    0.126463841970848, 0.12975551171795183, 0.13357560401377472,
    0.1342371318327344, 0.13215076858582703, 0.1420939799560153
  ],
  "train_ious": [
    0.4435637146504462, 0.528559005697784, 0.5782709357099255,
    0.6070108231211055, 0.6331147585010186, 0.6545177141501417,
    0.6648194807163186, 0.678193815106499, 0.689034309238195, 0.693888622349587,
    0.7070288961024388, 0.7097108935316404, 0.7194640861041305,
    0.7262290556361708, 0.7327936536807944, 0.7364366456758288,
    0.7437501513547654, 0.7509665034063483, 0.7500719516065675,
    0.7602781353761321, 0.7645229170287867, 0.7666879226116164,
    0.765764500459899, 0.7691739397528379, 0.7793392306868583,
    0.7816414513989637, 0.7878139565388365, 0.7930420796400391,
    0.7838838628992655, 0.7967683299296145, 0.8035603382665178,
    0.8076090615080748, 0.7866779919443784, 0.7967841153343518,
    0.8101983793835706, 0.816155804348165, 0.8151860088109973,
    0.821152916205102, 0.8036100063742937
  ],
  "val_ious": [
    0.47615134564862727, 0.5330478074973908, 0.5729504221159478,
    0.6173160596602206, 0.6369202661773433, 0.6480844450601634,
    0.6593405317137208, 0.6714028901811959, 0.6822459993587023,
    0.6796976515780324, 0.6418422233799227, 0.6927869982909465,
    0.6965916228035224, 0.6936462776384493, 0.7094691160364428,
    0.7003134281738944, 0.7098274649917216, 0.7107020912395005,
    0.7018999211166218, 0.7227688420941863, 0.7153221962676534,
    0.7225089347448903, 0.7083698863136597, 0.7258420212977174,
    0.7245940877043683, 0.7242340490869854, 0.7263915294754331,
    0.7277460219203561, 0.7217886486779088, 0.727449221023615,
    0.7367893407742182, 0.7351434641126273, 0.7136924696573312,
    0.7347495558037273, 0.7386885764806168, 0.7271488121022349,
    0.7313061816536862, 0.7354706556036852, 0.7140320351590279
  ],
  "training_time": 888.6972286701202,
  "avg_gradient": 0.006773359011309302,
  "memory_usage": 1152.220703125
}
