{
  "train_losses": [
    0.27069123785780824, 0.2268326619397039, 0.20016405140252216,
    0.18394301151451858, 0.1720629391948814, 0.16376952737893746,
    0.15533983286308206, 0.14880587286113398, 0.14598067772939152,
    0.13745494243567405, 0.13434429316902938, 0.130383664296697,
    0.12629948641456987, 0.1242726021648749, 0.11861935755966799,
    0.11443617458090834, 0.11356102375556594, 0.10830262254761613,
    0.10601922829190026, 0.10257427608999221, 0.09895356853856989,
    0.0984192114809285, 0.09482536882000125, 0.0929148747464237,
    0.0918764544893866, 0.08891218102982511, 0.08765411300017782,
    0.08547997154781352, 0.08276414417702219, 0.08005428289913613,
    0.0829298072292105, 0.08298184593086658, 0.07666459902311148,
    0.07619941475517723, 0.07430636238954637, 0.0721968036023495,
    0.07103484421563537, 0.07146358668156293, 0.07701341328008668
  ],
  "val_losses": [
    0.31576835137346515, 0.22933592129012811, 0.18906627563030823,
    0.1759901163370713, 0.16498533652528471, 0.15901635263277136,
    0.15332110112775926, 0.15394743337579395, 0.15325777831932771,
    0.14821423865530803, 0.1394407206579395, 0.14176223783389383,
    0.1438306728782861, 0.1393298310754092, 0.15169151418882867,
    0.14609240837719129, 0.1394517988614414, 0.13394674189064815,
    0.14149573736864587, 0.13458052245171173, 0.14270174924446188,
    0.13453489687779677, 0.13184113120255264, 0.13097112593443497,
    0.1384752664877021, 0.13292309609444244, 0.13071202875479407,
    0.13752261500643648, 0.1319722977021466, 0.13194960614909296,
    0.13665179163217545, 0.12611946382600328, 0.13076895248630774,
    0.14285155742064767, 0.13426286257479503, 0.1342846990927406,
    0.13671787050755127, 0.1365389248923115, 0.13770899808277254
  ],
  "train_ious": [
    0.45447821242977754, 0.5361867496284887, 0.5861270178271378,
    0.6157115299416623, 0.6379360606273012, 0.6522270636498068,
    0.6675299570720266, 0.6799924248370575, 0.6850383366471613,
    0.6999123761079451, 0.7066077168868936, 0.7135814002890516,
    0.7216437804526178, 0.7251759785888853, 0.7353812690986238,
    0.743357886114846, 0.7441333767188629, 0.7539612184400137,
    0.7580938391603422, 0.7641123000910318, 0.7705057693132455,
    0.7718994671991769, 0.7785773683285365, 0.7824033300621787,
    0.7843024119518804, 0.7893119246523446, 0.7921550351640453,
    0.7960983504527721, 0.8019079148661403, 0.8070766328685525,
    0.80169599265724, 0.8015652100245159, 0.813856609489607, 0.8147365039457448,
    0.8190979193086207, 0.8233511767525603, 0.8257916972473047,
    0.8248003112233199, 0.8138457153370416
  ],
  "val_ious": [
    0.4514404476984687, 0.5498104676388312, 0.6092271223880242,
    0.6281103189440741, 0.6552901339271794, 0.6686043635658598,
    0.6697213286938873, 0.6719529443029045, 0.6727168780306111,
    0.6821097649525907, 0.6976179117741791, 0.6958794183489204,
    0.6935266031735183, 0.6997045127377993, 0.6857903111672057,
    0.6925733568875687, 0.70710414842419, 0.706531605642775, 0.7001608439545701,
    0.7109677294890085, 0.7059101462364197, 0.7193119027044463,
    0.7195866500985796, 0.7268359695655711, 0.7178572507008262,
    0.7249230394760767, 0.7281884553207866, 0.7217901035927344,
    0.7329479736694391, 0.7312664426323296, 0.7227320915115053,
    0.7345806450947473, 0.7385673365299253, 0.727616658245308,
    0.7293688229460649, 0.735304422136666, 0.7343083678380306,
    0.7301929517500644, 0.7216516372518264
  ],
  "training_time": 878.3553056716919,
  "avg_gradient": 0.003650425908111958,
  "memory_usage": 1152.220703125
}
