{
  "train_losses": [
    0.268832265763827, 0.22028083151773267, 0.20032624876045663,
    0.18293568653904874, 0.17482161481419337, 0.16291223110064215,
    0.15723857145918452, 0.15146285109221935, 0.14548826796691056,
    0.14161162167463615, 0.13564109737458435, 0.13147327048785012,
    0.12814876542467138, 0.1247661319034903, 0.1216225923727388,
    0.11612956501219583, 0.11451289017239343, 0.1079453429531144,
    0.1067106610407, 0.10382405008472827, 0.10050379395808863,
    0.0987866245534109, 0.09485538016356852, 0.09258827712872754,
    0.08873367949348429, 0.08832779263510653, 0.08977278346276801,
    0.0830809605996246, 0.08217432050277358, 0.0794397359713912,
    0.08012250414037186, 0.08159310625785071, 0.07641069356190122,
    0.0741092937634043, 0.07359729176792114, 0.0742215217779512,
    0.07266613045383406, 0.06919274132941729
  ],
  "val_losses": [
    0.2516424516620843, 0.244317933269169, 0.1941263435975365,
    0.18380682073209598, 0.17039798232524292, 0.17236663887034293,
    0.19214449498964392, 0.15495550146569376, 0.15979825543320697,
    0.15031370212850365, 0.14663475476529286, 0.15018062682255454,
    0.14995380669184352, 0.14931645519707515, 0.14412299948542015,
    0.15120490105903667, 0.14008991323087527, 0.14758289896923563,
    0.14425443355803905, 0.1382090949817844, 0.1415549843855526,
    0.13677657282222871, 0.14224614688883658, 0.1374124431091806,
    0.13809247622671333, 0.14317574011890785, 0.13884308302532072,
    0.1374207939142766, 0.13860109675189722, 0.14727256366092226,
    0.14819942333776018, 0.1441180791867816, 0.14683353917106337,
    0.14828686740087427, 0.1380500740007214, 0.14701069713286732,
    0.14601749424701152, 0.14841328366943027
  ],
  "train_ious": [
    0.45358535959182866, 0.5505509992548522, 0.5860864977635771,
    0.6169601151908654, 0.6330375079119551, 0.6528130561869214,
    0.6634716478486857, 0.6751887644978537, 0.6854334212299712,
    0.6929106855953946, 0.7044428348865195, 0.7110370428881783,
    0.7175110757242938, 0.7223871590542619, 0.7287657689033212,
    0.7388189871781978, 0.7418270076530568, 0.7535239767445172,
    0.7560415930938028, 0.761386830575656, 0.7679075604655601,
    0.7709129966687461, 0.7776353435347909, 0.782699326782123,
    0.7897687362156055, 0.7904992524156537, 0.7880088472063995,
    0.8008264721087793, 0.8027781442455622, 0.8082459152176761,
    0.8066973255380339, 0.8031737462118054, 0.8142453288470489,
    0.8187917323000187, 0.8197588556702585, 0.8186132204921343,
    0.8219778079917465, 0.8293619994883951
  ],
  "val_ious": [
    0.5123762130953264, 0.5121821409118349, 0.6020092702862145,
    0.616289970451507, 0.6419067529664525, 0.6379141639108243,
    0.6235386087842612, 0.6700546246939811, 0.6640553381563961,
    0.6813680525275246, 0.6836442074913908, 0.6822675205227258,
    0.6825147456880928, 0.6853387424911278, 0.6929277693447858,
    0.6864373662333557, 0.7023482825877011, 0.69506036479404,
    0.7005842457646909, 0.7081236763708835, 0.7125299555667935,
    0.7153547408356183, 0.712396330591561, 0.7163621614808623,
    0.7200627748085103, 0.710531572068947, 0.7184076933325201,
    0.7221482400444971, 0.7209553474533387, 0.7083819953427799,
    0.7143309146597766, 0.7163792608872706, 0.7193060696556949,
    0.7201913597359174, 0.7248047011485999, 0.7208987439888113,
    0.7244972752920095, 0.7169495106175326
  ],
  "training_time": 856.7216544151306,
  "avg_gradient": 0.0024264866222416174,
  "memory_usage": 1152.220703125
}
