{
  "train_losses": [
    0.2693104212698729, 0.22062669006054816, 0.2015422599633103,
    0.18677477044579777, 0.17604523338377476, 0.16614381167227807,
    0.15922331907179044, 0.1512984140654621, 0.14691083894475646,
    0.14234737306833267, 0.1371945590995576, 0.1327886079316554,
    0.13084293565834346, 0.12629486085928004, 0.12350030000443044,
    0.12101049806274798, 0.11639733442469784, 0.11345623271620792,
    0.11038808751365413, 0.10591464028086352, 0.1076717566617805,
    0.10320438464860553, 0.09860603835271753, 0.09796915385548187,
    0.09521006489091594, 0.09664059005191793, 0.09279456933069488,
    0.08770041507871254, 0.08461390326366476, 0.08721790823113659,
    0.08892384390144245, 0.08506280175693658, 0.08486072249386621
  ],
  "val_losses": [
    0.23587981708671735, 0.223669092292371, 0.1906585816455924,
    0.17926281399053076, 0.18323520830144052, 0.1639189930713695,
    0.16436032691727515, 0.15218524796807248, 0.1558565544369428,
    0.15549802148471709, 0.1458975181955358, 0.1421938047784826,
    0.14478464894320653, 0.14493236188655315, 0.1401541425806025,
    0.13985928698726321, 0.13246444969073587, 0.12926101020496825,
    0.13088115871600484, 0.12722091409175293, 0.13816099257572836,
    0.12652169038420139, 0.13474095402204472, 0.12956927328006082,
    0.134166710888562, 0.13701266358080116, 0.1305468808049741,
    0.12535204657393953, 0.12831062564383383, 0.12812778515660245,
    0.12731570361748987, 0.12908145072667496, 0.1368844594968402
  ],
  "train_ious": [
    0.4509836537763477, 0.5489058169279839, 0.5844275685216204,
    0.6110583870415234, 0.6307236123560133, 0.6501608126513337,
    0.6627204023517561, 0.6762320819864243, 0.6825053641113683,
    0.6917627170897913, 0.7021666676669879, 0.7094041767219702,
    0.7129520847313645, 0.7220096785197222, 0.7259133844163973,
    0.7300773562620515, 0.738701139131318, 0.743956604675538,
    0.7492630698218723, 0.7581229538697266, 0.7547775607934034,
    0.7626282335731426, 0.7707137288930623, 0.7718877528348699,
    0.7776809616041357, 0.7745050847854308, 0.7817383480892672,
    0.7916439865594325, 0.7974338345769519, 0.7932762721202511,
    0.7894203690407068, 0.7964638110952104, 0.7974009904740511
  ],
  "val_ious": [
    0.5282889634802721, 0.558463342703771, 0.6079100076703058,
    0.6298984293488489, 0.6094626117011774, 0.6506368932516678,
    0.6501793738292608, 0.6764256081719331, 0.66857410211494,
    0.6699724881977275, 0.6929025807674382, 0.6937903403372004,
    0.6897262984859771, 0.699058649332627, 0.7025529331919075,
    0.7029839255239653, 0.7129375824461812, 0.720048672479132,
    0.7146496368923048, 0.7232671062583507, 0.7098750223716099,
    0.7278689178435699, 0.717789444154587, 0.7276415738506594,
    0.7196950301312017, 0.7189265055500943, 0.7282529194717824,
    0.734102475470391, 0.7349013709935588, 0.7327165988044463,
    0.7328675315863845, 0.7321909147760141, 0.7171930668578632
  ],
  "training_time": 742.4671807289124,
  "avg_gradient": 0.0031483403764951713,
  "memory_usage": 1152.220703125
}
