{
  "train_losses": [
    0.2797544970298591, 0.2281233048795358, 0.20858737348538378,
    0.19020530184649903, 0.17924319312948248, 0.16816264933542066,
    0.160027081673236, 0.15410622355082762, 0.14866419756056173,
    0.14489073427798954, 0.1378184148798818, 0.13484620489180088,
    0.12958941722045775, 0.12623611116862815, 0.12144270636465239,
    0.11966634881885155, 0.11708569631952306, 0.11305143615311902,
    0.11020541077722674, 0.10832276219583076, 0.10313717591697755,
    0.10059995949268341, 0.09576697169762591, 0.09289838904109986,
    0.0957937185936, 0.09091899325342281, 0.09201551500059989,
    0.09114838266016348, 0.08899415146721446, 0.08159735891968012,
    0.07971710237957862, 0.07752016065237315, 0.07700893177610377,
    0.07620005763095358, 0.08756538338797248, 0.07615527636169092,
    0.07243663718438019, 0.07149652312712176, 0.07012525652332799
  ],
  "val_losses": [
    0.257206034725127, 0.2183752882739772, 0.2032024643343428,
    0.1858030687207761, 0.17221982226423596, 0.16494327362464822,
    0.16297793194003726, 0.1600050171432288, 0.15816140855136124,
    0.1544686761563239, 0.14973566697343535, 0.14999928843715918,
    0.14058592024704683, 0.13877426055462463, 0.14386322106356206,
    0.13652552988218225, 0.14046593625908313, 0.13676550482278285,
    0.13940338596053745, 0.1379323451091414, 0.13295351211791454,
    0.13551975268384683, 0.1330145785342092, 0.1322226213372272,
    0.13220976260693176, 0.14218880754450094, 0.13820631526734517,
    0.13392705697080362, 0.13180262482036714, 0.13428810417004253,
    0.1386485090074332, 0.13744239379530368, 0.1393012801266235,
    0.1387915768377159, 0.13932488243217053, 0.13315062208668046,
    0.1348601249249085, 0.14211922349489253, 0.1417004717108996
  ],
  "train_ious": [
    0.4320214609682991, 0.5349293983932855, 0.569973826462376,
    0.6018362156506898, 0.6244965745811016, 0.6446473645991172,
    0.6594203351524426, 0.6704650614680586, 0.6810087005513306,
    0.6881182732033558, 0.6994998210474199, 0.7052057166786299,
    0.7139843556544052, 0.7214990732786447, 0.7293315324662386,
    0.7326344849298831, 0.737329806106678, 0.7446662751228913,
    0.7494744852293228, 0.7538600763764937, 0.7622705720149091,
    0.7673454230138357, 0.7763651903124825, 0.7816463930235394,
    0.7771933434558091, 0.7855078526705069, 0.7839550990881264,
    0.7848586306731768, 0.7893430853559488, 0.803859539869903,
    0.8079029907998828, 0.8121797439196838, 0.8132757306962775,
    0.8150319743199621, 0.7922287835483097, 0.8149133865600053,
    0.8226728314074915, 0.8247576891512118, 0.8277745785704561
  ],
  "val_ious": [
    0.4888008408572362, 0.5535299636531569, 0.5844965083659559,
    0.6157860956762149, 0.6372134184491807, 0.65000676288121,
    0.6578737963800846, 0.6649281741052433, 0.6647954511901607,
    0.6733593642711639, 0.6787345398595367, 0.6808156608671382,
    0.6942501603693201, 0.7008097387742306, 0.6902335003234339,
    0.7022161881128947, 0.7041643948658655, 0.7100307103516397,
    0.7069211651881536, 0.7127839136814723, 0.7206943732672844,
    0.714777001220247, 0.7212658641131028, 0.7232750826987668,
    0.7217157839433009, 0.7141313038874364, 0.7088468748590221,
    0.7221028739991395, 0.7291603610999341, 0.7300533229026239,
    0.7239341748797377, 0.7258643136508224, 0.7247544416914815,
    0.725418702415798, 0.7241437923217167, 0.7284646127103033,
    0.7338312060936637, 0.7279979983965553, 0.7251844445000523
  ],
  "training_time": 889.1981921195984,
  "avg_gradient": 0.0021284511478496223,
  "memory_usage": 1152.220703125
}
