{
  "train_losses": [
    0.2685891492697208, 0.22264080186900886, 0.19742844836867374,
    0.18144404426541016, 0.167263382397916, 0.15913656779119503,
    0.15026353279371624, 0.14447238332713427, 0.1401213912860207,
    0.1326545640502287, 0.130968248795556, 0.12627100567940786,
    0.1205240517206814, 0.11795408230112947, 0.11419931535973497,
    0.11059747486496749, 0.11502520189337108, 0.10667239417038533,
    0.10229187669313472, 0.10130421639136646, 0.09665135026949903,
    0.09584867099866919, 0.09225883282235135, 0.09075315588194391,
    0.09677725953414389, 0.0862458041747627, 0.0830497832806862,
    0.08547431080723586, 0.08331850187286087, 0.08524870949432901,
    0.07979960095785234, 0.07605340635484975, 0.07348247220658738,
    0.0753980027106793
  ],
  "val_losses": [
    0.28630851144376007, 0.20813683128875235, 0.20784395382456158,
    0.17687378920938657, 0.1642574275965276, 0.17082324850818384,
    0.17278684837662656, 0.1563764621058236, 0.15627237247384113,
    0.15817185604701872, 0.14678699879542642, 0.14074088341515997,
    0.1411264222925124, 0.13739174669203552, 0.13564277488900267,
    0.1389996179420015, 0.1398828760113405, 0.1438830698961797,
    0.13280046310113824, 0.13939276483395827, 0.13869362664611443,
    0.1329656244943971, 0.1343651426875073, 0.13465431105831396,
    0.13024089663572933, 0.12694450030508247, 0.13436122206242188,
    0.14565560626594917, 0.13125660173271014, 0.13993326040065807,
    0.13292485524130904, 0.13441987173712772, 0.1399323598522207,
    0.1446576777683652
  ],
  "train_ious": [
    0.4510267443779479, 0.5438634822064117, 0.5912340088221041,
    0.6209848287744798, 0.6466230657761513, 0.6610516000916994,
    0.6765166120468705, 0.688586885298508, 0.6949103472457416,
    0.7098805160410161, 0.7127535738914774, 0.720995877100074,
    0.7315638104210731, 0.7361013006580908, 0.7429752638158591,
    0.7501635265847052, 0.7411294854853463, 0.7569845706980299,
    0.7647716988795908, 0.766391515893781, 0.7754041502873102,
    0.7769246493884615, 0.7834854280387151, 0.7863604662319024,
    0.7755936515396058, 0.7949194669507547, 0.8009760851121469,
    0.796836372626865, 0.8000049586745277, 0.7967168101366018,
    0.8075112797643825, 0.8149043853948083, 0.8205603532817061,
    0.8167857924017355
  ],
  "val_ious": [
    0.47968190244358494, 0.5724639693895975, 0.5884420828542847,
    0.6319819863723672, 0.6501947727756222, 0.6506021197723306,
    0.6525452322718027, 0.672583874369013, 0.6739285750233609,
    0.673533464687458, 0.6878329815639966, 0.6978874292926511,
    0.6958095277997032, 0.7046870014805724, 0.7098488226748895,
    0.7023325784914738, 0.7048540588306345, 0.6986390948295592,
    0.7195358684529429, 0.7068380322577296, 0.7093490869670672,
    0.7205608608066172, 0.7216405857732329, 0.7219786561917567,
    0.7267153314922167, 0.732097762434379, 0.7248918614957646,
    0.7053577230460403, 0.7317861217087593, 0.7128208009661108,
    0.7249634602795478, 0.7271424581607182, 0.7258727792380512,
    0.7118737578823948
  ],
  "training_time": 765.9464819431305,
  "avg_gradient": 0.006041141873414647,
  "memory_usage": 1152.220703125
}
