{
  "train_losses": [
    0.27811008942839893, 0.23441756014590678, 0.2113178754630296,
    0.19626175709392712, 0.18327160479257937, 0.17326348469309186,
    0.16303715360877308, 0.15909652007014854, 0.15056334520973588,
    0.146193104148235, 0.13916826588304146, 0.1360332871503804,
    0.12932765836139087, 0.12643841435403927, 0.12197207724270613,
    0.12056450306883325, 0.11546237207949162, 0.11324412225867095,
    0.10924484758921292, 0.10714634115119344, 0.10229367094681314,
    0.10031143170983894, 0.0961018719750902, 0.09413112376047217,
    0.09627934654607721, 0.09481313079595566
  ],
  "val_losses": [
    0.24589180266079697, 0.23291737035564755, 0.20654583366020865,
    0.22290099444596664, 0.20366135725508566, 0.16929558956104776,
    0.17445670100657837, 0.15379239132870798, 0.15985727245393005,
    0.15516634836145068, 0.14509795460364092, 0.14901761370508568,
    0.14815064924566643, 0.13549061864614487, 0.14062003451197044,
    0.1372560662743838, 0.13419773429632187, 0.1378817639273146,
    0.15165349792527116, 0.13616578361910323, 0.14299975335597992,
    0.13248394947984946, 0.1321400514115458, 0.13577866554260254,
    0.13703564991769585, 0.1550014440132224
  ],
  "train_ious": [
    0.43308677105907956, 0.5215231727646744, 0.5643189268159695,
    0.5919100355518901, 0.6170695116878416, 0.6348394631151706,
    0.6544526127045568, 0.6616078934807706, 0.6756521606466911,
    0.6847994281653907, 0.6973443774749406, 0.7029227321778516,
    0.7154564612369608, 0.7202347720014876, 0.7290258418930612,
    0.7326223226669043, 0.7406471275009103, 0.7442893046291836,
    0.7522679812990234, 0.754848131990951, 0.7645073477448764,
    0.7685171814392441, 0.7757768987313556, 0.7798439027822539,
    0.7755181400132354, 0.7788527511816087
  ],
  "val_ious": [
    0.5027843916761703, 0.5234558987228768, 0.5769151979382486,
    0.5690516729069791, 0.5987099981394366, 0.6411453774873761,
    0.6403490719587908, 0.6652675905953283, 0.6702284925225852,
    0.6716439881618473, 0.6835010528996368, 0.6835430137057237,
    0.6844606991263403, 0.7066197194482969, 0.6952304397372232,
    0.7065667425808699, 0.7120091794193656, 0.7038862351058187,
    0.6865635188161464, 0.7063279424024664, 0.7001124983248507,
    0.7218599062466968, 0.7186185773732007, 0.7153748943321948,
    0.7189219751651735, 0.6965966693301131
  ],
  "training_time": 586.1922500133514,
  "avg_gradient": 0.00344587505779558,
  "memory_usage": 1152.220703125
}
