{
  "train_losses": [
    0.26917742225139035, 0.2200318813809882, 0.19751423224806786,
    0.18268631536351598, 0.1697630563183971, 0.15889935904061017,
    0.15604338232103898, 0.14805786514087863, 0.1416795714960798,
    0.13861454715547356, 0.13246274958162205, 0.12901679717976114,
    0.12670189571445403, 0.12100433865967004, 0.1177301088186062,
    0.11356408622763726, 0.11234548116993645, 0.10711677817870742,
    0.10568737433008525, 0.10210582840701808, 0.10230652615427971,
    0.09625590888216444, 0.09351769757821508, 0.09053482682160709,
    0.09400102346325698
  ],
  "val_losses": [
    0.2528289656924165, 0.20640222663464752, 0.19073675993991934,
    0.1849218571315641, 0.1760920623074407, 0.1792653867084047,
    0.158168268268523, 0.1633997345748155, 0.15669621964511665,
    0.1528745534951272, 0.14584187175268712, 0.14053169783690703,
    0.14049413929814877, 0.15115132053261218, 0.13066578429678213,
    0.1397022042909394, 0.13400087667548138, 0.13412703071599422,
    0.13519238972145578, 0.13043975506139838, 0.1274559557761835,
    0.13832374176253442, 0.13018326947222586, 0.1340945233469424,
    0.1400075154783933
  ],
  "train_ious": [
    0.4517382679868191, 0.5500021368211163, 0.590987540025642,
    0.6179447608149568, 0.6430490385687004, 0.6618308251102765,
    0.6664769898398198, 0.6810135079574755, 0.6927064291700936,
    0.6991010570655698, 0.709577075219241, 0.7156637804987634,
    0.7201425344075846, 0.7311849139522819, 0.7365484448770683,
    0.7435642721104448, 0.7459754657702165, 0.7557977660950542,
    0.7580922583954918, 0.7651492009020366, 0.7642765202276088,
    0.7754096392056218, 0.7807775207295798, 0.786497071709322,
    0.7800964006911155
  ],
  "val_ious": [
    0.49673939377501397, 0.5735905026828033, 0.6064056989507397,
    0.6146059958399208, 0.6361178200745928, 0.6327850002309549,
    0.6626959067323933, 0.654972088077794, 0.6724479941354281,
    0.6659773905640063, 0.684218239741049, 0.6971485459286234,
    0.6976407019124514, 0.6835221769153209, 0.716070330661276,
    0.7023720039405683, 0.7090931815513667, 0.7115287703016532,
    0.7076368124588676, 0.7223970969949945, 0.7245703413002734,
    0.7101338179647059, 0.7238773926012759, 0.7225352296794669,
    0.7127500556517339
  ],
  "training_time": 565.1160743236542,
  "avg_gradient": 0.003782934115207965,
  "memory_usage": 1152.220703125
}
