{
  "train_losses": [
    0.2700626271088486, 0.23217573494690916, 0.2045326104954533,
    0.18808691851470782, 0.1741462031622296, 0.16486520526687737,
    0.15709376869642216, 0.1514402668842155, 0.14624466617470203,
    0.13992283331311267, 0.13796833145391682, 0.13216060177301583,
    0.12929035079382037, 0.12348905128791281, 0.12209221623514009,
    0.11876733702324006, 0.1148475844251073, 0.11099934529351152,
    0.10893672247133825, 0.1078525191253942, 0.10465286676164555,
    0.09924837039864581, 0.09991838916650285, 0.09601713287765565,
    0.09286481490277726, 0.09332075103631486, 0.08725055533906688,
    0.08724157317824986, 0.08905876695137957, 0.08437318172629761,
    0.0815959487758253, 0.0821958449061798, 0.08111991749509521,
    0.0768746474109914, 0.07463677425909301, 0.08549479302018881
  ],
  "val_losses": [
    0.25202884330697684, 0.2219945441769517, 0.20707532893056455,
    0.1974334004132644, 0.1720346403510674, 0.17584499490001929,
    0.15244601051444592, 0.15412267783413763, 0.1721037736405497,
    0.1442341488664565, 0.15096276836550754, 0.14636418223381042,
    0.14467466476818788, 0.13619545523239218, 0.14322118153390678,
    0.13632628094890845, 0.13498045423108598, 0.1436290591955185,
    0.13383834177385207, 0.13558349353463753, 0.13449911368281944,
    0.13663911706079607, 0.13523736903848854, 0.13652109144174535,
    0.13240366072758383, 0.1311800214259521, 0.12921892608637395,
    0.12966034674774046, 0.1378927167666995, 0.13456588691991309,
    0.13277341198662054, 0.13631840374158777, 0.13012480395643608,
    0.13248800000418787, 0.1351620673161486, 0.1368328556418419
  ],
  "train_ious": [
    0.4547298852948178, 0.5275583161931972, 0.5781377665968478,
    0.607255525023177, 0.633624395328587, 0.6504064107286758, 0.66438439294048,
    0.675154103641061, 0.6851328364101009, 0.6952156754939454,
    0.6998317216833433, 0.7101035675816773, 0.7163106916283354,
    0.7262974073165568, 0.7295227929193904, 0.7349057278015476,
    0.7418592737420743, 0.7490153019518949, 0.7526239443408405,
    0.7542514396102529, 0.7603383611725729, 0.7704938582644083,
    0.7693217019887939, 0.775882678025442, 0.7824546962004636,
    0.7813603702554666, 0.793106706731993, 0.7934959468202318,
    0.7896258637201098, 0.7987651746126191, 0.8041690451403454,
    0.8031630194273549, 0.8047107489428654, 0.8134818756278005,
    0.8182903530373088, 0.7977808677739857
  ],
  "val_ious": [
    0.49169275229391846, 0.5368237752413403, 0.5766390600930088,
    0.5878857650618623, 0.6385703721772069, 0.6258613346279531,
    0.673316238798957, 0.6711088114458582, 0.6577109642650768,
    0.6898952536824821, 0.6827085948940637, 0.6869745304187138,
    0.6904462258452956, 0.7045346301966818, 0.6944732184427371,
    0.7047547695861347, 0.7103570559318516, 0.6938200033661248,
    0.7123768247555994, 0.7131204294121786, 0.7163349988235943,
    0.7137376409077989, 0.7113414922918097, 0.7180149820835694,
    0.7193138204191044, 0.7260415957889697, 0.7307194270517513,
    0.7328868067782858, 0.7249291113753249, 0.7286076286564702,
    0.7310108220663623, 0.7243399188138436, 0.7319445348736168,
    0.7345355546128921, 0.7310741938974546, 0.7210320145755575
  ],
  "training_time": 809.8065259456635,
  "avg_gradient": 0.0030622111429060616,
  "memory_usage": 1152.220703125
}
