{
  "train_losses": [
    0.2838135662124209, 0.23595018717257873, 0.21459843720430913,
    0.20072950617126797, 0.1849693548258232, 0.17638314434367677,
    0.1658141242907099, 0.15657953521155793, 0.1498997918046687,
    0.14667869626503924, 0.14081559747295536, 0.13441549472348846,
    0.13049040512060342, 0.12593013817525428, 0.12241856219327968,
    0.12247438170015812, 0.11703962545194056, 0.11213313180791296,
    0.11009940322812485, 0.106669121907781, 0.10165692003362853,
    0.10210837269930736, 0.09932190410630859, 0.09466215498421503,
    0.09298413319756156, 0.09091265702053257, 0.09389894565000483,
    0.09125794454113297, 0.09149538158722546, 0.08805763559496921,
    0.08234892242952534, 0.08442943032992922, 0.08001867378049571,
    0.07886650733163823, 0.07946194347965976, 0.07618232690931662,
    0.07697877146141685, 0.07845857719202405
  ],
  "val_losses": [
    0.2557403409610624, 0.22327092451893765, 0.21631315836439963,
    0.202002278164677, 0.18743167914774106, 0.17454875228197678,
    0.1617125162611837, 0.15904701889857, 0.16234979486983755,
    0.1499906452777593, 0.1481042403889739, 0.14281681779286134,
    0.1499872489467911, 0.14314111808071966, 0.14795011379148648,
    0.13642868691164514, 0.13343681281675462, 0.13522980702312096,
    0.13376829011932664, 0.14073613026867743, 0.1298406750935575,
    0.1375893825746101, 0.13338157842340675, 0.12952696272860403,
    0.1306192116892856, 0.13359103011696236, 0.13713279107342596,
    0.13095961494938188, 0.1339437226238458, 0.126815437298754,
    0.13318207082541092, 0.12923615523006604, 0.13177143199288327,
    0.13648124249733012, 0.13494736571674762, 0.1290458005083644,
    0.13387829761790193, 0.15612028425802355
  ],
  "train_ious": [
    0.42380126056841744, 0.5225298409552677, 0.5618239404174731,
    0.5864537549407587, 0.6122547516032405, 0.6301565116298373,
    0.6487707841223564, 0.6658528308397619, 0.6768250712126062,
    0.6838984112052814, 0.6943302473620231, 0.7058564159425272,
    0.711898389609827, 0.7213574570158252, 0.7269225538424824,
    0.7276023937848172, 0.7370801596645858, 0.746792633842299,
    0.7500443416985053, 0.756811102123364, 0.7657761667193713,
    0.764931598543257, 0.7696567416407056, 0.7784474994177399,
    0.7816369244153948, 0.785359886245451, 0.780670862428952,
    0.7850441304777844, 0.7842075935416462, 0.7910560578971667,
    0.8021733359150263, 0.7980096910850726, 0.8071529900898101,
    0.809372915305953, 0.8081362030428386, 0.814942698331847,
    0.8129173102586169, 0.8104436321966889
  ],
  "val_ious": [
    0.4836209501693214, 0.542067257390506, 0.5693682766910912,
    0.5814249725013539, 0.6135002292584683, 0.6339897848125817,
    0.6552039920419886, 0.6614421042411223, 0.6567074198653732,
    0.6757955363263256, 0.6775073285983958, 0.6911189949166948,
    0.6859362289525458, 0.6921062914357671, 0.6855657400860303,
    0.7033782074416892, 0.7102292454329089, 0.7107144250817923,
    0.7076460304467574, 0.7048559080863344, 0.7203079984671826,
    0.7069882601499557, 0.7211006562346998, 0.7205614892468936,
    0.7228883351536765, 0.7238098784633307, 0.7137623245733372,
    0.7225201646055003, 0.7193029872749163, 0.7332716905984328,
    0.7271261234646258, 0.7274952764096466, 0.732974253486896,
    0.724738876024882, 0.7289165649293127, 0.7341495102298433,
    0.7276910143917885, 0.6992432745038599
  ],
  "training_time": 856.8829419612885,
  "avg_gradient": 0.003478629633062617,
  "memory_usage": 1149.470703125
}
