{
  "train_losses": [
    0.2698957433357187, 0.22307956801808398, 0.19977324002462885,
    0.1858242148452479, 0.1747161318426547, 0.16570907240004643,
    0.16119007122419451, 0.15247633624012055, 0.14702215341284222,
    0.14029352731354858, 0.13960654304727263, 0.13416899129262436,
    0.12963543338296207, 0.1275623691389742, 0.12363124914143396,
    0.12159915989183862, 0.11617624233274357, 0.11520756647476683,
    0.11269691631035961, 0.10597172460478285, 0.10359466788561447,
    0.10030931825547115, 0.10171109753782334, 0.09662443816499866,
    0.10197976369248785, 0.09483992425805848, 0.08946675236296395,
    0.08655478489463744, 0.0901296879367336, 0.08865515320845273,
    0.08319860299968201, 0.0817818408831954
  ],
  "val_losses": [
    0.23210745661155038, 0.20927438431459924, 0.2331895808810773,
    0.17442485592935397, 0.1648094407890154, 0.18097254666297333,
    0.16477088030913603, 0.15031569337715273, 0.1425383805256823,
    0.14861513188351755, 0.14331357505010522, 0.15081866830587387,
    0.14728678892488065, 0.1408632195190243, 0.14347841282901558,
    0.141491135177405, 0.13569369167089462, 0.1294233463704586,
    0.13494591771260553, 0.14207008821160896, 0.13031117618083954,
    0.12937615844218628, 0.14498279956371887, 0.13281267816605774,
    0.13496060280696207, 0.12230299008281334, 0.1254989859526572,
    0.13124282107405041, 0.135386538732311, 0.12997027178821358,
    0.12803488807833713, 0.13723560600824977
  ],
  "train_ious": [
    0.45260734661765706, 0.5453918919345174, 0.5867449186634328,
    0.6110330736399562, 0.6304903130816379, 0.6473418442343459,
    0.6570206174383991, 0.6732079102725222, 0.6832953266043595,
    0.6949432554344336, 0.6969228379860304, 0.7069760451930156,
    0.7146683665181415, 0.7184146755523441, 0.7259009924811728,
    0.7293171971172525, 0.7392267427690647, 0.7405960091214253,
    0.7451335630123165, 0.7575881908769191, 0.7620212722407733,
    0.7681080498665142, 0.7653280682321911, 0.7753352072575816,
    0.7651939366714676, 0.7780138983566687, 0.7884373486150003,
    0.7940558873224945, 0.7873915358298068, 0.7896020931826121,
    0.8006573527835414, 0.8036151175265722
  ],
  "val_ious": [
    0.5311639735448187, 0.5470979047426279, 0.5286976643230604,
    0.6295313152714054, 0.6530155716598899, 0.6265542075253918,
    0.661644174568895, 0.6804942259753959, 0.6918230207933896,
    0.6779052936944411, 0.6896987183802371, 0.6800428456154424,
    0.6918139373478681, 0.6984379915655523, 0.6983247805332793,
    0.6954791787741841, 0.7097450984992841, 0.7190849832866503,
    0.7126157678987669, 0.7049950428199078, 0.7234248184207557,
    0.7259991721830508, 0.7083531160285506, 0.7209054190611492,
    0.7200955411662227, 0.7380993443986644, 0.7364076384599657,
    0.7255493110936619, 0.7217706055312917, 0.7281912783349769,
    0.7388617044341735, 0.7255171409983565
  ],
  "training_time": 720.5686829090118,
  "avg_gradient": 0.0042342144844853165,
  "memory_usage": 1152.220703125
}
