{
  "train_losses": [
    0.2722192029266254, 0.22512728178306765, 0.20287036490829094,
    0.18813542276620865, 0.17945662270421567, 0.1666867389627125,
    0.16135474391605542, 0.15457182984961115, 0.14495489762529082,
    0.14308339337129955, 0.13879888909666435, 0.13391968073404353,
    0.13094887736698854, 0.12683027346982903, 0.12277811291911032,
    0.11724111097662346, 0.11488608477394217, 0.11164210615274699,
    0.10939346067607403, 0.10558853326770275, 0.10178409391285284,
    0.10325785195859878, 0.10021852600671675, 0.09797250297244477,
    0.09230628285719, 0.09087638808009417, 0.09095629499010417,
    0.08796054797004098, 0.09997242381391318
  ],
  "val_losses": [
    0.23966123584819876, 0.2166441053799961, 0.19972886695809985,
    0.19540995877722037, 0.19722044208775397, 0.16131507767283398,
    0.19540769218102746, 0.1649177275274111, 0.15125671126272366,
    0.15133105720514836, 0.15913143786399261, 0.14709635759177414,
    0.15516574178700862, 0.1452011887146079, 0.1506449270831502,
    0.13420086273032686, 0.1493332711574824, 0.138573813535597,
    0.13211471603616423, 0.1410678223423336, 0.13198850174313007,
    0.1392807740232219, 0.13346973628453587, 0.13194049376508463,
    0.12786285627795302, 0.13456577775271042, 0.1353758257692275,
    0.14519930954860605, 0.13749008674336516
  ],
  "train_ious": [
    0.44989560047785454, 0.5425360045409291, 0.5812893023957375,
    0.607868201598741, 0.6240154818996138, 0.6463603248846702,
    0.6573029010408166, 0.670230514437392, 0.6875439443342062,
    0.6913722526228083, 0.6981936586831791, 0.7071590468935345,
    0.7128029437600703, 0.720210646427628, 0.7279382285972437,
    0.7380409158118392, 0.7420948060310404, 0.747714362120715,
    0.7517929218061594, 0.7581308363140494, 0.765594403110985,
    0.7628126227553342, 0.7688578318102629, 0.7727892419350322,
    0.783433705730283, 0.7858837952540406, 0.7858558771726878,
    0.7914928818202532, 0.7694926456804722
  ],
  "val_ious": [
    0.5048015125203824, 0.5572127885576608, 0.5863448932119038,
    0.5959032758854437, 0.5886536143396213, 0.6545797173959622,
    0.6198125516158948, 0.650480539686438, 0.6747636047826299,
    0.6734361516824666, 0.675125470843868, 0.6861466180155241,
    0.6684722384248954, 0.6877078869636507, 0.6837151627177779,
    0.7084038108587264, 0.6966270759053852, 0.705296173259832,
    0.7168210025714792, 0.7068910687298015, 0.7185275083866673,
    0.7076368336228355, 0.7135262236646984, 0.7203739939824395,
    0.7288034081027128, 0.7196381508872128, 0.7269677407499673,
    0.7061192019694092, 0.7141277956357901
  ],
  "training_time": 652.9173710346222,
  "avg_gradient": 0.0038831538455703853,
  "memory_usage": 1152.220703125
}
