{
  "train_losses": [
    0.2763608751575584, 0.23130946703579114, 0.20864690605389036,
    0.19042876403292883, 0.1782150702631992, 0.17310093683393105,
    0.1629501694570417, 0.15395256253364292, 0.15084954254005267,
    0.1444982492324451, 0.1401557169611687, 0.1370087720696693,
    0.13176036589657483, 0.1288880977536673, 0.12464108577241069,
    0.12591027800479662, 0.11873306657956995, 0.11557660806600166,
    0.11395789678815914, 0.10875113964404749, 0.10735617205500603,
    0.10474544006359318, 0.10484058300600103, 0.10022495241592759,
    0.10062955036435438, 0.09528405680928541, 0.09413503503183955,
    0.09283304121345282, 0.0931937246704879, 0.08888632698875407,
    0.08553167525678873
  ],
  "val_losses": [
    0.2536589671736178, 0.2204980442057485, 0.21065525095099988,
    0.18643770204937976, 0.17449147707742194, 0.16971768973314244,
    0.17479448117639707, 0.1598581836923309, 0.15872661024332047,
    0.16690946111212607, 0.15575061997641687, 0.15403891597752986,
    0.14640992653110754, 0.15677462680184323, 0.1343671339361564,
    0.1432925211670606, 0.13889658240520436, 0.13995758022951044,
    0.13274173632912015, 0.129158280627883, 0.12777809555763783,
    0.13272086223182472, 0.13300653870986856, 0.13369138652215834,
    0.13123265265122705, 0.12874188938218614, 0.13329834669180537,
    0.1336583164723023, 0.13745870991893436, 0.1283748156350592,
    0.1362193524837494
  ],
  "train_ious": [
    0.4326780925747818, 0.5266129849073676, 0.5700930561600388,
    0.602667923854745, 0.6258910696251673, 0.6367997650219048,
    0.6539685295867749, 0.6692528806734778, 0.675022694727649,
    0.6871642397473685, 0.6951622154725635, 0.7004234361583772,
    0.7098367025238881, 0.7161838288108505, 0.7233533991527726,
    0.7213893523034846, 0.7338788777697777, 0.7399330774079201,
    0.7426361697523489, 0.7519035705405734, 0.7548450676967271,
    0.7597654683218491, 0.760314522284097, 0.767943401159584,
    0.7678495395550694, 0.7774214477858681, 0.7797862629851571,
    0.781923631881026, 0.7810849625671253, 0.7896290466297361,
    0.7959705267803393
  ],
  "val_ious": [
    0.4854612769424052, 0.5532375761996144, 0.5718801770953165,
    0.6148355648569439, 0.6354809701442719, 0.6465356628531993,
    0.6346009295919667, 0.6625232562638713, 0.6627207327148189,
    0.6608569740817167, 0.6684794866520426, 0.6713527497174083,
    0.6870262618514074, 0.6827522211748621, 0.7090844727944636,
    0.6944723980150361, 0.7010631200628004, 0.6968828748533692,
    0.7130495905876161, 0.7202114879653073, 0.7252851435239763,
    0.7164460293192794, 0.7152184083841849, 0.72121905827004,
    0.7188402302023293, 0.7308376245740532, 0.7218886000522668,
    0.7201239982808846, 0.7181946849045546, 0.7354678731897605,
    0.7223846547413564
  ],
  "training_time": 701.010739326477,
  "avg_gradient": 0.0033441722045427264,
  "memory_usage": 1152.220703125
}
