{
  "train_losses": [
    0.26483760676954105, 0.22209403437116873, 0.19764085016820743,
    0.18300118507898372, 0.1683920202371867, 0.157937734104369,
    0.15293413797474426, 0.14544395814933206, 0.14182935055831206,
    0.13695615570506323, 0.1329379365172075, 0.12751421425491571,
    0.12440586045546376, 0.1208459096758262, 0.1172656231843259,
    0.11354743268178857, 0.11240101824312107, 0.10919692614318235,
    0.10673109628260136, 0.10258620390263588
  ],
  "val_losses": [
    0.24364558477764545, 0.24212554388720056, 0.19780237551616586,
    0.17889097592105035, 0.19311578474614932, 0.16046434349339941,
    0.1548309013571428, 0.15257793745916823, 0.1449274942278862,
    0.14771521107658095, 0.141287952337576, 0.14965777066738709,
    0.1424915971963302, 0.14920635877744012, 0.13806193402927855,
    0.13573419723821722, 0.13413180022136026, 0.14006877674356752,
    0.13604387754331465, 0.15279668990684592
  ],
  "train_ious": [
    0.4654337436068749, 0.5457470296625643, 0.5897049971896671,
    0.6162858885591443, 0.6444158914728438, 0.6635988233206064,
    0.6731338276919253, 0.6870963945984842, 0.6937176983641542,
    0.701744635629913, 0.7094764389853544, 0.7188437277640124,
    0.7248760700981685, 0.7312499846237289, 0.7370579315052518,
    0.7447699371563352, 0.7466752866580005, 0.7523637626158153,
    0.7568573270910888, 0.7641347753072993
  ],
  "val_ious": [
    0.5094174820443859, 0.538289800286293, 0.592291661362717,
    0.6201926191215931, 0.601860684545144, 0.6590861006491425,
    0.6694209495748301, 0.6714359683834988, 0.6852257646944212,
    0.6868681285692297, 0.693198956873106, 0.6863292606844419,
    0.6933157394329706, 0.6831714428853298, 0.7099626142045726,
    0.7090415544268014, 0.7114568195049314, 0.7058396976495136,
    0.705132793257202, 0.6838120373262876
  ],
  "training_time": 450.8775019645691,
  "avg_gradient": 0.0038688852325981897,
  "memory_usage": 1152.220703125
}
