{
  "train_losses": [
    0.2881731237082378, 0.23764853495294633, 0.21403795683189578,
    0.1982926169167394, 0.18527620204764864, 0.17677368669082288,
    0.16541353588842828, 0.15819082627801792, 0.1526028980784442,
    0.14821114196725513, 0.14310647486506597, 0.13995299042890902,
    0.13393607925947593, 0.13077450426214415, 0.13164726324865353,
    0.125229022992046, 0.1224429783127878, 0.1174286250025034,
    0.11486179624562678, 0.1118205621757585, 0.11368933433423871,
    0.10770073893439511, 0.10441678300823855, 0.10278635480157707,
    0.10351550388757301, 0.09635077659850536, 0.09348976097839035,
    0.09283650585490724, 0.09359930115549461, 0.09158444797377223,
    0.09273541633687589, 0.08788004011401664, 0.08361830991571365,
    0.08132920863673739, 0.07977207608359016, 0.0865308840394668,
    0.07963110534879177, 0.0795169280760962, 0.08017052386118018,
    0.08375037740916014
  ],
  "val_losses": [
    0.29075499721195386, 0.22813832371131235, 0.21583106336386307,
    0.2359717352234799, 0.19630651078794314, 0.17514607860990192,
    0.17087101126494614, 0.16771945065778235, 0.16004232365799986,
    0.1767016626570536, 0.15809119768116786, 0.15163198421182839,
    0.14684074712188347, 0.15042185005934341, 0.15255225546981976,
    0.14924603684440904, 0.14593130398703658, 0.1416829623605894,
    0.1383060599150865, 0.1623455812425717, 0.1435567906693272,
    0.14043913749249085, 0.13675978731202043, 0.1498270948296008,
    0.14265288331586382, 0.14389614485528157, 0.14662410189276157,
    0.14120194380697998, 0.13867073165981667, 0.1406426272638466,
    0.1410034558047419, 0.13844428567782693, 0.13533341787431552,
    0.1339542072104371, 0.14329738202302353, 0.13825604724495308,
    0.13786657721452092, 0.1428843726930411, 0.14447339284031288,
    0.14313958844412927
  ],
  "train_ious": [
    0.4173992750896277, 0.5162084136644133, 0.5610365627360515,
    0.5905958259667177, 0.6123551081164159, 0.6281859379639663,
    0.6481854101454003, 0.6620446703248263, 0.6722775972515777,
    0.6803934437533221, 0.6907111414424749, 0.6956191907866279,
    0.7053698201974236, 0.7128355618620263, 0.7108705210620943,
    0.7217250788125437, 0.727398395376361, 0.7366186915424424,
    0.7417473424280037, 0.74721782627529, 0.7435141474656437, 0.754659605792899,
    0.7604541989664236, 0.7644109726492042, 0.7623393886007264,
    0.7755595814922581, 0.7807823083215003, 0.782000767795936,
    0.7805908678666407, 0.7845611968550131, 0.7817822551165803,
    0.7915103847457882, 0.7999704593549604, 0.804339767798134,
    0.8072819122369741, 0.7946428518364397, 0.8073351533300633,
    0.8079982621298317, 0.8069568574428558, 0.7994680783130985
  ],
  "val_ious": [
    0.4479409286185451, 0.5324187436397526, 0.5646296692067299,
    0.5359029275351677, 0.590957854752955, 0.6316441897896753,
    0.6394875779532003, 0.6457514488610668, 0.6589474133823228,
    0.6445136286210323, 0.6743745913972025, 0.6779843216788941,
    0.6859918450531751, 0.6806430313466254, 0.6828373290490413,
    0.6875459813121436, 0.6901956485665365, 0.702286820480789,
    0.7025352988554086, 0.6722639112368873, 0.6975969248923704,
    0.7021112530559733, 0.7109121289374173, 0.6912827049044596,
    0.6996078949043715, 0.7111161502375118, 0.7087986512460569,
    0.7095363535310909, 0.713961370397305, 0.7137405656386114,
    0.7156949058391043, 0.7147110052730727, 0.7230892369280689,
    0.7270419716403104, 0.7177057611769525, 0.7182032066410866,
    0.7277963427097902, 0.7149854894133582, 0.7170082620088604,
    0.7114249308040178
  ],
  "training_time": 903.5021045207977,
  "avg_gradient": 0.0033859329965496418,
  "memory_usage": 1152.220703125
}
