{
  "train_losses": [
    0.266733441096933, 0.22103491668467937, 0.1972778641173373,
    0.18267181094573892, 0.1665492117728876, 0.15711884346345198,
    0.15087281005538028, 0.14421181826163892, 0.1410256194598649,
    0.13511924291758434, 0.13074709900209439, 0.13027488638687393,
    0.12381305440288523, 0.12027266674229632, 0.11390663958762003,
    0.11171507535745269, 0.10746359347325304, 0.10957468240319387,
    0.1042810411637892, 0.0981838003448818, 0.10024243321917627,
    0.09587561501109082, 0.09431262873113155, 0.09306320005460926,
    0.09204998061708781, 0.08640657778343429, 0.08788919525787882,
    0.08788570121902486, 0.08061307182778484, 0.07837037491085737,
    0.07666290348962597, 0.07884589687961599, 0.07930166387687558
  ],
  "val_losses": [
    0.25265497941037884, 0.2094225899680801, 0.18774164727200632,
    0.18560897915259653, 0.1604262130415958, 0.17009753280359766,
    0.15336596334110136, 0.15294013237175735, 0.1518651914337407,
    0.13890968813844348, 0.13635620134680168, 0.1426993226227553,
    0.1485669305143149, 0.13206424321169438, 0.1303289667095827,
    0.13561395296584006, 0.14212686438923297, 0.1526095058930957,
    0.1311534617258155, 0.13582199099271194, 0.12972896708094556,
    0.12979634770232698, 0.12536723814580752, 0.12444220499499985,
    0.12915688736931139, 0.1239344994335071, 0.13074388176850651,
    0.12470111445240352, 0.12941215980959975, 0.13405376834713895,
    0.12849753495791685, 0.13672102177920548, 0.1338807059370953
  ],
  "train_ious": [
    0.45891586197135226, 0.5468580213955777, 0.5902595335374708,
    0.6181024451726593, 0.645916251168735, 0.662814778478249,
    0.6745080481944742, 0.687559760189143, 0.6930898679015427,
    0.7034327628603884, 0.7114226910947025, 0.7129730988239894,
    0.7241477151603799, 0.730908948712159, 0.7424639265822329,
    0.7465706634996592, 0.7538002111233666, 0.7509118527497934,
    0.7601654636471171, 0.7712521911531255, 0.7675969366902027,
    0.7755495926932149, 0.778634384598421, 0.7813716285146666,
    0.783456552665734, 0.7941094915504041, 0.7914095547968065,
    0.7913099100840263, 0.8054830860616499, 0.8099712458425673,
    0.8135774128031038, 0.8096534924014752, 0.8081117815513541
  ],
  "val_ious": [
    0.4884080478678578, 0.5705289619340413, 0.6057707462189853,
    0.6147765508596449, 0.660361185669899, 0.6487044882083284,
    0.6742669512396273, 0.6784036630305692, 0.679332208590231,
    0.7014347042726434, 0.7026911025893862, 0.6898479781289032,
    0.6818205817886023, 0.7124189818682878, 0.7155377532261005,
    0.7125862577687138, 0.6953613395276279, 0.6833429690720378,
    0.7201181915791138, 0.7122165435466215, 0.7242280966129857,
    0.7244012722934502, 0.7336010991231253, 0.7330392493285995,
    0.7294362418461537, 0.7373320935429009, 0.7220038944396421,
    0.7367624439623043, 0.7363789554523387, 0.7333150557849715,
    0.7357773944951483, 0.7281512065210206, 0.7293972982012709
  ],
  "training_time": 744.721741437912,
  "avg_gradient": 0.006222231618666218,
  "memory_usage": 1152.220703125
}
