{
  "train_losses": [
    0.2746284885089035, 0.2181919998610797, 0.1962279480598543,
    0.18082723475020865, 0.16681382311103138, 0.15972467779141405,
    0.15056692707635785, 0.1445568511262536, 0.14333716476255137,
    0.13739644039584242, 0.13182234958462094, 0.12761865540043169,
    0.12325457098853329, 0.12193196408612572, 0.11556345819617095,
    0.11364668494333392, 0.11191944632193317, 0.105655864286034,
    0.10683170131043247, 0.10150321556822113, 0.09938354923835267,
    0.095061421232379, 0.093306681951103, 0.09125287681008162,
    0.09309200812941013, 0.09037770480727372, 0.08631125825416783,
    0.08932839374503364, 0.0865878651080572, 0.08182110281094261,
    0.0806739003923924, 0.07858150760116785, 0.0764072952873033,
    0.07607687778932892, 0.07411413190319487, 0.07425121349566009,
    0.08387371211353203
  ],
  "val_losses": [
    0.24386608147102853, 0.20328955093155737, 0.19392273445492206,
    0.17713416238193927, 0.16862905997297037, 0.16863850277403128,
    0.1567343431322471, 0.14809259820891463, 0.15395479649305344,
    0.15015886140906293, 0.15237309200608212, 0.13740619126221407,
    0.1351394543181295, 0.1440885115576827, 0.13247724185171333,
    0.13527372268878896, 0.13375185915957327, 0.13618086116469424,
    0.13076474485190018, 0.1317568546080071, 0.12753536195858664,
    0.12917173038358273, 0.12858686126444652, 0.1311527764343697,
    0.13495516031980515, 0.13480618563683136, 0.12955805351552757,
    0.1391462107067523, 0.13180703070500624, 0.12939809489509332,
    0.1266184543137965, 0.12918995191221652, 0.13169098353904227,
    0.12913737802401834, 0.13613687941561575, 0.13131727132460344,
    0.13453585524921832
  ],
  "train_ious": [
    0.4419906641343147, 0.5541297027544269, 0.5934070847064686,
    0.6207422911041026, 0.6466388833587581, 0.6599890942806783,
    0.6760991680557314, 0.6866874529075792, 0.6894086136118227,
    0.701140109611594, 0.7114061037267463, 0.717623305655476,
    0.7263603151600435, 0.7293059633153933, 0.7398602176943551,
    0.7438487696150939, 0.7469573573789734, 0.7584051481731563,
    0.7549624716782056, 0.765536062041486, 0.7692339145510961,
    0.7771388913194336, 0.7810982594239537, 0.7851857052225139,
    0.7823969692639681, 0.7862853534735631, 0.7944615074041959,
    0.7892279112576577, 0.7941772950732185, 0.8035471458797873,
    0.805890577858773, 0.8100378190477688, 0.8147766762885496,
    0.8149798523256742, 0.8193849411563601, 0.8189592493185092,
    0.8017971471923849
  ],
  "val_ious": [
    0.4937289010571397, 0.5776272069500837, 0.5951884702063992,
    0.6267486309659652, 0.647767322866813, 0.6440167217582897,
    0.6680213320946348, 0.6807059228852176, 0.6739279843758845,
    0.6795911084914554, 0.6782761656719707, 0.701148640634357,
    0.7070860597102538, 0.6981355837289837, 0.7123510625915251,
    0.7150810639495435, 0.7103571824837422, 0.712307343664377,
    0.7175085734629976, 0.7151429020408268, 0.7231719251992047,
    0.7225963304872098, 0.7227024083984072, 0.7234441054903943,
    0.7149207650319387, 0.7190933592509531, 0.7294320377750675,
    0.7135465693646583, 0.7288349424151406, 0.7293758232524429,
    0.7316954120777658, 0.72642765312955, 0.7253610886957332,
    0.7338966712139657, 0.7265237075263178, 0.7356230480515439,
    0.718021211416825
  ],
  "training_time": 836.2115435600281,
  "avg_gradient": 0.00815887461178879,
  "memory_usage": 1152.220703125
}
