{
  "train_losses": [
    0.27462285028203676, 0.23102703536658184, 0.20648489438969156,
    0.1884669969263284, 0.17636526870014874, 0.16432748811886363,
    0.15694237731235183, 0.15106040644256966, 0.14646585775620263,
    0.14228252430810875, 0.1356701948882445, 0.1348076844587922,
    0.12916053944955702, 0.12734459717150615, 0.12204567500916512,
    0.11914640543577464, 0.11516919772586097, 0.11486979796672644,
    0.11135523519276277, 0.10726370358758647, 0.10572857004792793,
    0.10389587473448204, 0.10483876101510681, 0.09918438371918771,
    0.09680103381042895, 0.09893546358722707, 0.09378740001145912,
    0.09081730355873056, 0.08887211869106344, 0.09083809464683999,
    0.08811130666214487, 0.08495122461539248, 0.08529340439354596,
    0.08614539913833141
  ],
  "val_losses": [
    0.27896147610052774, 0.25391955835663754, 0.20181583062462186,
    0.17955049224521802, 0.17498514639294666, 0.16602233473373496,
    0.1648698070127031, 0.14967943760363953, 0.1541935049969217,
    0.14331868452870328, 0.14623182671873466, 0.14368643449700397,
    0.1438569306679394, 0.13721313975427463, 0.14910937635147054,
    0.13753252152515494, 0.13206621729161427, 0.14107387205180916,
    0.14651944050970284, 0.1390811426808005, 0.1399263469097407,
    0.13438509129311726, 0.1314176082935022, 0.12878505091952241,
    0.12684456712525824, 0.13222995238459628, 0.1307446857833344,
    0.13572419289013612, 0.1331625358889932, 0.13863018155097961,
    0.12570467137772104, 0.1394220185668572, 0.1325302558100742,
    0.141266250901896
  ],
  "train_ious": [
    0.4391415824276816, 0.5296497624097527, 0.5748625098039273,
    0.6066312965383566, 0.629298460116421, 0.6507762731525345,
    0.6640590819651664, 0.6745731865150343, 0.6828384071696498,
    0.6903086509285625, 0.7040413938786669, 0.7051761172495893,
    0.714734214047591, 0.7191012645329252, 0.7283987530331685,
    0.7340044234541889, 0.7420704659560451, 0.7412878584278665,
    0.7480775233412136, 0.7561982534285903, 0.7587160991261837,
    0.7615392060707443, 0.760921552615321, 0.7702606582231278,
    0.7752588177504748, 0.7708887580944144, 0.7809100819994571,
    0.7857401505976485, 0.7897982455898018, 0.7864818592974238,
    0.791135502790195, 0.7971630447368692, 0.7967096111480739,
    0.7955731037950172
  ],
  "val_ious": [
    0.44472857775247615, 0.490611996555674, 0.5874450213235357,
    0.6190536335326623, 0.6356786597466124, 0.6538665638021801,
    0.6516523784485414, 0.6813500117564544, 0.6743180507767026,
    0.6928081903336702, 0.689690322547719, 0.6948125409907189,
    0.6952174843653387, 0.7044037193923757, 0.6913157898014873,
    0.709268655034079, 0.7152551503285117, 0.7055241901805437,
    0.691980302117873, 0.7112260054850923, 0.712508945361428,
    0.7131167237741358, 0.7175859206396601, 0.7238426420135774,
    0.7300556312868559, 0.7239238369292107, 0.7267843176057373,
    0.7232005254945892, 0.7215119084154351, 0.7153672658014988,
    0.7356040808169739, 0.7190135929031649, 0.7228279200153074,
    0.713958659681721
  ],
  "training_time": 767.5953514575958,
  "avg_gradient": 0.003694922986948722,
  "memory_usage": 1152.220703125
}
