{
  "train_losses": [
    0.27299930147178797, 0.2262873544317225, 0.1987477663256552,
    0.18462544622952523, 0.17289474663203178, 0.1636908823705238,
    0.1593532093355189, 0.15180698923928582, 0.14470204265545245,
    0.14296736839510824, 0.13656573556363583, 0.13054926806817885,
    0.1304433016187471, 0.12391902741206728, 0.12238756757553505,
    0.11584069693218106, 0.11397260330293489, 0.11082217550796011,
    0.11060773690595575, 0.10548882166166669, 0.10317920642378538,
    0.09942198492100705, 0.09782729391008615, 0.096173202254526,
    0.0921095028600615, 0.08941574653853541, 0.08965277866176936,
    0.08932694132723239, 0.08883993789229704, 0.0859406747976723,
    0.08509691399724587, 0.08050347496148037, 0.08468024347625348,
    0.08195258709399597, 0.07731267214631257, 0.07584789941978196,
    0.07618436395474103
  ],
  "val_losses": [
    0.2415644685211389, 0.21005272411781808, 0.18852226403744324,
    0.18677623440390048, 0.1744037503781526, 0.1596770791903786,
    0.16850243735572565, 0.15580450111757155, 0.14781276071849075,
    0.1474548298055711, 0.1434478827792665, 0.15061851979597754,
    0.1379020831183247, 0.14541863941628, 0.13220399682936462,
    0.13367977884152663, 0.13926125317811966, 0.12945211241426674,
    0.13086804018720335, 0.143772938815148, 0.1385594781326211,
    0.13132081812490587, 0.13312599030525787, 0.12668642709436623,
    0.12599286372246948, 0.1310943582135698, 0.13377899984302727,
    0.12920496337439702, 0.12702673382085303, 0.1265984075548856,
    0.13039647480068, 0.13100295141339302, 0.1303365149575731,
    0.1310723268467447, 0.1263310340759547, 0.1301673276592856,
    0.1346276149801586
  ],
  "train_ious": [
    0.4475441873073576, 0.5379609170545269, 0.5876976235405258,
    0.6142954296715879, 0.634908561311338, 0.6512594690573394,
    0.659665853810915, 0.6735197515699312, 0.6874240557460678,
    0.6908562187699303, 0.7010046891544176, 0.7127076085062994,
    0.713064125320618, 0.7247402075192203, 0.7283963429323137,
    0.7402980154299226, 0.743120862521987, 0.748657897438692,
    0.7499792444641176, 0.7590555831034113, 0.7634300777985565,
    0.7702921988523521, 0.7729407102409481, 0.7761564364899761,
    0.7837940304931523, 0.78886469507563, 0.7885158001512723, 0.78889432279528,
    0.7902318425476554, 0.7958818933238156, 0.7972527433024803,
    0.8064447752591493, 0.7986420411886515, 0.803145052298256,
    0.8130318351845809, 0.8158149365065748, 0.8156447406264324
  ],
  "val_ious": [
    0.5153034446032151, 0.5561383375223131, 0.6015092223018841,
    0.6122715626505838, 0.6292965612981631, 0.6621880453565845,
    0.6450381356736888, 0.6665278426978898, 0.682305583703345,
    0.6873708650253821, 0.6929374771273655, 0.683131593293038,
    0.7056582904812219, 0.6877967434516852, 0.7124872324259385,
    0.7095403111931207, 0.7012997144374296, 0.7215920010770577,
    0.7156436892523282, 0.6962070065564003, 0.712478085488513,
    0.725954438465229, 0.7214759119610854, 0.7284315029780071,
    0.730245192197786, 0.7222623738689701, 0.7253379428732222,
    0.7292447671078253, 0.7291324799475459, 0.7315506498882737,
    0.7327007290677747, 0.7348853887423225, 0.723941975529643,
    0.733061930839566, 0.7381875357334167, 0.7352127013862997,
    0.7243140912142351
  ],
  "training_time": 845.040931224823,
  "avg_gradient": 0.0022685802789230492,
  "memory_usage": 1152.220703125
}
