{"train_losses": [0.27660560267774953, 0.23741881476472254, 0.21236739534398782, 0.19288979017216226, 0.179041872124957, 0.16663293394705522, 0.16012169072485488, 0.1519689875776353, 0.1460504991447796, 0.14126610630394323, 0.13607334058083917, 0.132017416353135, 0.1278776881163535, 0.1244124319890271, 0.12337486858925094, 0.11552131228634845, 0.1143185451383824, 0.11234729765387981, 0.10855476922639039, 0.10698158480226994, 0.1031420252731313, 0.10058373285700446, 0.09988543545098408, 0.09510485961547364, 0.09633280612204385, 0.09589031735516113, 0.0921636371994796, 0.08687439050687396, 0.08438997306739507, 0.08574250737286132, 0.09024407329928616, 0.08523546726159427, 0.08446832385885975], "val_losses": [0.34625513916430267, 0.265345909997173, 0.22760120520125265, 0.18361088050448376, 0.18112874257823694, 0.17622260652158572, 0.16459898812615353, 0.16025963101698004, 0.16448306130326312, 0.15101418870946634, 0.15254317709933157, 0.15590205869596938, 0.13991215420158012, 0.14052339270710945, 0.13885220366975534, 0.15250571606599767, 0.13252369022887686, 0.1537392753297868, 0.14084538250513698, 0.14424380125558894, 0.13672957715132963, 0.14133545335220254, 0.1356871343501236, 0.1444068560781686, 0.140822340450857, 0.1357334550956021, 0.1362992596367131, 0.13061305669986684, 0.13628079936556195, 0.14380669917749322, 0.14012247323989868, 0.13522090957216595, 0.14828517530923305], "train_ious": [0.44086430574416363, 0.5151205536895903, 0.5640449920480233, 0.5999290245868587, 0.625145524956178, 0.6476506161085077, 0.6595189896398694, 0.6745791653360148, 0.6856297257261865, 0.6943338847570661, 0.7030311032481819, 0.7099112942814828, 0.7184040334777555, 0.7244401424043422, 0.7258116196894989, 0.7406435111618562, 0.7428898788664648, 0.7474425245562325, 0.7534204159417881, 0.7564118170327893, 0.763125451200682, 0.7679143503740218, 0.7697270426737224, 0.7783697108751619, 0.7758531219501428, 0.7767770969565363, 0.7837766107117785, 0.7938585889296261, 0.7984010645228882, 0.7956980096473213, 0.7873806993382572, 0.7969349987696909, 0.7986215334655578], "val_ious": [0.4269392557334209, 0.46893637994493276, 0.529381161690622, 0.6291644841000654, 0.629718055759651, 0.6318732186935951, 0.6474526675714961, 0.6599795341059782, 0.6544843897007514, 0.6765775533689968, 0.675967517754306, 0.6808089298614558, 0.6970298409030057, 0.7000207123549088, 0.7021051865556964, 0.6898026563551115, 0.7107773276342861, 0.6896149703989857, 0.7042617003122965, 0.6944184309762457, 0.7093952151312345, 0.714569944186487, 0.7115457474753475, 0.7056307326192441, 0.7092558843070182, 0.7185474023006965, 0.7193621584902637, 0.72693883271321, 0.7235720846532049, 0.713227462509404, 0.7160110784613568, 0.7242919334034991, 0.7059520731369654], "training_time": 752.1623792648315, "avg_gradient": 0.004234445264700079, "memory_usage": 1149.470703125}