{
  "train_losses": [
    0.2720328020336835, 0.2269700262695551, 0.2024438193310862,
    0.1833629106859798, 0.1731954992789289, 0.16239850822350252,
    0.15246190644962632, 0.14522907291741474, 0.14183376761882202,
    0.13693505039681558, 0.13004391648523186, 0.12834650897623404,
    0.1216167442743545, 0.11843829857104499, 0.11626475114051414,
    0.11159898146339085, 0.11094293727175049, 0.10629855080143265,
    0.10224394475960213, 0.10091710021800321, 0.10107251442968845,
    0.09531505414001319, 0.09269655273174462, 0.08882838402591321,
    0.09003152325749397, 0.0889111285948235, 0.08349201443564633,
    0.08594940675665504, 0.08102437388151884, 0.08220515112676051,
    0.08241734459348347
  ],
  "val_losses": [
    0.24539723182502, 0.213922418653965, 0.19669850624125937,
    0.1863426277818887, 0.1721433692652246, 0.16933881556210312,
    0.15003303438425064, 0.15965727911047314, 0.1470913156543089,
    0.1404090339074964, 0.15104134397014327, 0.14296212419867516,
    0.1440771946116634, 0.13695859261181043, 0.14427728254510008,
    0.13663558321802513, 0.1404525182493355, 0.13329607637032218,
    0.128953630671553, 0.13278363645076752, 0.13246037794843965,
    0.13338474087093188, 0.13318433385828268, 0.13266480195781458,
    0.13659576974485232, 0.13130570656579474, 0.13803204894065857,
    0.12543290254214537, 0.12855099692292835, 0.13132740800147472,
    0.14834190775518832
  ],
  "train_ious": [
    0.4577994506158259, 0.5385961078809224, 0.5829096390879244,
    0.6153142538083636, 0.6348117096484571, 0.6541335608648218,
    0.6730292568496173, 0.687001270984394, 0.6939038471251293,
    0.7004513565612874, 0.7133345651993718, 0.7168753909999906,
    0.7295310047549615, 0.7351108035207659, 0.7394025390562805,
    0.7480987819532561, 0.7490128681495567, 0.7569139106874012,
    0.765015120685533, 0.7671798589652863, 0.7668078442414602,
    0.7768497581499211, 0.7820519394092805, 0.7898716596157659,
    0.7870911469926005, 0.7891670379085818, 0.800213240680919,
    0.7950759125144582, 0.804870123448579, 0.8026924955024232,
    0.8024903834406011
  ],
  "val_ious": [
    0.5031108252596165, 0.5678495943978212, 0.5933585531901623,
    0.6148758526297583, 0.636407410968905, 0.6524849436853244,
    0.6779744834571644, 0.6617253921602084, 0.6809866868931315,
    0.6928520336531211, 0.6793396509643915, 0.6943030469659446,
    0.6913105145744656, 0.7025617816741915, 0.6952920212693837,
    0.7074484814336336, 0.7006878768620283, 0.7155525392812233,
    0.718222912023033, 0.7165254116922185, 0.7213864538116732,
    0.7167499089154645, 0.7240963146306466, 0.7190266480480413,
    0.7145565178083335, 0.7262703916732814, 0.721208801088126,
    0.7345925347096679, 0.7362513460110927, 0.7335419233726419,
    0.7202737497678701
  ],
  "training_time": 698.0177030563354,
  "avg_gradient": 0.0025628418321459565,
  "memory_usage": 1152.220703125
}
