{
  "train_losses": [
    0.28634249993964384, 0.23801062418066937, 0.2142669256452633,
    0.1965981687054686, 0.18716276226484257, 0.17475328464870868,
    0.16713498411295208, 0.15875349537995848, 0.15527561068048942,
    0.14983372738503892, 0.14231328524487175, 0.14080831663602073,
    0.13574503848086233, 0.13362443196060864, 0.1305531611180176,
    0.1263769358072592, 0.12263500755247862, 0.1196900547441581,
    0.1172645220775967, 0.11176108645842127, 0.1096365675330162,
    0.10821868564285662, 0.11062385830218377, 0.10540695731406627,
    0.10306156568391167, 0.09977580663626609, 0.09734687978482764,
    0.09318826497410951, 0.09414430339213299
  ],
  "val_losses": [
    0.25603057411701785, 0.27674555810897244, 0.2098133823145991,
    0.1966051034953283, 0.18014323711395264, 0.18570675117814023,
    0.18601639212473578, 0.17082059010863304, 0.16418951296288034,
    0.1803128797075023, 0.15741821216500324, 0.15294367901009062,
    0.1503904701574989, 0.15446207542782245, 0.15890396807504736,
    0.14316161009280579, 0.15201399588714476, 0.1411866791870283,
    0.13595267935939456, 0.14667073604853256, 0.13416089392874553,
    0.1419859144674695, 0.13186538737753165, 0.14079735573867094,
    0.13530611263021178, 0.134995153416758, 0.13302581417171852,
    0.13001780454879222, 0.1466044820845127
  ],
  "train_ious": [
    0.42208305171663874, 0.5183098010610842, 0.5619540721232046,
    0.5940398782545674, 0.6105706069240538, 0.631436963984068,
    0.6451519364356131, 0.6611362126642374, 0.668013077337241,
    0.6779700287658237, 0.6900495716195176, 0.6942839709420996,
    0.7031546496394754, 0.7079537240383418, 0.7136468694585821,
    0.7199597460204273, 0.7272222393556784, 0.7329521622994671,
    0.7378173706972081, 0.7469992688384607, 0.7511420564699002,
    0.7536354516835316, 0.7495006747219876, 0.7580245794269487,
    0.7626530272157299, 0.769488787629466, 0.7736581304798957,
    0.7814145868347182, 0.779323757288681
  ],
  "val_ious": [
    0.4842085209877594, 0.4078192545667938, 0.5750552498991938,
    0.5924812268087829, 0.6273349048434824, 0.6171142227839734,
    0.6359714386255845, 0.6472933573135432, 0.6528633755186329,
    0.6274109536754912, 0.6684237068545988, 0.6786933275668517,
    0.6873827069133951, 0.6787508339553642, 0.6782062103350955,
    0.6959814960541933, 0.6818167923585225, 0.6969773594451987,
    0.7050693611735883, 0.6917791247799778, 0.7147662237934449,
    0.7076538272094036, 0.7165113277193429, 0.7064897178307824,
    0.7152431900950446, 0.7192667558573294, 0.7241023889054421,
    0.727420628502749, 0.6957412426886351
  ],
  "training_time": 653.1282665729523,
  "avg_gradient": 0.003003840436561997,
  "memory_usage": 1152.220703125
}
