{
  "train_losses": [
    0.2755050597631413, 0.21812767972764763, 0.1964976663660744,
    0.18431973092905854, 0.1716389090794584, 0.16354467169098233,
    0.15625175461173058, 0.15117973465796397, 0.14477682425438063,
    0.13955991492485223, 0.13623742670144723, 0.13132731997124528,
    0.12880799769545379, 0.12496838483797468, 0.11983852258518986,
    0.12004994787275791, 0.11438977928913158, 0.1103863994712415,
    0.11059851523326791, 0.10602453610171443, 0.10549148653998323,
    0.09980589580600677, 0.09852322838876558, 0.09719758039421361,
    0.09643909383727156, 0.09106454447559688, 0.08853751036298016
  ],
  "val_losses": [
    0.23909193439328152, 0.21848678653654846, 0.20129489769106326,
    0.17950409359258154, 0.16684989695963653, 0.16351395910200867,
    0.1617542239634887, 0.1687991654743319, 0.14824206576399182,
    0.14589700442941292, 0.155954474988191, 0.1428002462438915,
    0.1408790681997071, 0.1455287917152695, 0.13642731843435246,
    0.13391086232403052, 0.1364096409600714, 0.1354949788554855,
    0.14060752579699393, 0.13568474692494972, 0.14455762343562167,
    0.1331480359253676, 0.1272441496991593, 0.143227683785169,
    0.13402163204939468, 0.13903048602135284, 0.14460145844065625
  ],
  "train_ious": [
    0.4413355770048456, 0.5541275505084492, 0.5921271046542601,
    0.6142510228614875, 0.6361771263182164, 0.6510698779121692,
    0.6660812737393207, 0.6756251339355241, 0.6875619903422782,
    0.6966598687720469, 0.7031081457608851, 0.7122782547080864,
    0.7163986619291961, 0.723172092297371, 0.7323723801452183,
    0.732979087779919, 0.743123570808034, 0.7502046488225463,
    0.7496916734869928, 0.7581211115786997, 0.7594281877728476,
    0.7694493272490258, 0.7714479305929894, 0.7737161649957953,
    0.7753639348067236, 0.785189096640417, 0.7903582350067468
  ],
  "val_ious": [
    0.5225143399143566, 0.5565160917847053, 0.5821633820516476,
    0.6215229885301728, 0.6418968374314515, 0.6525694486023723,
    0.6555239683476046, 0.6531832282957823, 0.6843591297882192,
    0.684006566154784, 0.6638459753299104, 0.6935317807871363,
    0.6939398104297942, 0.6891051135633303, 0.7049114535684171,
    0.7073160885036857, 0.708635746784832, 0.7087248505457587,
    0.7021646799816602, 0.7116460331540178, 0.6979935238326808,
    0.7186695767053659, 0.7267277476148328, 0.6975674588179245,
    0.7204184160716294, 0.7099431986394137, 0.705973620000093
  ],
  "training_time": 609.4794538021088,
  "avg_gradient": 0.0035391938841817052,
  "memory_usage": 1152.220703125
}
