{
  "train_losses": [
    0.28073055475302366, 0.23149607784074286, 0.2045830484965573,
    0.1920655415919812, 0.17787246721918168, 0.168792222586015,
    0.16099772505138232, 0.15387130488196146, 0.1478256306246571,
    0.14437713919450407, 0.13828515042753323, 0.13753515583179568,
    0.13330298374690439, 0.13143338165853335, 0.12310150605828865,
    0.12178796359702297, 0.11819538955941149, 0.11608375855923994,
    0.11179537050749945, 0.11029144242891799, 0.10596859155465728,
    0.10226941128949756, 0.10114291889350051, 0.09896607753699241,
    0.09615075426257175, 0.09896344480955083, 0.09315928424020177,
    0.08992003268845704, 0.08746896271148454, 0.08714441299114538,
    0.09223704359939565, 0.08322327575929787
  ],
  "val_losses": [
    0.2478690451901892, 0.21328261980543967, 0.2001157198911128,
    0.1838027685880661, 0.17474571647851364, 0.16253563664529636,
    0.1589559384662172, 0.17676326114198435, 0.1459391802225424,
    0.1501794348916282, 0.14937091699760893, 0.13953290005093036,
    0.137799224289863, 0.16531722279994385, 0.1342710368335247,
    0.1385418863400169, 0.14178197733733966, 0.14040196298257165,
    0.13742346429954405, 0.13228033725982127, 0.13318576469369556,
    0.12636152233766473, 0.1285264778720296, 0.1336407160953335,
    0.13406529277563095, 0.13817311564217444, 0.12393572424416957,
    0.1377958849720333, 0.12934835157964542, 0.1401979236499123,
    0.13812269675342934, 0.13538001250961554
  ],
  "train_ious": [
    0.4251597766373037, 0.5288129228072751, 0.5792902061796703,
    0.60212241663881, 0.6268744441154208, 0.6425934172086957,
    0.6556807728889197, 0.6696753754563955, 0.680598539610704,
    0.687679986105017, 0.6991438715570213, 0.6991829994688001,
    0.7071749241347763, 0.7110576583747413, 0.7258616088201169,
    0.7282833468330945, 0.7342371143724611, 0.7385590018137643,
    0.7457890366946441, 0.7493603677637334, 0.7569988017928775,
    0.7640035404567267, 0.7656905664050062, 0.7699444885703101,
    0.7753249607116415, 0.7706405574428865, 0.7809720834096273,
    0.7875344355901082, 0.7925317959617013, 0.79333765545617,
    0.7840389303755062, 0.8009384274482724
  ],
  "val_ious": [
    0.4886361143511275, 0.5570949555739113, 0.5862115010403205,
    0.615879562453947, 0.6320213437944218, 0.6510529971641047,
    0.6590859978527261, 0.6325608213310655, 0.682771351026452,
    0.6794789409723835, 0.6820970024319662, 0.696432941633722,
    0.6984699232422789, 0.6646797207818516, 0.703717612054037,
    0.699315741010334, 0.6950694082871728, 0.6989830723707229,
    0.7040542994720348, 0.7108367316532826, 0.7191927124192751,
    0.7254809573076774, 0.7211983771859735, 0.7136481814626335,
    0.7217513638130133, 0.7174252297567286, 0.7324981743442841,
    0.7160926381315013, 0.7288586836362232, 0.7177084965118464,
    0.7236998867297517, 0.7227134754260384
  ],
  "training_time": 720.0903968811035,
  "avg_gradient": 0.0033843490535997093,
  "memory_usage": 1152.220703125
}
