{
  "train_losses": [
    0.2687656040424886, 0.22232853499767574, 0.19868179985686488,
    0.18099239630543668, 0.16941305970692117, 0.16212883939885575,
    0.15403914046676262, 0.14614217485422673, 0.1429033655187358,
    0.13685976260382196, 0.13199125890336608, 0.12805197169275387,
    0.12610644187130357, 0.12024469187726146, 0.11787564404632735,
    0.11519856346042259, 0.11231744840093282, 0.10794901815445526,
    0.10413992481873087, 0.09984939869331277, 0.10046245805595232,
    0.10061279368465362, 0.09431025721942601, 0.0948003969033775,
    0.09286592139498047, 0.08858594067556702, 0.08393335783773143,
    0.08204056403559187, 0.08351202414411565, 0.08491199443359738,
    0.07900059869027008, 0.07536951286475295, 0.07465700461002796,
    0.08308693033683559
  ],
  "val_losses": [
    0.2604176308149877, 0.24760826547508655, 0.22847464518702548,
    0.18042428370403207, 0.17168384628451389, 0.16167275899130365,
    0.1521855006399362, 0.1521842678927857, 0.15605343489543252,
    0.14191539860937907, 0.1461637624255989, 0.159983250433984,
    0.13655617055685623, 0.1370031014084816, 0.13315018606574638,
    0.13793988201929175, 0.14574420662677806, 0.13233822227820105,
    0.13450738253152889, 0.13239970900442288, 0.13192158986044966,
    0.1332810101625712, 0.1302270406614179, 0.13163785085729932,
    0.13228057341083235, 0.13103249409924383, 0.13285163919562878,
    0.13443919190246126, 0.1323079301611237, 0.13391549707106923,
    0.12819211541310602, 0.13249930237298427, 0.13524841177074806,
    0.1316592072987038
  ],
  "train_ious": [
    0.4561929802977198, 0.5470319082285613, 0.5916800324575624,
    0.6213299277360024, 0.6432712757824985, 0.6566644458883052,
    0.6710394848192083, 0.6860537166180822, 0.6918270404356114,
    0.7017669318162874, 0.7118441874998199, 0.7179944700952889,
    0.7211819825073086, 0.7318918734680919, 0.7357509780297247,
    0.7408201101681462, 0.7462533118500224, 0.7543153262872628,
    0.7609320440046167, 0.768868974423495, 0.767865896548914,
    0.7672343974312142, 0.7790374828205593, 0.7778181925523968,
    0.782089449681234, 0.790281867527443, 0.7993384064107701,
    0.8027677758448372, 0.7997011289648386, 0.7971508834457055,
    0.8086762226362157, 0.8164845554940944, 0.8178116964257278,
    0.8019234171488152
  ],
  "val_ious": [
    0.46320013480557914, 0.5051853855450947, 0.5376156021071516,
    0.6218569987062097, 0.6440181034630623, 0.6589829792147097,
    0.6735118569239326, 0.678561613827512, 0.669005397869193,
    0.6922715597826502, 0.682730120593223, 0.6658413531123728,
    0.7059477146552957, 0.7007616659005483, 0.708883148604545,
    0.7041434338991194, 0.7018737084623696, 0.7159272002569143,
    0.7103497107391772, 0.7199882309937822, 0.7152915078660714,
    0.7178148171608001, 0.7250079281520152, 0.722298352614693,
    0.7229760053797045, 0.7255348291086114, 0.7273450666579648,
    0.7301736044279044, 0.7221006485431092, 0.72476811858191,
    0.7360018677469611, 0.7311633356671403, 0.7325900866501575,
    0.7218823974979095
  ],
  "training_time": 764.9861121177673,
  "avg_gradient": 0.004561386446389034,
  "memory_usage": 1152.220703125
}
