{
  "train_losses": [
    0.2793314772779527, 0.22555802041745704, 0.20331237092614174,
    0.19056658519674902, 0.17534784632532494, 0.16541083748249905,
    0.1593872861450781, 0.15283616899472216, 0.14442271552979946,
    0.13919783440297065, 0.1369707119529662, 0.13298292364925146,
    0.13056919792586047, 0.1271819421292647, 0.12310001606364614,
    0.11988074381066405, 0.11676572651966759, 0.11505273741710445,
    0.11090548830511777, 0.10781111515572538, 0.10578743064695079,
    0.10418171638055988, 0.10120876878499985, 0.09920369675787895,
    0.09662241310529086, 0.09946212998550871, 0.09347861195388048,
    0.09438949645213458, 0.09192100215865218, 0.09054368961116542,
    0.09236041537445525, 0.08370014891514312, 0.08199082278525052,
    0.08144818294955336, 0.08259448562951191, 0.08248766803223154,
    0.07996934992463692, 0.08086860941156097, 0.0794117640622932,
    0.08587664130913175
  ],
  "val_losses": [
    0.25556655098562653, 0.22203342778527219, 0.19915115995251614,
    0.20066113219313, 0.18342943068431772, 0.16838017268025357,
    0.16129771036946255, 0.16440717940745148, 0.1481986671038296,
    0.14808263824037884, 0.15201388250874437, 0.15436243346851805,
    0.17264204634272534, 0.14408492296934128, 0.1517071495561496,
    0.13777748236189719, 0.1338148211007533, 0.14007704866969067,
    0.13400544776864673, 0.13382145470899084, 0.13427877005027689,
    0.14594295993447304, 0.13579345462114914, 0.13197611434304196,
    0.1546312214239784, 0.13968026816197063, 0.131666147676499,
    0.13374380232847255, 0.13182613933863846, 0.13489478664553683,
    0.12837616338030153, 0.12817509326597917, 0.1312617910620959,
    0.13671711313983667, 0.13350319538427435, 0.12921983635295992,
    0.13110518228748572, 0.1341177903763626, 0.12947464669528214,
    0.13985565013211707
  ],
  "train_ious": [
    0.4342183989567171, 0.5407998958413581, 0.5806117711345785,
    0.604480108327192, 0.6315064417819184, 0.6487426850134912,
    0.6591547465194822, 0.6721609016151533, 0.686773404371047,
    0.6956177220504356, 0.7016916717740073, 0.7083547479216604,
    0.7125975573840349, 0.7198203071088033, 0.7260261076516002,
    0.7324267606372414, 0.7374152056872838, 0.7407820378092751,
    0.7483491936455601, 0.7543111890554431, 0.7579317644130497,
    0.7603895676632725, 0.7666309707514619, 0.7705066692138062,
    0.775197653774766, 0.7693072728056837, 0.7804803225225296,
    0.7791365373177804, 0.7838367786852346, 0.7861004806515097,
    0.7831410857430398, 0.7997537518756979, 0.803061369320621,
    0.8042119833222333, 0.8020635090120457, 0.8018903016396195,
    0.8070860331797086, 0.8054113220693411, 0.8079147600177403,
    0.7962959390403569
  ],
  "val_ious": [
    0.49914324899082596, 0.5491823623145837, 0.5913103024164837,
    0.6014893916638002, 0.6249796942524286, 0.6468022344768913,
    0.6617089512123576, 0.6606805413097574, 0.685545011706974,
    0.684346734613612, 0.6794501866983328, 0.6783183445965034,
    0.6644292398207429, 0.6980385186447612, 0.6888915049856986,
    0.7080853877292164, 0.7133149470108144, 0.7061478713716286,
    0.7150712125543235, 0.7170422383840532, 0.7141721723736196,
    0.6989472149938777, 0.7169418898613555, 0.7222246268521183,
    0.694693122437035, 0.7188730879106384, 0.7229601237652957,
    0.7235738036857136, 0.7234004820170611, 0.7195948500564134,
    0.7297332999498948, 0.7373228425133055, 0.7336477993623071,
    0.7301225744295811, 0.7287798215081724, 0.7366528904092485,
    0.736865217918935, 0.7336262365182243, 0.7356539636418439,
    0.7148337074811907
  ],
  "training_time": 905.2147526741028,
  "avg_gradient": 0.006237672725849484,
  "memory_usage": 1152.220703125
}
