{
  "train_losses": [
    0.2661406767109166, 0.22103544049288915, 0.19981813212127789,
    0.18192803114652634, 0.17205632583278677, 0.16120846205107545,
    0.1527588393782144, 0.1470143949289037, 0.14207783547918434,
    0.13799655878835398, 0.13039518491891416, 0.1269440039101502,
    0.12371016637948544, 0.12163623365695062, 0.11494155130956484,
    0.11169238084846217, 0.11005877837052812, 0.1057452256993755,
    0.1032445651843496, 0.10394070564728716, 0.09847531338100848
  ],
  "val_losses": [
    0.28816528067640634, 0.22264479003522708, 0.19222336165283038,
    0.17632375268832498, 0.17005995207506677, 0.22378767800071966,
    0.1705505279419215, 0.1539766785243283, 0.15203039672063745,
    0.14594998777560567, 0.1421924071467441, 0.143292510315128,
    0.13848113462976788, 0.13981979226936464, 0.1391702650681786,
    0.13580894227261128, 0.13694882004157358, 0.13407770544290543,
    0.14026149945414584, 0.1353805134801761, 0.1575402204433213
  ],
  "train_ious": [
    0.4620924351089026, 0.5465511734718862, 0.5845178573567799,
    0.6181826566116533, 0.6368531460023444, 0.6562724234941212,
    0.6731947849950066, 0.6831096575959869, 0.6919321613251299,
    0.7001602275540001, 0.7133203712494481, 0.7192815233399898,
    0.7255954340208267, 0.7294798895608688, 0.7417515503323595,
    0.7475241242327556, 0.7506850131287955, 0.7579149957476317,
    0.7629069013764029, 0.7619643913770936, 0.7716345293042458
  ],
  "val_ious": [
    0.4782919017193109, 0.5432834577733191, 0.6034031794338987,
    0.6337003964876782, 0.648425571296526, 0.5545732107931289,
    0.6406821673331053, 0.6713242468194685, 0.6733308147261107,
    0.6873682467401891, 0.6924232777909956, 0.6907712437104491,
    0.6993814089160033, 0.6979616131039631, 0.7011816870907077,
    0.7105877310901446, 0.7057474713394606, 0.712165943522384,
    0.7059593163970589, 0.7133145271867946, 0.6827849784623021
  ],
  "training_time": 472.8964605331421,
  "avg_gradient": 0.006021463920423313,
  "memory_usage": 1152.220703125
}
