{
  "train_losses": [
    0.27620315778514615, 0.22984046877726264, 0.20275289233288038,
    0.18789536287279232, 0.17392277507030446, 0.16338351304116455,
    0.15658002662593903, 0.14923298160505036, 0.14141963377756916,
    0.13800018450812154, 0.1317638160417909, 0.12678856196124916,
    0.12353137103111847, 0.12416006746175497, 0.11632492194843033,
    0.11211640371576599, 0.10971549699973801, 0.10689017375040313,
    0.10475059347632139, 0.10223261404620565, 0.10133300644710012,
    0.10241216226764348, 0.09677487048927856, 0.09072246908655633,
    0.0919354809448123, 0.09201976750046015, 0.08932763674174962,
    0.08490349793725688, 0.08262386173009872, 0.08698350644629935,
    0.08039799454095571, 0.08460921879209903, 0.07857572372354892,
    0.07639869940264718, 0.07436444345132812, 0.0755258810342006,
    0.07468739718846652, 0.07526834918510007
  ],
  "val_losses": [
    0.248949710117734, 0.21402046084403992, 0.19326101405465085,
    0.1779940740569778, 0.18501966738182565, 0.16825124912935754,
    0.15530599702311598, 0.1675660823998244, 0.1550553580341132,
    0.14238392221538917, 0.14787621715146562, 0.14938769068406976,
    0.15355638511802838, 0.13942703021609265, 0.14223305168359177,
    0.14261306482164757, 0.13743236968698708, 0.13681945431491602,
    0.14418849025083624, 0.13432593465499257, 0.15098628304574802,
    0.1483659553139106, 0.1322512271935525, 0.13744539994260538,
    0.14250317329297896, 0.13874147799999817, 0.13903530265973962,
    0.1331182668066543, 0.15215694094481674, 0.13740113588130992,
    0.13627747349117114, 0.1359791559693606, 0.14255027391988298,
    0.13706178833609042, 0.13792434593905573, 0.14534160268047583,
    0.14264604190121527, 0.1471258981720261
  ],
  "train_ious": [
    0.43776952270148467, 0.5314271781269623, 0.5819075540841923,
    0.6081632707753905, 0.6336335817324944, 0.652113777949758,
    0.6660073939980803, 0.679025305354077, 0.6931566027519496,
    0.6996300550906553, 0.7111053200627585, 0.7204638931738292,
    0.726125872329525, 0.7244256795856401, 0.7393420320274171,
    0.7464973273808543, 0.7508852683223677, 0.7558079933126765, 0.7597806195634,
    0.7644980694504752, 0.766422833653464, 0.7644524679559731,
    0.7751164041135619, 0.7858525202002214, 0.7840451220239422,
    0.7834648087188824, 0.7888194201649096, 0.7970153285541397,
    0.801820060049278, 0.793061546117499, 0.8059913017179656,
    0.7985147963399474, 0.8096697462209758, 0.8142403611454406,
    0.8187374466139343, 0.8158708963057266, 0.817953137167986,
    0.8163899484535924
  ],
  "val_ious": [
    0.4885349802780844, 0.5631501526720284, 0.6017540853092636,
    0.6218944178975147, 0.6101448751878046, 0.6415738936351694,
    0.673911006770272, 0.6601737085459888, 0.6655914597753168,
    0.6945274748663973, 0.6852515909982764, 0.6898979797311449,
    0.6748950598032577, 0.7014074686212818, 0.700301434682763,
    0.7007631372282471, 0.7060655729062317, 0.7115554187608801,
    0.7037737442963367, 0.7164627944213757, 0.6973818410997805,
    0.6978023782156513, 0.7223125147646752, 0.7205071067032607,
    0.7120539209117062, 0.7175626420024513, 0.7203397491703862,
    0.7279842295076536, 0.7131931291542191, 0.7227466095616855,
    0.7299593080213104, 0.7264042099316915, 0.7279626740061719,
    0.7305747829917546, 0.7338343778814094, 0.7219751475081928,
    0.7229175822458404, 0.7207050068654877
  ],
  "training_time": 854.9305851459503,
  "avg_gradient": 0.002931519375594195,
  "memory_usage": 1152.220703125
}
