{
  "train_losses": [
    0.27120606617435167, 0.222722505259773, 0.19921532030338826,
    0.18198330084914746, 0.16948438200937666, 0.16132625070926937,
    0.152517132744517, 0.14778782326080228, 0.1406650335892387,
    0.13723527125852264, 0.12998710309519715, 0.13049627480137607,
    0.12537001761729302, 0.120040037183334, 0.116320485856546,
    0.1108277482992929, 0.10984323157564453, 0.10778103505625673,
    0.1041396021761972, 0.10236502309208331, 0.10019668641135744,
    0.09542793853451377, 0.09378427331862242, 0.09092358568602282,
    0.0917573070720486, 0.08686091872337072, 0.08798310035110815,
    0.09049046274436556, 0.0842568673517393, 0.08605606007673171,
    0.08645963842940071
  ],
  "val_losses": [
    0.24667878157418707, 0.23462254716002423, 0.2298660145505615,
    0.19451259173776791, 0.19016719609498978, 0.16914471562789835,
    0.15668566039075021, 0.1574650536412778, 0.15123253672019296,
    0.16694138425847757, 0.1604701858823714, 0.15569408853416858,
    0.14399924048263094, 0.15582467826164287, 0.1447489319936089,
    0.14409307001725488, 0.1440774748182815, 0.15006663131973016,
    0.1401540952856126, 0.1438755825485872, 0.13963864970466364,
    0.14295907334788985, 0.13400044567559077, 0.1383002842574016,
    0.14439126638614613, 0.13656846838800804, 0.14066596458787503,
    0.1367427777984868, 0.14142052456736565, 0.1495968616850998,
    0.15058887766107268
  ],
  "train_ious": [
    0.45031075440077234, 0.5437095352327048, 0.5879613264477337,
    0.6199408709678961, 0.6413961279111501, 0.6566759919666726,
    0.6724510763002483, 0.6827215949154418, 0.6958252407502438,
    0.700705499968667, 0.7145725061064183, 0.7130609211930333,
    0.7229756728030636, 0.7325116211845395, 0.7388426984349891,
    0.749220957574637, 0.7509852746582548, 0.7548411137599879,
    0.7616715883647187, 0.7650104957106321, 0.7685141119080179,
    0.7770419244964913, 0.780586461388114, 0.7860883568292083, 0.78450581015668,
    0.793834664197504, 0.7921402323721111, 0.7869652682996313,
    0.7989020819465322, 0.7952615729924567, 0.7946393792719948
  ],
  "val_ious": [
    0.5018254531466442, 0.546017844715844, 0.546991169128729,
    0.5995572606722515, 0.6105321084243664, 0.6443178515503372,
    0.665548924518668, 0.6659991849159848, 0.6775187897509423,
    0.6568442876788151, 0.6690782392802447, 0.6746297571538153,
    0.691481295271196, 0.674723235161408, 0.6970460229161857,
    0.6962641732416293, 0.6985204334276309, 0.6876547191885934,
    0.7060967502386675, 0.6997917123894761, 0.7107107362885404,
    0.7066541562477748, 0.7167553227880726, 0.716401324108027,
    0.712959699008776, 0.7227439770232078, 0.7126678766115851,
    0.7187376179988836, 0.7137924035390217, 0.7120695723139722,
    0.698843181565188
  ],
  "training_time": 700.2049295902252,
  "avg_gradient": 0.003968152546349253,
  "memory_usage": 1152.220703125
}
