{
  "train_losses": [
    0.26394842702733434, 0.21406651620307696, 0.19469367388797842,
    0.17955166449689347, 0.16694673831048218, 0.15982847191069438,
    0.1527877215538984, 0.1457866182874726, 0.14151889199148054,
    0.13761330999272026, 0.13190136428760446, 0.12731070589760077,
    0.1241816153101947, 0.1209906244488514, 0.11842614760541398,
    0.11480290754495756, 0.10986082681009303, 0.10725957013504661,
    0.1046060455315139, 0.10250550382973059, 0.10438258034865493,
    0.0950599858213378, 0.0923286002210301, 0.0912547685286921,
    0.08848344425306372, 0.08701576847259117, 0.08772813455890054,
    0.09076594848833654, 0.087023357293852, 0.08186317518677401,
    0.08213605298458235, 0.08227323546357777, 0.07959135022500287
  ],
  "val_losses": [
    0.23795868780301965, 0.19982242908166803, 0.18928566510262695,
    0.1682624654925388, 0.18342986476162207, 0.1833624000782552,
    0.15019667278165402, 0.15922223808972732, 0.1808949576123901,
    0.14811132913050445, 0.158817314259384, 0.14088330968566562,
    0.1610287735643594, 0.1730633543237396, 0.14116227464831393,
    0.1425091565951057, 0.14017044104959653, 0.1313119222936423,
    0.13560089582334395, 0.13316628045361975, 0.1461495289012142,
    0.13289456522983054, 0.13084411167580148, 0.13231276251051738,
    0.13915892479860265, 0.13364628993946573, 0.12927479863814687,
    0.13527572592315468, 0.13561578321716058, 0.13744023928175803,
    0.13886519991185353, 0.1373955116647741, 0.14190255559009055
  ],
  "train_ious": [
    0.4668720466746155, 0.5609276107093993, 0.5959460325539111,
    0.6223151745355645, 0.6456676650306453, 0.6602706583081812,
    0.6727718592121978, 0.6854574802885022, 0.6935291951117306,
    0.7011440945924193, 0.7102882697962332, 0.7191124081179716,
    0.7258570692029555, 0.7310727143633191, 0.7353096983355023,
    0.7418311614597188, 0.7508871238948641, 0.755859283541424,
    0.7601849709947904, 0.764994278388179, 0.7612069024016026,
    0.7780527916831382, 0.7831358240674369, 0.7856074280065034,
    0.790650977658621, 0.793275564801002, 0.792038887091305, 0.7866803990218082,
    0.7934610039211698, 0.8037895869085752, 0.8028392368468686,
    0.8034388313906782, 0.8082529799877733
  ],
  "val_ious": [
    0.5219477318983147, 0.5882828023986538, 0.5998634955157404,
    0.6466112234022304, 0.6282269457976021, 0.6349779047827792,
    0.67661616227765, 0.6566873324522072, 0.6350829398286516,
    0.6882481611725212, 0.6837522288163503, 0.6969071417183115,
    0.658911600061085, 0.6473135647998339, 0.6986764077691064,
    0.6969834170911623, 0.7044763755107271, 0.7171154842860458,
    0.707905939091807, 0.7169757504826005, 0.7015316713115441,
    0.7182094716075538, 0.7206957221463107, 0.7261254357686941,
    0.7221628768720489, 0.727060687714729, 0.725377054102179,
    0.7250034465737967, 0.7271212356677954, 0.72954470243143, 0.72578788732273,
    0.7231029729912247, 0.7205581751422604
  ],
  "training_time": 747.2966616153717,
  "avg_gradient": 0.0058573261957905395,
  "memory_usage": 1152.220703125
}
