{
  "train_losses": [
    0.27025033266324067, 0.22167702934340291, 0.1989165901651849,
    0.18101614162973736, 0.17211624656034552, 0.16225141626985176,
    0.15610255799053804, 0.14838253281524647, 0.14509233921442344,
    0.14080395513092694, 0.1360334365264229, 0.13124681600248037,
    0.12693491792711226, 0.12496889686292928, 0.12156517678142889,
    0.11599643621593714, 0.11416447385335746, 0.11285294527592866,
    0.11052146173365739, 0.10540065448731184, 0.10264704477689836,
    0.1013681294153566, 0.09773067716995011, 0.09901205693250117,
    0.09163456531646459, 0.09015818916099227, 0.09286438390288664,
    0.08813119493424892, 0.08759101030781218, 0.08509762382701687,
    0.0827628000760856, 0.0812643950238176
  ],
  "val_losses": [
    0.25100066253672476, 0.19923946423375088, 0.19003096190483673,
    0.21309143887913745, 0.16989075910785925, 0.17898615190516348,
    0.15742410363062567, 0.15168001470358475, 0.1439518820008506,
    0.1489543270157731, 0.14153900386198706, 0.14350432060334994,
    0.13883680315769237, 0.14212224664895431, 0.15328090232999428,
    0.13525219358827756, 0.13604364560350127, 0.13692479224308676,
    0.12856205633800963, 0.13430335259307985, 0.1364661515083002,
    0.13274432200452554, 0.1305044661073581, 0.1276650627994019,
    0.12649776576005894, 0.13863135890468306, 0.13477005323638086,
    0.13375002874628358, 0.13221829886669698, 0.12667586379077123,
    0.12747450836974641, 0.143784969235244
  ],
  "train_ious": [
    0.4518471611258777, 0.5476826954686987, 0.5886536273241475,
    0.621289795291596, 0.6371864885955618, 0.6555480380960994,
    0.6661365546178132, 0.6802926173676613, 0.6861978570080324,
    0.6941991410609605, 0.7031931463035123, 0.7107726858685846,
    0.7193835029459522, 0.7231972809826978, 0.7291253547629587,
    0.7395466857630272, 0.7432972996131232, 0.7449362145169924,
    0.7498176444483835, 0.758794095583152, 0.7640653017746367,
    0.7664664112355394, 0.7729340877545916, 0.7709816962588525,
    0.7843193376733769, 0.7874005028195138, 0.7821949566512001,
    0.7911489518980185, 0.7922985321045788, 0.7968412532970524,
    0.8017367434998354, 0.8048551499411679
  ],
  "val_ious": [
    0.5059299571574597, 0.5917816254971683, 0.6003193090791287,
    0.5708388173277827, 0.6420473449903986, 0.6308883130550385,
    0.6622363242550172, 0.6789459091597712, 0.6895018803036731,
    0.6772929842489352, 0.6973821490571119, 0.6942139518433723,
    0.6995085564212523, 0.6952320944139924, 0.67865751683712,
    0.7090517265209251, 0.70838505850322, 0.7070968129496644,
    0.7200879322877832, 0.7111861139967821, 0.70994456069193,
    0.7182144339101901, 0.7240815017966256, 0.7259810582019278,
    0.7308333766633185, 0.7120103948358179, 0.7240128469639929,
    0.7226424353278201, 0.725771273607793, 0.7376688723114952,
    0.7353655622489211, 0.7168808858031813
  ],
  "training_time": 720.3230020999908,
  "avg_gradient": 0.003425619140439685,
  "memory_usage": 1152.220703125
}
