{
  "train_losses": [
    0.2842243329986282, 0.2372939372840135, 0.21353249600076157,
    0.19744343488760616, 0.18273570056518781, 0.17317940983111443,
    0.1664566967393393, 0.15731208350347436, 0.15150151422004338,
    0.14741811654328005, 0.14323456553013428, 0.13908565186126076,
    0.1352466899982613, 0.12908787976788438, 0.1268306657186021,
    0.12389946332120377, 0.1229748340404552, 0.11970528644388137,
    0.1137474792726014, 0.11131110657816348, 0.10877949270703223,
    0.10728475653930851, 0.10136221446420836, 0.10112694266211728,
    0.09823947594217632, 0.09939290449509154, 0.09387116705107948,
    0.09180662392274193, 0.08842308211909689, 0.08799238632554593,
    0.08614941330059715, 0.08731743592121032, 0.08261706015985945,
    0.0798557439778486, 0.0828114079878382, 0.08193051523488501,
    0.08333008222119964, 0.07889128524972044
  ],
  "val_losses": [
    0.2531510125035825, 0.2406523017131764, 0.20994819441567297,
    0.1911633306223413, 0.1882020244779794, 0.1834905128116193,
    0.1682001864132674, 0.16571522730848062, 0.15105972001733986,
    0.14839220289950786, 0.1487112090639446, 0.16599992824637372,
    0.1444111045288003, 0.14740407612660658, 0.1568845905687498,
    0.14608714292230812, 0.13883268217677655, 0.14064384381408276,
    0.13505657373563104, 0.14005934900563696, 0.14131125370445458,
    0.13510596914135892, 0.14299395016354063, 0.14212700983752374,
    0.13218716920717902, 0.1384098094118678, 0.13703165754027988,
    0.13304933549269385, 0.13162986513065256, 0.13703265543217244,
    0.13458765622066415, 0.1424839572738046, 0.13344540106861488,
    0.14879890029197154, 0.13182754685049472, 0.1416916915256044,
    0.1341038095238416, 0.14254249794327695
  ],
  "train_ious": [
    0.4265715136071262, 0.5189108683093301, 0.562016717792637,
    0.5906759972103695, 0.6177322356489259, 0.6363328248262404,
    0.6486674718882728, 0.6640922893648559, 0.6748444730604904,
    0.6824329334000749, 0.6894991692641504, 0.6975657520950704,
    0.7055110515675684, 0.7156010723632318, 0.7199567723209448,
    0.7249438069976756, 0.726568602025509, 0.7330620865998919,
    0.7439683431192583, 0.7483646669897481, 0.7533576510630658,
    0.7556443625818128, 0.7670238454812682, 0.7668198872951497,
    0.7720233150690367, 0.769798399691564, 0.7806165786325067, 0.78443724003391,
    0.7908622431366343, 0.7917657068566136, 0.7953772116182504,
    0.7925826840210656, 0.8020311209602633, 0.8080378983547724,
    0.802201071727103, 0.8041258041841388, 0.8010273506675946,
    0.8103005212826138
  ],
  "val_ious": [
    0.48472144735464145, 0.5177500279269359, 0.576062126652054,
    0.6018397887979727, 0.6083347421625386, 0.6189680190190027,
    0.6511647100897803, 0.6493792341671127, 0.6757596901793411,
    0.6795166817264279, 0.6798825855704321, 0.6641546133635702,
    0.6917995171270511, 0.6906068217063295, 0.6686169453289199,
    0.6908074759918709, 0.702858587106069, 0.699237466722295,
    0.7087876550529316, 0.7029490373704743, 0.7047310845143554,
    0.7157888634913209, 0.698159557969674, 0.7026349962621495,
    0.7201946757841798, 0.7096415248470029, 0.7190684380306713,
    0.72112378521242, 0.7257350335518519, 0.7269000560045241,
    0.7205285205357318, 0.7224198167306789, 0.7308342417945031,
    0.7180081659900969, 0.7273866009453068, 0.7125318801921346,
    0.7234898410413575, 0.7195652198532352
  ],
  "training_time": 855.7323122024536,
  "avg_gradient": 0.002290612639417734,
  "memory_usage": 1152.220703125
}
