{
  "train_losses": [
    0.2692874205987091, 0.22709042975760024, 0.20573647725193397,
    0.1894625691777986, 0.1758051240897697, 0.1629725737578195,
    0.1589640889154828, 0.1512378617797209, 0.14466321889473044,
    0.1374741672011821, 0.13133360623665477, 0.12776011584893518,
    0.1251339769071859, 0.12004218100691619, 0.11619112632520821,
    0.11186932910071767, 0.10863436058001674, 0.10692454157802074,
    0.10590714228379985, 0.1009540340822676, 0.09899800975361596
  ],
  "val_losses": [
    0.24376878304326016, 0.22179994472990866, 0.19932501018047333,
    0.18923743619866992, 0.17604520042305408, 0.1626172026862269,
    0.1747657426673433, 0.1593269479015599, 0.14858635903700537,
    0.14579708987604018, 0.14259292881773866, 0.1529496631220631,
    0.13869209296029547, 0.14467447186293808, 0.14601817484135213,
    0.14325333985945451, 0.13929657621876054, 0.14780374081886333,
    0.13869963408164357, 0.13997252091117526, 0.15204949498824452
  ],
  "train_ious": [
    0.4490496613379683, 0.5376369027771812, 0.5757344107319048,
    0.6049730394413505, 0.6299934862316519, 0.6533501353384793,
    0.6619378683575683, 0.6749370774065236, 0.6877535758135114,
    0.7001768875381219, 0.7112534276169279, 0.718451674217763,
    0.7222915320400741, 0.7324352579164334, 0.7390180065472061,
    0.746282824625572, 0.7523374372310395, 0.7559784244260063,
    0.757377681794806, 0.766860266742499, 0.7706246861405136
  ],
  "val_ious": [
    0.5101233238111371, 0.5435178230206171, 0.5823749257386595,
    0.6005091357274334, 0.6228604344786078, 0.6505505449098089,
    0.6296699897966523, 0.6588564718115157, 0.6781113873357357,
    0.6851156399301861, 0.6932929924864698, 0.6803931149019712,
    0.6999406209890394, 0.6944548317055773, 0.6978328150251637,
    0.7041584220917332, 0.7031442196904749, 0.6992606946091722,
    0.7079207203958345, 0.7067253909249238, 0.686884209945582
  ],
  "training_time": 474.9219181537628,
  "avg_gradient": 0.0055944059087622705,
  "memory_usage": 1152.220703125
}
