{
  "train_losses": [
    0.2655208246053561, 0.21862543479579946, 0.19435456200786258,
    0.17844020243248213, 0.16566403040095515, 0.15670657907005237,
    0.15005968535399955, 0.14554043672978878, 0.13831609981539456,
    0.1338559142516359, 0.12932164833435547, 0.1283179466896083,
    0.12172735526995815, 0.11790215345504491, 0.11497222551185152,
    0.11383949199934369, 0.10939898337844921, 0.10675843711942434,
    0.10401851060273855, 0.09890367536117202, 0.10054168850183487,
    0.09760146187213452, 0.09200797177365293, 0.09522104307847179,
    0.09135621514819238, 0.08695173514601977, 0.08461485665453516,
    0.08682705121843712, 0.08101336743034747, 0.07911538599949816
  ],
  "val_losses": [
    0.2432758027444715, 0.22271209728458655, 0.1914307005379511,
    0.17846722609323004, 0.16236227070507797, 0.15674946813479715,
    0.17225838808909708, 0.15850797684296317, 0.1434864335409973,
    0.1394177587783855, 0.14779878002793892, 0.13633584846620975,
    0.1411570457984572, 0.1346494706104631, 0.14529755905918454,
    0.13115311916107716, 0.12984633040816887, 0.13968628612549408,
    0.1375333299131497, 0.13165534384872601, 0.13163736592168393,
    0.13148026168346405, 0.12658590159338454, 0.13425104692578316,
    0.12529108916287837, 0.1319349783918132, 0.13289075620148494,
    0.13143343089715295, 0.1300219809231551, 0.14063502167877945
  ],
  "train_ious": [
    0.4622999798182561, 0.5532017784004194, 0.5985707801537236,
    0.6253835839097914, 0.6495442267885243, 0.6654837048356084,
    0.6790178510481898, 0.6865341765941055, 0.6987102060862209,
    0.7081088687738645, 0.715807497231425, 0.718211552101201,
    0.7298848751554455, 0.7368970896130888, 0.7424482025638007,
    0.7444258675087186, 0.7522384766759211, 0.7571925658030788,
    0.7624190049110978, 0.7714744665916414, 0.7682786790141165,
    0.7739064531481784, 0.7841646838123381, 0.7780083023767541,
    0.7849357812732884, 0.7939625353268953, 0.7983701357590979,
    0.7938893948668154, 0.8053826299914418, 0.8091904861123667
  ],
  "val_ious": [
    0.518179515565651, 0.554064324044663, 0.6042592996272487,
    0.6306867418081865, 0.6574766342190729, 0.6656025777692381,
    0.6479407268157903, 0.6642010479733566, 0.6878128626208375,
    0.6963672363671705, 0.6866629827713621, 0.7037739626307422,
    0.698904078507769, 0.7060446762952253, 0.6948681048293046,
    0.7145650892154031, 0.7201284418503444, 0.7060739920623063,
    0.705922305367995, 0.717428720947625, 0.7186598868473716,
    0.7225419965343202, 0.7251517254373302, 0.7119300799525304,
    0.734777545367462, 0.729614323032075, 0.7274842359449554,
    0.7241655652937682, 0.7322751953118087, 0.7167805709700658
  ],
  "training_time": 675.3229010105133,
  "avg_gradient": 0.010548611034024625,
  "memory_usage": 1152.220703125
}
