{
  "train_losses": [
    0.2890101202318202, 0.23318741502969162, 0.20957293814939001,
    0.1970835264934146, 0.1831708673549735, 0.17543131064461626,
    0.1634702370704516, 0.15560170809697846, 0.15097787304093008,
    0.14647798722042984, 0.14208709213720716, 0.13556617125868797,
    0.1338475768899788, 0.1280572467038165, 0.12351515609771013,
    0.12206648184877375, 0.11502671772209198, 0.11563328301291102,
    0.11025120840286431, 0.10773918846541125, 0.10451604790337708,
    0.10328968015053998, 0.10049216262996197, 0.09620373866156391,
    0.0932681244271605, 0.09559105089663164, 0.090541227599201,
    0.0877872922093324, 0.087704974712561, 0.08721578202169875,
    0.08374144181447185, 0.08185182860040147, 0.07986251932933279,
    0.0847366106008058, 0.07935707052440746, 0.08101632381262987,
    0.07827099432925815
  ],
  "val_losses": [
    0.2592754312183546, 0.22004128571437753, 0.214490108191967,
    0.21346081339794656, 0.22940355604109558, 0.17422957783160004,
    0.16464581664489664, 0.1723537577883057, 0.15135712030789125,
    0.159280169269313, 0.1559532843530178, 0.15338393932451372,
    0.14525706968877627, 0.14706914645174277, 0.14897663842724718,
    0.14761556765955428, 0.14513785213879918, 0.1453804075717926,
    0.14184509233936018, 0.14179037478954895, 0.13378197359650032,
    0.15119926226527794, 0.13517893559258917, 0.13376803210248117,
    0.14755878613694853, 0.1439986449220906, 0.1337232445569142,
    0.13538004020633904, 0.14042359185607536, 0.13253354524140773,
    0.13715259261105373, 0.1419643960569216, 0.14764468404261963,
    0.13579230366841608, 0.1427901477917381, 0.14219733100870383,
    0.15089677403802457
  ],
  "train_ious": [
    0.4162670026239736, 0.5281260502727131, 0.5700183296711112,
    0.5907548642244889, 0.6160229450982554, 0.6312736416964427,
    0.6513027470504894, 0.6665810176535791, 0.6737508698218108,
    0.6839746108845521, 0.6912742095688977, 0.7046303021303121,
    0.7066352608735145, 0.7170887728208217, 0.7255135321098826,
    0.7284141077619534, 0.741248535235291, 0.7402885572957819,
    0.750016695401375, 0.7540403452796349, 0.7597402742375496,
    0.7625609749145271, 0.767734774212906, 0.7753410781531231,
    0.7810357294004896, 0.7763793385331184, 0.7862554748637088,
    0.7910908717608105, 0.7915317336286324, 0.7920690584333911,
    0.7990548686272858, 0.803161749157353, 0.8068606154858208,
    0.7978223582216795, 0.8080485675861874, 0.804648864636387,
    0.8102669653253278
  ],
  "val_ious": [
    0.48017605588487944, 0.5584769119387089, 0.5632900779230006,
    0.567151990705642, 0.5847254302622613, 0.6369779896045076,
    0.6511667858863223, 0.6446013238982876, 0.6786031681990279,
    0.6651861788570019, 0.67267621146596, 0.6820256980001063,
    0.6917542320662651, 0.6866845339536668, 0.6898568641880286,
    0.685079445873482, 0.6975574009660362, 0.6931931706874268,
    0.7011056849058125, 0.7051637464243431, 0.7129361687794976,
    0.6937139723179999, 0.7135789446208787, 0.7178862170464752,
    0.7029378774805347, 0.7058385515558546, 0.7212661496107131,
    0.7263372343951378, 0.7152236654706625, 0.7233580646739491,
    0.7196099568104399, 0.721215879355652, 0.7155682947756589,
    0.723205807632294, 0.7201845350040905, 0.7232375559599504,
    0.7137931198745534
  ],
  "training_time": 832.1115119457245,
  "avg_gradient": 0.0016897509999592073,
  "memory_usage": 1152.220703125
}
