{
  "train_losses": [
    0.2833598152450893, 0.23201672052559646, 0.20666460223172023,
    0.18982221736856128, 0.17686883732676506, 0.16800181389502858,
    0.15845058749065452, 0.15170279918643442, 0.1450534517188435,
    0.1422965152837012, 0.14015196000590271, 0.13431299461618715,
    0.12895626918939146, 0.1250537885757892, 0.12257549960328185,
    0.12065995545328959, 0.1144865349178081, 0.11486847646048536,
    0.1119737044867614, 0.1095611139646043, 0.10541917185258606,
    0.10578199500299018, 0.1023248286674852, 0.1009415184431102,
    0.09686564722948748, 0.0956795915313389, 0.09452505624326675,
    0.09075378505108149, 0.08992847541104192
  ],
  "val_losses": [
    0.2530039383665375, 0.21816086445165717, 0.20553251193917316,
    0.18256135576445123, 0.17996409697377164, 0.18231306937725647,
    0.16561256899781848, 0.16047462497068488, 0.14862828815112944,
    0.14772515241866527, 0.14067651039880255, 0.14507220523512881,
    0.13570915356926297, 0.13658980280160904, 0.1444344081632469,
    0.14230427631865378, 0.14531965958683388, 0.1344885304570198,
    0.13517218390884606, 0.1380519444203895, 0.13190197944641113,
    0.14079700329381487, 0.13002797621099846, 0.14027049716400064,
    0.13811218204057735, 0.14852366499278857, 0.13300845674846484,
    0.13128874386134354, 0.14662343247429185
  ],
  "train_ious": [
    0.41988947316059383, 0.5272763564750766, 0.5749955174607646,
    0.6052910960346893, 0.6305113007193024, 0.6457879864543244,
    0.661798515883477, 0.6742135218304136, 0.6869121235997779,
    0.6921814344823362, 0.6972712129894376, 0.7069733896549198,
    0.7157686843496305, 0.7233136270357212, 0.7275217776929124,
    0.7313959344789593, 0.7420476714985954, 0.7413949512377166,
    0.7464643743267095, 0.7511061332795927, 0.7591717974215312,
    0.7577616694936719, 0.7646642359702484, 0.7670989203388274,
    0.7751141991196333, 0.7770950344485648, 0.7791183334437832,
    0.7859995953090811, 0.7880568563722185
  ],
  "val_ious": [
    0.4933742495334666, 0.5533564503210178, 0.5859247707370396,
    0.615459610586581, 0.6257979345062504, 0.6340992498225061,
    0.6528203999218732, 0.6606167481429335, 0.6823508231968118,
    0.6841509491205217, 0.6986979388672374, 0.6878623027300488,
    0.7054540925267815, 0.7070931444565456, 0.6943249194950297,
    0.6970537477645322, 0.6945126829803854, 0.7094771952732749,
    0.7180932520524316, 0.7085400880246923, 0.7162328198336175,
    0.7090453673963961, 0.723086223654125, 0.7126042637704074,
    0.7149401248797125, 0.6997434231250182, 0.7235779833534488,
    0.7289807422869446, 0.7045328014570734
  ],
  "training_time": 654.7006075382233,
  "avg_gradient": 0.005391861533263418,
  "memory_usage": 1152.220703125
}
