{
  "train_losses": [
    0.28227098043198173, 0.2375470504326665, 0.21671847780437573,
    0.19695016061482223, 0.18569880950710047, 0.17338875073777593,
    0.16394139534753302, 0.1589550572326002, 0.15166253977171754,
    0.14501601234888253, 0.14096914701487706, 0.13481104888183915,
    0.1304062984721816, 0.1254697311669588, 0.12145672386269206,
    0.11840432242530843, 0.11371472064891587, 0.11151907503928828,
    0.1088789787305438, 0.10729475776948359, 0.10162458653845217,
    0.10154859243851641, 0.09885461438123298, 0.09702918986263483,
    0.09208633714234052, 0.09280185798264068, 0.09176134978137586,
    0.08755059556468674, 0.08830874692648649, 0.08666477295691552,
    0.08748711528175551, 0.0849170433357358, 0.08156362815719584
  ],
  "val_losses": [
    0.2511715088849482, 0.23179017655227496, 0.2094701292074245,
    0.20011696899714676, 0.179221348270126, 0.1728706881403923,
    0.1833826536717622, 0.15777960354867188, 0.16412686524183853,
    0.15316668120415314, 0.1445043354254702, 0.14612249365967253,
    0.15599566941028056, 0.1463434435427189, 0.14105053796716358,
    0.14817572968161624, 0.13436433284179025, 0.13592897890054662,
    0.14133092145556989, 0.13907052884283272, 0.1497558692227239,
    0.13414974786017253, 0.13362832513192427, 0.13093406917608302,
    0.13236993194922156, 0.13730018715495648, 0.1335325322073439,
    0.13735057494562605, 0.13187283002164052, 0.13435165827041087,
    0.1314631446224192, 0.12914400839287302, 0.1466267249830391
  ],
  "train_ious": [
    0.4232875479299211, 0.5156052065068397, 0.5552294539368671,
    0.5913542767689711, 0.6119858198731707, 0.6340449195949066,
    0.6515054607196997, 0.6616583844457845, 0.6743719083783418,
    0.6865717497100867, 0.6945771349297053, 0.7053904080952422,
    0.7127024199327693, 0.721852881590957, 0.729880752392869,
    0.7357162311673163, 0.7428302398302419, 0.7476049096903943,
    0.7516144403944842, 0.7553423372083816, 0.7656999493854627,
    0.7656121478024598, 0.7704357231116817, 0.7741970862599387,
    0.783544177054495, 0.7824233767671002, 0.784471536136192,
    0.7926608596159064, 0.7906173695472702, 0.7941000503150452,
    0.792143773449504, 0.7974293927351633, 0.803938968242079
  ],
  "val_ious": [
    0.49116076248279505, 0.5189427840320961, 0.5635745270528656,
    0.5890806608873863, 0.6252998161143151, 0.6421161365249882,
    0.6264360709034877, 0.6679390185121177, 0.6572057872578717,
    0.6736534978600515, 0.6900251918080925, 0.6877939865209054,
    0.6684082783218743, 0.6943908558375594, 0.6946730652581092,
    0.6884522323591121, 0.7155247697795647, 0.707666002537893,
    0.7033312130665434, 0.7101027207530063, 0.6963943245186323,
    0.7195451244495917, 0.7161196902178335, 0.7196691172278444,
    0.7219397818696672, 0.714453134631765, 0.72678839188555, 0.7181463295566862,
    0.7200315264256105, 0.7218489677145862, 0.7288591829331025,
    0.733593077979226, 0.7092117535463278
  ],
  "training_time": 742.6083235740662,
  "avg_gradient": 0.005138009172171316,
  "memory_usage": 1152.220703125
}
