{
  "train_losses": [
    0.28699571493527165, 0.24443499549575473, 0.21983442204477993,
    0.2007910415692174, 0.1838145017137994, 0.1751746451077254,
    0.16457756203801735, 0.1577545029475637, 0.1511826431783645,
    0.14634637109449375, 0.1424187310039997, 0.13467511437509372,
    0.13062316640887572, 0.1293060857316722, 0.12360017074514991,
    0.12092284307531688, 0.11746172910637181, 0.11608538914309896,
    0.1125076390073999, 0.1137783511987199, 0.10546453544141157,
    0.10101049348873936, 0.10081271547824144, 0.09763450414428244,
    0.09557640746883724, 0.09188753467701051, 0.09024128030337718,
    0.08891165386075559, 0.0864972420765654, 0.08486753523997638,
    0.08411510134844677
  ],
  "val_losses": [
    0.25816170482531836, 0.2416819246566814, 0.21193379520074182,
    0.22827744905067526, 0.17489534162956735, 0.1755138191839923,
    0.1665831629348838, 0.17273297517195993, 0.16804461181163788,
    0.15641514406256055, 0.1482124435512916, 0.1457520277927751,
    0.14954148119558458, 0.143932876865501, 0.138299485101648,
    0.1434236738992774, 0.14897420678449713, 0.15811257323493128,
    0.1467204106890637, 0.13570005138931068, 0.14174075910578604,
    0.13069625506582466, 0.13992443162461984, 0.13727162648802219,
    0.13280246860307196, 0.1348489142306473, 0.13988104770364967,
    0.14308314559900243, 0.1368720463436583, 0.13722081984514775,
    0.16445107304531595
  ],
  "train_ious": [
    0.4144196889322736, 0.5023323802574392, 0.5504674954690794,
    0.5862757871062425, 0.61558115547118, 0.6329449557739754,
    0.6512969086567564, 0.663798236436602, 0.6748257609813109,
    0.684674289401459, 0.6911983900312066, 0.704843537639017,
    0.7130596182052641, 0.7150910259156988, 0.7252833819475726,
    0.7302755232954373, 0.7365637527427807, 0.7386050541763719,
    0.7459620497580886, 0.7440023035134954, 0.7584952642412288,
    0.766743388728819, 0.7670688776002413, 0.7730277265975439,
    0.7771792773535288, 0.7836384978415308, 0.7868307224218395,
    0.7896991417459824, 0.7941100952094016, 0.7974817086065163,
    0.7989423012603879
  ],
  "val_ious": [
    0.4688591567286547, 0.5064090179360431, 0.566105598124905,
    0.5384259053330491, 0.6305717843166295, 0.632396386369415,
    0.6475986995990725, 0.6463326887376066, 0.6506025119536164,
    0.6692707549402678, 0.6827479177627012, 0.6883084270833195,
    0.6818377379921899, 0.6916604426459989, 0.6999730195688163,
    0.6977448543344716, 0.6884928347839826, 0.6782930884240331,
    0.6916460360305896, 0.7080049395993135, 0.7057570538659029,
    0.7183554282654888, 0.7079098721345265, 0.7149298126282899,
    0.7194996435141219, 0.7182796146126761, 0.7158444359682608,
    0.714805092284645, 0.7203046193589336, 0.7220587471257085,
    0.6891109768463217
  ],
  "training_time": 699.0442235469818,
  "avg_gradient": 0.009504935237253032,
  "memory_usage": 1152.220703125
}
