{
  "train_losses": [
    0.2792656588489595, 0.23754750532300575, 0.21432804170510042,
    0.1995526599171369, 0.1837889884153138, 0.17305890146804892,
    0.1628371351600989, 0.15701368297247784, 0.1550664582654186,
    0.1451666486328063, 0.1418795870293094, 0.13683270695416824,
    0.13182370024530785, 0.1305846981704235, 0.12542612336414016,
    0.12099348547180062, 0.12012451814244622, 0.11898632626980543,
    0.11251537987719411, 0.10918806294870118, 0.10898438877547564,
    0.10669949926112009, 0.1032633044473503, 0.10294433922061454,
    0.09706021695519271, 0.09614035292812016, 0.09645253407728413,
    0.08897312706255395, 0.08800396100496469, 0.09233422484248877
  ],
  "val_losses": [
    0.30426910519599915, 0.2525741172873456, 0.24832534887220548,
    0.18909387258083923, 0.17821432390938635, 0.16977942346230798,
    0.17351481350867645, 0.2552225764678872, 0.16109621881142908,
    0.15264382229551024, 0.15352013593782549, 0.1457727331182231,
    0.14124219151942627, 0.14487815389166708, 0.13977309575547342,
    0.1563363949889722, 0.1323206881466119, 0.1365838918996894,
    0.13479598320048788, 0.12962667967962183, 0.1387951574895693,
    0.1372467961324298, 0.12982671286748804, 0.13270377059993538,
    0.13036724536315256, 0.12877369429106297, 0.13117614550435025,
    0.1318273703041284, 0.13890726686171864, 0.14356018619044966
  ],
  "train_ious": [
    0.4329993490878814, 0.5172303614031143, 0.5598409448520861,
    0.5870630005779474, 0.6155780274690925, 0.6347500322035688,
    0.6542136074192282, 0.6651424868707204, 0.6666308272144069,
    0.6863463100423847, 0.6921346485614778, 0.7008553991715111,
    0.7104012283726017, 0.7122819145628507, 0.7224693244890028,
    0.7302467018041918, 0.7328156383465168, 0.7343333355974461,
    0.7463339686501719, 0.7524290645252101, 0.7520935264942439,
    0.755940488283185, 0.7627285417115344, 0.7633720479797621,
    0.7739465544945092, 0.7757666223291039, 0.7749959743865158,
    0.7889806287552134, 0.7911254903436569, 0.7828441529494262
  ],
  "val_ious": [
    0.42208779808403785, 0.49560914750116447, 0.5047790315272153,
    0.6099388476299203, 0.6231041483689047, 0.6402695971554606,
    0.635939763507981, 0.5129251689582632, 0.6608592168144561,
    0.6698534367741019, 0.6767689279024154, 0.6883511871531388,
    0.6932352539421857, 0.6898093983746957, 0.6976568130911261,
    0.6866491704747296, 0.7130925836770431, 0.7029642803945405,
    0.7115344135225683, 0.7211749229742135, 0.7063843003217726,
    0.7095289800478063, 0.7214499280072642, 0.7148634424244149,
    0.7239847578432246, 0.7252989955570387, 0.7274290163447891,
    0.7247902759607285, 0.7116902306459951, 0.7073562145233154
  ],
  "training_time": 676.4831414222717,
  "avg_gradient": 0.003948466176471933,
  "memory_usage": 1152.220703125
}
