{
  "train_losses": [
    0.2716948861337226, 0.22578295611816904, 0.20478935483033242,
    0.1865077848019807, 0.1717803929325031, 0.16404106573242208,
    0.15389967896044254, 0.14836295479503664, 0.1454174836449649,
    0.13806971239492946, 0.1312432304105681, 0.12780097357766784,
    0.1254418474095671, 0.12193925678730011, 0.1191226459796662,
    0.11436648172852786, 0.11151901664941208, 0.1091889344236773,
    0.10703844633763251, 0.10275010877977246, 0.10173946586639984,
    0.09948660348258588, 0.09434202823625959, 0.0945697299650182,
    0.09226659422173449, 0.09290262218564749, 0.0949259165107556,
    0.08813376574898543, 0.08467294121889965, 0.08620318580094886,
    0.08306135030706292, 0.08046020854912374, 0.07972972240784894,
    0.07597830944249163, 0.07453759338544763, 0.08487212398777837,
    0.07646781404543182, 0.07547853943770347, 0.07207388029960186,
    0.06974370854542307, 0.07174231369129341
  ],
  "val_losses": [
    0.24545472115278244, 0.21636149805525076, 0.20218030654865762,
    0.19034268869006116, 0.1737142972972082, 0.16275127523619196,
    0.1588784203581188, 0.15953405897902406, 0.14716630947330725,
    0.15303096887858017, 0.1395963694414367, 0.13455816131571066,
    0.1376880261561145, 0.13919502172781073, 0.13793075489609138,
    0.13178316406581714, 0.14579702946154968, 0.1311393987549388,
    0.13147899119750314, 0.13600338023641836, 0.13206607459679895,
    0.1320400184587292, 0.12854615145403406, 0.14125632575672606,
    0.12905875965952873, 0.13894791658157887, 0.1282618159185285,
    0.1280385600807874, 0.12945582183158916, 0.12924913835266363,
    0.12830519740996155, 0.13276369756330614, 0.1337504262185615,
    0.13112071221289429, 0.13659255967839903, 0.13707302381163058,
    0.1268072821523832, 0.12781117953684018, 0.12799565202516058,
    0.12989092537242433, 0.14469415840247404
  ],
  "train_ious": [
    0.4517102118790745, 0.5387736952769151, 0.5755408078270113,
    0.610113660224538, 0.6372841007575611, 0.6521236475395119,
    0.6703280219133352, 0.6813435855227106, 0.687210774616055,
    0.6994099473391752, 0.7115227561174093, 0.7182162896446556,
    0.7231982343330763, 0.72902943669022, 0.7340442153854647,
    0.7423953406944656, 0.7472602923711144, 0.75136846455111,
    0.7560111398174278, 0.7633793093804, 0.7651445822979229, 0.7696337992514392,
    0.7792801050388295, 0.778114684843931, 0.7826888257286688,
    0.7814541175637563, 0.7780170520578601, 0.790991527932709,
    0.7980039239577625, 0.7946660191468571, 0.8008650906276015,
    0.8060177634807598, 0.8077031162337983, 0.8151085032285126,
    0.8183147454823272, 0.7976757980127261, 0.8143132374338475,
    0.8162331899655036, 0.8233716542954028, 0.8281433135271072,
    0.8248417151794918
  ],
  "val_ious": [
    0.505602269500926, 0.554691876946152, 0.593695980915125, 0.5942536277183589,
    0.6382070600554564, 0.6506825521372366, 0.6563764968212101,
    0.6761499202769735, 0.6846150991277417, 0.6786936482657558,
    0.6940458030372425, 0.7067186858343042, 0.7015756236902181,
    0.7003834610399993, 0.7039208267477975, 0.7133569700130518,
    0.6929327195537263, 0.7151823873105255, 0.7189599225918452,
    0.711342724553053, 0.7178198526734889, 0.7175813351852306,
    0.7274820720371993, 0.7132158015949137, 0.7289716257997183,
    0.7145514006631962, 0.7251711941283684, 0.7302273604748907,
    0.7317591106546099, 0.7287216417599415, 0.7326770923707798,
    0.7302741064973499, 0.7301447004943654, 0.7376813471749208,
    0.7309687036103096, 0.7269778543192406, 0.7370807966892269,
    0.7353504021530566, 0.7398517812075823, 0.7393909664689631,
    0.7044200096009435
  ],
  "training_time": 924.1672599315643,
  "avg_gradient": 0.006579407921613037,
  "memory_usage": 1152.220703125
}
