{
  "train_losses": [
    0.2802199042685654, 0.2280316611185022, 0.20439023791771868,
    0.18892304121476153, 0.1768067942365356, 0.1679578119807917,
    0.1592408803332111, 0.15223821029876886, 0.14777465346876695,
    0.14177996867700762, 0.13784375632910625, 0.1350307960630111,
    0.129970186713921, 0.1261504924977603, 0.12505972672901725,
    0.12029063677334267, 0.11585261032957098, 0.11125832496453887,
    0.11079327705437722, 0.11011942063012849, 0.10444192847479945,
    0.10121976669229892, 0.09911690927717996, 0.09785251347753017,
    0.09355354754497176, 0.09230378104130858, 0.08939559806300246,
    0.0875623253295603, 0.08602342228202717, 0.0858705034074576,
    0.08292387494736392, 0.0840532357359062, 0.0847476756848071,
    0.07781413464766482, 0.07644970115760098, 0.07436384078439164,
    0.07720512228653482, 0.0783788375151546, 0.07352596207562348,
    0.07485329246391421
  ],
  "val_losses": [
    0.2427330826935561, 0.21367641765138376, 0.19099045901194864,
    0.19208555441835654, 0.17050631700650506, 0.1640803775061732,
    0.1802225064324296, 0.15187348490175995, 0.14643404292671577,
    0.15340114352495773, 0.1480551604991374, 0.14094387788487517,
    0.17171425599118936, 0.13370776030680406, 0.13691875192782152,
    0.13390745125387027, 0.13616751296364743, 0.12747684299297954,
    0.13916924531045166, 0.12830538335053818, 0.12765151294677154,
    0.12843015482244285, 0.13589674088618028, 0.13634793816701227,
    0.1267357750431351, 0.131521705052127, 0.1314899994303351,
    0.13340295575883077, 0.13354968911279802, 0.1298715370180814,
    0.14076385420301687, 0.13440821125455524, 0.13491973961177078,
    0.13272050525183263, 0.1265622717530831, 0.129648017656544,
    0.14151252498445305, 0.13658879745913588, 0.1334367459234984,
    0.13267399370670319
  ],
  "train_ious": [
    0.43564546188724274, 0.5368615513586479, 0.5789532122890586,
    0.6067468604423862, 0.6285135537601896, 0.6447960686856422,
    0.660295199656832, 0.6739923375240271, 0.6824889378487203,
    0.6928800552327565, 0.7011785959635958, 0.7050430613259471,
    0.7152467794932317, 0.720932745091293, 0.7235337115176345,
    0.7321811455531393, 0.7402805631467397, 0.7482129125923352,
    0.7488662261461867, 0.7510030561707157, 0.7599107227355673,
    0.7666223469203794, 0.7714849945319733, 0.7725569543739156,
    0.7808159701526166, 0.7830553098541236, 0.7889746627837847,
    0.7925308305716167, 0.7956291418792548, 0.795643447533898,
    0.801463085456171, 0.7994381026297376, 0.79761060413675, 0.8115391303663664,
    0.8146328896931977, 0.8188923802496731, 0.8131822960964148,
    0.8107021993053131, 0.8207275310288302, 0.818103322300358
  ],
  "val_ious": [
    0.515861674387386, 0.5544780559729839, 0.5953811413567999,
    0.6001242811697118, 0.6372036616439405, 0.6566001783678497,
    0.6483474257199661, 0.6686086356639862, 0.6824325623287671,
    0.6727302724468536, 0.682255205684814, 0.6924005785714027,
    0.6588469231906146, 0.7089004527399504, 0.7069651102242266,
    0.7065943308930464, 0.7047684749831326, 0.7210391025612318,
    0.7075856502937234, 0.7229657207710156, 0.7225660241168476,
    0.7201358019441798, 0.7098176602436147, 0.7098677871019945,
    0.726843874523605, 0.7253294829009237, 0.7237259289924648,
    0.7235605353894442, 0.7222073481998578, 0.7341990883367648,
    0.7241930426030919, 0.7297146480152573, 0.7237264807673469,
    0.7317914286817329, 0.7387119475482166, 0.735345978019894,
    0.7299834496301151, 0.7325618873903715, 0.7362062635197156,
    0.7334360031114108
  ],
  "training_time": 900.4465777873993,
  "avg_gradient": 0.0027212819481479363,
  "memory_usage": 1152.220703125
}
