{
  "train_losses": [
    0.2770278792342414, 0.22624680221728657, 0.2020304498627134,
    0.18608657959038796, 0.17387837284932967, 0.16583025989973027,
    0.15585424904914005, 0.15194455096903053, 0.14543681093694075,
    0.1403520903347627, 0.13887569535037744, 0.13390540934937156,
    0.12771413374044324, 0.12454461695059486, 0.12212164189828478,
    0.11856366147327682, 0.11668901076621335, 0.11219327941374935,
    0.11053396976026504, 0.11058693448000628, 0.10733116288547931,
    0.09954806360537591, 0.09871267260092756, 0.10020691119944272,
    0.0994527688168961, 0.09348484233993551, 0.09214759941982187,
    0.09322703641879818, 0.09130718077168516
  ],
  "val_losses": [
    0.24439376236303992, 0.2166600444394609, 0.205244698278282,
    0.1738073521334192, 0.17869564534529395, 0.15990397625643274,
    0.15646768555693005, 0.17861354772163474, 0.14953044769556625,
    0.1436559374889602, 0.15101861921341522, 0.14212115449102028,
    0.13709994146357413, 0.13664155744987985, 0.13994935608428458,
    0.13741150287830312, 0.13649209216237068, 0.13771511128415231,
    0.1366111814327862, 0.1336275604755982, 0.13744303697477217,
    0.12587436725911888, 0.14271262935970142, 0.13622745531408684,
    0.13128369836055714, 0.1311462654367737, 0.1362143421302671,
    0.12889282324391862, 0.1502508143691913
  ],
  "train_ious": [
    0.4385406471437952, 0.5386955538035736, 0.5831928418382353,
    0.6118216576675575, 0.6343252246362576, 0.6479388427907146,
    0.6656573409943476, 0.6725581842812077, 0.6858771342946133,
    0.6959017781891683, 0.6984130543103247, 0.7068764077148575,
    0.7177207140602928, 0.7237827359442263, 0.7282794013187506,
    0.7346583514109902, 0.7373957934694881, 0.7461264092421188,
    0.7493029730799406, 0.7500645096103351, 0.7547728923567825,
    0.7688334803974282, 0.7704891810274647, 0.7680311601447021,
    0.7694037818498366, 0.7803199462376642, 0.7834995384665505,
    0.7811200597148016, 0.7842395843371099
  ],
  "val_ious": [
    0.502236485697221, 0.5511008680298708, 0.5737230771261713,
    0.6321566536806632, 0.6261663581582083, 0.6600971591213476,
    0.6645031523877297, 0.6424395282199418, 0.6813414528749993,
    0.6920766903870349, 0.6908160417840101, 0.6941157577262407,
    0.7044896759848664, 0.7071244196183442, 0.6985391510137614,
    0.7086116764424503, 0.711802272045094, 0.7095447657764824,
    0.7085314200840136, 0.7142803681933362, 0.7132489093835804,
    0.7293935994739118, 0.7123255438130834, 0.7187888851200326,
    0.723433885237445, 0.7236875995345737, 0.7201539580372796,
    0.7307307892951415, 0.6994404712880867
  ],
  "training_time": 653.5044746398926,
  "avg_gradient": 0.004320252864702971,
  "memory_usage": 1152.220703125
}
