{
  "train_losses": [
    0.27106394432485104, 0.22200960414889065, 0.19445862329524496,
    0.17877697458733682, 0.16479162742262302, 0.15757477931354358,
    0.15025806171900552, 0.14591350989497226, 0.13901650626212358,
    0.13305734996886356, 0.13031937635463217, 0.12307617493459712,
    0.12320412934312354, 0.11800082189881284, 0.11438434554830841,
    0.11457394047275833, 0.11007219929572033, 0.10456049494931231,
    0.10648345886527197, 0.10072046141747547, 0.09988394752144814,
    0.09504146270615899, 0.09717010143820358, 0.09141609267048213,
    0.08793421571507402, 0.09222917311379443, 0.08892031710432924,
    0.08407967513346154, 0.08690302867604338, 0.08409763751146586,
    0.07912051058171884, 0.07871061810494764, 0.0764421408429094,
    0.0750077990612582
  ],
  "val_losses": [
    0.2654114236002383, 0.21311623570711716, 0.1948249045273532,
    0.19352269302243771, 0.15901528201673343, 0.16421693595855133,
    0.15029139249869014, 0.14346777631536775, 0.14655427456549977,
    0.15580340361465578, 0.15441354137399924, 0.14388752145611722,
    0.13961174889751102, 0.13657382244001265, 0.13655315517731334,
    0.14252123479609904, 0.13008084342531537, 0.1310153219686902,
    0.12750720686238745, 0.13380127999445665, 0.13905533565127332,
    0.13071917369961739, 0.13129960259665613, 0.12983650082479353,
    0.14089083995508112, 0.13313858243434326, 0.13241591320737547,
    0.14208641551111056, 0.1318928066479123, 0.1347745533870614,
    0.12960791296285132, 0.1359902408135974, 0.1349621147889158,
    0.1361655741930008
  ],
  "train_ious": [
    0.45466747824642517, 0.5452215142710052, 0.5941907155556958,
    0.6248673370674899, 0.6507761537272863, 0.6635623691414575,
    0.6760308780315993, 0.6844747034643871, 0.6973786503616453,
    0.7083118345750417, 0.7132978327032449, 0.7270856505610799,
    0.725901532702256, 0.7364433409403199, 0.7419664009973623,
    0.7423003108605097, 0.7503882517525247, 0.7599378676842091,
    0.7565442498611362, 0.7667668996297798, 0.7685548691213996,
    0.7771103922547636, 0.7734653422258032, 0.7842608458106066,
    0.7914781490529796, 0.7831984904689202, 0.7894203127834247,
    0.7988847868813987, 0.7928527495351392, 0.7988586345876464,
    0.8086971925652541, 0.8096206631997365, 0.8145648613572121,
    0.8173478265171462
  ],
  "val_ious": [
    0.48471414691944065, 0.560660134083119, 0.5855291773011718,
    0.6117635848729508, 0.6609298645154287, 0.6558907299801924,
    0.6748610037392464, 0.6906886426866918, 0.6821842083464498,
    0.6728663422923156, 0.6830490767091943, 0.6933255573545678,
    0.7015291221331859, 0.7084086181029032, 0.7082310578097469,
    0.7020257735165999, 0.7207241881152859, 0.7188147790190101,
    0.7244765972313674, 0.7176416213961615, 0.7166989080715871,
    0.7246088493561398, 0.720645335489425, 0.7280127978411273,
    0.7175802871368934, 0.7231772837863452, 0.7216372939123624,
    0.7226141233375108, 0.7303080111742021, 0.732387427618538,
    0.7367099335660106, 0.7272926681283591, 0.7349434274694195,
    0.7279772572759269
  ],
  "training_time": 767.5004615783691,
  "avg_gradient": 0.003250104262860898,
  "memory_usage": 1152.220703125
}
