{
  "train_losses": [
    0.27214290671374486, 0.22082422843769842, 0.20334693271180856,
    0.1840747225543727, 0.17288641242877298, 0.1642975834724696,
    0.15573312532480643, 0.14812484914032015, 0.14506731538668924,
    0.14053139406377854, 0.13684794488970353, 0.132458480682386,
    0.12695038504898548, 0.12511045514079538, 0.11949124640744666,
    0.11743378023738446, 0.11679387424627076, 0.11042939503069805,
    0.11084247834008673, 0.10589583331476086, 0.1020734649070579,
    0.10016612692371658, 0.09954444424289724, 0.09666123362663,
    0.09253920116664274, 0.09198958013692628, 0.08937581903908563,
    0.08944670791211336
  ],
  "val_losses": [
    0.23776214472625568, 0.20736090158638748, 0.19480782812056335,
    0.17657904877610828, 0.17476246894701666, 0.16162366484818252,
    0.15649012152267539, 0.1584905739063802, 0.15367506509241852,
    0.15060070173248, 0.14825016227753265, 0.14321594053636427,
    0.14184109477893167, 0.13790414433764375, 0.14798748962905095,
    0.14952757274327072, 0.13510703748982886, 0.13540150403328563,
    0.13693145532970843, 0.13233063564352368, 0.13622951604749844,
    0.14147611772236618, 0.1381221164179885, 0.13502085484240367,
    0.1326854007075662, 0.14183677311824716, 0.13472913108442142,
    0.16404330066364745
  ],
  "train_ious": [
    0.44802154502089037, 0.5470439120587232, 0.5799215429772929,
    0.6163333826630876, 0.636980489706216, 0.6531627335842105,
    0.6684016359673032, 0.6814091390781644, 0.6875798131028811,
    0.6959043232103186, 0.7014758348788902, 0.7098122382725492,
    0.7205160995540412, 0.7234943274246611, 0.7345710408644399,
    0.7372469344864723, 0.7390294152757396, 0.7494246929452038,
    0.749820803332588, 0.7585186982068461, 0.7650099959818352,
    0.7688682106849944, 0.7698927849423187, 0.7755719566366812,
    0.7824851710187355, 0.7839376643516013, 0.7889082679606004,
    0.7887874572281386
  ],
  "val_ious": [
    0.5212755193528923, 0.568834720314413, 0.593829593580702,
    0.6282741762157802, 0.6329319122908771, 0.660696221218593,
    0.6685709655284883, 0.6670492896135303, 0.6720734914575798,
    0.681295551251674, 0.6792957711478939, 0.6947272834570513,
    0.6917886116366455, 0.7012456001146979, 0.6883316595053329,
    0.6917497142069583, 0.7058835202369136, 0.7097605417172111,
    0.7096086524534917, 0.7155055490092955, 0.7083923108335857,
    0.7080310123122256, 0.7107940517041994, 0.7187984359005225,
    0.7237936437561892, 0.7112486546022304, 0.7188799318628034,
    0.6893012834631879
  ],
  "training_time": 630.1494920253754,
  "avg_gradient": 0.0055271929888312645,
  "memory_usage": 1152.220703125
}
