{
  "train_losses": [
    0.2668510970214139, 0.22324927215990814, 0.19746295783830725,
    0.18229878904378932, 0.16825701417806355, 0.16013540116989095,
    0.155195076180541, 0.14810581140868043, 0.14159856104980345,
    0.13662785000127295, 0.13173436612376702, 0.12858201000515534,
    0.12251426571089288, 0.11817247631109279, 0.11733999447492154,
    0.11189196052272683, 0.1102499384837954, 0.10594437376636526,
    0.10215277799769588, 0.10356366067476895, 0.10027630687893732,
    0.09482828620821238, 0.08965955646303685, 0.08791725390145312,
    0.09088951065812421
  ],
  "val_losses": [
    0.2761788902723271, 0.21199156732662863, 0.18492365498905597,
    0.17109998931055484, 0.1727983225946841, 0.16178605057623074,
    0.15191596778838531, 0.1496359407901764, 0.14140960460771684,
    0.14087597928617313, 0.1386529262299123, 0.14080976160324138,
    0.13413604753820793, 0.14738204621750375, 0.13374299345457036,
    0.13884738282017087, 0.133655974884396, 0.1455089347841947,
    0.13540226933748825, 0.1366935424182726, 0.13192690649758215,
    0.12815920765633168, 0.13580440778447234, 0.13714481874004655,
    0.14156980229460675
  ],
  "train_ious": [
    0.4613123984359531, 0.5441172171816016, 0.5913458286204198,
    0.6195035445625365, 0.6435375620165601, 0.6573091645495613,
    0.6679865838824839, 0.6813522899604362, 0.6938253615213473,
    0.70259872186875, 0.71077269807026, 0.7162413946960287, 0.7274565573619762,
    0.7350868122193264, 0.7368009584969368, 0.7480439001667323,
    0.749924023784157, 0.7583218984089903, 0.7645445875823501,
    0.7617474695586643, 0.7680369287297348, 0.7786589917065442,
    0.7886842809401556, 0.7918725820879141, 0.7864318363152555
  ],
  "val_ious": [
    0.46802279164177785, 0.5650279832922894, 0.6110743066107017,
    0.6346555827320486, 0.6372876307670621, 0.6546850167754767,
    0.6723066816727321, 0.6782677437084308, 0.6908934096927226,
    0.6910125485796861, 0.6976181167191353, 0.6961141528858654,
    0.7057564383831576, 0.6924163526383, 0.7088089412537175, 0.7057876614988714,
    0.7112644850343898, 0.6979348283746968, 0.7137164838504101,
    0.7137017157198725, 0.7172199055768441, 0.7279850864324016,
    0.715952957237976, 0.7153046280145644, 0.7083782141191373
  ],
  "training_time": 564.8030481338501,
  "avg_gradient": 0.003569498328319938,
  "memory_usage": 1152.220703125
}
