{"train_losses": [0.2775749184353196, 0.23305637478504493, 0.21293327082758365, 0.1996575852289148, 0.1856391012020733, 0.17425060790518057, 0.1655676217506761, 0.15931330094842808, 0.1527750587252819, 0.146052449779666, 0.14278468169757855, 0.1384815329928761, 0.1328888497841747, 0.13023753273908212, 0.12430319570652816, 0.1209143883265231, 0.11790693113985269, 0.11559104534756878, 0.11268060844715523, 0.1088411135437048, 0.10909778535689997, 0.10521476148911145, 0.10227809405035299, 0.10109662900314383, 0.09715001366060713, 0.09368976549771817, 0.09152393917674603, 0.09082350766529208, 0.0870490671823854, 0.08761077451155237, 0.09691817167660464, 0.08455904188525418, 0.08209749562260897, 0.08455221067466166, 0.07969996163054653, 0.07943668159777703, 0.07788440540594899, 0.0826175878148364], "val_losses": [0.31318735687629035, 0.2525221174177916, 0.21522401143675265, 0.19877172974140747, 0.1884897267040999, 0.1786544915774594, 0.17084989988285562, 0.1601911164496256, 0.15664440263872562, 0.16035971175069394, 0.14921780934800272, 0.15101808358145796, 0.14110979065299034, 0.1345060032023036, 0.14019898713930792, 0.14263076853492987, 0.12951563849397327, 0.1374632137949052, 0.1431389162721841, 0.13651002425214517, 0.13991923387283864, 0.1313429633560388, 0.13483542479250743, 0.13518312767795895, 0.13336136321658673, 0.1294780491810778, 0.13483674872828566, 0.12984846143618875, 0.13240422616186348, 0.13394326425116995, 0.12848931712948758, 0.1293772946557273, 0.129093400972045, 0.13265273120740187, 0.14094063169930293, 0.1313334910765938, 0.13344712539211565, 0.1342936352543209], "train_ious": [0.4312328315345043, 0.5245158824853704, 0.5621985789604377, 0.5865736038194617, 0.6113125131721944, 0.6322869811800942, 0.6480765203418939, 0.6589366651639557, 0.6721771491178566, 0.683011247412018, 0.6897760791083174, 0.697102104354164, 0.708152054282634, 0.7128650344692273, 0.7234657623845592, 0.7296171927473685, 0.7354328877468039, 0.7389541505903438, 0.744335909900458, 0.7515342085473777, 0.7508529418188595, 0.7586455231775411, 0.763685195342354, 0.7659177098801173, 0.7735745849600739, 0.7798397232764872, 0.7841845100232656, 0.7851983198653095, 0.7933561404546104, 0.7920335275323496, 0.7740795884983266, 0.7976012456676237, 0.8024903561757961, 0.7980236901321275, 0.807447523958441, 0.807948291301728, 0.8111107385028964, 0.8020699259055692], "val_ious": [0.43828752906858065, 0.5032975179129753, 0.5594749677440395, 0.6077280437600786, 0.6070182481105777, 0.6342199852933055, 0.6473464425923168, 0.6592173949963803, 0.6684059487736745, 0.6636574970207354, 0.683641183635463, 0.6848869701658471, 0.6980783917765688, 0.7115174652873605, 0.703946862315786, 0.6963871834070785, 0.7192332524320355, 0.7083051481108736, 0.6985591274240741, 0.7104037620019221, 0.7109866835500884, 0.7185465058554775, 0.7170694003934444, 0.7138198959654656, 0.7195215464934058, 0.7278051931357037, 0.7220856059288634, 0.7319623830093853, 0.7225347241197807, 0.7262145049762035, 0.7258485372083774, 0.7334451260774032, 0.730517484355664, 0.7305761757104293, 0.7222077481556629, 0.7347473264604376, 0.7300610080145408, 0.7225956184708554], "training_time": 869.7309012413025, "avg_gradient": 0.0022822471173294602, "memory_usage": 1152.220703125}