{
  "train_losses": [
    0.2665080669457498, 0.21951464425934397, 0.19307494884275872,
    0.17994311030792154, 0.1656041758377915, 0.1555821884261525,
    0.1506168418361441, 0.14470857912269625, 0.13864450180984061,
    0.13538324966540802, 0.12925492389046628, 0.12477534167144609,
    0.12094202224651109, 0.11774487769150216, 0.11528697735427515,
    0.11002628416146921, 0.10655515815090874, 0.10497095917715975,
    0.10067527826227572, 0.09693567928574655, 0.09773631896013799,
    0.09445570409297943
  ],
  "val_losses": [
    0.24085591830637143, 0.2086995124169018, 0.1917494632627653,
    0.17848697887814563, 0.1616456204134485, 0.17472976640514706,
    0.15434327316672905, 0.15795166142608807, 0.15471874047880588,
    0.13980645832160246, 0.14436490331654964, 0.13642066344618797,
    0.14331904847336852, 0.13612024259308111, 0.1459699422121048,
    0.13769442895832268, 0.14205792983588966, 0.1340551337470179,
    0.12894676382774892, 0.13537200734667157, 0.13216686524126842,
    0.14911210423578386
  ],
  "train_ious": [
    0.45938240258914, 0.54936352274988, 0.5974115237485668, 0.6229108184899974,
    0.648427284228197, 0.6659864858872653, 0.6758984365648982,
    0.6864338306629142, 0.6982130982737609, 0.7042451234723346,
    0.714538887898991, 0.7227455623771831, 0.7309874633084172,
    0.7359546154089592, 0.7402618231008877, 0.7502194024298504,
    0.7566080931304162, 0.758896545115588, 0.7675782063624996,
    0.7737634273758833, 0.7725759415846799, 0.7786850872571052
  ],
  "val_ious": [
    0.5084289405224979, 0.5732996596590333, 0.5980882882208064,
    0.6267671626115192, 0.6559414036464001, 0.6402980737064194,
    0.6739091452049174, 0.6630205758239913, 0.6726334691047668,
    0.6958449513152026, 0.689792753777642, 0.7084831671006439,
    0.6981508256732554, 0.7089176488959269, 0.6976008138794831,
    0.7100200346414592, 0.7118208727974822, 0.7179081783346508,
    0.7236065363538439, 0.7164197726094205, 0.7207249942897024,
    0.7003139840519945
  ],
  "training_time": 497.2479636669159,
  "avg_gradient": 0.006213061918324048,
  "memory_usage": 1152.220703125
}
