{
  "train_losses": [
    0.2835829176980516, 0.2327645252580228, 0.21004026358866174,
    0.19512067905262762, 0.18340841891325038, 0.17190369364360106,
    0.1632753964918463, 0.15994933101793993, 0.1513983499177772,
    0.1473259013146162, 0.1401041195039516, 0.1383137830087672,
    0.13596230247260435, 0.1302874976688105, 0.1270408583804965,
    0.12264496598230756, 0.12064569160018278, 0.11801436053508002,
    0.11369561112445334, 0.11596634623635074, 0.10860407081149194,
    0.10805384502948626, 0.10450537539208712, 0.10238247073214987,
    0.09795986658529095, 0.09884172123249459, 0.09411621377196001,
    0.09518900882128788, 0.08927527499263702, 0.08982291663794414,
    0.09363705620331608, 0.08592786838341018, 0.0834129459184149,
    0.08497984027085097, 0.08522395263223545, 0.08056600213698718,
    0.08517532840209163
  ],
  "val_losses": [
    0.2494025836172311, 0.24680569217256879, 0.2499361527354821,
    0.1983301383645638, 0.17604929953813553, 0.16970170839973117,
    0.17255484053622122, 0.15706128108760584, 0.16187621053794157,
    0.15356258610668388, 0.14721328813744627, 0.14804029156980308,
    0.14755065884927046, 0.14218060769464658, 0.1409227494960246,
    0.14100324637863948, 0.13763483516547992, 0.13450157431804616,
    0.14499397008963252, 0.13268998540613963, 0.13420693381972934,
    0.13256993630658026, 0.15676792808201, 0.1346029921070389,
    0.1315437203840069, 0.12642241415122282, 0.12485860239552415,
    0.12559705810702365, 0.13239854898141779, 0.13074580984918968,
    0.13598050290475722, 0.12501391719864763, 0.13118564693824106,
    0.12881289471102797, 0.12390033673980962, 0.127734354008799,
    0.13545591805292212
  ],
  "train_ious": [
    0.42200306456778985, 0.5255536720210658, 0.5679763214581689,
    0.595089197212803, 0.6181348854864853, 0.6383436814598411,
    0.6538809618872143, 0.6601304379494293, 0.6755682996109779,
    0.6835881980217022, 0.6972972889417324, 0.7010535683644854,
    0.7044450041932473, 0.7142556462490902, 0.7203669367169122,
    0.7283270107987133, 0.730976486875527, 0.7361971347228343,
    0.7436502527823482, 0.7393841599316701, 0.7531666639598383,
    0.754348681834729, 0.7610640011835796, 0.7640632352643258,
    0.7728615344326559, 0.7710144463656607, 0.7795727918113486,
    0.7775215994080774, 0.7888783107957112, 0.7878915966096992,
    0.7805920921913954, 0.7953673580634423, 0.8001863628193958,
    0.7971058234140493, 0.796602359932402, 0.8060601104752741,
    0.7974764350531757
  ],
  "val_ious": [
    0.49795728522366384, 0.5008560360773752, 0.5221411434636599,
    0.5956339136413906, 0.6288023947373681, 0.6448620318070701,
    0.6399798071470816, 0.6619204716837923, 0.6600649952888488,
    0.6760868181784947, 0.6842151469942452, 0.6833219551953718,
    0.6828088784131452, 0.693376076826151, 0.6941353274860244,
    0.6989909941735475, 0.7018164461073669, 0.7079944679702537,
    0.6890895513520724, 0.7118303957192794, 0.7156914003949235,
    0.7131021219319191, 0.6867289037808129, 0.709839336898016,
    0.7195935905843542, 0.7271127754795378, 0.7352560972389967,
    0.7264052664024242, 0.7203857289708179, 0.7245957389257955,
    0.7162761452837266, 0.7374604573284368, 0.7294374505678813,
    0.7321630774632742, 0.7357881049747054, 0.734086867907773,
    0.7179780956627665
  ],
  "training_time": 832.7986102104187,
  "avg_gradient": 0.0032705293399070525,
  "memory_usage": 1152.220703125
}
