{
  "train_losses": [
    0.2703809274117584, 0.2226985167388035, 0.20029420867238357,
    0.18547435121043868, 0.1756917852908373, 0.1638966480108059,
    0.15649295517283937, 0.1479618531935241, 0.14378112396630255,
    0.14034371863564718, 0.13432052731513977, 0.13291642138653476,
    0.12532008329973274, 0.12210116369406813, 0.12092193402349949,
    0.11378929359109505, 0.1132239454790302, 0.11004387607555026,
    0.10499676466798005
  ],
  "val_losses": [
    0.2544130754211675, 0.20832898597354474, 0.19282399798217026,
    0.17738448180582211, 0.17705034626566846, 0.16394645623538806,
    0.15362363665000253, 0.15255450295365375, 0.15067174285650253,
    0.14815390369166498, 0.14835072098218877, 0.150732955854872,
    0.14855665924108546, 0.14040979062733444, 0.13494143602640732,
    0.13556390093720477, 0.13900968707773997, 0.14236947327204372,
    0.1663719707209131
  ],
  "train_ious": [
    0.44866751589090215, 0.5451941157866647, 0.5858557697223581,
    0.6132590680558611, 0.6310432032830473, 0.652073536446129,
    0.6662083146688732, 0.681428055778362, 0.6894114035303176, 0.69624881365377,
    0.7060346321027345, 0.7090832214208617, 0.7228046747437417,
    0.7282305559062436, 0.7314542293332628, 0.7434493695804177,
    0.7442271611180856, 0.7509872633693877, 0.7595218450802824
  ],
  "val_ious": [
    0.4836803573197215, 0.5622489282834358, 0.5979229300350383,
    0.6227559062881746, 0.6330840987139856, 0.6536306028348811,
    0.6693241172942563, 0.6713342863148537, 0.6777685759724053,
    0.6815071803504142, 0.6843787569930588, 0.6821211947911028,
    0.6818470540254011, 0.6992964051339939, 0.7089334287937136,
    0.7057583902193152, 0.7030887366205023, 0.6983945777882701,
    0.6593908818735592
  ],
  "training_time": 427.853084564209,
  "avg_gradient": 0.0024954446100134402,
  "memory_usage": 1152.220703125
}
