{
  "train_losses": [
    0.2723904310361199, 0.23201051143848378, 0.20878705625300822,
    0.19557280150120673, 0.17949388743094777, 0.17013577436623367,
    0.16356115520972273, 0.1574057470197263, 0.15297973257206057,
    0.14627986676667049, 0.1435737366909566, 0.1391092502390561,
    0.13426974788308144, 0.13113559916129577, 0.12464887450408677,
    0.12240759202319643, 0.12110062769573668, 0.12022286665666362,
    0.1144541700411102, 0.11450584127527216, 0.1093437067516472,
    0.10729290212949981, 0.10483218543231487, 0.1041982613665902,
    0.09925301138149656, 0.096890847320142, 0.09542374203548483,
    0.091823591850698, 0.0890598845789614, 0.08986776816132276,
    0.09068249838183755, 0.09224012789680906, 0.09040492615136116,
    0.08331027914486501, 0.08248567297730756, 0.08040891008694535,
    0.07858445875994537, 0.08445514208110778
  ],
  "val_losses": [
    0.253199461037698, 0.2231569925080175, 0.21809884581876837,
    0.18417923703141834, 0.17472080659607184, 0.1719222418639971,
    0.16201707526393558, 0.15519478042488513, 0.15798644948264826,
    0.1471653951574927, 0.14773198654470238, 0.15472639967565952,
    0.13862625639075818, 0.13959750727466916, 0.13277361720152522,
    0.13886584454904433, 0.1482961291204328, 0.1338876033930675,
    0.13287929299732912, 0.1364277703282626, 0.12894406930907912,
    0.13581408398306888, 0.14103825681883356, 0.14209111617959064,
    0.13229933283899142, 0.12871901626172272, 0.1239499742894069,
    0.12937862231679584, 0.1333909105995427, 0.13517338231853818,
    0.12989585069210632, 0.1326148289701213, 0.1294206589784311,
    0.1337510601657888, 0.13229403223680414, 0.1307119024188622,
    0.13245234832815503, 0.13797463444264038
  ],
  "train_ious": [
    0.44518049964951206, 0.5274871246268351, 0.5693205001669516,
    0.5940867867590722, 0.6234664503970874, 0.6395453686515491,
    0.6519535936523178, 0.6637299085116902, 0.6704531355180599,
    0.6836477416041106, 0.6889860322294026, 0.6973880265933878,
    0.7058338199512681, 0.711359166850647, 0.7236262335833435,
    0.7274055848087094, 0.7296340306276, 0.7314620683698552, 0.7415479276383268,
    0.7425652439503567, 0.7510620028968304, 0.7550675587161725,
    0.7591974570591379, 0.7606110099865045, 0.7695943707249305,
    0.7743036373909832, 0.7766590094652726, 0.7834961627596527,
    0.7887119164393431, 0.78733135662649, 0.7862639812131723,
    0.7834068082704925, 0.7863178426480814, 0.8001635426628415,
    0.8021345840416094, 0.8061795165573342, 0.8098098000754481,
    0.7984317915271157
  ],
  "val_ious": [
    0.4868215983328612, 0.551042215331741, 0.5587870555295461,
    0.6162897326808047, 0.6333599470663761, 0.6352448310109153,
    0.6597810823848281, 0.6702555344588514, 0.6654796315276105,
    0.6829928965240285, 0.6832019185674363, 0.6814150754092397,
    0.7012085951324825, 0.7010577999163365, 0.7138403939164203,
    0.7020954744539398, 0.6889807996542558, 0.7132871919783992,
    0.718042750937351, 0.7108470585899077, 0.7242866095857343,
    0.7125873742760092, 0.7097685602696046, 0.7048806489809699,
    0.7215332766805874, 0.730088475389757, 0.7351527933193289,
    0.7294717215109563, 0.7263398822666944, 0.7246347123730011,
    0.7302855724009917, 0.7273097526336063, 0.7320360899835394,
    0.7308066992656043, 0.7324616891750392, 0.73465835529825,
    0.7374382057915565, 0.727579694295275
  ],
  "training_time": 859.0342702865601,
  "avg_gradient": 0.006782677709775532,
  "memory_usage": 1152.220703125
}
