{
  "train_losses": [
    0.27640715257629106, 0.231997258718247, 0.2053955454055382,
    0.1868692900499572, 0.17011881514411906, 0.16422770131865275,
    0.15399405315680348, 0.1489184662780684, 0.14240600492643274,
    0.13815397356191408, 0.13312288001179695, 0.1290551530521201,
    0.12409507017582655, 0.12089050160316021, 0.11832830807922975,
    0.11628032678171345, 0.11181718888490097, 0.11047722909437574,
    0.10789715620162695, 0.10433005015163319, 0.09956527914365997,
    0.09972805266632982, 0.09617224060322928, 0.09300238570279401,
    0.0951873343842833, 0.09160396205666273
  ],
  "val_losses": [
    0.25411649210297543, 0.21652979922035467, 0.21904711943605673,
    0.1881956160068512, 0.17298268397217212, 0.15730713502220486,
    0.15056386930139168, 0.16182644276515298, 0.1517341162847436,
    0.15164338262832683, 0.14636562246343363, 0.13967455648209737,
    0.14687787061152252, 0.13713546631776768, 0.14160102395259816,
    0.13831220583423323, 0.14356485948614453, 0.13318955347589825,
    0.14447307667654494, 0.14734887234542682, 0.13161288995457732,
    0.14155653102890306, 0.1259685340134994, 0.1312271495876105,
    0.13352920244569363, 0.14367091445171315
  ],
  "train_ious": [
    0.44263959697285765, 0.5259934219707181, 0.5763763693039827,
    0.6096767428452552, 0.6404771519743877, 0.6506611464032229,
    0.6698410272382308, 0.6780557813851732, 0.691387857971848,
    0.6985106673901498, 0.7081715567172437, 0.7155089988980606,
    0.7251408277214437, 0.7299738514466559, 0.7347066746889683,
    0.7385727440857369, 0.7469853580105996, 0.7492795963974104,
    0.7540101311237054, 0.7601381879353866, 0.7694292715818121,
    0.7693407238069652, 0.7750958660482499, 0.781192528542833,
    0.7775285308775696, 0.7838819992283118
  ],
  "val_ious": [
    0.49804831771315, 0.5540015767665878, 0.5595242197530856,
    0.6213444438965425, 0.6375897179047265, 0.667050723148429,
    0.6769174739070559, 0.6635429926108621, 0.6793935521357298,
    0.6832052935724673, 0.6888413396866424, 0.701523995053941,
    0.6972937780445901, 0.7050991783971372, 0.6999372021443603,
    0.7115125235008157, 0.700688091525133, 0.7138675084148628,
    0.7089877361836641, 0.7065362956212916, 0.723617665577626,
    0.7090908811576127, 0.7282779920792233, 0.7266341424074727,
    0.7175513849310253, 0.704241262829822
  ],
  "training_time": 556.8742475509644,
  "avg_gradient": 0.005612271843631497,
  "memory_usage": 1145.87109375
}
