{
  "train_losses": [
    0.26500456934065925, 0.22656139124022878, 0.20151952646024848,
    0.18327317103419616, 0.17073184227489907, 0.16273424102236395,
    0.1530473270332036, 0.14744810942236497, 0.14133562556589427,
    0.13790828799423965, 0.13153367497674798, 0.13036023469074912,
    0.12434065957432208, 0.11923137461037739, 0.11717120699746453,
    0.11481491018734548, 0.1080826523349337, 0.11236644236613876,
    0.10686940963015608, 0.1016510001829137, 0.10057442829660747,
    0.09605035035992446, 0.10091636787452128, 0.09209812614742828,
    0.08975721608199504, 0.0899655833111509, 0.08693783616890079,
    0.08603311131667832, 0.09258905113877161, 0.08363930346525233,
    0.07951422315090895, 0.0772676381646939, 0.08461481207252844,
    0.0768090075124865
  ],
  "val_losses": [
    0.24550764489433038, 0.21147298229777295, 0.19323935813230017,
    0.1744094539595687, 0.16452113441799, 0.1769267340069232,
    0.1594064046183358, 0.1501847580075264, 0.15828674691526787,
    0.14048267269264098, 0.14474054685105447, 0.13864016808245494,
    0.1396397374894308, 0.13724102403806604, 0.1327014277162759,
    0.13150769990423453, 0.13556745713171753, 0.13145458746863448,
    0.13213075551649797, 0.1417066215173058, 0.13410393764143405,
    0.14004132362163585, 0.13155470950447995, 0.12928544843326445,
    0.13471314618768898, 0.13334365091893985, 0.1276407960964286,
    0.13218051097963168, 0.13581498744695084, 0.13174072053769362,
    0.129922887067432, 0.13814817968270052, 0.1331540211711241,
    0.14534573726679967
  ],
  "train_ious": [
    0.46833016743640543, 0.5386312393660561, 0.5814616727116315,
    0.61620457097888, 0.6381412685673308, 0.6544647904625837,
    0.6708100693489331, 0.6809443597128426, 0.6932073581585854,
    0.7000330968935422, 0.7113686840495339, 0.7127545829592407,
    0.7241074970342972, 0.7334749114470202, 0.7378534546148948,
    0.7409485435464243, 0.7536521212778233, 0.7462056478944379,
    0.7556109211907007, 0.7656472342061825, 0.7678419510307515,
    0.7758039372662703, 0.7669378955295119, 0.783327726674253,
    0.787945518459099, 0.7878281075669373, 0.7932733410186529,
    0.7950889774314736, 0.7827217455791388, 0.7999301234233206,
    0.808205840056357, 0.8125751624288767, 0.7980631490008553,
    0.8134713693373447
  ],
  "val_ious": [
    0.5096114146104757, 0.5614636848154273, 0.6017923393975133,
    0.6310724797456161, 0.6545411691717478, 0.6395501276289207,
    0.6619985038819519, 0.6797894012668857, 0.6626456673594489,
    0.6958363248386243, 0.6923699374648107, 0.6993300202100173,
    0.6990773844114249, 0.7032485431519107, 0.7107344451157943,
    0.7168252256469451, 0.7097782056400743, 0.7179944113544796,
    0.7162163644165231, 0.7031769292510073, 0.7162072552718977,
    0.7216965966466544, 0.7231505577978882, 0.7332201995279479,
    0.7195406115573385, 0.726651600089626, 0.7312763266373372,
    0.723766120015711, 0.7245842680551003, 0.7281932701235234,
    0.7356592300145521, 0.7265878352134123, 0.7350420990715856,
    0.7258634187173152
  ],
  "training_time": 729.0055601596832,
  "avg_gradient": 0.0036465174386306376,
  "memory_usage": 1145.87109375
}
