{
  "train_losses": [
    0.2781721092760563, 0.23027088412124178, 0.21056710183620453,
    0.19341856929595055, 0.17976556523986484, 0.17083350066905437,
    0.1626527697333823, 0.15461137259136076, 0.14711008540800083,
    0.14422805911011022, 0.13896405271699894, 0.13365903549382221,
    0.13111717371351045, 0.12517612099485553, 0.12305864841555772,
    0.1188117743510267, 0.11497719618289368, 0.1123402165653913,
    0.10956448498789383, 0.10741539441211068, 0.10205968858107277,
    0.10144176799803972, 0.0976396952148365, 0.09737301196741022,
    0.09284268145489952, 0.09183396305888891, 0.08909365514536267,
    0.08647560388983591, 0.08937207455544369, 0.08653589771331652,
    0.08795478636317927, 0.08196334285742563, 0.07833403814584017,
    0.07664301007500161, 0.07886017725357543, 0.07692407662777798,
    0.0737412077901156, 0.07219026561664499, 0.07130242505556215,
    0.07137056102004388, 0.0828377514794145
  ],
  "val_losses": [
    0.2829424155795056, 0.2304301958369172, 0.19879564772481503,
    0.1987530061084291, 0.1786963006724482, 0.1682227140535479,
    0.15866025116132654, 0.16484539324174757, 0.1509703937108102,
    0.153664229032786, 0.15701135085976642, 0.14292257376339124,
    0.14231136878547462, 0.14336800753422405, 0.14052088753036832,
    0.14802243933081627, 0.14308217864321626, 0.14327368528946585,
    0.14518847316503525, 0.13907052009649898, 0.1313961514312288,
    0.13417007207222606, 0.13261195887690005, 0.13501536149693572,
    0.13112429464640823, 0.12991496515662773, 0.1370121737861115,
    0.13227908766787985, 0.13286386381672777, 0.13843828358727953,
    0.13258640500514404, 0.13200636693964835, 0.13298175451548203,
    0.1341887900362844, 0.1375420556768127, 0.13443689582788426,
    0.1350901617628077, 0.13603922838102217, 0.13558216797916786,
    0.1390148887167806, 0.15376080993724905
  ],
  "train_ious": [
    0.4447655710906291, 0.5292711472003787, 0.5656564259442731,
    0.5978267793206201, 0.6250066076391849, 0.6392909500585952,
    0.6534207568004512, 0.6687163457382416, 0.6827430273203744,
    0.689075672324153, 0.6983364151547784, 0.7077480006045194,
    0.712124380026607, 0.723124315233334, 0.7269943348415516,
    0.7346142274530039, 0.741346184164285, 0.7466138181803016,
    0.7510887173854784, 0.7554181508611937, 0.765265966671101,
    0.7663766058782736, 0.7730791579554043, 0.7739904261585597,
    0.7820793761723277, 0.7842966660965176, 0.7895203040561816,
    0.7943948291350099, 0.7887872476940568, 0.7941279305496082,
    0.7916908237165297, 0.8031917644691641, 0.8106587199845178,
    0.8144354817012085, 0.8093791611600614, 0.8135949952014981,
    0.8202044014697484, 0.8236487643874209, 0.825248057211655,
    0.8253599190409631, 0.8026849138887894
  ],
  "val_ious": [
    0.4512280501101328, 0.5289888397075128, 0.5908382055552109,
    0.5972682006549147, 0.6273853435464528, 0.6395403293595798,
    0.6646926487269608, 0.6612068164175835, 0.6755392739306325,
    0.6709761420885723, 0.6721322892800622, 0.6895924463220265,
    0.6933894552614379, 0.6983465889225835, 0.6999074667692184,
    0.6920737211686979, 0.7010183062242425, 0.6949901252553082,
    0.6919125199749849, 0.7116968368274578, 0.7198805258325907,
    0.7169058597174243, 0.7187311020882233, 0.7124531320903612,
    0.7219355600899545, 0.7263264515693639, 0.717641119075858,
    0.727270400610523, 0.719723426129507, 0.7233945917392122,
    0.7271112367726755, 0.7300996491010636, 0.7318951157124145,
    0.7277669109728025, 0.7252204709726832, 0.7310127641843713,
    0.7314939164165137, 0.7284648973440779, 0.734270496428877,
    0.7324151712051339, 0.7083070386147151
  ],
  "training_time": 876.874264717102,
  "avg_gradient": 0.006754352903332893,
  "memory_usage": 1145.87109375
}
