{
  "train_losses": [
    0.2678126553478448, 0.22637387527071912, 0.20036136674816193,
    0.1867892998068229, 0.1716662838893092, 0.16260091506916544,
    0.15509338539255701, 0.14819254240264063, 0.14208016236839088,
    0.1371041950567261, 0.13620023644002882, 0.1278321484265768,
    0.12437856901922952, 0.12332599075592082, 0.11906541167232006,
    0.11165924811654765, 0.11139481769793708, 0.11086752682762302,
    0.10960394463947286, 0.1048297350416365, 0.10200816081107958,
    0.09588626055451839, 0.09844640982539757, 0.0957000958935722,
    0.09106812034936054, 0.08873419046563946, 0.09072823652430721,
    0.0844088982709724, 0.08310134765570579, 0.08066044958389323,
    0.08616331102245528
  ],
  "val_losses": [
    0.24575443436270175, 0.22518390222736026, 0.20384946076766305,
    0.1785352090778558, 0.17973072081804276, 0.17123952848107918,
    0.18698275607565176, 0.1654334337167118, 0.16382091200870016,
    0.14206978111811305, 0.15464868704261986, 0.1523740932993267,
    0.14081660010244534, 0.15554493989633478, 0.1360641931710036,
    0.13929919882313066, 0.1423024758696556, 0.1575621611074261,
    0.1304110369604567, 0.13779980397742728, 0.13220043674759244,
    0.13051900721114615, 0.132693814518659, 0.13102598958041356,
    0.13116053362255511, 0.14238137784211533, 0.1342425616862981,
    0.13788541730331338, 0.1316528357565403, 0.13967282746149146,
    0.1380597897197889
  ],
  "train_ious": [
    0.45594212211891216, 0.539646081302477, 0.5854786075921596,
    0.6117841977140179, 0.6382075433173899, 0.6541578191993892,
    0.6686300442594543, 0.6812487567464511, 0.6921277127728082,
    0.701372887561287, 0.7023469049861464, 0.7184020612874761,
    0.7245271415382194, 0.7262792585120681, 0.7338688064744505,
    0.7470735649483792, 0.7474371216435357, 0.7490316368099567,
    0.7510481781285742, 0.7603329347203606, 0.764714470052201,
    0.7764803597136687, 0.7713889882940311, 0.7767985929073633,
    0.7850507660296517, 0.7897274039577742, 0.7856720320988392,
    0.798035376637742, 0.8009574031052381, 0.8058819129955082,
    0.7949281866135803
  ],
  "val_ious": [
    0.5109606074250262, 0.5420008933414584, 0.5944298827561779,
    0.6261324735655299, 0.6301399838665257, 0.6434877791266511,
    0.6387654454379842, 0.65238775982373, 0.6597716125889102,
    0.6915884344042214, 0.6736901307451553, 0.6825626054103825,
    0.694163213821425, 0.6714068176089854, 0.7071769840043524,
    0.7016405314207077, 0.6969221420046211, 0.6712369378926095,
    0.7165142347415291, 0.7059410737044568, 0.7151478025792303,
    0.7199128540097803, 0.7166111259788706, 0.7212260959373006,
    0.7234228361343991, 0.7072554943354232, 0.7223079919383144,
    0.7259670852319055, 0.726813461469567, 0.7204920213291609,
    0.7117793452048646
  ],
  "training_time": 663.8570127487183,
  "avg_gradient": 0.002897512258394588,
  "memory_usage": 1145.87109375
}
