{
  "train_losses": [
    0.2702468424711538, 0.22926568256124205, 0.20532691292464733,
    0.18922908498865107, 0.17615139921722206, 0.16597796547348084,
    0.15852569845383582, 0.15186871904069962, 0.14604430665950413,
    0.14173873663758454, 0.13650420664445215, 0.13553447211566177,
    0.12801715772113073, 0.12577127952776526, 0.12161064836318078,
    0.12023068353047837, 0.11564354456799186, 0.11404091034732435,
    0.10918657716525637, 0.10783534829059373, 0.1073864842157649,
    0.10103977836020615, 0.10260909346296736, 0.0962124750746981,
    0.09583654594810112, 0.09296943777767212, 0.09281216225708308,
    0.0910401929412847, 0.08606408819880175, 0.08789225100823071,
    0.08607144289366576, 0.08170268773708654, 0.07938866082416929,
    0.07812421914675961, 0.08485681701289571, 0.08096873092100672,
    0.07558031817493231
  ],
  "val_losses": [
    0.23857451165499893, 0.22610004667354666, 0.20663682598134744,
    0.1864496563439784, 0.17161725299513858, 0.165633504157481,
    0.19495038558607516, 0.15752623489369516, 0.14818798572472905,
    0.15092314164275708, 0.14739091030281523, 0.15223605331519377,
    0.1426518758677918, 0.13926289813674014, 0.14912846101366956,
    0.14093637903747352, 0.1367990458789079, 0.13529082744017892,
    0.13418217051936232, 0.1343226380970167, 0.1394163256754046,
    0.1383504378406898, 0.13174628838896751, 0.12999677512308824,
    0.14824521460610887, 0.1329486587125322, 0.13713207759934923,
    0.13500185229856035, 0.13894002236749814, 0.13694703886690346,
    0.13381376020286395, 0.1314472881672175, 0.13508229071031447,
    0.13395059675626134, 0.13320855553383412, 0.1383461916576261,
    0.15199646418509277
  ],
  "train_ious": [
    0.45052847530071916, 0.5335454955643067, 0.576581249229502,
    0.6059313447795052, 0.6302173344445401, 0.6477468476995175,
    0.6620292933522792, 0.673751936874528, 0.6848444424677588,
    0.6928480989907102, 0.7025024413090687, 0.7042226595399171,
    0.717704639810583, 0.7211281310604964, 0.7290666376550995,
    0.7316978678539181, 0.7398793192553347, 0.7426186879367932,
    0.7514095363085683, 0.7541761374559964, 0.7551123698012547,
    0.7669049832376018, 0.7638946532987163, 0.7756180498695027,
    0.7767052594842252, 0.7821233410766159, 0.7819951633396355,
    0.7857296330233415, 0.795137046795824, 0.791554218671028,
    0.7951244751828305, 0.80363134921029, 0.808589182362176, 0.8107903568425042,
    0.7981135398149495, 0.8051391402664388, 0.8162533471333809
  ],
  "val_ious": [
    0.5122005657657333, 0.5392227633923724, 0.5808833818072859,
    0.6144140697475793, 0.6379072523635366, 0.6501740821893663,
    0.6182745716710023, 0.6642737539782041, 0.6824043267878933,
    0.6785380972036418, 0.6870226875163505, 0.6781302923741547,
    0.6911460968895237, 0.7005313939374426, 0.6887822799060654,
    0.7015654310800027, 0.7077648557614589, 0.7068496517081191,
    0.7116500089565913, 0.7107805925002997, 0.7080264305290969,
    0.7133706911750461, 0.7170779810867447, 0.7211097556611766,
    0.7043203575455624, 0.7206714339014413, 0.7120263293601464,
    0.720041278047838, 0.7187788177659548, 0.7174054693052732,
    0.7234272537887958, 0.7277153950670491, 0.729191356163094,
    0.7252483480218526, 0.7265993043564368, 0.7297414737767067,
    0.7037354385939196
  ],
  "training_time": 791.9582607746124,
  "avg_gradient": 0.004033310397867874,
  "memory_usage": 1145.87109375
}
