{
  "train_losses": [
    0.2739900120574495, 0.23161032820201438, 0.2071314958612556,
    0.18879955067582752, 0.17630543835137202, 0.16421141977543416,
    0.15849642779516138, 0.15282723335954157, 0.14615636792681788,
    0.14041968641559716, 0.1363353889192576, 0.1317596100675671,
    0.1287746920209864, 0.12453802727648745, 0.1221128311008215,
    0.11710133010764485, 0.11528632364681234, 0.11310638260582219,
    0.10961926165644241, 0.10703776497393847, 0.10692555615273507,
    0.10051817904509928, 0.09724337874871233, 0.0950094953827236,
    0.09325607481372097, 0.0929939121250873, 0.08849659408240215,
    0.09185048212985629, 0.08533319130377925, 0.08619834519112887,
    0.0861271636803513, 0.08258967247346173
  ],
  "val_losses": [
    0.242777980864048, 0.22556581736906714, 0.21244013633417047,
    0.18406306952238083, 0.17685133607491202, 0.16835233309994574,
    0.1762558238013931, 0.15429882769999298, 0.15658958321032318,
    0.15080008947330972, 0.14463488368884378, 0.14422717641877092,
    0.1324224115713783, 0.14427436467098154, 0.12828692810043044,
    0.13438553848992224, 0.13541787101522737, 0.1313607380118059,
    0.13108891880382662, 0.13783538292931474, 0.1304152701859889,
    0.130041077895009, 0.12967244146958642, 0.13311078448010527,
    0.1329220019928787, 0.1406501262732174, 0.12999011964901633,
    0.12465761083623637, 0.12869947711410729, 0.14142484881955644,
    0.13226688604639925, 0.14120743828623192
  ],
  "train_ious": [
    0.4485281386844595, 0.5278587250605876, 0.5735191146748652,
    0.6060967659712699, 0.6291629069525262, 0.6516743580932204,
    0.661149435393188, 0.6719748562444811, 0.6845225075772706,
    0.6950913175292638, 0.7019848530923111, 0.7107610884459983,
    0.7162622811029788, 0.7246207165653294, 0.72876517161511,
    0.7368454671316387, 0.740888052228568, 0.7455436307666957,
    0.7507268328057684, 0.7555772566061091, 0.7558874364240451,
    0.7678125627554843, 0.7742036936831643, 0.7785388880233831,
    0.7810582068843257, 0.7818264955843705, 0.7905976240509659,
    0.7846598815766797, 0.7964404366262584, 0.7947434477939985,
    0.7946340031921867, 0.8021106484575548
  ],
  "val_ious": [
    0.5044100028665169, 0.537049987933774, 0.5667817463045535,
    0.6171006635911223, 0.6247047710677852, 0.6407828056725902,
    0.6436033633308135, 0.669722391643386, 0.6666641129531722,
    0.6840366528949876, 0.6908948207679002, 0.6894683673761893,
    0.7092264722222867, 0.697150742446167, 0.7184221917304439,
    0.7082196052955543, 0.7097670425107513, 0.7159762853297633,
    0.7177484145630961, 0.7053253108608549, 0.7238677334094392,
    0.7225166386452275, 0.7239870698987574, 0.7234486665414726,
    0.7228599706853645, 0.7172222932179768, 0.7301872055167735,
    0.7338657703088679, 0.7305717241504918, 0.7164256590000098,
    0.7286223358866096, 0.7209513129099555
  ],
  "training_time": 687.0648443698883,
  "avg_gradient": 0.003973903053255189,
  "memory_usage": 1145.87109375
}
