{
  "train_losses": [
    0.2656062452689461, 0.22508156437264837, 0.2008651038226874,
    0.1835894982290009, 0.17116226377370564, 0.1607718323154942,
    0.15433800892661448, 0.14624099810000346, 0.14132136568103149,
    0.13898914420734282, 0.13265997782835495, 0.1301045883042009,
    0.1247516556278519, 0.12062798570031705, 0.11790091718506554,
    0.11578730785328409, 0.11127835159878367, 0.10936423905355774,
    0.10432557061152614, 0.10237562887208618, 0.09873557515928279,
    0.0966242310874488, 0.09840523099283809, 0.0928340619429946,
    0.09194503068600011, 0.08887498441111782, 0.08606300320800232,
    0.08190435523410207, 0.08103415236362944, 0.08586419491178315,
    0.0839583313335543, 0.0752527515363434, 0.07704835425576438,
    0.07626976439243426, 0.07316344761816056, 0.07039816130924484,
    0.06888454209041336, 0.07876321112575091
  ],
  "val_losses": [
    0.2645727072073066, 0.22301781274702237, 0.2122784276371417,
    0.17880455339732376, 0.19439794058385101, 0.19374757357265637,
    0.1643700551079667, 0.14704162902806117, 0.14120989471026088,
    0.1374917561593263, 0.14927704146374826, 0.14483593517671461,
    0.1373271823901197, 0.14944133016726244, 0.13676661398747694,
    0.14152860479510349, 0.13181359936361728, 0.1362358417523944,
    0.13500892532908398, 0.13230287121689838, 0.14322354466370915,
    0.13978943293509277, 0.13402112038887065, 0.13657447792913602,
    0.12997676367345062, 0.1362458346006663, 0.13271649133252061,
    0.1344484591289707, 0.1366246762159078, 0.13119978895005974,
    0.12994533291329508, 0.13080966845154762, 0.1376484742631083,
    0.1383917568170506, 0.13197757579062297, 0.13831421295585838,
    0.13454797475234323, 0.14142059437606647
  ],
  "train_ious": [
    0.464074126161311, 0.5396187994629145, 0.5843976980912085,
    0.6162609103257244, 0.6387519281411518, 0.6572895778370075,
    0.6695611102209578, 0.6844508743480496, 0.6951467453677588,
    0.6971929966863514, 0.7087606282877749, 0.7131499160027157,
    0.7232696492278923, 0.7296329809055816, 0.7359735519233823,
    0.738625741037337, 0.747782496816438, 0.7516351076571837,
    0.7600326853385873, 0.7636810047147062, 0.7706901002945244,
    0.7742336174824098, 0.7706434455146823, 0.7812749935664991,
    0.7835173421687834, 0.7889242940514849, 0.7943123519096688,
    0.8029650142011432, 0.8046048206371674, 0.7948579562531001,
    0.7986469391355479, 0.816529483358929, 0.8130558749687843,
    0.8145362898923345, 0.8211894308527313, 0.8272233634539269,
    0.8302808805652289, 0.8098053748624912
  ],
  "val_ious": [
    0.4851109166832073, 0.5293107158032015, 0.5794033503186877,
    0.6304648471051368, 0.5882746471443039, 0.6127203029135, 0.6559023440316101,
    0.6872087237627611, 0.6933107460322588, 0.7009154311988665,
    0.6758766591117003, 0.6937879909207854, 0.7023545972247056,
    0.6861645391453868, 0.7078845256912537, 0.7049064493697621,
    0.7195601623127427, 0.7136660943860593, 0.7118449541537657,
    0.721432097580122, 0.7038981517155966, 0.7146891156832378,
    0.7191185111152951, 0.7179296476685483, 0.729871191624282,
    0.7223110831734063, 0.7291549109462379, 0.729346663839575,
    0.7186489649440931, 0.7263208666573399, 0.7355075202126435,
    0.7370881068965663, 0.7192585407823756, 0.7233535370964936,
    0.7371893488410591, 0.7315012143141982, 0.7332801160173138,
    0.7208349773849269
  ],
  "training_time": 813.0445113182068,
  "avg_gradient": 0.0036034173938211426,
  "memory_usage": 1145.87109375
}
