{
  "train_losses": [
    0.2697880076163489, 0.22546066343784332, 0.200440038724438,
    0.18397371511420477, 0.17065416948626871, 0.15944998136357122,
    0.1539937534733959, 0.14588414363401092, 0.14212555701479965,
    0.13646145760203185, 0.13365617880354758, 0.1278294209876786,
    0.12679472468469455, 0.12114339070799558, 0.11680534186408571,
    0.11296886290707019, 0.11133940497656232, 0.10756873541876026,
    0.10275647505793882, 0.1008574475088845, 0.09916489364822274,
    0.09871054618902829, 0.09906328036247389, 0.09209391717677531,
    0.08958037979090991, 0.08786673195984053, 0.0907177960338152,
    0.08601891666488803, 0.08501729798381744, 0.08349883442987567,
    0.08054762025890143, 0.07877186584569838
  ],
  "val_losses": [
    0.2396528354805449, 0.22338812539111014, 0.21453042652295984,
    0.239341771149117, 0.18122391435115234, 0.1546754584364269,
    0.15363982562785564, 0.1602869739998942, 0.1527314129406991,
    0.14624370877509532, 0.13924734504974406, 0.13721163749046947,
    0.13886285621834837, 0.13628095841926077, 0.13351182979734047,
    0.13148164506191792, 0.1325860410604788, 0.13583317933523137,
    0.13106881325011668, 0.13592141056838242, 0.12833222617273746,
    0.13424367279462193, 0.1252100916336412, 0.14134982633201973,
    0.12464722942398943, 0.1278200466995654, 0.13121672525354053,
    0.12629901617765427, 0.13800929211404012, 0.13392055455757224,
    0.12890827655792236, 0.1472711235932682
  ],
  "train_ious": [
    0.44952902744821144, 0.5387117253157537, 0.5853265435637338,
    0.6154861478269966, 0.6411039305014025, 0.6605458404814847,
    0.6700991053620114, 0.6847316885663978, 0.6922376363173772,
    0.7017675925964031, 0.7072691222571805, 0.7184395005089652,
    0.7204672060366992, 0.7302455843790715, 0.7387860262415545,
    0.7452985481831477, 0.7488577560238214, 0.7548822450141115,
    0.7641653766234711, 0.7673278134586152, 0.7706414145835931,
    0.7716395053202691, 0.770754900369523, 0.7838052794121313,
    0.7880898930564308, 0.7916570809008416, 0.7858983381394888,
    0.7950677036483218, 0.7975471205469493, 0.8007025634465015,
    0.806333181758722, 0.8098757164417832
  ],
  "val_ious": [
    0.5130622538103574, 0.5457608560505122, 0.573752025547235,
    0.48346201557180163, 0.631699452581613, 0.6652592113916426,
    0.6702847644902657, 0.6668387461399686, 0.6756363988354586,
    0.6859657241814378, 0.6995149362778317, 0.69897020554197,
    0.7012654365836709, 0.7058265954256059, 0.7121362347101821,
    0.7146904114363851, 0.7154857518448345, 0.7090465320625164,
    0.7193678721137667, 0.7162752574768622, 0.7207414190406383,
    0.7147294682437095, 0.7291534089523813, 0.7180629165276239,
    0.7336927790572677, 0.7309092278929724, 0.7291495672602584,
    0.7315397221541058, 0.7206747089175208, 0.7307951607997866,
    0.739907805038535, 0.7130138712084814
  ],
  "training_time": 687.3604545593262,
  "avg_gradient": 0.00410564961036308,
  "memory_usage": 1145.87109375
}
