{
  "train_losses": [
    0.27490687216429605, 0.2312446964661712, 0.20986944218368633,
    0.19073233826328878, 0.1768281252487846, 0.16858679566370405,
    0.16019046278265509, 0.1546179718621399, 0.14657720733110025,
    0.1443840204535619, 0.13802497781327236, 0.133999597483679,
    0.13222236153872116, 0.1267646832553589, 0.12481395495326622,
    0.11950342397650947, 0.1181847206114427, 0.11473517702973407,
    0.11268447813294503, 0.10903129224543986, 0.10832662471448598,
    0.10327499764768974, 0.10271822312927764, 0.10031906819052022,
    0.0995542540660371, 0.09696592013959003, 0.09505429920618949,
    0.09052530761160281, 0.0935028783734078, 0.08927206638390603,
    0.08639493564386731, 0.08633608893369851, 0.08507439445542253,
    0.08068265174718006, 0.08172806607478339
  ],
  "val_losses": [
    0.27221642207840213, 0.38314665594826575, 0.1949331345765487,
    0.22451956926480585, 0.24267120918501978, 0.17743729411259943,
    0.16377161151689032, 0.15939353147278662, 0.14532887044808138,
    0.14892224076649416, 0.15842901882917984, 0.1406402916687986,
    0.14765323374582373, 0.14156511992863988, 0.14053057360908258,
    0.13740969821810722, 0.13426601724780124, 0.13488095091736835,
    0.13586458191275597, 0.13851113196300424, 0.14630574166126872,
    0.12988734876979952, 0.13086544527955676, 0.13723896978342015,
    0.13136164503900902, 0.13091978430747986, 0.1276927891632785,
    0.1370140016078949, 0.12861647230127585, 0.12806031010721042,
    0.12840058201033136, 0.12995433499631676, 0.13134369901988818,
    0.13378371103950168, 0.13911075436550638
  ],
  "train_ious": [
    0.4416274557538009, 0.5301305861954672, 0.5689505289538183,
    0.6026982196971129, 0.6283366005813732, 0.6436865097046761,
    0.6584599973714869, 0.66989758119419, 0.6839099706191082,
    0.6877625152684641, 0.6985914520379429, 0.7062852017149541,
    0.7107331662614271, 0.7205843337528084, 0.7228018244647462,
    0.7332327856641748, 0.7355740327873959, 0.7417652224177038,
    0.7444837888081871, 0.7514507238739637, 0.7531732963263128,
    0.7627267859120302, 0.7631349412427432, 0.7678587996009469,
    0.7689594670158367, 0.7743320941277174, 0.7778066262818765,
    0.7863296497667183, 0.7806307233438115, 0.7885467270254227,
    0.7943645638508208, 0.7943969418605171, 0.7963598971997479,
    0.8052779895024029, 0.8035861519367802
  ],
  "val_ious": [
    0.45988542133051424, 0.47398920422014973, 0.5924816714680714,
    0.5612898931123208, 0.557573245595331, 0.6338887322640073,
    0.653099395658659, 0.6630145421494609, 0.6869351304527642,
    0.6758860213601072, 0.6661570920892383, 0.694301215202912,
    0.6832729731348975, 0.6927906026442845, 0.6930349374162977,
    0.7011521681063415, 0.708414670349895, 0.7081956373176711,
    0.7094235975241314, 0.7052496332621231, 0.6954406225594922,
    0.7218445405579998, 0.717991088827451, 0.7180974831183752,
    0.724120762469112, 0.7220794927814734, 0.7281946373590525,
    0.7182006855373797, 0.7250079758789226, 0.7291431161372555,
    0.7342041711444441, 0.731239833045697, 0.7296296705802281,
    0.7288566242525544, 0.7163219024305757
  ],
  "training_time": 750.9449410438538,
  "avg_gradient": 0.005203142547279093,
  "memory_usage": 1145.87109375
}
