{
  "train_losses": [
    0.2730031946431036, 0.23123816943363004, 0.2070953546334868,
    0.190118336726142, 0.17548671316193498, 0.1661041577387115,
    0.16148306283613909, 0.15311234553708977, 0.14881897547646708,
    0.1420600660064298, 0.1393720041555555, 0.13483031503046336,
    0.13193469134199878, 0.12769132609600606, 0.12311870288913665,
    0.12219763061274654, 0.11597456361936487, 0.11508004484779161,
    0.11302490520250538, 0.10712868801277617, 0.10451341740301122,
    0.10080779194022002, 0.10044700247438057, 0.0978991532617289,
    0.09708768833914529, 0.09590007465980623, 0.09066865066795246,
    0.08970631885787715, 0.09036202538434578, 0.08464495590685503,
    0.0814843115032367, 0.08350302594835343, 0.08168118908677412,
    0.08002255290098813, 0.08276324532926083
  ],
  "val_losses": [
    0.24892398002354996, 0.21516977056213046, 0.19886053645092508,
    0.1976007990863012, 0.1812778390620066, 0.16726107215103897,
    0.17084714284409647, 0.15836395712002463, 0.15525266868264778,
    0.155514952281247, 0.14565488615113756, 0.1420831976701384,
    0.14461546148294988, 0.15315586943989215, 0.1465384718840537,
    0.13200262804394183, 0.14432341686409453, 0.1401600410108981,
    0.1461977882553702, 0.13032287699372871, 0.13021121417050777,
    0.13962527704627617, 0.1354698571174041, 0.13486280632407768,
    0.1352268133474433, 0.12882323320145192, 0.13321222591659296,
    0.1362312074912631, 0.13861919955714888, 0.12849559570136276,
    0.13686374510112015, 0.13122676523483318, 0.13312981131932008,
    0.12917490400697873, 0.1547163392862548
  ],
  "train_ious": [
    0.4457753490575631, 0.5277726786562063, 0.5724882010802409,
    0.6037974652118872, 0.6318464138801551, 0.6472092167730781,
    0.6565356294530027, 0.6721421061218645, 0.6802764532790664,
    0.6923980806832728, 0.6974376444367397, 0.7044704430129214,
    0.7103677591227964, 0.7191689749774727, 0.7266674196158631,
    0.7285078038879926, 0.7399174350219357, 0.7410105488438533,
    0.7450257047362945, 0.7554404662679074, 0.7607967968544231,
    0.7671810492765213, 0.7680912325563635, 0.7728917829260444,
    0.7742759946571741, 0.776259250075057, 0.786508139114881,
    0.7881374329976414, 0.7865762469777162, 0.7977837234519533,
    0.8042913530615793, 0.8000662597841106, 0.8035911514923195,
    0.8070641076867126, 0.8020400011884997
  ],
  "val_ious": [
    0.5059926521734917, 0.5612806939128516, 0.5873497797959092,
    0.5887805822750795, 0.6266920996316966, 0.6492214354052059,
    0.6561617358871129, 0.6658433842054311, 0.6694455518238787,
    0.671345960834752, 0.6902150295782781, 0.6936236121084377,
    0.6954007172498151, 0.6880851843650791, 0.690538625570311,
    0.7134912748267683, 0.6928574710652448, 0.7011709703483447,
    0.6919892443263012, 0.7196870113628497, 0.7201219153577003,
    0.7119020996750267, 0.7179775175409041, 0.7146945459687192,
    0.7135333883157674, 0.7296223929826765, 0.7215485361175261,
    0.7212473233972768, 0.7185309209685395, 0.734278221493182,
    0.7243199203757271, 0.731514279393182, 0.7297125463036523,
    0.7348459267961804, 0.7032001681517864
  ],
  "training_time": 748.5013332366943,
  "avg_gradient": 0.003411572462953367,
  "memory_usage": 1145.87109375
}
