{
  "train_losses": [
    0.2652875403671161, 0.2261684313416481, 0.20349195955888086,
    0.18727520286389018, 0.17458263598382473, 0.1646481611482475,
    0.15569582148252623, 0.15239670326042434, 0.14386643129198448,
    0.14001586523068987, 0.13728566492057365, 0.13201817274903474,
    0.12743273012987946, 0.1253577164657738, 0.1198431329558725,
    0.12063567765542994, 0.11233244451653698, 0.110840220125797,
    0.10807883613945349, 0.10365077695282905, 0.10280714953399223,
    0.10099807843242002, 0.09828794132108273, 0.09651794608520425,
    0.09333096938612669, 0.08937405632889789, 0.08970304218161365
  ],
  "val_losses": [
    0.2643673604597216, 0.21689091234103494, 0.22281939730696057,
    0.18336057695357696, 0.16567668286354645, 0.16094896002956058,
    0.17570731983236645, 0.15280158591011297, 0.14955145476952844,
    0.16690302769774976, 0.14188042461224223, 0.13775005321139874,
    0.1449947613088981, 0.15056247426115948, 0.14509088594628416,
    0.13391661012302275, 0.12974616626034613, 0.13655079415310983,
    0.13201404913612033, 0.12569035249559776, 0.13703897627799408,
    0.1365074797169022, 0.14872721841801767, 0.12954328225358672,
    0.12824569804512936, 0.1280924305319786, 0.135974634276784
  ],
  "train_ious": [
    0.4640541617907042, 0.5365310054056457, 0.5792086542300559,
    0.6112530636938587, 0.6332558813518372, 0.6513058153939418,
    0.6676943965688135, 0.6726411256021343, 0.6880599500584431,
    0.6966866299617979, 0.7020142619916497, 0.710683628592802,
    0.719430517297292, 0.7222504703247026, 0.7325512321422925,
    0.7319558802182256, 0.746603428669598, 0.748711495565763,
    0.7540427940371245, 0.7617542093646701, 0.7630104892279791,
    0.7661827853948308, 0.7716198252594989, 0.7749941430554013,
    0.7811051261597785, 0.788355616501708, 0.7878111181915665
  ],
  "val_ious": [
    0.4914742248213809, 0.5646220701544182, 0.5658115075118298,
    0.6144700709028519, 0.6499656665584317, 0.6591705485530521,
    0.6420901229848033, 0.6737230554007102, 0.6800917533860692,
    0.6499692979066268, 0.6953187695016033, 0.7002076826233796,
    0.6900170318026472, 0.6832841876624286, 0.6968428967655569,
    0.7134108917004821, 0.7156814438277396, 0.71380669310473,
    0.7150674825129301, 0.7256962456133053, 0.7100915695014207,
    0.7176012081512507, 0.7055478556000668, 0.7254836820605872,
    0.7256105771099313, 0.7287162935388262, 0.713306143663932
  ],
  "training_time": 577.3504576683044,
  "avg_gradient": 0.007897831098836523,
  "memory_usage": 1145.87109375
}
