{
  "train_losses": [
    0.274511331692338, 0.2267528019197609, 0.20149507341177567,
    0.18493249129665934, 0.1753189877971359, 0.16336368453567443,
    0.15565568423303572, 0.15142946653877912, 0.1435569315014974,
    0.13999051527808543, 0.13476811175275108, 0.13069021159216113,
    0.12637823253222133, 0.12426451933772667, 0.11869020334890355,
    0.11917217347123053, 0.11152803063716578, 0.10949351278174183,
    0.10572159225526064, 0.10234883460013763, 0.10089242053420647,
    0.09954701181825089
  ],
  "val_losses": [
    0.25193973825029703, 0.23862235604420953, 0.21277276037827783,
    0.20260029707265936, 0.17133097480172696, 0.1710079958581406,
    0.16034713954381322, 0.15559430582367856, 0.15871351924927338,
    0.14559592274220093, 0.16534667154369148, 0.13877694017213324,
    0.13986286423776462, 0.14457004063803217, 0.14260584148375885,
    0.1352676102972549, 0.13224833653025006, 0.13943870268438174,
    0.13802646473050117, 0.13979196532265, 0.1292959955399451,
    0.14999892238689505
  ],
  "train_ious": [
    0.4439958358534434, 0.5378755747300125, 0.5827457065005665,
    0.6134455952847351, 0.6308702365427776, 0.6518183440725873,
    0.6673588378597858, 0.6749550523101417, 0.689586448226718,
    0.6957211559233462, 0.7051398062511629, 0.7128525238106218,
    0.7213321519826638, 0.7248419255450156, 0.7342526198945182,
    0.7338805626807868, 0.7476476564247541, 0.7507556222271228,
    0.7576738739575161, 0.7640686266232224, 0.7663018738014109,
    0.7693585119601611
  ],
  "val_ious": [
    0.4897784983766253, 0.5278764343348101, 0.5611662352862565,
    0.597520511003508, 0.6369424602691679, 0.6474219824092975,
    0.6650535781746322, 0.6658304674901825, 0.669420346185781,
    0.6855020540347997, 0.6599127803591716, 0.7018341784891875,
    0.7000057690817378, 0.6936479519674742, 0.6939677092908083,
    0.7092447406139928, 0.7156636088654613, 0.7058939370124238,
    0.7144483571899111, 0.7104070679001186, 0.7261486347170844,
    0.7007349891507105
  ],
  "training_time": 471.81665778160095,
  "avg_gradient": 0.007829741540707712,
  "memory_usage": 1145.87109375
}
