{
  "train_losses": [
    0.2887544886249563, 0.2425310942951752, 0.21775501326698324,
    0.19642900068150915, 0.18305727029624191, 0.1746453043559323,
    0.16386684095082077, 0.15474619287187638, 0.1500413143683387,
    0.14381858220566873, 0.138590636825108, 0.13472528379086568,
    0.13282267307943624, 0.12711448781192303, 0.12483198754489422,
    0.12019798438996077, 0.11685887250401404, 0.11157238430788984,
    0.1112913663458565, 0.10809791614503964, 0.10403076207022303,
    0.10668723394527384, 0.10130398489696824, 0.09709318103673666,
    0.09798954662097537, 0.09594360018230003, 0.09506977244239787,
    0.09105175324594197, 0.08827843877446392, 0.088974729747228,
    0.0905669206024512, 0.08637956995517015, 0.08732583418326534,
    0.08461895868506121, 0.07965643400245387, 0.0839972873420819,
    0.08008665142013975, 0.07899032010818305, 0.07566586732054534,
    0.0783095949774851, 0.0794995499815306, 0.07559760246911774,
    0.07860503157438792
  ],
  "val_losses": [
    0.2700891481793445, 0.23578139362127884, 0.22637490701416266,
    0.1870138794183731, 0.18545118622157886, 0.17913202520297922,
    0.1679190844297409, 0.16730102281207623, 0.16085115690594134,
    0.16332073817434517, 0.15259401095302208, 0.14729723901204442,
    0.168876885395983, 0.14298165038875912, 0.13823171753598296,
    0.14102361999128177, 0.13348943821114043, 0.134749304017295,
    0.13938560336828232, 0.13936154382384341, 0.13821947558418565,
    0.13825190520804861, 0.133263457890438, 0.12924807891249657,
    0.13322220532142598, 0.14585746452212334, 0.13419230833001758,
    0.13174706729857819, 0.13124961551764738, 0.13738836056512335,
    0.1302521217452443, 0.13491458154242972, 0.13217714817627615,
    0.13296253493298654, 0.13121319092486217, 0.1309994180565295,
    0.13546042905553526, 0.13441072631141412, 0.13695727304919905,
    0.13302851031007973, 0.13155859870755154, 0.13754280186865642,
    0.13398503787491634
  ],
  "train_ious": [
    0.41650583497855975, 0.5056550849121118, 0.5552142084562695,
    0.5931808783848215, 0.618222088863452, 0.6330157118323061,
    0.6516620347249337, 0.6678527171953, 0.6773137762818648, 0.6886115929894686,
    0.6977416844903558, 0.7050964047295459, 0.7087467991463516,
    0.719364837081968, 0.7231759677330653, 0.7316747952414597,
    0.7376761704791288, 0.7469106840806596, 0.7480878439610421,
    0.7537423292903798, 0.760422384933285, 0.7561629754693613,
    0.7653396330449891, 0.7738533526982954, 0.772240378394507,
    0.775762559711069, 0.7779010728649477, 0.7855177645342072,
    0.7907043394187225, 0.7890740823594556, 0.7864182255082376,
    0.7946365004864293, 0.7924157729831297, 0.7977089733965154,
    0.8077309248240101, 0.7993376993074804, 0.8069424412172773,
    0.8089959679738336, 0.8158253153813059, 0.8108962377992234,
    0.8084544182039686, 0.8159577639206594, 0.8104859003662198
  ],
  "val_ious": [
    0.47554988079312915, 0.5300880014032556, 0.5180054755098579,
    0.6115321355021518, 0.612008086581161, 0.6249321077180945,
    0.6471318615519482, 0.6577457111814747, 0.6603720421376437,
    0.6632828207119651, 0.6847684031379396, 0.6855922013089276,
    0.6431721684293471, 0.6920523516077928, 0.7050189131843873,
    0.6975711754698684, 0.7120051636644031, 0.7156702988389609,
    0.7015727395596713, 0.7027360326138093, 0.7093881174274115,
    0.7022457548241683, 0.7179025312264761, 0.7236838511366777,
    0.7172328300666116, 0.7042280530584033, 0.7177227407261945,
    0.727929651953172, 0.7280896010174266, 0.718706561819367,
    0.7268386673236238, 0.7210067817266436, 0.7308738255414411,
    0.7306369985791221, 0.7377674881962762, 0.7347947333170022,
    0.7251118207755296, 0.7339514329813531, 0.7337103997883591,
    0.7272272785936579, 0.7303893533737764, 0.731028709290684,
    0.7300050018922143
  ],
  "training_time": 924.0120451450348,
  "avg_gradient": 0.003777649851224363,
  "memory_usage": 1145.87109375
}
