{
  "train_losses": [
    0.2688209382088288, 0.22920517526243045, 0.20521130971610546,
    0.18648695257370887, 0.17446112276419348, 0.16278511382963345,
    0.15841030782979468, 0.15045060812617125, 0.1454838562918746,
    0.1415395971144671, 0.1397478184460298, 0.133459300774595,
    0.1307691869366428, 0.12617890451751326, 0.1211262070371405,
    0.12168781763023656, 0.11459308170268069, 0.11557627562433481,
    0.1081721153434204, 0.10570291729400987, 0.10601890212653772,
    0.10263166171701057, 0.10082771940885679, 0.09967540868598482,
    0.09813156800911478, 0.09072842129060756
  ],
  "val_losses": [
    0.2473952974314275, 0.211802639067173, 0.19736217415851096,
    0.18224216738472815, 0.17409696818693823, 0.18503912603077682,
    0.15797406062483788, 0.1499236558118592, 0.15169558107205058,
    0.14137621418289517, 0.14018964216760968, 0.1493187413915344,
    0.1349907123848148, 0.14113505006484364, 0.14674143201631049,
    0.13250916208262029, 0.13217593065422514, 0.13279616265841152,
    0.12960385158658028, 0.13767883343541104, 0.13113825816823088,
    0.1326956744103328, 0.13561411947011948, 0.13528654756753342,
    0.12727261286066927, 0.144610702343609
  ],
  "train_ious": [
    0.4579597160193152, 0.5301374539840916, 0.5753514312369667,
    0.6116570187327658, 0.6321191917295043, 0.6538570472511696,
    0.6612309700660948, 0.6763955896747283, 0.6877069308597971,
    0.6927490831501241, 0.6960424294938214, 0.7077629418260815,
    0.7128897760657292, 0.7217864960540034, 0.7302727386139445,
    0.7292427183061406, 0.7423067570164585, 0.7397251602100294,
    0.7534425096127436, 0.7577698612990585, 0.7571073261939958,
    0.7628206279182781, 0.7664043062191077, 0.7689238921671671,
    0.7719334776958694, 0.785417518537977
  ],
  "val_ious": [
    0.5089343764643739, 0.5516885582735572, 0.598281469034112,
    0.623746977120206, 0.6435253417146377, 0.6320720898068468,
    0.6661299894685329, 0.6822394247072331, 0.6760510659736134,
    0.6942567587762639, 0.7004321854615556, 0.6857717281234437,
    0.710546784426855, 0.7029763870481133, 0.6957250051740285,
    0.7133806455826415, 0.7151418330444805, 0.7159312617951544,
    0.7217246633077012, 0.711458418896233, 0.7179671502199725,
    0.7187390435433041, 0.7162083491035132, 0.7129136697537658,
    0.7277808997078218, 0.7127389771782834
  ],
  "training_time": 556.7909224033356,
  "avg_gradient": 0.003192956726697618,
  "memory_usage": 1145.87109375
}
