{
  "train_losses": [
    0.270576023861118, 0.22966314617382444, 0.20546236917700456,
    0.18808853529069736, 0.17528559429490048, 0.16486007027813923,
    0.15733258021266563, 0.15329042105409113, 0.1453377120601742,
    0.1428466359882251, 0.13756470289081335, 0.13316031674975934,
    0.12837117728169845, 0.12512518975721754, 0.11992904835421106,
    0.11774367422027432, 0.11323226004353036, 0.10908534531684025,
    0.10869844423849946, 0.10383328313574842, 0.10079650366273911,
    0.09784232946517675, 0.09551233583656342, 0.09699097186650919,
    0.09558889994640714, 0.08868539580346449, 0.08858895864661621,
    0.08741569446156854, 0.08600196145150972, 0.08452365004821964,
    0.07992421191833589, 0.07765418416618006, 0.07791166612878442,
    0.07508299410667109, 0.08532112035090508
  ],
  "val_losses": [
    0.2729606106877327, 0.23508857806091724, 0.20106266827686972,
    0.18733860714280087, 0.17709965582775034, 0.18755976985330167,
    0.16142985030360843, 0.1508866955080758, 0.1582882193767506,
    0.14451796788236368, 0.17662684749002042, 0.1416578506645949,
    0.13750003796556723, 0.13375982706961426, 0.141315755960734,
    0.13262982974233833, 0.13041189669266992, 0.12785390683490297,
    0.13334606668871382, 0.13084575760623682, 0.14172577453048332,
    0.1250396317437939, 0.13983482883676238, 0.13636840248237486,
    0.12619881834024968, 0.1276382698636988, 0.12734205988438232,
    0.12892629449134288, 0.1401413280678832, 0.12897749407135922,
    0.1293551502344401, 0.13041827471359915, 0.12997842742049176,
    0.13656429233758346, 0.13744957550712253
  ],
  "train_ious": [
    0.4500254756970114, 0.5321839328963255, 0.577392848127562,
    0.6073812920114267, 0.6319813417891661, 0.6512084393289641,
    0.6640476127681525, 0.6728668980624368, 0.686327758420637,
    0.6916093991502471, 0.7010835075507996, 0.7090536303062374,
    0.7175600930940413, 0.7229420286805733, 0.7330836368103822,
    0.7360925230103128, 0.7448818962751088, 0.7521572494204496,
    0.7533990579886715, 0.7617153537230218, 0.767727246696966,
    0.773183446917413, 0.777039272305758, 0.7747395550427226,
    0.7775572968673877, 0.7905003389046676, 0.7905213267582915,
    0.7930379412204455, 0.7954437851473903, 0.7987534578727636,
    0.8076556153271506, 0.8123119154918025, 0.8116064379396646,
    0.8173919590055081, 0.7979005093591802
  ],
  "val_ious": [
    0.4802025404853233, 0.5203826320560082, 0.5867884614761326,
    0.6069856985755588, 0.6424867828255114, 0.6172546575898711,
    0.6612612289794977, 0.6759707027155419, 0.6692709188530409,
    0.688485591739848, 0.6450628003348473, 0.6952129960923955,
    0.7001390573771104, 0.7055490170268044, 0.6987313772889151,
    0.7133463744236075, 0.7205590895120649, 0.7239923712568006,
    0.7107390396404957, 0.718850203830263, 0.7089946565852648,
    0.7297041411849037, 0.7194834038399267, 0.7173822114001149,
    0.7329896597758584, 0.7300712755624796, 0.7279506371073098,
    0.7288700329220815, 0.7133765253035922, 0.7291158489559008,
    0.7330672315497331, 0.7338475397099617, 0.7374822804029436,
    0.7295265357563465, 0.7198549442101213
  ],
  "training_time": 748.1610028743744,
  "avg_gradient": 0.0037757176438172704,
  "memory_usage": 1145.87109375
}
