{
  "train_losses": [
    0.2677940828320773, 0.2229363713413477, 0.2000527472599693,
    0.18287908804157507, 0.17088861731083496, 0.16494961787501108,
    0.15451776880123044, 0.15034367249387762, 0.14342318288981915,
    0.1402323049209688, 0.13539192582602086, 0.1319349090690198,
    0.13010768948689752, 0.1265370498775788, 0.12298667179825513,
    0.11878648874066446, 0.11588685967676017, 0.11638899609122587,
    0.10985731361838787, 0.11143342316474604, 0.10750368828682796,
    0.1045703753909987, 0.10164263204711935, 0.09913364668255267,
    0.09664778265616168, 0.09512852022991232, 0.09380263248053582,
    0.09391137131530305, 0.0878059032332638, 0.08805087443603121,
    0.08767616679972928, 0.08338075025897959, 0.08377136626159368
  ],
  "val_losses": [
    0.28546474614868994, 0.22464397679204526, 0.18886255894018256,
    0.19186282967743667, 0.1866059484689132, 0.16350982354386992,
    0.158785295713207, 0.16503623403284862, 0.15759086122979288,
    0.14706268355898236, 0.16408292884412018, 0.14035342860481012,
    0.15441515912180362, 0.15535579897139384, 0.1397821201902369,
    0.13897688427697058, 0.14614595359434251, 0.134854550756838,
    0.13489145461631857, 0.14491966301980225, 0.13292942908794983,
    0.13818956992548445, 0.12914986260559247, 0.13594677445033324,
    0.1263835546763047, 0.1307233312855596, 0.1321502703687419,
    0.12696673299955286, 0.12504207504832227, 0.12711441678845364,
    0.13063051940306372, 0.13146790554342064, 0.13840400702927425
  ],
  "train_ious": [
    0.46075534940683766, 0.545398733106212, 0.5884161897651525,
    0.6200930935641128, 0.6404735859537469, 0.6497545336251676,
    0.6682401946273403, 0.6765411190040733, 0.688119634715975,
    0.6960701749160672, 0.7047603253437127, 0.7100551302234331,
    0.7134280762486699, 0.7205604338019659, 0.7269577914713953,
    0.7340948168674236, 0.739093708657268, 0.7382216252710506,
    0.7505674367041695, 0.747561004822669, 0.7548805110804413,
    0.7597971646574098, 0.7652286027112728, 0.7704129858833291,
    0.774404999408601, 0.7773343123279619, 0.7802557133246159,
    0.7798783344527085, 0.7916536665912983, 0.7902601105363466,
    0.7917148952466855, 0.7997343156864672, 0.7991062314182088
  ],
  "val_ious": [
    0.4610968338514583, 0.5523794658374097, 0.6126162779072056,
    0.6050767883442449, 0.6104834909024447, 0.6519388053296269,
    0.6590603762778682, 0.6551108753335646, 0.6728881044664246,
    0.6839871693780459, 0.6672182286131211, 0.6974519253640936,
    0.6845065502152927, 0.6834380425836728, 0.7016793791798577,
    0.7015144606863243, 0.6885106744973558, 0.713462039180424,
    0.714275926783465, 0.6975458756737087, 0.7155332640893218,
    0.7107532045979433, 0.7203540972609452, 0.7113378393477285,
    0.7262591883756113, 0.7269009494263194, 0.7235688312330109,
    0.7305640409822051, 0.735996883848439, 0.7331648296204165,
    0.7267209647790247, 0.7297145182239833, 0.7183471317740451
  ],
  "training_time": 708.1200194358826,
  "avg_gradient": 0.005648161736260103,
  "memory_usage": 1145.87109375
}
