{
  "train_losses": [
    0.26502297025011934, 0.2179928098845741, 0.19719033906965153,
    0.1806846344438584, 0.16788084011362947, 0.15825669937159703,
    0.15088924154153335, 0.14526158850640059, 0.14015886321177948,
    0.13457805695741074, 0.13007753447670004, 0.12783038138371447,
    0.12075209447547146, 0.11863029440459998, 0.11702810616596886,
    0.11044524367088857, 0.10666463949272166, 0.10493422716694034,
    0.10160222009796163, 0.09826217725387086, 0.09456078525956559,
    0.09396491454833228, 0.09934507395424273, 0.08955848075287498,
    0.08935373037567605, 0.08978860278654358, 0.08352933285514945,
    0.08147314952119537, 0.08513188151561696
  ],
  "val_losses": [
    0.24010646440412686, 0.2416664961239566, 0.19156161209811334,
    0.26393180437709973, 0.16655627184587976, 0.16021550835474677,
    0.1605933332896751, 0.15321574651676675, 0.1576686248831127,
    0.14871803330986397, 0.15303784997566885, 0.15738852257313934,
    0.1506601635204709, 0.14913635684744173, 0.1385649489643781,
    0.15694465407210847, 0.1517202611202779, 0.13882679605613585,
    0.1393219201785067, 0.14281043572270352, 0.13721598555212436,
    0.1384815581790779, 0.14030709004272585, 0.1354189539409202,
    0.13807747707418774, 0.1398635432124138, 0.14378726854920387,
    0.1344540132128674, 0.14654023864347002
  ],
  "train_ious": [
    0.4669060449831295, 0.5541617445431756, 0.5918013174626706,
    0.6220068024552386, 0.6421987070445564, 0.6609912865619727,
    0.6745985448360444, 0.6857354144795217, 0.6949427639120731,
    0.7050525698324911, 0.713896397123302, 0.7175345278304555,
    0.7301861211333588, 0.7343185554811925, 0.7371462249345543,
    0.7487627210068529, 0.7553947811973266, 0.7589160897701547,
    0.7655988407415757, 0.7718953556124716, 0.7785763378808465,
    0.7797356388275176, 0.7690403171531534, 0.7881685085054757,
    0.7888249500074246, 0.7877231282924396, 0.799965941927571,
    0.8041537310118259, 0.7969949709764422
  ],
  "val_ious": [
    0.5112874207721241, 0.5367960167535835, 0.6086337607407916,
    0.4518951180836428, 0.6496971670700156, 0.6585416437491127,
    0.6627884878628496, 0.6764038604670678, 0.6683053870995838,
    0.6822719409845878, 0.6753256420294445, 0.6807444123686224,
    0.6816910084175027, 0.6852849816930465, 0.7052295739236084,
    0.6687145354091256, 0.6940021968406179, 0.7113752581071163,
    0.7076825544885967, 0.7092740073584131, 0.7168252919463144,
    0.7121126228484552, 0.708283359805743, 0.7232909450928371,
    0.7160564125448031, 0.721106135542842, 0.7184659182161525,
    0.7235589683919713, 0.703308121017788
  ],
  "training_time": 621.241726398468,
  "avg_gradient": 0.00642566808667527,
  "memory_usage": 1145.87109375
}
