{
  "train_losses": [
    0.26483307187647925, 0.21938629407921564, 0.20031625153901783,
    0.1809029738702204, 0.16993412666994592, 0.1578643324420504,
    0.15215384020753528, 0.14944721928433233, 0.14053319892643587,
    0.13657559632607127, 0.12955093379739835, 0.12619143404552471,
    0.12425941957727722, 0.123581329887004, 0.11979883974013121,
    0.11399103004647337, 0.110814000763323, 0.10864024184158315,
    0.1031499304201292, 0.10123049054780732, 0.10320756345501413,
    0.09693177886631178, 0.09525321395662815, 0.09196711015766082,
    0.0939876914591245, 0.0953595880014093, 0.0910528771498281,
    0.08524868038037549, 0.08275892553122147, 0.08110920902665543,
    0.07980144473359636, 0.07886793521111427, 0.08485078884531623,
    0.0801786390821571, 0.07966083822690923
  ],
  "val_losses": [
    0.25994535114454187, 0.23820554043935693, 0.19458248660616254,
    0.20088319545206818, 0.19270676925130512, 0.1619136952187704,
    0.15388106813897257, 0.14847368892768156, 0.15310099494198096,
    0.1417724551713985, 0.14370532042306403, 0.14853625129098477,
    0.1349923733783805, 0.15299670851748923, 0.14131843735990318,
    0.1304015471883442, 0.14200230623069016, 0.1345507606216099,
    0.13786591816207636, 0.13242052236328955, 0.14082451504857643,
    0.12956230812098668, 0.13404230789645857, 0.1368397838719513,
    0.1473287157714367, 0.14450605715746465, 0.130003087060607,
    0.1317771563063497, 0.12890007525034572, 0.13110143027227858,
    0.12820938699271367, 0.13447505834957826, 0.14182616624495256,
    0.1385221928358078, 0.15375973251850708
  ],
  "train_ious": [
    0.4638613066568538, 0.5505018404590479, 0.586343444262942,
    0.6218796688253467, 0.6433658175494358, 0.6632841856799262,
    0.6746622886022793, 0.6791681761758914, 0.6945743251429952,
    0.7026267269275328, 0.7149525930484136, 0.7203368762697002,
    0.724982211879198, 0.7261812461783057, 0.7326669240019461,
    0.7429149369506731, 0.7485277096646417, 0.7519771958822783,
    0.7625119895606798, 0.7659797856341239, 0.7629263206128626,
    0.7739748048285644, 0.7767977689163408, 0.7833982251476546,
    0.7798963743059527, 0.7776413528059706, 0.7854773969106054,
    0.7964425668984221, 0.8015970864157748, 0.8047836710145507,
    0.807296504145083, 0.8090799147452132, 0.7978235775793806,
    0.8066276331310694, 0.8075895930329955
  ],
  "val_ious": [
    0.5046649938044342, 0.5300106874842574, 0.6016926234183104,
    0.595625119148821, 0.6189714110847833, 0.6552414477303409,
    0.6749343543812847, 0.6799295944148217, 0.6776319023059763,
    0.697387784935426, 0.6913271967483605, 0.6868009383695711,
    0.7067008426655892, 0.681328927045283, 0.7023010836995168,
    0.714990732030592, 0.6987937690987104, 0.712735891558122,
    0.7106521170640336, 0.7202201304228409, 0.7083972338317096,
    0.7239627369504043, 0.7180556579344514, 0.7224777321452683,
    0.7056788869094158, 0.717516400243925, 0.7289844261131426,
    0.7271122573942377, 0.7360715524873871, 0.7326667939407236,
    0.7369492773128594, 0.72655714508416, 0.718898310609486, 0.723868677797525,
    0.7048722246418828
  ],
  "training_time": 758.8465723991394,
  "avg_gradient": 0.00479532142241163,
  "memory_usage": 1145.87109375
}
