{
  "train_losses": [
    0.28434368919419206, 0.2420351783056622, 0.21848123504415803,
    0.2021408165278642, 0.18756390775999296, 0.18179231064151163,
    0.172970587387681, 0.16203794668874014, 0.15799280276279087,
    0.15210683400864186, 0.14607165778136771, 0.14160969104293897,
    0.13813973813439193, 0.1345506323420483, 0.13010181599985,
    0.12719049397855997, 0.1249051027647827, 0.12110123341984075,
    0.12076425013820762, 0.11410786867465662, 0.11403484642505646,
    0.11204998988820158, 0.10658102433966554, 0.10833934269359578,
    0.10420281310444293
  ],
  "val_losses": [
    0.2508225061971208, 0.23062201006257016, 0.21413142428449963,
    0.19565610036901807, 0.18279343292764996, 0.18217854072218356,
    0.16921435069778692, 0.16987257062093072, 0.16500533566526746,
    0.1553744072823421, 0.15338744385086972, 0.14472546412245088,
    0.14885853976011276, 0.14448907809412997, 0.14506787110282027,
    0.1420565675134244, 0.13880388568276944, 0.13434285719109618,
    0.13751094075648682, 0.13795738003176192, 0.1381711410763471,
    0.1315704120889954, 0.1288534657138845, 0.14036352786680925,
    0.15440789593950563
  ],
  "train_ious": [
    0.4205651182033447, 0.506455815356711, 0.5528067302336727,
    0.5822126863227376, 0.6092158191014027, 0.619394022377505,
    0.638134271716294, 0.6564464237594947, 0.6634138789621815,
    0.6726319361208141, 0.683799009392227, 0.6929676161296121,
    0.6994939188918343, 0.7060164266090463, 0.7139819548397824,
    0.7193544351536292, 0.7232538370982458, 0.7296401977647039,
    0.7309369166800075, 0.7424328085844931, 0.7427306731865887,
    0.7459057095474088, 0.7563398778438569, 0.7524229624457119,
    0.7609854713082312
  ],
  "val_ious": [
    0.48137907122356305, 0.5298780383191248, 0.5634634681585907,
    0.5878685397514398, 0.6189294232838396, 0.6232095427703164,
    0.6433562752993209, 0.64828713670157, 0.6518952248321065,
    0.6706869127093883, 0.6776869610167932, 0.6944750279620073,
    0.6806207215008528, 0.6888315429290138, 0.695969990198163,
    0.6975041236998379, 0.7003611559453218, 0.7111853140851727,
    0.7021143041227175, 0.7050754497016686, 0.7097350259621938,
    0.7181935517684271, 0.7211565455232843, 0.7076652427946313,
    0.6868493211442144
  ],
  "training_time": 534.8146767616272,
  "avg_gradient": 0.010087106187883053,
  "memory_usage": 1145.87109375
}
