{
  "train_losses": [
    0.2900400915709527, 0.23433996218702066, 0.20962314283394295,
    0.1925042287810989, 0.17965670124344205, 0.17355081657676594,
    0.1634277937852818, 0.15507341666228097, 0.14879978156608084,
    0.1464290743207802, 0.1396842754405478, 0.13604752808485343,
    0.13377198115315125, 0.12936077505836022, 0.1271019519266227,
    0.12234675171582596, 0.11858975162486667, 0.1155178259410288,
    0.11254045302453249, 0.11164311716414016, 0.10929571306737869,
    0.10446036724454683, 0.10103841705004805, 0.0975754042763425,
    0.09857877526108337, 0.1002962460498447, 0.09469093848019838,
    0.09168310212376325, 0.08967169560492039, 0.09158829636061969,
    0.08948592169453269, 0.08598308054649312, 0.0827879103143578,
    0.08324714778396099
  ],
  "val_losses": [
    0.256291828725649, 0.22194613807875177, 0.1993212936365086,
    0.21015559169261352, 0.16916651343521866, 0.157820467715678,
    0.19052559428888818, 0.15756320337886395, 0.1700417917707692,
    0.14495640928330628, 0.1399361449091331, 0.14695802671105965,
    0.13693724264917168, 0.14073100605088731, 0.15790388214847315,
    0.13020084344822427, 0.13480963784715402, 0.12985270227427068,
    0.12970795725350795, 0.12637940632260364, 0.13364952737870422,
    0.1287103560955628, 0.12421324395615121, 0.12433021483214005,
    0.12863016760219698, 0.13484745310700458, 0.1298909655407719,
    0.12608736494313116, 0.1237650129782117, 0.12983391077622122,
    0.12462021572434384, 0.12399363906487175, 0.1293143055037312,
    0.1317781140298947
  ],
  "train_ious": [
    0.4111709771137955, 0.5220281964950805, 0.5688671530426844,
    0.6005182654421403, 0.6244755340875061, 0.6338072341961276,
    0.6527246042978073, 0.6680055720650632, 0.6805161520622778,
    0.6841398717808547, 0.697048525393441, 0.702197860710431,
    0.7080233317894351, 0.7154670914338118, 0.7187859539104544,
    0.7282307993998568, 0.7342553823322489, 0.7396787015748197,
    0.7456317354479565, 0.7467541177959552, 0.7513593705236055,
    0.7600932854997076, 0.7661900891773942, 0.7728598698217799,
    0.7710310307641823, 0.7681333600286994, 0.7783169704826847,
    0.7837387903768945, 0.7875815429657262, 0.7842154351697456,
    0.787819540641014, 0.7950027381488382, 0.8008820821625598,
    0.8005811226540713
  ],
  "val_ious": [
    0.48340917778187914, 0.5379639578902203, 0.5898339264634727,
    0.5722982507684956, 0.6457336389500161, 0.6633868822153063,
    0.6133934352276984, 0.6634321573419846, 0.6429080125214397,
    0.6865243384803552, 0.6929736701042756, 0.6804540749045387,
    0.7004497586816981, 0.692681056001912, 0.6572344406791355,
    0.7120137454374978, 0.7111637799636178, 0.7190219846324643,
    0.7182874282201132, 0.7249809717354571, 0.715497228546419,
    0.7246109484762385, 0.733264248224272, 0.7323915962723717,
    0.7295339707879052, 0.7155926741551663, 0.7295335928599039,
    0.7325934303411539, 0.7402715644110806, 0.7262371795764867,
    0.7366877304039141, 0.7387833722691604, 0.7395315515822259,
    0.7308027241109072
  ],
  "training_time": 736.2545800209045,
  "avg_gradient": 0.0029688509028150383,
  "memory_usage": 1145.87109375
}
