{"train_losses": [0.26816877747035545, 0.22201304826075616, 0.20085232810157796, 0.18452865047299344, 0.17208942892434803, 0.1638609343815757, 0.15538286126178244, 0.14979536207797733, 0.1448807944746121, 0.13921147147598473, 0.13369828349222307, 0.13032159986703293, 0.12480204082701517, 0.1224503236539338, 0.11867164468149775, 0.11519226022874532, 0.11194540989463744, 0.10989339544397334, 0.10697483907089285, 0.10149411500796028, 0.10135883870332138, 0.10174878520648116, 0.09790760464966297, 0.09283972470818655, 0.09178950795498879, 0.08852497463964898, 0.08684598869117706, 0.08606806688982507, 0.08703708729666212], "val_losses": [0.25002251727425534, 0.21590012992205826, 0.19659285733233328, 0.17632427196139874, 0.17208613390507904, 0.17139580619076025, 0.1608684493795685, 0.15191945044890695, 0.16805741984559142, 0.14549940192829008, 0.14638799412742906, 0.15086408753110014, 0.1457186219808848, 0.1381550557587458, 0.1403569673066554, 0.15032531547805536, 0.13789520040154457, 0.1338974559760612, 0.1361407125773637, 0.13709111819448677, 0.13448800146579742, 0.14699739865634753, 0.12585190586421802, 0.13949162934137427, 0.13116384281412416, 0.12787513337705447, 0.1330596347865851, 0.13169160954978154, 0.1429308672314105], "train_ious": [0.46006730609182, 0.5469809044962346, 0.5832060995795156, 0.6145404342399987, 0.6362270122204999, 0.6526632612922056, 0.6676030948866105, 0.676773324338854, 0.6854829234813437, 0.6955742698324766, 0.7058286377485249, 0.712594179841487, 0.722457773551561, 0.7272736785420473, 0.7346028442616046, 0.7407123991760654, 0.7467308271730289, 0.7505286664742493, 0.754833993434474, 0.7655094942428922, 0.7664230510700442, 0.7648026305588259, 0.7727976194110464, 0.7819090002904763, 0.7836365700307961, 0.7900982552032538, 0.7931295335832718, 0.7947248388891637, 0.7938132008024749], "val_ious": [0.49455081002003903, 0.5645121102747711, 0.5902700262225192, 0.6339369707781335, 0.6414132995018061, 0.6358853161766909, 0.6568035643169845, 0.673659560689028, 0.6587403816157493, 0.6890385122834772, 0.6953085077845532, 0.682894860920699, 0.6916667920523797, 0.7064152465782305, 0.7012149030747621, 0.685935789908188, 0.7071076825908993, 0.7159090543138807, 0.7136726720609525, 0.713911068180333, 0.7171030631963756, 0.6982203052527661, 0.7320379042539045, 0.7136566088251446, 0.7254928266224655, 0.731066869004913, 0.7285995073076608, 0.7325817132773608, 0.7113922015912293], "training_time": 630.3018906116486, "avg_gradient": 0.009343241606046965, "memory_usage": 1145.87109375}