{
  "train_losses": [
    0.26299491889126925, 0.22423081229562344, 0.2002381376274254,
    0.18434987703095312, 0.1711631423753241, 0.1612908669301997,
    0.15360127397529458, 0.14909268008626025, 0.14235340018311274,
    0.1382114191175155, 0.13382193263944075, 0.13094892231342586,
    0.12588528009212535, 0.1220763795401739, 0.12142733456162007,
    0.11660372777639524, 0.1151217620657838, 0.11087034326856551,
    0.105847193211641, 0.1058450271173016, 0.10143716159560111,
    0.10059375838255105, 0.09894276268618263, 0.09605772862129885,
    0.09692541574654372, 0.0925044871299811, 0.09493139426669349,
    0.08923395322230847, 0.08337091318453135, 0.082946400684507,
    0.08178228897083065, 0.08008224245808694, 0.07977480931288522
  ],
  "val_losses": [
    0.27478116945080133, 0.24021054059267044, 0.1897483251017073,
    0.18295460971801178, 0.20179140243841254, 0.164591272564038,
    0.15584454118557597, 0.16218999708476273, 0.1739889878941619,
    0.17554896907961887, 0.14495879330712816, 0.16239490683959878,
    0.16928905993700027, 0.1444934666480707, 0.14466071614752646,
    0.13776374527293703, 0.1547958635441635, 0.13720355814565782,
    0.13501644053536913, 0.13194727800462558, 0.13215891952100006,
    0.13986479717752207, 0.13627915894207748, 0.1298129087233025,
    0.13328392285367716, 0.13835760886254517, 0.14317198081508928,
    0.12714987118606982, 0.13133996239174967, 0.13362534635740778,
    0.13096668393067692, 0.13637752669013065, 0.1470930782025275
  ],
  "train_ious": [
    0.4690587519114645, 0.5426204491244708, 0.5861898122382335,
    0.6163580769915942, 0.639101258438566, 0.657424817698589,
    0.6710808344617273, 0.6805345990519597, 0.6919506833065246,
    0.6985888749469014, 0.7080703628235969, 0.712696121168741,
    0.721809314482886, 0.7292948300423824, 0.7302938815260278,
    0.7388106304342333, 0.7415691119065321, 0.7494896044549734,
    0.7581847892615244, 0.7582317923290142, 0.767244119305109,
    0.7684268009295497, 0.7707153378405437, 0.7766069460498253,
    0.7748834148481274, 0.782948852719172, 0.7790790338987029,
    0.7897426128603408, 0.8010040340216265, 0.8017474624017877,
    0.8038479537851569, 0.8078681861144913, 0.8082114430009455
  ],
  "val_ious": [
    0.4471011697922065, 0.527508395197599, 0.6067925449730692,
    0.6164139187422351, 0.5980823348829712, 0.648140932770743,
    0.667837063471476, 0.6513904324476271, 0.6440846602553907,
    0.643758219005405, 0.6872184542210208, 0.6631782089454541,
    0.659637166970018, 0.6912669157204422, 0.6925043381642605,
    0.7021976720163786, 0.678716698202534, 0.7040693630342898,
    0.7104619328958401, 0.7138722389936446, 0.7211129248574162,
    0.7049269758272864, 0.7126951558866361, 0.7244071511254795,
    0.7163240011187568, 0.7121522286231968, 0.7087697682605273,
    0.728321746207666, 0.7282369022352109, 0.7264348365690398,
    0.728831059474876, 0.7271576875793763, 0.7103660123935644
  ],
  "training_time": 707.7274842262268,
  "avg_gradient": 0.0058150927806104235,
  "memory_usage": 1145.87109375
}
