{
  "train_losses": [
    0.2693709403114474, 0.2259542636735284, 0.20350152488959872,
    0.1842140904425279, 0.17202661299835081, 0.16232062285037144,
    0.15732541769419028, 0.14847455959281194, 0.14178103342166412,
    0.13757220825747304, 0.13522560619141744, 0.12913976540869992,
    0.1257735440183593, 0.1253832271322608, 0.11805340380448362,
    0.11558850575238466, 0.11133880139854939, 0.11159579119766536,
    0.11024773789002844, 0.10320378536277491, 0.10083876833643603,
    0.10141496149742085, 0.09495785536811403, 0.09844355592909067,
    0.09433466645524553, 0.08910395735469849, 0.08771398052087297,
    0.0859179928412904, 0.09019401341514743, 0.08461724582087735,
    0.08195184001132198
  ],
  "val_losses": [
    0.26669996750095615, 0.23027996362551398, 0.19948616008395734,
    0.19211569558019223, 0.17065726447364557, 0.21124495403922122,
    0.16947858910197797, 0.16247132420539856, 0.15229366622541263,
    0.14194378094828647, 0.14395492232364157, 0.14651212501137154,
    0.1390916627386342, 0.1590398645595364, 0.14095446726550226,
    0.1377098288225091, 0.13594016870078834, 0.1423636352562386,
    0.14016715113235556, 0.13617383494325305, 0.13626614455943523,
    0.1318153967352017, 0.138799451129592, 0.1538640592733155,
    0.13270353817421457, 0.12949235348597818, 0.13676183994697488,
    0.13383933124334915, 0.13189679902532828, 0.13891543464168257,
    0.1512882803445277
  ],
  "train_ious": [
    0.4562249976088822, 0.5385238440788307, 0.579737185622039,
    0.6158852450333641, 0.6372627181311451, 0.6543986025279847,
    0.6638197740674885, 0.6809593073051908, 0.6922100897392502,
    0.700109571542429, 0.7044349603246951, 0.7157935476929381,
    0.7227125001558355, 0.7229407317936416, 0.7354298784680985,
    0.740305476700482, 0.7482838912502577, 0.7470775264436781,
    0.7506213287512461, 0.7628708973634941, 0.7678910102425277,
    0.7658585779692811, 0.7780390413127085, 0.7715950717312701,
    0.779434236333422, 0.7895548758299455, 0.7920655440269174,
    0.7958206440443579, 0.7880004616319269, 0.7980768012179844,
    0.8033238971146983
  ],
  "val_ious": [
    0.47490676524846465, 0.5421893621484437, 0.5853110998868943,
    0.597811892196752, 0.6396507234245107, 0.60309379245492, 0.6506001066038576,
    0.6602320535027462, 0.6758756423773973, 0.6903693891953732,
    0.685418728037157, 0.6848760992288591, 0.6988632437111676,
    0.6739329678424891, 0.69443085314571, 0.7010288845369782,
    0.7068748761346374, 0.6971292601547379, 0.7035153331100077,
    0.7070780722559362, 0.7073582644047945, 0.7158423476461051,
    0.7109974316064861, 0.6927636146977327, 0.7186361924893613,
    0.7231061754451281, 0.7178070236375366, 0.7209887452747512,
    0.7168911965428921, 0.7170044803533, 0.702764478282652
  ],
  "training_time": 663.4811055660248,
  "avg_gradient": 0.002973056869363232,
  "memory_usage": 1145.87109375
}
