{
  "train_losses": [
    0.27670746239955013, 0.2249438665483309, 0.2070744717898576,
    0.19296313838466353, 0.18191568699219954, 0.17196450755000114,
    0.16103395495725714, 0.15758871562455012, 0.15238905463205732,
    0.14862215709265159, 0.14164345946324908, 0.14058266478874112,
    0.13487563691223445, 0.13274287566056717, 0.12608826091594022,
    0.12529413985169452, 0.12210008012049872, 0.1173554748782645,
    0.11579391076836897, 0.11496562680796436, 0.1105959741803615,
    0.10595073623825675, 0.10748333516328232, 0.10413198460541341,
    0.10014112969941419, 0.10225340278576249, 0.09520600124707689,
    0.0948438924210875, 0.09784742124864589, 0.0918229037652845,
    0.09049976414636425, 0.08830352840216263, 0.0889949026801016,
    0.09126348109186991
  ],
  "val_losses": [
    0.279808237824751, 0.25297593228195026, 0.22970920347649118,
    0.19510543702737146, 0.17340906903795575, 0.16508878508339758,
    0.18853322902451392, 0.1887656213796657, 0.1591834636486095,
    0.17906912804945654, 0.14724523120600244, 0.14918630699748578,
    0.14930636014627374, 0.1463114120390104, 0.14712938828312833,
    0.14386177111579024, 0.16487736967594727, 0.13427491729026256,
    0.1512125702979772, 0.14800677075982094, 0.1296578229445478,
    0.12818863599196725, 0.13606175521145697, 0.1270812011283377,
    0.13932669357113217, 0.13771953077419943, 0.12938653386157492,
    0.13444232114631197, 0.12849171006161234, 0.1367718851112801,
    0.12656759681261104, 0.13297456486717515, 0.1404003450727981,
    0.1304455195432124
  ],
  "train_ious": [
    0.4479047245686822, 0.543175717005911, 0.5749499015780031,
    0.5999547879117121, 0.6186248478682144, 0.6381041633802047,
    0.6578628607094283, 0.6653967869562517, 0.6736710504021338,
    0.6812723875045775, 0.6933422056229218, 0.6941921737962875,
    0.7041192383005995, 0.7092625706632067, 0.7221938235064345,
    0.7231720449483915, 0.7289816325773366, 0.7370404974166035,
    0.7395152977087356, 0.7418847985673643, 0.7497970056382645,
    0.7581298943555008, 0.7553077432988349, 0.7612145817906095,
    0.7683400896148403, 0.7651098358134432, 0.7771076369976657,
    0.7788149459098557, 0.772320575580217, 0.7835885751722517,
    0.7865477171389093, 0.7905007185063503, 0.7894543941146219,
    0.7853753857206603
  ],
  "val_ious": [
    0.43271092066298367, 0.5035500692716541, 0.5492703693284504,
    0.6018644122109896, 0.6317998304747152, 0.6493283447580062,
    0.6238982906376106, 0.6284493335347243, 0.6624475793130157,
    0.6408998506224675, 0.6850267547196236, 0.6800565931244172,
    0.6817431685285291, 0.6877556721801343, 0.6924054335424865,
    0.6954823823078818, 0.6710795423258906, 0.7122595925693929,
    0.6925756680792656, 0.6917381312536158, 0.719083590352017,
    0.7208489795093951, 0.7116788837356844, 0.7253328475399294,
    0.7139807354280916, 0.7122897751953289, 0.7281970131224481,
    0.7141938589621285, 0.7240274904862695, 0.7196307957604313,
    0.7318481595619867, 0.7220132309889449, 0.7154454873955767,
    0.7240743980459549
  ],
  "training_time": 726.827291727066,
  "avg_gradient": 0.01173221857678922,
  "memory_usage": 1145.87109375
}
