{
  "train_losses": [
    0.273858895201398, 0.22926867356442887, 0.2029083916188582,
    0.18656427615686602, 0.17416953692293685, 0.16621209640541804,
    0.1578050454997498, 0.15138800251905038, 0.1447909218461617,
    0.14051877055317163, 0.13482844955085413, 0.13041849106388248,
    0.1290536278291889, 0.12205585387899824, 0.12161855136408754,
    0.1152156540395125, 0.11538744244076636, 0.11138565340281828,
    0.10790101750551359, 0.10716343363342078, 0.10267161197312501,
    0.10398142400157193, 0.10253022104987632, 0.09337021880175757,
    0.09489040842036837, 0.09259604286078525, 0.09172863970794108,
    0.08698147709440926, 0.08691615886662317, 0.08692288346102704,
    0.08858240492965865, 0.0849607408694599, 0.0795647194609046,
    0.07674551366463951, 0.07517269197041573, 0.07405136746313909
  ],
  "val_losses": [
    0.24563445280427518, 0.24958659838075223, 0.23607974888189978,
    0.1825887275778729, 0.2198287426777508, 0.17490987317717593,
    0.14735444910500362, 0.15122035453500954, 0.16855372780043146,
    0.144236470370189, 0.14262349531054497, 0.146368354882883,
    0.1329353307576283, 0.139695611498926, 0.13597148478679036,
    0.1411982892971972, 0.13752530806738397, 0.13161809386118598,
    0.1345990308276985, 0.13398221912591354, 0.13815382900445358,
    0.1255308347551719, 0.12930063676574957, 0.12702267616987228,
    0.13196215584226276, 0.1257365695808245, 0.12401128706076871,
    0.13395580859935802, 0.13561689740289812, 0.1347974185710368,
    0.12751599352644838, 0.1241706736061884, 0.1261510993151561,
    0.132470746241186, 0.13276476947509724, 0.15013799152296523
  ],
  "train_ious": [
    0.4426957086686964, 0.5321523713730817, 0.580651650097275,
    0.610010436911514, 0.6334197602194287, 0.6480469224245653,
    0.6623152559218196, 0.6747574518448204, 0.6866169224182768,
    0.6949472248662208, 0.7055649939870494, 0.7129657521196033,
    0.7149385208452955, 0.7282046977484574, 0.7289595030572101,
    0.7406753332394626, 0.7417029282213126, 0.7471385233752106,
    0.7537436714206913, 0.7559074552162836, 0.7632351974430293,
    0.7611342165889086, 0.7641755449383155, 0.7807162847315917,
    0.7780347975591815, 0.7826886377904723, 0.7843454505546371,
    0.7932620749309439, 0.7935858133478442, 0.793783404742894,
    0.7906275252285211, 0.7973515082528629, 0.8078139198647026,
    0.813445054534553, 0.8169823908719462, 0.8197326920386674
  ],
  "val_ious": [
    0.5148045470317204, 0.49629749303710646, 0.5637214139535807,
    0.6190100485000055, 0.5723225772380829, 0.6311924982330074,
    0.6803270781385726, 0.674013480760049, 0.6469853464244067,
    0.6896000070416409, 0.6938643336727999, 0.6861871426952056,
    0.7067970346281495, 0.7001082532215807, 0.7068279577770097,
    0.7005337623582369, 0.7035502037708312, 0.7157030436007874,
    0.7074518918559171, 0.7148162616767746, 0.7089947189973749,
    0.7259355705717337, 0.7152759700581647, 0.7286071002051451,
    0.7190089217130692, 0.7322183199550796, 0.7314914458471794,
    0.7280358348203745, 0.7198244810536287, 0.7231112727220507,
    0.73180034087188, 0.734332371665084, 0.7377285652834437, 0.7315391662760058,
    0.7363293810167176, 0.7150718023379643
  ],
  "training_time": 773.0242817401886,
  "avg_gradient": 0.004550615769197986,
  "memory_usage": 1145.87109375
}
