{
  "train_losses": [
    0.27083704312858375, 0.2295383276498836, 0.2068102263400088,
    0.1898566447198391, 0.17763685394564402, 0.16705631748165772,
    0.15829101885142532, 0.15168349367930836, 0.14434872652687455,
    0.1409937133202734, 0.13542951052279575, 0.1328522193691005,
    0.13030502548360307, 0.12261002255684655, 0.11934652503417886,
    0.11786487609471964, 0.11327681164054768, 0.11249672099138083,
    0.10837828181684017, 0.10383787350324185, 0.09871173759355494,
    0.10615991792925027, 0.09547015814029652, 0.09235683950069158,
    0.09122446875857271, 0.09315065326897995, 0.09543751998116141,
    0.08719529875594637
  ],
  "val_losses": [
    0.2519227431520172, 0.22523520822110382, 0.2045799043515454,
    0.18284905507512714, 0.19713899007310037, 0.16264499238003854,
    0.15833919333375018, 0.1575444010288819, 0.15043417493934216,
    0.1447476851551429, 0.18590117181124893, 0.15440452617147696,
    0.1392561992549378, 0.14089529766984607, 0.15431564706175224,
    0.14375473008207654, 0.14276406249922255, 0.13961641458065613,
    0.13890360344363295, 0.13404175963090814, 0.1409087145458097,
    0.1413509798762591, 0.134672150015831, 0.13063368476603343,
    0.14514734628407852, 0.13329152924859006, 0.13390828539495883,
    0.1514436903855075
  ],
  "train_ious": [
    0.4589655231279522, 0.5337216725599939, 0.5740102943896815,
    0.603495417027802, 0.6256565121744854, 0.6459212607663612,
    0.6621314889170984, 0.6722188100110796, 0.6854397230174228,
    0.6941911777400451, 0.7023579520375831, 0.7093859089241509,
    0.7138658376491587, 0.7274656686661901, 0.7324354463945262,
    0.7355256254474325, 0.7449207588274411, 0.7450184425798017,
    0.7529131412182165, 0.7608856079371079, 0.7703852147079897,
    0.7574332473070724, 0.7762644608383598, 0.7826496023630752,
    0.7844741370906867, 0.7811020908580314, 0.7779433853060441,
    0.7923278158017694
  ],
  "val_ious": [
    0.4980411632121475, 0.5419241636991502, 0.587318974128668,
    0.6181191406820133, 0.6038801929225093, 0.6589440012323684,
    0.6613299879042999, 0.6670526428067167, 0.6794806552537973,
    0.6902350062045499, 0.6314980439517811, 0.6771113252726153,
    0.7018969225278798, 0.6973622337631554, 0.6812655727068584,
    0.6970782860897589, 0.7077618684025778, 0.7050334718348322,
    0.7044069840424304, 0.7155725940846015, 0.7103225223828054,
    0.709568005109179, 0.7189064114422038, 0.7271623915952184,
    0.7051630659379823, 0.7236350442188374, 0.7176850092583807,
    0.7044575162555858
  ],
  "training_time": 599.2731165885925,
  "avg_gradient": 0.004088487834573966,
  "memory_usage": 1145.87109375
}
