{
  "train_losses": [
    0.26579767651855946, 0.2267482238619224, 0.20106518641114235,
    0.18551546140857364, 0.1708982603057571, 0.16243583077321883,
    0.15453133679440487, 0.14697736934961184, 0.14142644696909448,
    0.1365026316160093, 0.13036518163331176, 0.1276917006901425,
    0.12344832649535459, 0.11891945297627346, 0.118320993228775,
    0.11247556381251501, 0.11316211217933375, 0.10531828669912141,
    0.10396976327604573, 0.10146313120165597, 0.10031326520054237,
    0.10056285507491101, 0.09484438367349945, 0.09183490575979585,
    0.09317183761816958, 0.08797385499043309, 0.09281031767149335,
    0.0875204793865914, 0.08339298071096772, 0.08097780435143606,
    0.07840864882682977, 0.07685795952768429, 0.07686241649334198,
    0.0798696187203345, 0.07329618392269248, 0.07266348288596972
  ],
  "val_losses": [
    0.2445308604966039, 0.20426099002361298, 0.19721865297659583,
    0.17481754946967829, 0.1585075628498326, 0.1786321806518928,
    0.15221985397131546, 0.15432770453069522, 0.15972579837493275,
    0.14160100500220837, 0.15638313572043958, 0.14848961778309033,
    0.1409795768558979, 0.15078295637731967, 0.1365657542710719,
    0.14057825829671777, 0.13777678054959877, 0.133801464477311,
    0.13212545183689697, 0.13228457745002664, 0.15120731747668723,
    0.13719610481158548, 0.1414423803596393, 0.13952437820641891,
    0.14073383030684097, 0.1282002852986688, 0.13525879415480987,
    0.12966135047052219, 0.1346299841028193, 0.12937047964204912,
    0.136484173167011, 0.13704716867726782, 0.14058732646314995,
    0.1355013380879941, 0.13336457522666972, 0.1425377182338549
  ],
  "train_ious": [
    0.4631470460714641, 0.5369186295277398, 0.5844736803808936,
    0.6117737924923066, 0.6394674157102902, 0.6546947469097982,
    0.6713724267547542, 0.6830418595801231, 0.6927156906197037,
    0.7022199693905272, 0.7138609646995, 0.7187156200516914, 0.7264898168867916,
    0.7337384045771934, 0.7350642553706099, 0.745946158371542,
    0.743177491901577, 0.7585600190188578, 0.7613098024242169,
    0.7659052659527978, 0.7685347769031491, 0.7670106519607525,
    0.7782465870073735, 0.7838723433298476, 0.7821772376588286,
    0.7914926368689189, 0.7835454562867904, 0.792528222814418,
    0.8002749322441178, 0.8052334753067598, 0.8103921791349633,
    0.8140632713186563, 0.8140161686401441, 0.807840150119602,
    0.8214671583711237, 0.8227696707067282
  ],
  "val_ious": [
    0.5014220421081004, 0.5720919581211131, 0.5908913332699004,
    0.624465926401857, 0.6579425900742628, 0.6216901199541228,
    0.670890215082445, 0.6799074247263479, 0.6748400645843449,
    0.6941785399896511, 0.6769703808038133, 0.6751827098753139,
    0.693946051856746, 0.6887959038865739, 0.7013434718052544,
    0.7010825086331021, 0.7041214302830074, 0.7114163358574328,
    0.7132212018621138, 0.7149314644975938, 0.6943814661623776,
    0.7130335817734403, 0.7048222772453142, 0.7114894035933673,
    0.7122150311867396, 0.7309238325426545, 0.7113453495329706,
    0.7327235239571419, 0.718986986555915, 0.7331611390994943,
    0.7278766107300055, 0.7235883135294571, 0.7125868419374244,
    0.7252367598854975, 0.7350215972333716, 0.7264822885610058
  ],
  "training_time": 770.4077775478363,
  "avg_gradient": 0.005468246217800497,
  "memory_usage": 1145.87109375
}
