{
  "train_losses": [
    0.2754377806964128, 0.23461891467804494, 0.21046258347189944,
    0.1950235564423644, 0.18342824191178964, 0.17250156937086064,
    0.16580988102309083, 0.15793196913664756, 0.15266047126573065,
    0.1482071738852107, 0.14267718917487757, 0.13904457073658705,
    0.1336370851520611, 0.12997712417627158, 0.12779372529653105,
    0.12431824138469022, 0.11825668710567382, 0.11710409382763116,
    0.11405276227742434, 0.11089428874623516, 0.10639461223036051,
    0.1020935800574396, 0.10140179526870666
  ],
  "val_losses": [
    0.29591599042000977, 0.22029392971940662, 0.20496859595827435,
    0.19857980699642844, 0.21023196824218915, 0.17973064145316248,
    0.17502814693295438, 0.17994780935671018, 0.1558260603443436,
    0.14959905879653018, 0.14601702113514362, 0.153538234045972,
    0.1453426771837732, 0.1524592029011768, 0.1386365757688232,
    0.13745769663997318, 0.1409739171681197, 0.16233022964519003,
    0.13396232494193575, 0.1326438518969909, 0.13359415482567705,
    0.13127053318464238, 0.157442360792471
  ],
  "train_ious": [
    0.4457467208629934, 0.5225451981675799, 0.56817277515496, 0.596339129154449,
    0.6168360003958577, 0.6369831563122031, 0.6481761721273265,
    0.661965158376573, 0.6723112249072042, 0.6810004304068676,
    0.691320160538822, 0.6980725594296832, 0.7072412950405177,
    0.7140026466138123, 0.7176722727607988, 0.7243003702142101,
    0.7360228759547074, 0.7374153703019243, 0.7435389442396337,
    0.74900597161141, 0.7572332240533136, 0.7646170545207415, 0.7664002551548724
  ],
  "val_ious": [
    0.4115338632701963, 0.5409813987604085, 0.5768910615124565,
    0.5867666705794954, 0.5758807713138885, 0.6221986246713693,
    0.6412279137234758, 0.6283635421507602, 0.6718558120554773,
    0.6833204339811768, 0.6872689851384232, 0.6769309493078701,
    0.6899828448675681, 0.6794396105451862, 0.6999449965314589,
    0.7030906780906345, 0.6982231641161271, 0.6742989407933279,
    0.7102741884148639, 0.711063895320547, 0.7104573169912117,
    0.716965234797934, 0.6892152759044067
  ],
  "training_time": 493.5723271369934,
  "avg_gradient": 0.013154577451791803,
  "memory_usage": 1145.87109375
}
