{
  "train_losses": [
    0.2677135753404835, 0.21944992438606595, 0.19606586934431738,
    0.17805672210195791, 0.1666039674664321, 0.1589606459374013,
    0.1529827976761305, 0.1467624086400737, 0.13872686672307874,
    0.13396042265483868, 0.13137776007794816, 0.1261894634074491,
    0.12466645414900521, 0.11749296639438557, 0.11460709547543008,
    0.11241920895712532, 0.11212479246213385, 0.10563329582952935,
    0.10066440166986507, 0.10115416319635899, 0.09882915343927301,
    0.09646219650850348, 0.09769178724483303, 0.090659624249067,
    0.08926587997247344, 0.08668259276158136, 0.08988231833538284,
    0.08471211459001769, 0.08082472334575394, 0.08044166814373888,
    0.08115004752155232, 0.0785154095729408, 0.08165593955503858,
    0.07635280971779772, 0.07448259283505056, 0.07499619765693079,
    0.07239965894057052, 0.06962962543753826, 0.06897788181010148,
    0.06853867034711268, 0.07438548119819682
  ],
  "val_losses": [
    0.23716926283162573, 0.21493312781271728, 0.1912859687986581,
    0.17860465302415515, 0.16951211541891098, 0.17101441097000372,
    0.16962174228999927, 0.15007260457977004, 0.14895998573173647,
    0.14489502637930537, 0.14248080081913783, 0.13897939463672432,
    0.14015270947762157, 0.13979175800214644, 0.14498071064767631,
    0.13431213763744934, 0.1319152628598006, 0.13580158352851868,
    0.1318373761099318, 0.1363403150892776, 0.13898878431190614,
    0.13937968679744264, 0.12877340550008026, 0.1352877071046311,
    0.13315043549822725, 0.13317783047323642, 0.13810208520811537,
    0.13343158753021903, 0.13339627858089365, 0.14142266628534897,
    0.13407777670932852, 0.13932880014181137, 0.13531515650127246,
    0.13413769217289012, 0.13168717791204868, 0.13809191743316857,
    0.13369394612053168, 0.14199551178709321, 0.1377186444790467,
    0.14070725262812947, 0.13739339343231657
  ],
  "train_ious": [
    0.4590953985984991, 0.5510629295115022, 0.5931312358141811,
    0.6268221347768239, 0.6465870961546901, 0.6604831372050274,
    0.6724476423384489, 0.6842514761872048, 0.6973618117795475,
    0.7067541874729201, 0.7115014055608837, 0.7210592322483443, 0.7238078194036,
    0.7367633044503736, 0.7422123313813972, 0.7463558505734673,
    0.7468734346330163, 0.7588845108622229, 0.7679128830415616,
    0.7669103204988048, 0.7712673653942951, 0.7749842169384162,
    0.7731020753474332, 0.7859715337770573, 0.7889211795468261,
    0.7946395957167597, 0.7884305217775748, 0.7979959814768769,
    0.8063234658776853, 0.8071319067823712, 0.8051217378697532,
    0.8107779003355816, 0.8042952906394352, 0.8148480620289196,
    0.8191466830346892, 0.8180390335079547, 0.82353295483019,
    0.8292278596672464, 0.8307432155462279, 0.8314905932200125,
    0.8200041461681981
  ],
  "val_ious": [
    0.5162012767100679, 0.5568118356708167, 0.5951316384733589,
    0.6216806903265526, 0.6450264337270156, 0.6393943610398667,
    0.6575773433930633, 0.6753566675428031, 0.6789635260036025,
    0.6865836016941763, 0.6927925115046295, 0.696903825238131,
    0.6983397991760919, 0.7010836452245712, 0.6959267973467923,
    0.7087946080643198, 0.7127499854651052, 0.7115396479333657,
    0.719835976111716, 0.7100275659906693, 0.7142180664383847,
    0.7147550651992576, 0.7249044838590898, 0.7184515584638153,
    0.719872719999673, 0.7254766975192055, 0.7153824965159099,
    0.7284401424121165, 0.7264226906109547, 0.7217153163923733,
    0.7330872857052347, 0.718811325404955, 0.7306418526863707,
    0.7320821116799894, 0.7339893389439239, 0.7270684129949929,
    0.7350635336361071, 0.7315320893042329, 0.7337087701628171,
    0.7288000765054121, 0.719884719753611
  ],
  "training_time": 877.0257036685944,
  "avg_gradient": 0.002898505962027412,
  "memory_usage": 1145.87109375
}
