{
  "train_losses": [
    0.2728844674547081, 0.22857588626768277, 0.2045408428201209,
    0.18675308706967728, 0.1729287314026252, 0.16020677829890148,
    0.15444841486928257, 0.1477228516469831, 0.14406493030812428,
    0.13793056073558072, 0.13453850935658682, 0.13098616270429414,
    0.12538861916602953, 0.12146882073062917, 0.11780536085691141,
    0.1168720222523679, 0.11247498027818359, 0.1073962157673162,
    0.10684079320534416, 0.10282818657224593, 0.10275542646970438,
    0.10063018649816513, 0.09547111950814724, 0.0948184232187012,
    0.0922395158154161, 0.0939502956588631, 0.08869271466265553,
    0.08608737093922884, 0.08494308785251949, 0.08294096528350012,
    0.0802511872075822, 0.07887748924448439, 0.081839002871319
  ],
  "val_losses": [
    0.2549888306985731, 0.21130382755528326, 0.21209039247554282,
    0.20640782687975012, 0.18883387550063754, 0.17432407970013825,
    0.15980384434046951, 0.15541657627276753, 0.18109004199504852,
    0.14436590946886851, 0.1424849175888559, 0.14411249578646992,
    0.13808633759617805, 0.14637423436278882, 0.1452724042793979,
    0.13357070574293967, 0.13592969771960509, 0.1392052233543085,
    0.13778650452909263, 0.13452484102352805, 0.1416073295733203,
    0.12881499933807747, 0.1352806316445703, 0.1360677213448545,
    0.13836734936289166, 0.13662312617120537, 0.1378913795494515,
    0.13322884297889212, 0.13545073844168498, 0.128852358330851,
    0.13720452526341315, 0.13547458742623744, 0.14161543467122575
  ],
  "train_ious": [
    0.44885841771906265, 0.5344749277160649, 0.5774971935088221,
    0.6091871871140555, 0.6354415984689329, 0.658713283908108,
    0.6698644465726354, 0.6820770538263564, 0.6890280442717285,
    0.6997607950175152, 0.7053926413257917, 0.7115717456824535,
    0.7233838982124259, 0.7285436155355497, 0.7351607042702214,
    0.7375554248582626, 0.7449571352614008, 0.7550843633927304,
    0.7556788503475806, 0.7622686909592665, 0.7629616059686822,
    0.7670796579964787, 0.7769706108323899, 0.7775840438578436,
    0.7831280252531816, 0.7796276783489661, 0.7894536700585613,
    0.7951025127608705, 0.7968880902921807, 0.8010567819726642,
    0.8062291218750717, 0.8091703586388322, 0.802867492687875
  ],
  "val_ious": [
    0.4897664587782776, 0.5570510402321813, 0.5816927978741953,
    0.5926314445509429, 0.6214970898801003, 0.6382071492464647,
    0.6649893276069473, 0.6709404406340227, 0.6540200565604196,
    0.6918769537106807, 0.696484602663828, 0.6899038009021593,
    0.7039305649805762, 0.6917664263991341, 0.691082652496255,
    0.7132966917925989, 0.7108507981334907, 0.7083061579344928,
    0.7113372238649839, 0.7209584957015688, 0.7054251948560493,
    0.7245521720336833, 0.7174452752738759, 0.7129157256820926,
    0.7163531795360041, 0.725526575592981, 0.716562728950943,
    0.7272007106870844, 0.7210586829029993, 0.7339169082866199,
    0.7298879632051439, 0.7323154522025067, 0.7147339074939921
  ],
  "training_time": 705.6786246299744,
  "avg_gradient": 0.005122286421944456,
  "memory_usage": 1145.87109375
}
