{
  "train_losses": [
    0.2679389463332684, 0.2296700834742059, 0.20898786997017654,
    0.19003036966466386, 0.18042580305558184, 0.16770817128860432,
    0.1583336926186862, 0.152833452326772, 0.1472422288649756,
    0.14244287627060775, 0.13640310769171818, 0.13262722944921773,
    0.13104206416755915, 0.12540896188305772, 0.12301011112235162,
    0.11823207597531703, 0.11525657242568939, 0.11356499629176181,
    0.10868152688540843, 0.10714623996097108, 0.10398736668993598,
    0.1000643766525647, 0.09986565699395926, 0.0983232099805837,
    0.09539826886485452, 0.09373816179678492, 0.09202876751837523
  ],
  "val_losses": [
    0.2651109572338021, 0.224417712053527, 0.20836632569199023,
    0.186178221002869, 0.17345723218244055, 0.18052465015131494,
    0.17038003743990607, 0.21382522097100382, 0.1750311054613279,
    0.151775438176549, 0.15413114396126373, 0.15296333299382872,
    0.1430337683338186, 0.14694535570300143, 0.14393341071579768,
    0.13880660498271818, 0.13308506863920586, 0.1401967066137687,
    0.1437054598784965, 0.14966431519259576, 0.13113812098036642,
    0.14370962297138962, 0.13278049052409505, 0.13943988554503606,
    0.13208348190654878, 0.13233642150526462, 0.15050124457996825
  ],
  "train_ious": [
    0.46022528531434714, 0.5320868743718534, 0.5689738368264576,
    0.6050873415517636, 0.6215481966517975, 0.644958364142888,
    0.6616303008319673, 0.6720287719390529, 0.6822605020758035,
    0.6906705388556358, 0.7024474774581798, 0.7081603739896546,
    0.712053684112818, 0.7228542411348956, 0.7261787716677219,
    0.7353617322185767, 0.7400881961204001, 0.743713233457959,
    0.7527055190741152, 0.7555195075878202, 0.7608019494708033,
    0.7684163248193434, 0.7686229945848819, 0.7713662118151567,
    0.7769228722630206, 0.7796276010896841, 0.7834892031615192
  ],
  "val_ious": [
    0.4860484936962957, 0.5482627401749294, 0.5659268296499185,
    0.6164130251044811, 0.6365591773520345, 0.6243022464323734,
    0.6495665914338569, 0.5997316753086835, 0.6416456358156342,
    0.6803895003985667, 0.676703394755073, 0.6785533331010652,
    0.6920270967310753, 0.6851296556600625, 0.6932125832291616,
    0.7046419548383658, 0.7139428210431251, 0.7018335280211074,
    0.6958338054625883, 0.6953288277854088, 0.719837460828864,
    0.7061864131170771, 0.7192556722008664, 0.7054829921411432,
    0.7182710386704708, 0.7240769988384802, 0.7036787673183109
  ],
  "training_time": 580.2347843647003,
  "avg_gradient": 0.008501930268374914,
  "memory_usage": 1145.87109375
}
