{
  "train_losses": [
    0.26844421344930713, 0.23024869920766872, 0.2044347199084966,
    0.18798762762352175, 0.17273860214197118, 0.16199175709777552,
    0.15354650597209515, 0.1483123637330921, 0.14141414755874354,
    0.1376063175013532, 0.13268676080295574, 0.1306324294241874,
    0.12368720049119514, 0.12109520181041697, 0.11845183008066985,
    0.11614555501095626, 0.109214691809662, 0.10774145113385242,
    0.10433238068514544, 0.10226440875102645, 0.09993158722215373,
    0.09866963760198458
  ],
  "val_losses": [
    0.27005968113308365, 0.22297056699576584, 0.20162392213292743,
    0.18495465199584546, 0.19015944878692212, 0.20180960906588513,
    0.1614455253533695, 0.14413685092459555, 0.14858733263352644,
    0.13876070049793823, 0.14021500102851703, 0.1326577268216921,
    0.13498705107232797, 0.13541837765470796, 0.1382638859036176,
    0.13045993220546973, 0.14133877501539563, 0.13680461162458296,
    0.13287479981132175, 0.13570913040767546, 0.13191531760537106,
    0.1435268215187218
  ],
  "train_ious": [
    0.45869411153556844, 0.531092823172609, 0.5780374561368987,
    0.6083305918652081, 0.6358121333886749, 0.6542173776289694,
    0.6711308381155784, 0.6816358043123847, 0.6938602211142795,
    0.7000400201026082, 0.7089926969745882, 0.7132145077853965,
    0.7254939436156683, 0.7304855149941167, 0.7357494447758235,
    0.7395345442860887, 0.7522544508826907, 0.7544111389720788,
    0.7611416807209234, 0.7639465914040378, 0.7683281011987418,
    0.7705293553678887
  ],
  "val_ious": [
    0.4805303200863411, 0.5430344420930613, 0.5925608249246209,
    0.624200590710709, 0.6116482980441357, 0.6018937988125762,
    0.6660862234623537, 0.6859188647805782, 0.6791077029445898,
    0.6987574759168902, 0.6965559593577317, 0.709217105006826,
    0.7073453550321469, 0.7093622606733571, 0.7015643728815991,
    0.7188725689615029, 0.7071273771749026, 0.7122532729653344,
    0.7151526208373084, 0.7129654452420663, 0.7220877262129303,
    0.7048918861841809
  ],
  "training_time": 470.1939992904663,
  "avg_gradient": 0.00492785526699592,
  "memory_usage": 1145.87109375
}
