{
  "train_losses": [
    0.2639282576577819, 0.2277237538896177, 0.2050144940452731,
    0.18740443739554155, 0.17472148832419646, 0.1660792670496132,
    0.15730046201497316, 0.1520946443323856, 0.1461207735878618,
    0.1409496784453159, 0.13670710397317357, 0.13335298382393693,
    0.127332694504572, 0.12546889730931624, 0.12114800796236681,
    0.11982761258664339, 0.11659463337096183, 0.11046582861277073,
    0.10853036250109258, 0.10668462288120518, 0.10303754424271376,
    0.10170750230874705, 0.10157497312225726, 0.09726818634764008,
    0.09657804639605076, 0.09595282039726558, 0.09033043346489253,
    0.09144325254727965, 0.08728925827080788, 0.08229779091704151,
    0.08202965966547313, 0.08067075734067222, 0.0841852042257138,
    0.07723264995476474, 0.0773765285215948, 0.07504364244801842,
    0.07890308956089227, 0.07644127029925585, 0.07596635996647504,
    0.0711993726739741, 0.06784795003983637, 0.0663316571963546,
    0.07964809315846018
  ],
  "val_losses": [
    0.33797269930010254, 0.21147074258845786, 0.19231756258270014,
    0.1874731406569481, 0.1671541592349177, 0.17112897822390433,
    0.15565776954526486, 0.14796781993430594, 0.14603357065630995,
    0.1481744669701742, 0.14172798476141432, 0.1468658827893112,
    0.13688366536213004, 0.13702346060587012, 0.13261677778285483,
    0.13621619214182315, 0.1300949412195579, 0.13489888446486514,
    0.12746007951057475, 0.1373831675104473, 0.12443810118281323,
    0.12955888846646185, 0.12559851518143778, 0.12446830567458401,
    0.12867970068169676, 0.1256893311181794, 0.1323879704527233,
    0.14195064260907794, 0.12985698036525561, 0.125866810588733,
    0.12329119265727374, 0.1269590469158214, 0.12539984787935796,
    0.12750126227088596, 0.12782615066870398, 0.12847413738136707,
    0.13600231658505357, 0.14611241772123004, 0.1268156787947468,
    0.13685575629705968, 0.12846529694355052, 0.13300205896730008,
    0.13629959880009943
  ],
  "train_ious": [
    0.46592054070661915, 0.5362819468575548, 0.5776453092424331,
    0.609360534535802, 0.634295394131239, 0.6493996827174788,
    0.6647981624456422, 0.6743641376387383, 0.6840154525378477,
    0.6945507992328939, 0.7020469571369281, 0.7077573561042121,
    0.7197683171733564, 0.7228586719627832, 0.730138075740441,
    0.7326692227220192, 0.7385220122726067, 0.7496242072379241,
    0.7530950899573345, 0.7566813223495865, 0.7629261863404421,
    0.7655871888433675, 0.7654599066337814, 0.7732861547906331,
    0.7744628456083759, 0.7761181745732173, 0.786720496966787,
    0.7841700679366143, 0.7922100533825764, 0.8025364712744522,
    0.8025531777977079, 0.80528591087331, 0.79856950784291, 0.8127135991834212,
    0.8123128749430178, 0.8176036712484083, 0.8095632850907855,
    0.8140987033645319, 0.8155156964625135, 0.8256977314966313,
    0.833113503196965, 0.8365838872133822, 0.8108889878444051
  ],
  "val_ious": [
    0.4545590023955573, 0.5548993600667387, 0.5878231576171475,
    0.6089654418005458, 0.6444757375596225, 0.6416061151286828,
    0.6755448851896367, 0.6816697338784952, 0.6845847100451373,
    0.6834684811208559, 0.6918707006219506, 0.6898444087609, 0.702621133647103,
    0.7060992553614187, 0.7091095060973928, 0.708592667311862,
    0.716080673146939, 0.7091554273729739, 0.7233680551466738,
    0.7078658759162046, 0.7280177379000013, 0.7232294346111409,
    0.7269522742084835, 0.7343110500470452, 0.7259092708860618,
    0.7286471998777945, 0.7190683559663056, 0.7165873970674432,
    0.7334609290827874, 0.7344583964002307, 0.7384751925001973,
    0.7409894755785018, 0.7373094908569173, 0.7417200795118358,
    0.7375731936831407, 0.73618046183517, 0.733308642454769, 0.7188317946333815,
    0.7427227853432947, 0.7379051282785941, 0.7428195096444392,
    0.7444760032754015, 0.7232988655999086
  ],
  "training_time": 919.6536333560944,
  "avg_gradient": 0.0064733118302847436,
  "memory_usage": 1145.87109375
}
