{
  "train_losses": [
    0.26505308493000007, 0.22535113188559594, 0.2050771326150583,
    0.18528336731959943, 0.17433490863312845, 0.16481552540284136,
    0.15536886437431627, 0.15000787397603627, 0.1492156172981081,
    0.1417360193622501, 0.13649693503975868, 0.13292683822953183,
    0.12832260273558938, 0.12653606437632572, 0.1203131563556583,
    0.12153643353477768, 0.11568528417821812, 0.11168305818801341,
    0.10757620053608781, 0.10509891127762587, 0.10270574478351552,
    0.10116444183918445, 0.09982957585674265, 0.09627630237651907,
    0.09632331055953451, 0.09167530569855285, 0.08945583382054516,
    0.087756529369432, 0.0892779512087936, 0.08660045071788457,
    0.08382209455189497, 0.08018558763939401, 0.0783134744219158,
    0.08170522089399722, 0.0834179765585324, 0.07754020125645658,
    0.07430928777498395, 0.08383922829576161, 0.07848986529785654,
    0.0718655381149248, 0.07024585398966851, 0.06857867202843013,
    0.0682967362479995, 0.06777031658946173, 0.06713177603871925,
    0.06527190380122351
  ],
  "val_losses": [
    0.23753777016764102, 0.25550278146629746, 0.23003693508065265,
    0.19140192283236462, 0.189188651740551, 0.17371400121761404,
    0.15094765000369237, 0.15868762200293335, 0.14710811331220294,
    0.15405065793058145, 0.17007140167381452, 0.1455732174217701,
    0.1412353366613388, 0.139725593769032, 0.14976882578238196,
    0.1524646670921989, 0.13545237854123116, 0.1414820684686951,
    0.131594007105931, 0.1380746189666831, 0.12852993267385857,
    0.13295135792830717, 0.13500461727380753, 0.1370708169820516,
    0.14065385366911473, 0.1361558996140957, 0.13790208214650984,
    0.13545079059574916, 0.138547678032647, 0.1316313084376895,
    0.13354982986398364, 0.13230580706959186, 0.13857936162663542,
    0.13289808093205743, 0.13470935092672057, 0.13538721560136133,
    0.13563580859614455, 0.1321616543699866, 0.14471093775785487,
    0.13472902045949645, 0.1407775618135929, 0.13706566425769226,
    0.14059973362347353, 0.1368658226793227, 0.13808493445748868,
    0.14375153329709303
  ],
  "train_ious": [
    0.4618262790440435, 0.5390085780426215, 0.5747377624384306,
    0.6132956913307959, 0.6327462017644141, 0.6507565057364065,
    0.6680754688230974, 0.6782958609578404, 0.6786668411307577,
    0.6932622093329399, 0.7027653566953067, 0.7088210120581199,
    0.7174567203914775, 0.7205623120501425, 0.7327446177385851,
    0.729977181154317, 0.7406434442686, 0.7472736296122487, 0.7553359545443368,
    0.7592088718345196, 0.7636208083426609, 0.7669797635812692,
    0.7695947770515212, 0.7759665924029935, 0.7754304356657072,
    0.7848144237329993, 0.7887490193589007, 0.7920790836754913,
    0.7895753044041175, 0.794731372292491, 0.7997499893324962,
    0.8072762630771896, 0.8108737378016768, 0.8042782832315002,
    0.8009555812763132, 0.8127618981660274, 0.8192194017811097,
    0.8010946805926339, 0.8110230790748116, 0.824698447425296,
    0.8280731173961062, 0.8316297271977305, 0.8321968702518425,
    0.833401314806247, 0.8347875398138297, 0.8389269890992539
  ],
  "val_ious": [
    0.5182439295062122, 0.49229353309973434, 0.5172478335275167,
    0.6174908181031546, 0.6025522677362829, 0.6341123114461484,
    0.6755860968344453, 0.6663499044767325, 0.6822134124628013,
    0.671514007276383, 0.6548625567685002, 0.6869248683037965,
    0.6968131883852725, 0.6948540048754733, 0.6924590276203294,
    0.6857326233732529, 0.7080413388169329, 0.6970273673102474,
    0.7174630281717881, 0.7087685593228411, 0.7231276763090189,
    0.715494957307111, 0.7174905754517817, 0.7157126604646876,
    0.7080372293358264, 0.7223037539616876, 0.7161106631375741,
    0.7194332966338035, 0.7176687805980875, 0.7252034538465998,
    0.7310890967863194, 0.7309050218782567, 0.7218518809995789,
    0.7265702164259509, 0.7205064873332561, 0.7317017824321553,
    0.7298652948676676, 0.7293162756208058, 0.7213015662155288,
    0.7334898986678193, 0.7321192546599155, 0.732882695785467,
    0.7285494229931762, 0.7340969369895217, 0.7298579047555507,
    0.7291906923055652
  ],
  "training_time": 985.7152197360992,
  "avg_gradient": 0.003141527912696138,
  "memory_usage": 1145.87109375
}
