{
  "train_losses": [
    0.26512313998587755, 0.2202911691983109, 0.19757987753204678,
    0.17848059640306493, 0.1666101601946613, 0.15870517176454482,
    0.15015982273642137, 0.1447027807083467, 0.13874000983069773,
    0.13415343804365915, 0.1287553805614943, 0.1239318598628692,
    0.1203717969600921, 0.11590702321542345, 0.11279131358732349,
    0.11180061203144166, 0.10716111455922542, 0.1010509371838492,
    0.10014076753640952, 0.09901705777029628, 0.10010615971101366,
    0.09635193787677132, 0.09198896295350531, 0.08811229495736568,
    0.09015875678185535
  ],
  "val_losses": [
    0.25185313594082126, 0.281477267327516, 0.19535035024518552,
    0.2203113232617793, 0.1660197373965512, 0.17396663777206256,
    0.18401788304681363, 0.15677253982943037, 0.16490714624524117,
    0.1434601823920789, 0.15499778302467387, 0.14601382451212924,
    0.14727263897657394, 0.14526479723660843, 0.1437410721960275,
    0.14358336105942726, 0.13962622343198114, 0.14857578326178633,
    0.1404182505996331, 0.13948048618824585, 0.1404459594708422,
    0.15093396701242612, 0.14360053367588832, 0.136941643188829,
    0.16913185965107835
  ],
  "train_ious": [
    0.46434462176419894, 0.5486780214460866, 0.5893338174167753,
    0.6237479710168595, 0.6462534790777643, 0.6604182583050452,
    0.6757709723019946, 0.685266882127178, 0.6975923798222471,
    0.7057477697946023, 0.7157337548400179, 0.7242842337143592,
    0.731441026526517, 0.7389082849781581, 0.7452966946622601,
    0.7468974677764851, 0.7556072031890134, 0.76651694263885, 0.768154171335956,
    0.7706665875039241, 0.7686556651648407, 0.7750232107397439,
    0.7835626678838249, 0.7913397270916163, 0.7874356410533624
  ],
  "val_ious": [
    0.49361374412757764, 0.43191940834124887, 0.5942483641531158,
    0.5644378083339634, 0.6504447993592941, 0.6301359894914904,
    0.6367147642633189, 0.670356406249862, 0.6508082360893056, 0.68842836631381,
    0.6746173118767532, 0.6884929820679236, 0.685964515891628,
    0.6947287616954334, 0.6932025620902794, 0.6926628415999205,
    0.7053810556729634, 0.6957794769086701, 0.7122698259958323,
    0.7108061404331872, 0.7041596148325049, 0.6919699034829069,
    0.7129500706990559, 0.7190244739902193, 0.6804661884687949
  ],
  "training_time": 536.8143045902252,
  "avg_gradient": 0.0036513663866000645,
  "memory_usage": 1145.87109375
}
