{
  "train_losses": [
    0.258666943029865, 0.22307615759580032, 0.19954730554119401,
    0.18184874725082648, 0.17313301206930823, 0.15995332137074159,
    0.15254702678193216, 0.14685318440846776, 0.14125101345226818,
    0.13643610983601082, 0.13064726928006049, 0.1280437673887481,
    0.12385892835648163, 0.11973560779638913, 0.1169784264234097,
    0.11308173697603785, 0.10961587249260882, 0.10487940101681845,
    0.10592191994352185, 0.09977407745369103, 0.0994575430193673,
    0.09442368898864674, 0.09204024141249449, 0.0902794974491648,
    0.08932820760199557, 0.09109884508601997, 0.08622423433901175,
    0.0817503813330246, 0.08043615094831456, 0.0825751098682699,
    0.0808509714577509, 0.0849364343220773
  ],
  "val_losses": [
    0.23310515316932098, 0.2169923115035762, 0.2803529889687248,
    0.20133557786112247, 0.1730373229669488, 0.15589630862940912,
    0.15413727449334186, 0.14634643900005714, 0.149043640040833,
    0.13996154167081998, 0.15030068078118822, 0.136148601770401,
    0.1387340063634126, 0.1372070521440195, 0.13388461619615555,
    0.1353548582157363, 0.1344618528433468, 0.14059000462293625,
    0.13720650533619133, 0.13159913423916567, 0.1322135343823744,
    0.1280771497151126, 0.13992137672460597, 0.13189578185910764,
    0.14140341301327167, 0.13864841895258945, 0.13191590263791705,
    0.12965824309250581, 0.13487281909455423, 0.1383802212126877,
    0.12899153857775356, 0.145907961965903
  ],
  "train_ious": [
    0.47854394232854264, 0.5454089533861562, 0.5871873319256999,
    0.6196004000586879, 0.637338159362907, 0.6587625930922617,
    0.6733643300291419, 0.6825853788658328, 0.6937088089036769,
    0.7025486075359844, 0.712974172625421, 0.7180777932314769,
    0.7256683691580228, 0.7324863002244107, 0.7375439050728857,
    0.7436137365690176, 0.7510080449823021, 0.7596004284054475,
    0.7574706316750117, 0.769135499184114, 0.7698889539401601,
    0.7785706441255584, 0.7829774273154525, 0.7866142090895899,
    0.7886911775862824, 0.7850413470920451, 0.7945272949510725,
    0.8035523464930231, 0.80579221950493, 0.8013219159582384,
    0.8051064819961354, 0.7974330944859465
  ],
  "val_ious": [
    0.518358745112799, 0.5488389094454654, 0.5282026839213095,
    0.6074744685404544, 0.6420764992202538, 0.6662025602831357,
    0.6710660312918649, 0.6812814903863964, 0.68032223612502,
    0.6957846126262693, 0.684792196189148, 0.7038908771414686,
    0.7002818763687988, 0.7012212418991587, 0.7106932686722797,
    0.7090547274852144, 0.7173863359983416, 0.7021872269502584,
    0.7033153416022012, 0.7199406204880149, 0.7130678587633629,
    0.7297818371351216, 0.7150639682144357, 0.7227332719426225,
    0.7127412775720375, 0.7204024377076522, 0.7287750710611758,
    0.7335011995788933, 0.7253799954618233, 0.7250318622243574,
    0.7304544066605362, 0.7057224799325499
  ],
  "training_time": 692.4478762149811,
  "avg_gradient": 0.009960652862257568,
  "memory_usage": 1145.87109375
}
