{
  "train_losses": [
    0.2692961734922036, 0.22419162450925165, 0.20149572112638017,
    0.18270438383130924, 0.17216418481067472, 0.16197676616518394,
    0.15374121377649513, 0.1478137314805518, 0.143827046227196,
    0.13885820296633503, 0.13341621819721616, 0.13182161918476873,
    0.12386904304604167, 0.12394582346567641, 0.12009824229323346,
    0.11356307254375322, 0.11207552821091983, 0.10778683116254599,
    0.10382828448453675, 0.10555049809424774, 0.10530534151779569,
    0.09752934332937002, 0.09393671426274207, 0.0926502532042239,
    0.09010983894214682, 0.09272860990756232, 0.08861518497376339,
    0.08561864009369975, 0.08249438655279252, 0.08352009150321069
  ],
  "val_losses": [
    0.26353807617788727, 0.2044282536143842, 0.18824870398511057,
    0.17109179982672568, 0.15766931875892307, 0.14656035764061887,
    0.14365852721359418, 0.15622310550964397, 0.14364508458453676,
    0.13572255473421968, 0.1495885418161102, 0.1358106452161851,
    0.133812232185965, 0.1430882507044336, 0.13275951357639354,
    0.1363006724935511, 0.12615102999236272, 0.12521510231106178,
    0.13831094749595807, 0.1284638570378656, 0.12692076113560927,
    0.12569981878218445, 0.1303408567024314, 0.12698713252725807,
    0.12539223290008047, 0.12456447890271312, 0.12621419536678688,
    0.12368948336528696, 0.1290482634111591, 0.13258462123896764
  ],
  "train_ious": [
    0.46130772801521064, 0.5433092666115018, 0.5853713568623945,
    0.6181620918214322, 0.6365696443379788, 0.657100314355415,
    0.6705062129143355, 0.6811549594976763, 0.689631780852442,
    0.6966654479611615, 0.7078575036232025, 0.710833359833645,
    0.725469674321188, 0.7248301968734334, 0.7310133660077184,
    0.743783601222263, 0.7457348278359228, 0.75404493910247, 0.7609991582947364,
    0.7586905937911809, 0.7579299605626992, 0.7723998388518458,
    0.7796608761384868, 0.781815956576147, 0.7865288416868538,
    0.7818730809334397, 0.789448919341616, 0.795537047736023,
    0.8019667939431426, 0.8000319689728209
  ],
  "val_ious": [
    0.47196040745230683, 0.5713201023746229, 0.6156247078940489,
    0.6401401788428208, 0.6622733659502391, 0.6819797458424085,
    0.6863726524339205, 0.6768584752428358, 0.6894768906244334,
    0.7043183910242025, 0.680035877270975, 0.7024104444013125,
    0.7099286140739054, 0.6915882987820585, 0.7132578479207079,
    0.7096533777489178, 0.7219664065734201, 0.7245722259732261,
    0.7058046991410463, 0.7225891448881315, 0.7247308633033781,
    0.7291223838709402, 0.7131976331921592, 0.7289792331664458,
    0.7294804181741633, 0.7342620625875997, 0.7272308857544607,
    0.7369923658561016, 0.727078254888023, 0.7180534946745724
  ],
  "training_time": 643.8481488227844,
  "avg_gradient": 0.004030349885812973,
  "memory_usage": 1145.87109375
}
