{
  "train_losses": [
    0.27709768461468426, 0.23778695880394915, 0.21597666665911674,
    0.19778655104987, 0.18601376603802908, 0.17301875579616297,
    0.1659954468841138, 0.15954224866531466, 0.1538895454419696,
    0.14716581449560498, 0.1429053707372235, 0.137665625864073,
    0.13738988509968572, 0.13002948025646416, 0.1268364242075578,
    0.12706611313573693, 0.12042978280426367, 0.11730771082574906,
    0.1156429860578931, 0.11332725656583258, 0.10991782439953607,
    0.10641729082588268, 0.1025535982992986, 0.10135637555757294,
    0.09777086855762679, 0.09705973529945248, 0.09484889265149832,
    0.09387150945384866, 0.09104445058366527, 0.09276927873978148
  ],
  "val_losses": [
    0.26476873748976254, 0.2534325122833252, 0.21419236128744873,
    0.19619951980269473, 0.1796905310905498, 0.1865631717702617,
    0.1616062557567721, 0.20366106473881265, 0.1640840765574704,
    0.1655905467012654, 0.1480093794348447, 0.16369991587555927,
    0.14707965306613757, 0.1638069327758706, 0.15042025579706483,
    0.14264362273008926, 0.14191524409081624, 0.15399231761693954,
    0.157369550479495, 0.13819822523257005, 0.1427893317911936,
    0.13923389885736548, 0.1360661598003429, 0.14036372141993564,
    0.13388389980663423, 0.13910320870902226, 0.13856846790598787,
    0.13563924979256547, 0.14046159419028656, 0.14901511306348053
  ],
  "train_ious": [
    0.4366241352146736, 0.5141168667840352, 0.5576674764624974,
    0.5909282371293807, 0.611096897634907, 0.6358577700844708,
    0.6473871215206123, 0.6594130800146124, 0.6698708201124185,
    0.6823546435090078, 0.6907839414974053, 0.7002332465912117,
    0.7006340526800222, 0.7135652758289076, 0.7195872603443224,
    0.7187020083808378, 0.7311133549049282, 0.7369360058311968,
    0.7388075332062825, 0.7438626472392811, 0.7500510406882863,
    0.757094276880009, 0.7630568117011285, 0.7656777624742707,
    0.7731516205746192, 0.7733951710380507, 0.7775964883250607,
    0.7796626909487487, 0.7849263139608975, 0.7815249690759009
  ],
  "val_ious": [
    0.4649045021421668, 0.514883552124535, 0.5546823319965516,
    0.5960718233516251, 0.6237961224455764, 0.6125209268884382,
    0.6576490747755852, 0.6004678393187729, 0.6592800926039183,
    0.6505266285460928, 0.680531748826953, 0.6596592789974765,
    0.6836209964493046, 0.6761459071135176, 0.6862940969674481,
    0.6954359779323357, 0.6947860935891886, 0.6846494514873062,
    0.6721438260182091, 0.7062475065822187, 0.7018657654955767,
    0.70397374401058, 0.7122400875972665, 0.7118871270314507,
    0.7165400249802548, 0.7113857692566472, 0.7139597239269725,
    0.7224339931339457, 0.7105571171943693, 0.7030139075241228
  ],
  "training_time": 643.6298079490662,
  "avg_gradient": 0.0036342681409922465,
  "memory_usage": 1145.87109375
}
