{
  "train_losses": [
    0.2709932813987784, 0.22716090431355912, 0.2045664016319358,
    0.18759441885935224, 0.1751952204529358, 0.16702964804742648,
    0.16139023394688315, 0.1544854189471706, 0.14681043496112461,
    0.1409223625112487, 0.13639659908316706, 0.13587986847952657,
    0.13004516040825326, 0.12465995355792668, 0.12352893246418756,
    0.11984935552691636, 0.11557650938630104, 0.11332460618375437,
    0.10908027653298948, 0.10802245597638514, 0.10276374378767998
  ],
  "val_losses": [
    0.24188722637684448, 0.21854205785886102, 0.20731755378453628,
    0.19129181329322897, 0.16628459614256155, 0.18028583409993545,
    0.185226123618043, 0.15577203359292902, 0.1636093041819075,
    0.14542737943322762, 0.14307822011735127, 0.15355341168849365,
    0.14390410013172938, 0.14891930070260298, 0.13728400400799254,
    0.14133020879133887, 0.17387513767765916, 0.13943675063226535,
    0.14159258843764014, 0.13434101090483044, 0.15664741153950276
  ],
  "train_ious": [
    0.4548566393432731, 0.5351681954402856, 0.5766735562541779,
    0.6086163559145682, 0.6313532208618912, 0.6464584606929105,
    0.6557628194383093, 0.669363348002451, 0.6829632521755454,
    0.6939196018097195, 0.7016033427654839, 0.7016592795110266,
    0.7128719963349294, 0.7242566181913668, 0.7246839536920838,
    0.7313412289148656, 0.7398381641377568, 0.7434361942544365,
    0.7520404982825982, 0.7536435720605262, 0.763338272392318
  ],
  "val_ious": [
    0.509642076989015, 0.5585658075152963, 0.5692801430173542,
    0.6073187205238619, 0.6449162074621173, 0.6260023730388585,
    0.6289479985185292, 0.668517250297726, 0.6593668845252714,
    0.6880823289570603, 0.688563655252042, 0.6784417387368024,
    0.6932099964739621, 0.6838308194841164, 0.7010117333004439,
    0.7037670901720073, 0.6685376862684883, 0.705399719269379,
    0.7011502540629843, 0.7105606638866923, 0.6793898907692535
  ],
  "training_time": 448.95417642593384,
  "avg_gradient": 0.004527101748036857,
  "memory_usage": 1145.87109375
}
