{
  "train_losses": [
    0.2768700949685729, 0.23180837937347268, 0.20755930763223898,
    0.19136429237930672, 0.1802094023188819, 0.16689249120004798,
    0.16095793635948843, 0.15285654094718074, 0.14712793060132992,
    0.14053311239442098, 0.13600336825070175, 0.13449565754474505,
    0.12769472870327855, 0.12669992750591558, 0.11899408568506656,
    0.11719599349991135, 0.11447735402085212, 0.11179556150961181,
    0.10802377286650565, 0.10486258149309002, 0.10235174700779759,
    0.09982475306352843, 0.10131600729959167, 0.09496289349930442,
    0.09185267871488696, 0.08841305788930344, 0.08769728381024755,
    0.09028068691006173, 0.08480373316484949, 0.082871133664056,
    0.08382906841681055
  ],
  "val_losses": [
    0.24091147825769757, 0.24037721267212991, 0.19896247723828192,
    0.1790022931021193, 0.17341966991839203, 0.17206844817037167,
    0.17941610223573187, 0.152886597196693, 0.1668302802288014,
    0.14341709341691888, 0.14816612264384393, 0.17286841425558794,
    0.14444464007797447, 0.13640916833411093, 0.13804078992942106,
    0.13688576156678406, 0.15041823231655618, 0.1406994769754617,
    0.1329572101973969, 0.14009226145951645, 0.1299846483313519,
    0.14755167941684308, 0.13619075990889384, 0.13588285867286765,
    0.13592921456565027, 0.13294988595273183, 0.13339837365176366,
    0.1423410125400709, 0.13200906566951587, 0.1393977657932302,
    0.13800020985629247
  ],
  "train_ious": [
    0.43892771600867087, 0.5289167752084526, 0.5719306722175387,
    0.6016723765735178, 0.6224691854870837, 0.6466242233696192,
    0.656710785206245, 0.6720179417103095, 0.680885829085457,
    0.6948949235181014, 0.7020909506017747, 0.7063338604310283,
    0.7176312921379788, 0.7209504134413125, 0.7330189065440843,
    0.7370857290815621, 0.74182690118534, 0.7466806214896663,
    0.7531052742531336, 0.7592021673917764, 0.7635585177095896,
    0.7690075517672561, 0.7659547495237296, 0.7780272775478123,
    0.7833361052840516, 0.7906221857537394, 0.7918544742616191,
    0.7866743020713328, 0.7973098279773327, 0.8013944904441416,
    0.7993213647193663
  ],
  "val_ious": [
    0.5162035684654678, 0.5137934122180592, 0.5776241888170657,
    0.6221127810253615, 0.6340438254933425, 0.6335057467222213,
    0.6323700560175853, 0.6717614093120547, 0.6479426056578539,
    0.6889549465715021, 0.6811609555413759, 0.6641188680693724,
    0.6888591688180316, 0.7063984363407331, 0.7038981096036191,
    0.7055588094652561, 0.6947635846293493, 0.7027929507303929,
    0.7107780854339185, 0.7041940529277361, 0.7223767400651736,
    0.6969325736812924, 0.7141753255889035, 0.7146069055450133,
    0.7193165784296782, 0.7238074849913086, 0.7198535357264505,
    0.7125463021406229, 0.7240588362666145, 0.7235126231891521,
    0.7199695138395696
  ],
  "training_time": 665.2090287208557,
  "avg_gradient": 0.002195905560049787,
  "memory_usage": 1145.87109375
}
