{
  "train_losses": [
    0.2699832499999067, 0.2284247540747342, 0.20420709333342055,
    0.18828062688850838, 0.17508791589542574, 0.16630684211850166,
    0.15757700391923604, 0.14992592402774355, 0.14655393078599288,
    0.14000991606356009, 0.13565762879569893, 0.1307793477874087,
    0.12875872923304205, 0.12317529114206201, 0.12146182325871094,
    0.11396526346873978, 0.11521911365992349, 0.1111280883702895,
    0.1092666448701335, 0.10620025087795827, 0.10054049851453822,
    0.1023639932922695, 0.09683282730048118, 0.09495328581365554,
    0.0974956539095096, 0.09092377685010433, 0.08768795782943135,
    0.0841153018662463, 0.08647394775534453, 0.0867877080226722
  ],
  "val_losses": [
    0.2716165337225665, 0.22656398363735364, 0.19010988331359366,
    0.2008047570352969, 0.17426355118336884, 0.15932302792435107,
    0.15914662862601486, 0.14557419182813686, 0.1493203562238942,
    0.14334015580623047, 0.1410116614854854, 0.14820246285070543,
    0.1363288045901319, 0.13748989740143652, 0.13501485874471458,
    0.13886237112076386, 0.13250786098449127, 0.13813380864651306,
    0.14221548143288362, 0.12809325479294942, 0.1300681210730387,
    0.13395952935452046, 0.1313736552129621, 0.13573383961034857,
    0.1326251698900824, 0.12995672290739807, 0.12681420633326407,
    0.12877240291108255, 0.14402412202047266, 0.1341239272252373
  ],
  "train_ious": [
    0.4544487467197621, 0.53421904489506, 0.5776075748861699,
    0.6069471319948418, 0.6316054176161254, 0.6467930705866954,
    0.6631644695889257, 0.6759012576354587, 0.6836028439735157,
    0.6955310077123018, 0.7031562200382998, 0.7127707057457033,
    0.7165019067841163, 0.7262450401009856, 0.7298186630874443,
    0.7429954755133473, 0.7409187195741612, 0.7485797276207503,
    0.7515210327354889, 0.7570806352988536, 0.7677249573711034,
    0.7653747254955592, 0.7742298849574898, 0.7784171631910667,
    0.7736388763439825, 0.7855372480184275, 0.7919809295647388,
    0.7991702691044497, 0.7941918408741119, 0.7938849807757393
  ],
  "val_ious": [
    0.4845228366877722, 0.5253921697537104, 0.6085629439440327,
    0.5859697249488555, 0.6388536432515018, 0.6601656396751819,
    0.6626936136812404, 0.6864763008079667, 0.6853097526059633,
    0.6959454030662344, 0.6951023409332054, 0.6825324584176575,
    0.7042910968479904, 0.70641969014769, 0.7109928115986395, 0.708953740372174,
    0.7118739598039268, 0.704471107194389, 0.7042086776615918,
    0.722864997343741, 0.7219141706608344, 0.7215927135253297,
    0.7245316775380701, 0.7156276424293933, 0.718668653913166,
    0.7253322696340255, 0.7332482763390609, 0.7346956259098607,
    0.7201630030421243, 0.7224393877862155
  ],
  "training_time": 644.4319734573364,
  "avg_gradient": 0.005034380394125777,
  "memory_usage": 1145.87109375
}
