{
  "train_losses": [
    0.2803719437316708, 0.2324194738884335, 0.2108170457346284,
    0.19366454438346883, 0.17897476628422737, 0.16696566537670468,
    0.1590765656336494, 0.154854791238904, 0.1484532842979483,
    0.14406227340678807, 0.137297160640035, 0.13490641040160603,
    0.12950045554696218, 0.12714775619299515, 0.12223151411213305,
    0.12081663265986287, 0.11844017210861911, 0.11400834134901347,
    0.11095361051190158, 0.10697015087403682, 0.11142612819600364,
    0.10227354283889999, 0.10059646512989116, 0.10083287719475187,
    0.09983411864580019, 0.0938850190166546, 0.09077601118580154,
    0.08884793694090584, 0.08850446707852509, 0.08575434565706097,
    0.09386509956549043, 0.08593698943276769, 0.08139321940910557
  ],
  "val_losses": [
    0.25219966859921167, 0.25252024375874066, 0.207496363831603,
    0.18838877166094986, 0.2009843542524006, 0.17048399085583893,
    0.1600375693777333, 0.17917011775400327, 0.1527073107983755,
    0.14349430880468825, 0.144270707083785, 0.13883151356940684,
    0.1428672360337299, 0.1359139849310336, 0.1429628877212172,
    0.13317855965832007, 0.13893469779387765, 0.13344942276244579,
    0.1266308972693008, 0.1367706366531227, 0.1325738153055958,
    0.12935686888902084, 0.12819710584438365, 0.1284099959808847,
    0.12391665756054547, 0.1270057944499928, 0.12360284590850705,
    0.12751221089907314, 0.12489324824317642, 0.12492469358055489,
    0.13035938678228337, 0.1278835219209609, 0.14414189934082652
  ],
  "train_ious": [
    0.4366379349586971, 0.5266303636835539, 0.5675938210949516,
    0.597449895804343, 0.6261646512733854, 0.6470869284501112,
    0.6613604938746362, 0.669461381338213, 0.6806301112300244,
    0.6890116573135922, 0.7015647363403569, 0.7048461638606973,
    0.7154765163102874, 0.7197869153882281, 0.7280035907591601,
    0.730487832232662, 0.7349780019966581, 0.7427266841565354,
    0.7480655712601928, 0.7554341895856718, 0.7472812938301459,
    0.764427870404029, 0.7673096760459571, 0.7669225634764067,
    0.768726867772099, 0.7801033605052079, 0.7860793298029382,
    0.7900344965898473, 0.7901200388112791, 0.7955837623364684,
    0.7803389809593773, 0.795044844997102, 0.8046673169170603
  ],
  "val_ious": [
    0.5021809258538744, 0.49626820502073876, 0.5730768221875894,
    0.6084791251282763, 0.5874264557724412, 0.6372779918753584,
    0.6596282219541245, 0.640684615874636, 0.6750314501316651,
    0.6884921568891276, 0.6937051069909249, 0.7007196768038516,
    0.6946470372486805, 0.7048536210820294, 0.6924239941265271,
    0.7124053067055303, 0.7005019755899042, 0.7128484413243722,
    0.7238434849009999, 0.7065203366936117, 0.714994943012362,
    0.7221959267837413, 0.7242023048625477, 0.7258252883734911,
    0.7318732714739398, 0.7288096313891207, 0.7340649942988936,
    0.7305113524198532, 0.734670955201854, 0.736273762324582, 0.722117774512457,
    0.7316758673692096, 0.7195688067139057
  ],
  "training_time": 705.4157023429871,
  "avg_gradient": 0.006654153798851878,
  "memory_usage": 1145.87109375
}
