{
  "train_losses": [
    0.2727574779773536, 0.2265002332303835, 0.20280572707238403,
    0.18658703209265418, 0.17367762092338956, 0.16416008940533452,
    0.15690399706363678, 0.1518535256061865, 0.1477975284518755,
    0.13897657544230638, 0.13571245753732714, 0.13077341574851586,
    0.12722157512831947, 0.12839220747675584, 0.12014341909114433,
    0.11381459734200136, 0.11364784804375275, 0.1103359161997619,
    0.10499110680235468, 0.1048406194490583, 0.10445424626864817,
    0.10181141592076291, 0.09651494528288426, 0.09543520572554806,
    0.09072073557130668, 0.09089135394796082, 0.08943611602096455,
    0.0859780593815705, 0.08518169326302798
  ],
  "val_losses": [
    0.23610767916492795, 0.21496205323416254, 0.19308363613875015,
    0.19935056340435278, 0.17871810204308966, 0.1714495086799497,
    0.15687149341987527, 0.14844535372179488, 0.15039531805593034,
    0.14629325756560202, 0.15271873156661572, 0.1520476626313251,
    0.14037136830713437, 0.14001345132356105, 0.14029981438880382,
    0.13639450348589732, 0.13639476895332336, 0.1335656174822994,
    0.13206936208450276, 0.1370767071519209, 0.13356217499012532,
    0.1312845015655393, 0.13497265282532442, 0.1434551917988321,
    0.13940063653432805, 0.14017517767522647, 0.13780689498652582,
    0.13196127780753633, 0.14450326561927795
  ],
  "train_ious": [
    0.4507604885670908, 0.5393294683401134, 0.5803515857382526,
    0.6098103326731834, 0.633980107318232, 0.6515636973730894,
    0.6642020533158296, 0.6733568529395952, 0.6820021143750001,
    0.6986932379288086, 0.70332138688452, 0.713049881214249, 0.7184370209233484,
    0.7158834350605803, 0.7317967501239498, 0.7430738427716748,
    0.7429142534408882, 0.7501014362534749, 0.7598655737828518,
    0.7590850389198117, 0.7601675173618657, 0.7649328377691732,
    0.7746464956173863, 0.7771363593637939, 0.7855642415259199,
    0.7851692125525167, 0.7881612341473069, 0.7948779352549196,
    0.7966478438912954
  ],
  "val_ious": [
    0.5204277399225512, 0.5544304505422496, 0.598788951618084,
    0.5990645531295005, 0.6364712836085885, 0.6413489038097686,
    0.666822007168894, 0.680506426571072, 0.6776336951964143,
    0.6826186352881833, 0.6757565337246746, 0.6799949943155482,
    0.6997916104568952, 0.7006271237480466, 0.7002263516187668,
    0.7093450446491656, 0.7069189034510349, 0.7136925603600516,
    0.7159142621617385, 0.7095774811679039, 0.7138383341008339,
    0.7206316711246102, 0.7140740549218828, 0.7115680763254995,
    0.7161777213863703, 0.7172038209611091, 0.7129983772402223,
    0.7242566368718077, 0.706361119945844
  ],
  "training_time": 620.0096113681793,
  "avg_gradient": 0.00426438609951108,
  "memory_usage": 1145.87109375
}
