{
  "train_losses": [
    0.2915379963815212, 0.2488634127151707, 0.2289569766625114,
    0.20963096505273943, 0.19448917067569235, 0.18688901133187438,
    0.17982239446238332, 0.1673483525443336, 0.1638701853301862,
    0.15677995254974003, 0.15358458933137034, 0.1481228585395476,
    0.1467146243819076, 0.14240446358757175, 0.13649391038748232,
    0.13369257764323897, 0.12971703185821357, 0.12567767978686353,
    0.12199660674061465, 0.11987968570674243, 0.11876688881412796,
    0.11509670483191377, 0.11504425262303455, 0.10839213147435499,
    0.10590042331782372, 0.10435040615013112, 0.10363631707656643,
    0.09809759376651567, 0.09836066894881103, 0.0961598576977849,
    0.0942427471442067, 0.0968503715146495, 0.09153526867537395,
    0.08802962801216738, 0.08639745264435592, 0.0886262359259569
  ],
  "val_losses": [
    0.2710562066539474, 0.24252169417298358, 0.23181132097607074,
    0.21365393115126569, 0.21208588811366455, 0.18923047606063925,
    0.17022116417470184, 0.16559326745893643, 0.15738029551246893,
    0.1730582701123279, 0.16394508986369424, 0.1491349423709123,
    0.1450032280839008, 0.15854219071890996, 0.15538635914740356,
    0.14227417402941248, 0.13924925272231517, 0.13716132793089617,
    0.1474887224967065, 0.12960520467680434, 0.1344748233323512,
    0.12891273070936618, 0.13883333717999252, 0.12599626960961716,
    0.1337461866762327, 0.12749201043144517, 0.12823899867741959,
    0.13122833001872766, 0.12367338087895642, 0.12596873825658922,
    0.1236721976943638, 0.12454085829465286, 0.1225093254900497,
    0.1250692460200061, 0.13335403848601424, 0.1367278601164403
  ],
  "train_ious": [
    0.4087954471938049, 0.49283034046706936, 0.533870218321681,
    0.5696733782634785, 0.5974448520312275, 0.6107700647975225,
    0.6234430161615213, 0.6453103375067744, 0.652672314989394,
    0.6647676326118518, 0.6712491417816582, 0.6806660861424777,
    0.6835320291203866, 0.6922668787124364, 0.7019328716872394,
    0.7078330002833101, 0.7153406279782455, 0.7222243990695133,
    0.7293702084841073, 0.7326189324367738, 0.7359035242402897,
    0.7416092346867794, 0.742160882584859, 0.7541310975625027,
    0.7584253366010778, 0.7610029431896799, 0.7622307872102745,
    0.772834628280522, 0.7717693157602048, 0.7763720064599446,
    0.7800745885765206, 0.7750281859999117, 0.7851767251672951,
    0.7918039104104904, 0.7948795411249866, 0.7904743626713752
  ],
  "val_ious": [
    0.4491076689699423, 0.5125874365153521, 0.5165202146854955,
    0.568952234758847, 0.5583550487307536, 0.6073399402093199,
    0.6328440608753675, 0.6465408704850985, 0.6625452205754707,
    0.6285891347173332, 0.6455767744261286, 0.6767932174430377,
    0.6880968606126481, 0.6643770077954168, 0.6701505773741265,
    0.6891459779462954, 0.6927226319693138, 0.7003932614689288,
    0.6859708681054737, 0.7118669834689818, 0.7052488966264585,
    0.718212063545766, 0.700358177224795, 0.7231537654348044,
    0.7107377143009849, 0.7220435192187626, 0.7211171708245206,
    0.7247925936311915, 0.7288756124351338, 0.7252873102391976,
    0.7314877941988519, 0.7294913549786032, 0.736937830845515,
    0.733799875430439, 0.7277527585409689, 0.7174306475165961
  ],
  "training_time": 773.1141414642334,
  "avg_gradient": 0.00461963523632549,
  "memory_usage": 1145.87109375
}
