{
  "train_losses": [
    0.2575678541932417, 0.21382703705002432, 0.19078150828895363,
    0.1738262851115154, 0.1645491958960243, 0.15656721624343292,
    0.14961449777626473, 0.14321889100677293, 0.13827475800138453,
    0.1319224066708399, 0.12947795770900405, 0.1260823190374219,
    0.12007700360339621, 0.11823459540534279, 0.1129919612861198,
    0.10775777920270743, 0.10813053154751011, 0.10562161518179852,
    0.10044762516475242, 0.09849696120490199, 0.09629663715705923,
    0.09849952983305506
  ],
  "val_losses": [
    0.2376736836588901, 0.21104868209880331, 0.18741035979727041,
    0.18764644504889197, 0.16290460705109264, 0.16972750716883203,
    0.1520093088240727, 0.15789289383784585, 0.1480841204200102,
    0.14695254923856776, 0.1491384954880113, 0.14656921200778172,
    0.14592614397406578, 0.13367712108985239, 0.1458243052272693,
    0.13288513846371486, 0.13648282720342927, 0.14175885381258052,
    0.1360023096203804, 0.13714391721979433, 0.13260189751568047,
    0.1682849785555964
  ],
  "train_ious": [
    0.4812745104503373, 0.5622996043791805, 0.6016558385521609,
    0.6320961239221304, 0.6503525441647439, 0.663865436516378,
    0.677631135598041, 0.6889566923289194, 0.6977943827168668,
    0.7088688273468741, 0.7139598020500896, 0.720415806694739,
    0.7316447108768035, 0.7341369254973482, 0.7438478736017922,
    0.753341777061207, 0.7530125672726528, 0.7574747379167357,
    0.7670425204695137, 0.770348549267088, 0.7744860144305058,
    0.7701587829252954
  ],
  "val_ious": [
    0.52027121261842, 0.5746139219921568, 0.617186118511186, 0.6181393414735795,
    0.65733701724937, 0.657373733278634, 0.675592335237973, 0.6749688857707423,
    0.6897593369518501, 0.6898322381835051, 0.6881369505671487,
    0.6927702334048091, 0.696906499672627, 0.7167910488619321,
    0.6951403067163798, 0.7156947905170744, 0.712457361644593,
    0.6999805882789086, 0.7165258414503456, 0.7123597549355547,
    0.7213591160117715, 0.6813752763513206
  ],
  "training_time": 476.44017481803894,
  "avg_gradient": 0.0075950315674608165,
  "memory_usage": 1145.87109375
}
