{
  "train_losses": [
    0.26479220560387423, 0.2247544369133918, 0.1983194271021563,
    0.17842698064835175, 0.16783499822992345, 0.15749208208011545,
    0.15335051962376936, 0.1447019383473241, 0.13998690777984651,
    0.13552376781792744, 0.1307598658553932, 0.12570487800985575,
    0.12276851503259462, 0.1166235430409079, 0.11479672522324583,
    0.11099242062672325, 0.10708839422010857, 0.1059603869267132,
    0.10489304145069225, 0.09870193238653567, 0.09743937752816988,
    0.09782949519222198, 0.09609253562824882, 0.08985724753659705,
    0.09035490748836943
  ],
  "val_losses": [
    0.2452806114502575, 0.24010870605707169, 0.18152460164350012,
    0.17854620354331058, 0.1934311334853587, 0.1540270518997441,
    0.15098543205986853, 0.16597913756318713, 0.1420837154854899,
    0.15018513345200082, 0.1379573602715264, 0.1481233831980954,
    0.13646084831460661, 0.1404314058954301, 0.12708832598898723,
    0.1404809543619985, 0.13009503111243248, 0.130375652047603,
    0.12944966668020125, 0.14240744628983995, 0.14078902744728586,
    0.12964615938456162, 0.1303822935923286, 0.1303512837899768,
    0.13423608356843825
  ],
  "train_ious": [
    0.469424591264755, 0.540278110464198, 0.5899329965907161,
    0.6264520675699784, 0.6463133562086287, 0.6647171097929064,
    0.6720198801030283, 0.6878610877995042, 0.6955961641734063,
    0.7044033404385693, 0.7126677736531997, 0.7217701446750896,
    0.7272533238797948, 0.7384916451098265, 0.7415926843017774,
    0.7481354558705418, 0.7555126982970516, 0.7573573890587555,
    0.7597870877471522, 0.7708441528181232, 0.7731777842062107,
    0.7727196250596772, 0.7755823513843874, 0.7875098907321264,
    0.786715402983237
  ],
  "val_ious": [
    0.5003403742676196, 0.5096849946008214, 0.6182330952606339,
    0.6228397523147471, 0.612303216604219, 0.6709692573201829,
    0.6789387926675272, 0.6631080804095751, 0.692691210171451,
    0.6864273682020713, 0.7008531639973322, 0.6862799741219782,
    0.7052953860897948, 0.7012803250032924, 0.7207802562178046,
    0.7051557341347572, 0.7209949212661687, 0.717611107273378,
    0.7213062926910926, 0.7030857242103936, 0.7088640958502672,
    0.7287819113420404, 0.7249598811933958, 0.7297152781832044,
    0.7170521990544555
  ],
  "training_time": 536.2295017242432,
  "avg_gradient": 0.011673319191612666,
  "memory_usage": 1145.87109375
}
