{
  "train_losses": [
    0.26516879641491437, 0.2242261913969465, 0.20619063792021378,
    0.18888799813778503, 0.17283141264772933, 0.16118429001906645,
    0.15441724876670734, 0.14939824054422585, 0.1435936803565077,
    0.13898045172833878, 0.13392465488742228, 0.12879373534056154,
    0.1244434937024894, 0.12176977438123329, 0.11999025098655534,
    0.11618068656357734, 0.11213907866698244, 0.1086116996391312,
    0.10525742088161084, 0.10294706795526587, 0.1041300741388746,
    0.09861005044987668, 0.09645787205385126, 0.093943582361807
  ],
  "val_losses": [
    0.2379566437524298, 0.21421051932417828, 0.23991489086462103,
    0.20479619891747183, 0.17932278533344684, 0.16848935640376547,
    0.15349709323566893, 0.15136615980578505, 0.16078286747569623,
    0.14845233313415362, 0.14933646502702133, 0.14104092347881067,
    0.13911067856394727, 0.14591727486771086, 0.1473335393744966,
    0.13925139978528023, 0.1345104524946731, 0.13278086904598319,
    0.13525968660479007, 0.1379138310642346, 0.14125259172009386,
    0.13197450436975644, 0.13037546140992123, 0.1769484773926113
  ],
  "train_ious": [
    0.47104566333734466, 0.5409562730810782, 0.5751799132027053,
    0.6081430869905842, 0.6356740672735203, 0.6565745923722135,
    0.6691826715849448, 0.6783863844862883, 0.6886135826724167,
    0.697572459507248, 0.7066133155662944, 0.7163902791082001,
    0.7240768197006074, 0.728979690675286, 0.7324566425404686,
    0.7384770648095057, 0.7462788463934611, 0.7516512274742128,
    0.7580716885842271, 0.7623816455943866, 0.7606982403043389,
    0.7704610924465932, 0.7745820466914901, 0.7790146134253857
  ],
  "val_ious": [
    0.5151393611146058, 0.5645067404577697, 0.5496462915038718,
    0.5830555279617724, 0.6288830208173698, 0.6435010277706642,
    0.6709863930076793, 0.6803028078182883, 0.6646020231039628,
    0.6843243174362873, 0.6814016825047091, 0.6965804190739341,
    0.7025977228430733, 0.6910591771205267, 0.6886991903833721,
    0.7079739635405333, 0.7108224902463998, 0.7159796933764997,
    0.7145951550075974, 0.7113847888034323, 0.7084764037011325,
    0.7205834315306899, 0.7267737151056097, 0.6723617347686186
  ],
  "training_time": 513.5865657329559,
  "avg_gradient": 0.004351513152829157,
  "memory_usage": 1145.87109375
}
