{
  "train_losses": [
    0.2829448709507351, 0.23576908202274985, 0.21438057315738304,
    0.19292939567695494, 0.17779700279883717, 0.16697436368659788,
    0.15813824935289827, 0.15122057712110487, 0.14662012793933568,
    0.14085798386646353, 0.13622489332666862, 0.1321502809777208,
    0.12691768607043702, 0.12467086566207201, 0.12094549158507067,
    0.11998496965869614, 0.11425942316165437, 0.1101456010390235,
    0.10780938540625831, 0.10436769384566856, 0.10206456207062888,
    0.10021369284747736, 0.10443743856866723, 0.09658133688018374,
    0.09081556696606718, 0.08957613923627397, 0.09209471997683463,
    0.08562151917620846, 0.0849976809695363, 0.0882391837708976,
    0.08449852515173994, 0.07994355986137754, 0.07861883120368356,
    0.0837623470503351
  ],
  "val_losses": [
    0.24684259133494418, 0.2266566341985827, 0.21173915364172147,
    0.1953073131001514, 0.17025068143139716, 0.1631497220824594,
    0.16524346869276918, 0.1951622846333877, 0.14599214202683905,
    0.1481260195698427, 0.14410881455177846, 0.14361025733144386,
    0.14230419501014377, 0.14055347264460896, 0.14162713726577553,
    0.1328777411709661, 0.12909152666511742, 0.1355824117427287,
    0.12845951513103818, 0.13562179065268973, 0.12991083299984102,
    0.12744948267936707, 0.1345445487810218, 0.1288906050764996,
    0.12954742429049118, 0.13672458542429883, 0.1279360164442788,
    0.127852119019498, 0.13481286751187366, 0.13705347494586653,
    0.1321011035014754, 0.12924167627225752, 0.1296663261626078,
    0.14322948488204376
  ],
  "train_ious": [
    0.43454197502991965, 0.5226652251043618, 0.5614724047482014,
    0.6003044008452825, 0.6281968959863637, 0.6483239364688811,
    0.6643531044432224, 0.6771412687241166, 0.6854137779361962,
    0.6947265021179033, 0.7036014542631481, 0.7103332762700925,
    0.7210533036917879, 0.7248656432805717, 0.7309792386232941,
    0.7330968080871348, 0.7430006778002651, 0.749971208041129,
    0.7545364373296067, 0.7605208417103771, 0.7650189826237982,
    0.7682144786028762, 0.7605758761798124, 0.7754732050217581,
    0.7855588548641272, 0.7881503147275551, 0.7836341674345128,
    0.7957867116167922, 0.7972723898896269, 0.7911232937721239,
    0.7984695796301401, 0.8073547757838085, 0.8105669697557676,
    0.7998974433411724
  ],
  "val_ious": [
    0.5028189943320509, 0.5382660002164219, 0.5653308329806812,
    0.5904230920300967, 0.6396362552608269, 0.6532116085290909,
    0.6484131469674733, 0.6310366359741792, 0.6818967899982479,
    0.6854600461496823, 0.6893737450026086, 0.689772378059401,
    0.6855116261952166, 0.6969235049209734, 0.6949222912822943,
    0.7085153533928635, 0.7153880643671837, 0.7080681069173675,
    0.7195606940034507, 0.7084028990804284, 0.7201682627201081,
    0.7245655144038408, 0.7121102410382119, 0.72135736156201,
    0.7245158384675565, 0.7147222992734632, 0.7226180026064748,
    0.7307492915702902, 0.7224178964245146, 0.7164215829925263,
    0.7250390940386316, 0.7289248266513798, 0.7256893599810809,
    0.7120469726514126
  ],
  "training_time": 729.0496566295624,
  "avg_gradient": 0.0028630159338878494,
  "memory_usage": 1145.87109375
}
