{
  "train_losses": [
    0.2720972490699395, 0.2236644695310489, 0.2006288377325172,
    0.18525772549859856, 0.17338679131606352, 0.1639790198887172,
    0.15669007145840189, 0.1493407881859204, 0.14521417025800631,
    0.13854237568929142, 0.13529991986149031, 0.12920315891666256,
    0.12534087386144244, 0.12489621535591457, 0.118295777346129,
    0.11527974535103726, 0.11494177000840074, 0.11133139001448518,
    0.10748589322294878, 0.10395652877733759, 0.10107933762280838,
    0.10209417371484249, 0.0976556632262857, 0.09340360327421324,
    0.09703299075203098, 0.09150342610867127, 0.08940076204421728,
    0.09303569708667371, 0.08494989440330993, 0.08468491053613632,
    0.08101149178717447, 0.07942707832578731, 0.07757027155679205,
    0.07756752974313239
  ],
  "val_losses": [
    0.24513943460972412, 0.21338642097037772, 0.22493353712817896,
    0.1796763665650202, 0.1778594342910725, 0.16084804564066554,
    0.18990035290303436, 0.1463831350531267, 0.14666573055412457,
    0.14122440536384998, 0.14376116722174312, 0.13342593399726826,
    0.1328332236279612, 0.14315301325658095, 0.13648596778512,
    0.12923799422772034, 0.1345621771786524, 0.14106472095717554,
    0.13348727478929187, 0.13285579321824986, 0.1339864593161189,
    0.1277603502182857, 0.12906273713578348, 0.13307698006215302,
    0.12852248160735422, 0.1234403254221315, 0.1294933377724627,
    0.12450393483690593, 0.12951814869175787, 0.12845390063265097,
    0.12773838169548823, 0.13100230758604797, 0.13226413321883781,
    0.14249505977267804
  ],
  "train_ious": [
    0.45141600712161983, 0.5460789116180461, 0.5856767958165074,
    0.6138993266268055, 0.635247196084347, 0.6522845569728076,
    0.665350492665733, 0.6788210936322592, 0.6848346694656037,
    0.6991279046388642, 0.7049459338836049, 0.7156748232310232,
    0.7233862340234323, 0.7238584227751991, 0.7359847272003909,
    0.7416105837277749, 0.7415438134061255, 0.7490290590710397,
    0.7554374153091423, 0.7621439552285534, 0.7670577173863632,
    0.7650036931685781, 0.773782858921998, 0.7814726855983767,
    0.7744688780411432, 0.7851540488933307, 0.7890603108790475,
    0.7821401601684265, 0.7975972362294579, 0.7985222905982233,
    0.8051596979300184, 0.8085053829827168, 0.812073172542496,
    0.8125354612003197
  ],
  "val_ious": [
    0.5003473444477372, 0.5626934092977772, 0.5650175855211588,
    0.6270229825075123, 0.628894752782324, 0.656901931417161,
    0.6251957442449485, 0.6823850068925084, 0.6810102395821308,
    0.6921184183894723, 0.690055292153704, 0.7101488301287525,
    0.7095839249483054, 0.6955355135858924, 0.70634440170682,
    0.7175079409195029, 0.7147495390280432, 0.7010242060042807,
    0.711028952313506, 0.7185003012418748, 0.7112051915863286,
    0.7251729943614076, 0.7226227707620979, 0.7252937460291212,
    0.7260416653277219, 0.7356032895437186, 0.7276957555525547,
    0.7332626095284588, 0.7363291553397109, 0.7364839894184165,
    0.7374942365331926, 0.7293051602183911, 0.736622704975847,
    0.7192946927271027
  ],
  "training_time": 727.7278227806091,
  "avg_gradient": 0.005470682044404738,
  "memory_usage": 1145.87109375
}
