{
  "train_losses": [
    0.26716444608957873, 0.2301468656438848, 0.2046993016872717,
    0.18248196804653044, 0.16781505221581977, 0.15974027979309144,
    0.1551895824706425, 0.1486677484910773, 0.14320041251409313,
    0.1409014725409772, 0.13394467107465732, 0.1293939239062045,
    0.12865115807432195, 0.12396207370835802, 0.1213015862133192,
    0.11535274954107792, 0.11344692860122609, 0.11114418781969858,
    0.10859023071015658, 0.10375699174144994, 0.10168907483634741,
    0.10407403435396112, 0.09762474963360507, 0.09925700047903735,
    0.09655166652215563, 0.09249038115629683, 0.09365490864476432,
    0.09081730902518916, 0.08763712729610827, 0.08386792728434438,
    0.0830612189905799, 0.08204945901651746, 0.08537333357431319,
    0.08444765858028246, 0.0796305951864823, 0.07809041545766851,
    0.07434993073263246, 0.08006554208290965, 0.0755244426469764,
    0.07129094203043243, 0.0699326942431862, 0.06881082266488153,
    0.068211920377191, 0.07472653302323559
  ],
  "val_losses": [
    0.2984757151292718, 0.2234654209536055, 0.1936340630054474,
    0.1950075921157132, 0.176143291203872, 0.15864861529806387,
    0.15718335658311844, 0.1558318751985612, 0.15177430601223654,
    0.14429652739478194, 0.14091804801769878, 0.15121712487028993,
    0.14784998803035074, 0.13986821796583093, 0.1305276089064453,
    0.13305213367161545, 0.1275300380328427, 0.13390392437577248,
    0.12834009722523068, 0.12175736074214397, 0.13015311259938322,
    0.13380779925247896, 0.12477381851362146, 0.13026785380814387,
    0.1347058975826139, 0.12779205600204674, 0.1265956715721151,
    0.12739739307890768, 0.12909852357014365, 0.1237357464497504,
    0.13224836681847987, 0.12182270217200984, 0.12539651973739915,
    0.1219909370917341, 0.12358162552118301, 0.13170671657375668,
    0.12318836541279503, 0.1294491338017194, 0.1258133691938027,
    0.13204279428590898, 0.12589706723456798, 0.13305758069390836,
    0.13189014776245409, 0.143549054051223
  ],
  "train_ious": [
    0.46451833286741107, 0.531941028284854, 0.5783336893317922,
    0.6190698520428892, 0.6442056280439316, 0.6595162176999494,
    0.6687097326460958, 0.6805714867685151, 0.69039949045881, 0.695247407570697,
    0.706859129116587, 0.7154475374390251, 0.71784423896368, 0.7241059736065244,
    0.7304214811951352, 0.7398938231602095, 0.7434518545110155,
    0.7480079304912811, 0.7532478465118269, 0.7621488524735839,
    0.7650539716300757, 0.7611672635311669, 0.7725677055077282,
    0.7694779683066454, 0.7751362541339534, 0.7826268479659937,
    0.7803205630701519, 0.7859602415043377, 0.7916991839158362,
    0.7993735361682334, 0.8008219929061073, 0.8032204164327049,
    0.7966655431774214, 0.7980397302063484, 0.8077361787790835,
    0.8112389127845354, 0.8190157291465912, 0.8073903091143869,
    0.8161687178240307, 0.8254073931687121, 0.8282095843899077,
    0.830671558561532, 0.8320906202214345, 0.8188010713328486
  ],
  "val_ious": [
    0.46483034494778375, 0.5514772879904595, 0.6020828399105348,
    0.5959946573644445, 0.6402650000392526, 0.6645596791868624,
    0.674386160529178, 0.6677935041379237, 0.6756309298933416,
    0.6884922462960948, 0.6974090916523036, 0.6737818901521572,
    0.6908240268627803, 0.7031538542630015, 0.7159122245899145,
    0.7114651496859564, 0.7224606843530268, 0.7111265117275545,
    0.7217432279949603, 0.7353488394747608, 0.7238629520803258,
    0.7161409202693164, 0.735164256847423, 0.7241948147614797,
    0.7164575584988665, 0.7278938068859822, 0.7365013548861381,
    0.7312560889168062, 0.7355071139940317, 0.7391714220461638,
    0.7320670582678007, 0.7398400699746779, 0.7352666152992111,
    0.7448216596807261, 0.7478476831878441, 0.7395742740752039,
    0.7458696974360425, 0.7368171910444896, 0.7475964308216956, 0.7406140829342,
    0.7433304873065671, 0.743454445099485, 0.7442532674126004,
    0.7099237141833789
  ],
  "training_time": 954.7767505645752,
  "avg_gradient": 0.004900115552347489,
  "memory_usage": 1145.87109375
}
