{
  "train_losses": [
    0.28414409599550394, 0.2382862170267364, 0.211819837598697,
    0.19411982288179191, 0.1833986861874228, 0.1700363524420106,
    0.16038637025200803, 0.15233926284734323, 0.14799669401153273,
    0.14205131376081187, 0.1384940629258104, 0.13596047614903553,
    0.12936463433763254, 0.1253674451018805, 0.12235690025693696,
    0.12054310358412888, 0.11480430367848148, 0.11251153468923725,
    0.1097830909749736, 0.10866234443433907, 0.10514341849509788,
    0.10354915585206903, 0.10314547286733337, 0.10072017359830764,
    0.09480082158647153, 0.09640156246883713, 0.09070364142889561,
    0.09051583205228267, 0.08587741426637639, 0.08410778852260631,
    0.08228344692970099, 0.08722918079761059, 0.0870397764298579,
    0.08611213326778101, 0.07968629005810489, 0.07710133774368011,
    0.07726125463681377, 0.07401503262150547, 0.07193780196425707,
    0.07768171215834825
  ],
  "val_losses": [
    0.24979025287472684, 0.22107434499522913, 0.20011828936960385,
    0.18111106882924619, 0.16739891728629236, 0.18766741486995117,
    0.16559604296217795, 0.14835167579028918, 0.1460425868306471,
    0.16167225283773048, 0.14133634628809016, 0.13938420800411183,
    0.14209307357668877, 0.1384015026623788, 0.1400604442409847,
    0.1427783342483251, 0.1321875951860262, 0.1370434905199901,
    0.129658997706745, 0.13333446451503297, 0.13229318303258522,
    0.1375487602275351, 0.13323313192180966, 0.13705413982920026,
    0.1312952394718709, 0.133341816942329, 0.1329109655774158,
    0.1299935200292131, 0.13220456534105798, 0.13269490829628447,
    0.13261832410226698, 0.14181023998105008, 0.1363217890586542,
    0.12837459049794986, 0.1347116993173309, 0.1331464076495689,
    0.13078164876155232, 0.13333034337214802, 0.13250425911468008,
    0.15396020885394968
  ],
  "train_ious": [
    0.42067216166659543, 0.5165798396034086, 0.5649845641430302,
    0.5972230122897072, 0.615953306519035, 0.6404192999977134,
    0.6582678596934545, 0.6734465403833251, 0.6813149190359356,
    0.692304535674444, 0.6981893987867278, 0.7018843873579431,
    0.7152669029175367, 0.7212626217608004, 0.7278014175809809,
    0.7303450610218706, 0.7415494071184725, 0.745527804707703,
    0.7505150996688483, 0.7530107684973358, 0.7589409206656442,
    0.7621328645534275, 0.7627904614352665, 0.767115669891886,
    0.7779958148257454, 0.7757607115351639, 0.785493368471878,
    0.7864300152421859, 0.7953075880481706, 0.7987898962869157,
    0.8026150747917703, 0.7927387567857898, 0.7923413722411449,
    0.795258148640826, 0.8072840136246403, 0.8127820538221928, 0.8125286012672,
    0.8192436621672863, 0.8235833334965984, 0.8126872074452862
  ],
  "val_ious": [
    0.5004362967135251, 0.5465445010990336, 0.587229996163776,
    0.6243739626977755, 0.6438544442256292, 0.6170684567828107,
    0.6452255026585813, 0.6788829046746959, 0.6824729347574539,
    0.6644271316303723, 0.6957769072142201, 0.6976512633803962,
    0.6997805697762448, 0.70343672386978, 0.6974874065406081,
    0.6980392587357673, 0.7140987554322117, 0.703458977566249,
    0.716393717173217, 0.7123485490463785, 0.7198231082031693,
    0.7150029609168784, 0.717202079684838, 0.7167082983946458,
    0.7272084763516551, 0.723185185504996, 0.7256164485993594,
    0.7295148407203563, 0.7274791051944096, 0.7279236232456955,
    0.7286285421122677, 0.7158536919649098, 0.7215238610903422,
    0.730398418462795, 0.7343945861726567, 0.735111559646717, 0.735900029540062,
    0.7352285907752271, 0.7337890720885736, 0.7039962935706844
  ],
  "training_time": 870.0778253078461,
  "avg_gradient": 0.005163103183460316,
  "memory_usage": 1145.87109375
}
