{
  "train_losses": [
    0.2691364638183428, 0.22949727640851683, 0.20649968444005304,
    0.18836109469766202, 0.1754862474196631, 0.16359600724409457,
    0.15582339655931876, 0.15075721672695616, 0.14434722329125457,
    0.14079200780100148, 0.13477140276328378, 0.13207822317338508,
    0.12772408196621615, 0.12227523565778266, 0.11933418918077064,
    0.11434579300491707, 0.11156278885091128, 0.1098294927455161,
    0.10546693695790094, 0.10543146490564813, 0.09844561994237744,
    0.0985703771609975, 0.09681940281196781, 0.09321200147109188,
    0.09043640177696943, 0.09182323422282934, 0.09712868726447872,
    0.0880790063706429, 0.08334385344515675, 0.08244057242637096,
    0.08112301398068666
  ],
  "val_losses": [
    0.24835492638142212, 0.21905540286198907, 0.21565156980701114,
    0.17939809806968854, 0.1804903693821119, 0.15913956612348557,
    0.1593580751315407, 0.16251199433337088, 0.14975267940241357,
    0.14526606999013736, 0.14987817277079044, 0.148065991051819,
    0.14275768010512643, 0.14680125078429346, 0.14406368849070175,
    0.14692818697379983, 0.13182171871480736, 0.13293647895688596,
    0.13329646266672923, 0.1295974432774212, 0.13298407148407854,
    0.14113841853711917, 0.12961048049771268, 0.1365681473651658,
    0.1298751623734184, 0.1324940775723561, 0.13086018063451932,
    0.13165541106592055, 0.14565503321911977, 0.12953586827801622,
    0.1366157415120498
  ],
  "train_ious": [
    0.45849177469431923, 0.5337441475872973, 0.5761968328253081,
    0.6083040166700231, 0.6322126299466777, 0.6528745462605053,
    0.6678171892097028, 0.6759710850706997, 0.687783815614555,
    0.6947993372121583, 0.7052997837679975, 0.7107069188917892,
    0.7182860485669494, 0.7282411227731604, 0.7330717363975188,
    0.7422632443840093, 0.7467697214713129, 0.7503709590629389,
    0.7591314894565638, 0.75868297184723, 0.7712545838153018,
    0.7712774072112378, 0.7743821916696817, 0.7812560260079906,
    0.7862505138028352, 0.7842925514863882, 0.7741149754627891,
    0.7909967481442114, 0.8006327128496724, 0.8022904229228913, 0.80543670328199
  ],
  "val_ious": [
    0.5010592063915901, 0.5479525898893675, 0.560369048429572,
    0.6285435291736022, 0.6329312356917756, 0.6624465265135833,
    0.6606651669827059, 0.6547271464613901, 0.6777506487956947,
    0.6902364790439605, 0.6874685604935106, 0.6857943705458573,
    0.6953346422616987, 0.6902385440425595, 0.6974252449429553,
    0.69097156714702, 0.7144613868516423, 0.7124807011821995,
    0.7133027876632803, 0.7210591770168662, 0.7221623743357867,
    0.7023697745972785, 0.7203707569751188, 0.7178913611864697,
    0.7220409402380821, 0.722648587995681, 0.7223282376493233,
    0.728034909436668, 0.7146257611288541, 0.7330961378588192,
    0.7160181670949078
  ],
  "training_time": 663.8244042396545,
  "avg_gradient": 0.0021497511405954694,
  "memory_usage": 1145.87109375
}
