{
  "train_losses": [
    0.275012715679148, 0.23332462200652, 0.20719754898353762,
    0.1910992506891489, 0.17978449651728506, 0.16971014221401318,
    0.16044512731225594, 0.15660178843561723, 0.15049362733312274,
    0.1479708156345979, 0.13852071766134189, 0.135557619733331,
    0.13425598265198263, 0.12918530671816805, 0.12563079538876595,
    0.12109788017266471, 0.12041980356139981, 0.11762752728131802,
    0.11575780209639798, 0.10972071564553873, 0.11100329365581274,
    0.10323711776215097, 0.10304506665662579, 0.10089059623525194,
    0.10107193968218306, 0.09648189414292574, 0.09604928047274766,
    0.09213003552640261, 0.09079582827246707, 0.09243997749265122
  ],
  "val_losses": [
    0.2583599307614824, 0.21464622798173325, 0.20939447342053705,
    0.19189063880754553, 0.17947860774786575, 0.17284759296023328,
    0.17483169293921927, 0.16576403670984766, 0.15293651867819869,
    0.14898584491532782, 0.14932986608018045, 0.14192902361569198,
    0.15015239867827165, 0.1471731322615043, 0.14593316501249437,
    0.1570532215030297, 0.1359012949725856, 0.1370998044376788,
    0.1384801430546719, 0.13279175223863643, 0.13385480609924896,
    0.12993054496853249, 0.1330132622109807, 0.13488219565023546,
    0.1317099175699379, 0.1311840170427509, 0.13739341610799666,
    0.13005729991456735, 0.13515353154229082, 0.1389147295900013
  ],
  "train_ious": [
    0.44574716886964394, 0.5249130949378007, 0.5743736227893309,
    0.6043785216313777, 0.6228408152102564, 0.6427679143414116,
    0.6581903764087224, 0.6652123421646544, 0.6759758026379604,
    0.6812358603313347, 0.699173006620528, 0.7034624256193638,
    0.7064103501970354, 0.7159237090120278, 0.721936162021281,
    0.7306107446227383, 0.7316165123728737, 0.7368811953650866,
    0.7412196126753005, 0.7512009354389226, 0.748562060566484,
    0.7624959942439327, 0.7629307212604992, 0.7669848488184855,
    0.7660042029144103, 0.7754525904530205, 0.7760043658748055,
    0.7837379928408322, 0.7857388036082618, 0.7828291083375606
  ],
  "val_ious": [
    0.4727715449272722, 0.5606956232501112, 0.5642122211663619,
    0.5993965425785038, 0.625328970776088, 0.6424257584672042,
    0.6451423489961072, 0.6497421461170998, 0.6747155282376471,
    0.6797160184469777, 0.6762176276980967, 0.6896488113679747,
    0.6808519691660786, 0.6853451664033142, 0.6921276607807131,
    0.6770378733458726, 0.7077821158412575, 0.704805507608082,
    0.7053196913954138, 0.7128436245780059, 0.71171267805756,
    0.7211843631837679, 0.7162408627893614, 0.7162534171256468,
    0.7191853806160499, 0.719772714851559, 0.7109985031943389,
    0.7266355653603872, 0.7186007061298342, 0.7080269222674163
  ],
  "training_time": 643.982280254364,
  "avg_gradient": 0.0035767330471427124,
  "memory_usage": 1145.87109375
}
