{
  "train_losses": [
    0.26287147443255654, 0.22362925800616326, 0.20140970635997213,
    0.18364482875103535, 0.16974089570019557, 0.16160446121964767,
    0.15470726188758147, 0.14804346207529306, 0.14120293210220078,
    0.1398983186353808, 0.13195468222155518, 0.12826616086227738,
    0.12410054076462984, 0.12011049461105595, 0.12000576738754044,
    0.111546924945129, 0.1120028842807464, 0.10788630831824697,
    0.10353156409995712, 0.1032289517638476, 0.09941645549691241,
    0.09865975614799105, 0.09383178664290387, 0.09042766730746497,
    0.09064255144609057, 0.08645632478368023, 0.09010166014828112
  ],
  "val_losses": [
    0.25992305933133414, 0.22995055888010107, 0.2063880135183749,
    0.17554186770449515, 0.1699713659675225, 0.17200291383525598,
    0.1627588136040646, 0.1526737799463065, 0.17388560509552126,
    0.14880925060614295, 0.13764510919218478, 0.15774903851358787,
    0.13725801816453104, 0.132329692983109, 0.1356613898406858,
    0.14269160770851633, 0.1312468568591968, 0.1535345824516338,
    0.129896758367186, 0.13820059322144673, 0.12866146813916124,
    0.12989644058372662, 0.12832342347373132, 0.13691716997519784,
    0.13028002805683925, 0.13878591472040053, 0.14115308889228365
  ],
  "train_ious": [
    0.46749946371098833, 0.5432151647797527, 0.5823232974533153,
    0.6149325757354931, 0.6405288872403512, 0.6555147801620375,
    0.6681301375662071, 0.6806832055250801, 0.6935234253929144,
    0.6962178855918459, 0.7099420889888123, 0.7164300567861912,
    0.724709263422351, 0.7315804359057675, 0.7311037853900071,
    0.7470002432448279, 0.7457798454856528, 0.7532925409791262,
    0.7619711204391464, 0.762416352018498, 0.7700801973865515,
    0.7704826911938364, 0.779623285313879, 0.7861363579505599,
    0.7860550749777021, 0.7938051034790885, 0.7867728956583623
  ],
  "val_ious": [
    0.4886879261205161, 0.5438891443005509, 0.5691327066093251,
    0.6297725689583928, 0.6432719699282577, 0.6355936069419418,
    0.6555134073115777, 0.6707542171512825, 0.6400337528059448,
    0.6844545879225798, 0.704104035012964, 0.6645586611568064,
    0.7046837135069611, 0.708915061060933, 0.7065100723850554,
    0.6985539439795672, 0.7165528514247008, 0.6884720239086427,
    0.7170049340828605, 0.7089964674002883, 0.7241047588379487,
    0.7206029263527497, 0.7302957779687382, 0.7172637035449345,
    0.7301569442818131, 0.7071155875489332, 0.70999194573665
  ],
  "training_time": 576.9133493900299,
  "avg_gradient": 0.007027935302405841,
  "memory_usage": 1145.87109375
}
