{
  "train_losses": [
    0.2691051207644784, 0.22547254606109599, 0.20168752863031367,
    0.18170284463659578, 0.1685921736061573, 0.16275718848666418,
    0.15292774051751779, 0.1481879875873742, 0.14126376661917436,
    0.13642025431213173, 0.13278828233318485, 0.12733182590454817,
    0.12314456944232402, 0.11890027522230925, 0.11707059277788452,
    0.11586192663273086, 0.11156923012079104, 0.10406934210787648,
    0.10739056110058141, 0.10076867412451816, 0.10175403859466314,
    0.09573356608819703, 0.09526956016602724, 0.09384699206313361,
    0.09095040473925031, 0.0847197970294434, 0.08289914930482274,
    0.08165949400838303
  ],
  "val_losses": [
    0.2907367047408353, 0.21327542416427447, 0.19064658847839935,
    0.17667071780432825, 0.1834153205804203, 0.16942413021688876,
    0.15118348566086395, 0.14198022287177003, 0.1456703998796318,
    0.14073536690810454, 0.14332344998484073, 0.13035226759055388,
    0.13731211909781332, 0.14052331836327261, 0.12807143398601076,
    0.13946202688890955, 0.12562390465451323, 0.13255069939338643,
    0.1392574420441752, 0.1305057257413864, 0.13642906608140987,
    0.12542216010067775, 0.12343834291981615, 0.12301987927892934,
    0.12894136814967447, 0.12759000629834508, 0.12919782345061717,
    0.14336925340087517
  ],
  "train_ious": [
    0.4579362621044983, 0.5408358164401592, 0.5839733282994964,
    0.6199883933084598, 0.644183364197396, 0.6545539504807929,
    0.6727789432026339, 0.6813543552829734, 0.6937392561332038,
    0.7031867557029795, 0.709598652586557, 0.7194255521332009,
    0.7266893399258457, 0.7345837592214781, 0.7374880055802456,
    0.739473022142614, 0.7474187349063766, 0.7614371178914664,
    0.7553459892886273, 0.7670749397813408, 0.7652167335044651,
    0.775916624706292, 0.7774293779570982, 0.7804222909760646,
    0.7856426957616776, 0.7981479094512224, 0.8015696323220278,
    0.8039729596264119
  ],
  "val_ious": [
    0.4604452162225176, 0.5689414767683417, 0.608134515043618,
    0.632053671107776, 0.6290052559064782, 0.6487205717442691,
    0.6741434983585188, 0.6901676520921182, 0.6860292337942814,
    0.6946738079406213, 0.7001022681377935, 0.7132032720938974,
    0.7050583122865012, 0.6976697470830835, 0.7182462783395378,
    0.7050745543362439, 0.7233795195386028, 0.7146062825037084,
    0.7111583114534185, 0.7198221659746722, 0.7123741831468497,
    0.7278515625259151, 0.7317767493102861, 0.7344446180091388,
    0.7250305457391603, 0.7296143757260364, 0.7279461998006572,
    0.7130366669616837
  ],
  "training_time": 599.9834270477295,
  "avg_gradient": 0.0042198377867549465,
  "memory_usage": 1145.87109375
}
