{
  "train_losses": [
    0.26928304921349755, 0.2348224507725757, 0.21064320684451124,
    0.19362254529867484, 0.17827266851521056, 0.1704723932172941,
    0.1596986646561519, 0.15224304714280626, 0.14979462390360626,
    0.14257399891705616, 0.13740954066262298, 0.13267970413131558,
    0.13074771707634564, 0.1272000267939723, 0.12328450661152601,
    0.11898520220395016, 0.11773361545056105, 0.11186175165778917,
    0.10953746242043765, 0.10674816163499719, 0.10581431408291278,
    0.10059600497555474, 0.09932719928252956, 0.09522458578905334,
    0.09910622133832911, 0.09443120042914929, 0.09059925430008899,
    0.08977538549705692, 0.08595968584489563, 0.0862331268499079,
    0.08509118186876825, 0.09026295736270107, 0.08073340988029605,
    0.07846893657646749, 0.07626946691585623, 0.07610224272407916
  ],
  "val_losses": [
    0.29181702111078345, 0.2417616944598115, 0.20837878889363745,
    0.19285357873076978, 0.18756442128316217, 0.16332175226315207,
    0.16102299158987793, 0.16754522628110388, 0.16840280106534128,
    0.15041527297833693, 0.14217976432131685, 0.14506962360895198,
    0.14834590742121573, 0.14086801105219385, 0.15042987255298573,
    0.13999878064445828, 0.13806230639633926, 0.13122907151346622,
    0.13423158633320229, 0.13454396423438322, 0.13958655702679054,
    0.14695390848361928, 0.14275442225777585, 0.13497448599208955,
    0.1392921985167524, 0.13939782070076984, 0.13285516785538715,
    0.13787791440668312, 0.14253111880110658, 0.14085084313283797,
    0.1379372611965822, 0.1349889344495276, 0.13294427145434462,
    0.13691132353699725, 0.13691481640157493, 0.15256513817154843
  ],
  "train_ious": [
    0.45164311127197293, 0.5201182324385296, 0.565590686340263,
    0.5965012705790392, 0.6261412886281807, 0.6400029190100625,
    0.6593836526507918, 0.6732497446886871, 0.6783086180255037,
    0.6915907993696735, 0.7000130412803176, 0.7086386495958201,
    0.7134274954813113, 0.7188978511570159, 0.7264882152819115,
    0.7343552175207411, 0.7364095435950202, 0.7467788535075774,
    0.7505485491584175, 0.7561270414271215, 0.7577807862257614,
    0.7677697847610795, 0.7701742331078947, 0.7773475483383822,
    0.7704453248044719, 0.7788009349850639, 0.7860217358970986,
    0.7880416809432748, 0.7952939424717776, 0.7948449328541756,
    0.7970118415744407, 0.787047064228766, 0.8055874534707133,
    0.8102285891123443, 0.8146811065574491, 0.8150584094118379
  ],
  "val_ious": [
    0.4326939848454102, 0.5215914030221925, 0.5844051345534946,
    0.6032348080821661, 0.6175163800733676, 0.64750233033429,
    0.6584767474644425, 0.648448603740637, 0.6552767433981963,
    0.675794012736583, 0.6932346159997194, 0.6921961672496105,
    0.6877818552480227, 0.7001309740370599, 0.6851370442604673,
    0.7000362089146739, 0.6996531711108444, 0.712562464285588,
    0.7135426602933718, 0.7121590483879701, 0.7113138128449951,
    0.6991809388433675, 0.7066238183474196, 0.7189330657323202,
    0.7108712431745255, 0.7129579879667448, 0.7240676488997281,
    0.7203172354594521, 0.7169091582730198, 0.7175318022137103,
    0.7163960259893666, 0.7264353576777637, 0.7285357737454816,
    0.7287528158529947, 0.7282967593358909, 0.7047230562438136
  ],
  "training_time": 770.6263678073883,
  "avg_gradient": 0.004447708839219183,
  "memory_usage": 1145.87109375
}
