{
  "train_losses": [
    0.2662419199781573, 0.220720702458335, 0.19931059314504915,
    0.183382798553161, 0.17127286658986754, 0.16008237482089063,
    0.1544760654720923, 0.14910443341764418, 0.14232086414552253,
    0.13648239162791034, 0.1341784545422896, 0.13047839567551148,
    0.12320103492263866, 0.12198257875507293, 0.11886412978334271,
    0.11482428313921327, 0.1108791036936252, 0.10903528899602268,
    0.10617894974901625, 0.10205987889481627, 0.09763834204362787,
    0.09640266507378091, 0.09709554659607618, 0.09064642813704583,
    0.09571657406733088, 0.09042877278736104, 0.08701426997456861,
    0.09541878808775674, 0.08557556047225776, 0.08177660357045091,
    0.08361222226496624
  ],
  "val_losses": [
    0.23826837183340735, 0.20368890593881192, 0.21419265639522803,
    0.18218295373346494, 0.1604624410038409, 0.15584196506635004,
    0.15712208754342535, 0.1500655986044718, 0.14539327683008235,
    0.14278035319369772, 0.13658063680581425, 0.14018674729310948,
    0.13579051488119623, 0.1295051417596962, 0.13329292898592743,
    0.12952872803029808, 0.1407930865559889, 0.13548824239684187,
    0.13354276250238004, 0.12447546843601309, 0.13502226073456847,
    0.12880079577798428, 0.12193455125974573, 0.12296239626796349,
    0.12505283595427222, 0.12450713793868604, 0.12540204725835635,
    0.12629462746174439, 0.1273963723493659, 0.12266195387296054,
    0.13815961114090422
  ],
  "train_ious": [
    0.45908281524949107, 0.5462367015796297, 0.5862360425509406,
    0.6171904362306219, 0.6401241307241331, 0.6598012075368048,
    0.6692357963301994, 0.6808331428986532, 0.6921843334060648,
    0.7026582988707917, 0.706352891049523, 0.7129088678545712,
    0.7278438705573049, 0.7291880862760375, 0.7341142618029874,
    0.7416266127341035, 0.7492412518763889, 0.7530947747113915,
    0.7576903786132302, 0.7652714136933934, 0.7737661272395345,
    0.7756434128876187, 0.7744370758857412, 0.7867699454983937,
    0.7767502150997736, 0.7871846395774161, 0.793601410976355,
    0.7777544643351993, 0.7964936312342034, 0.8038330857736478,
    0.8004292289092058
  ],
  "val_ious": [
    0.5223264245019442, 0.5753263434854107, 0.5783591227255007,
    0.6203338335389676, 0.6577855430651401, 0.6664456930281458,
    0.6701714675063674, 0.6815902197706528, 0.6862019801485367,
    0.6901300802179007, 0.7012194408022839, 0.6980029834785324,
    0.7058120704647423, 0.71467876088792, 0.7089912519938703,
    0.7155461086743118, 0.7069865143385488, 0.7104247801977653,
    0.7129122558711231, 0.7290563078030295, 0.7205842839203017,
    0.7236099999020064, 0.7329624528470248, 0.7339857922516009,
    0.7291686500328174, 0.7341464971718584, 0.7351574385943619,
    0.726198487739632, 0.729509199011153, 0.7411030068777607, 0.7090317742980045
  ],
  "training_time": 665.0730323791504,
  "avg_gradient": 0.006017622970936512,
  "memory_usage": 1145.87109375
}
