{
  "train_losses": [
    0.26761373116270354, 0.22198461668322916, 0.19927381181522555,
    0.18352282282126986, 0.17081405076643694, 0.16228910150897244,
    0.15374055784195662, 0.1458058035325097, 0.14214476420665564,
    0.13808721251299846, 0.13213356061960044, 0.12684922908311305,
    0.123504348990062, 0.11993511527290811, 0.11728367262074481,
    0.1112424747451492, 0.10983850851493038, 0.10538334767941547,
    0.10379026105384463, 0.10088379996950211, 0.09769287996965906,
    0.09687734856877638, 0.0970687106170732
  ],
  "val_losses": [
    0.24683664998282556, 0.2161008265355359, 0.20055871813193613,
    0.20843998569509256, 0.1734718677142392, 0.1647378591739613,
    0.15989916188561398, 0.1572141190585883, 0.1551740425436393,
    0.1632514795207459, 0.14574987813830376, 0.15176383535499158,
    0.13811333445103272, 0.1399710304711176, 0.1403408269195453,
    0.14010728118212326, 0.13839083197324173, 0.14857663554341896,
    0.1369784284868966, 0.1417298069142777, 0.13239146509896155,
    0.13321689548699753, 0.14637411418168442
  ],
  "train_ious": [
    0.4629419164030232, 0.5449670734342892, 0.5870133376261893,
    0.6160221634351689, 0.6389580683755701, 0.6559901179718794,
    0.670351911822091, 0.6847373474443306, 0.6927479671287367,
    0.699643928017737, 0.7099561149227448, 0.7198837306080527,
    0.7265462541709774, 0.7333506744732893, 0.7378303472330596,
    0.748409009066181, 0.7504875913154391, 0.7585249433590883,
    0.7618542083579561, 0.7667931806350101, 0.7723570325128412,
    0.7746061912697294, 0.7743743805457715
  ],
  "val_ious": [
    0.5220558756719464, 0.5601072250932887, 0.5840808310802432,
    0.5968254275512003, 0.6372668522855509, 0.6548937330211417,
    0.661295393022938, 0.6673013801160067, 0.6766659418741862,
    0.6652689850416736, 0.6891956163057382, 0.6795902494071185,
    0.7029192460619882, 0.6995257635911306, 0.7018214207196583,
    0.7027425848055576, 0.7030207180026649, 0.6946040251548741,
    0.7067684786043307, 0.7083676446607149, 0.7180792704440546,
    0.7221080464297447, 0.6991866934990538
  ],
  "training_time": 499.96508860588074,
  "avg_gradient": 0.005210855243979163,
  "memory_usage": 1145.87109375
}
