{
  "train_losses": [
    0.26297504754494067, 0.2232343164960975, 0.1991785658604425,
    0.18113291563223238, 0.17148406795509483, 0.1609354108248068,
    0.15331773540895918, 0.14761676189854092, 0.1443423906584149,
    0.13759166876906934, 0.13271788365976966, 0.12932746505121823,
    0.12607994687783977, 0.12307436501040407, 0.1177561183905472,
    0.11380863586521667, 0.11238621600458155, 0.10913432081756384,
    0.10670116292717664, 0.10379684299392544, 0.09843576906005973,
    0.10141298369221065, 0.0969843795604032, 0.09406537821759349,
    0.09453708609647077, 0.09241434866967409, 0.09031387195800958,
    0.08443694938298153, 0.09064018203998389, 0.08046250122234873,
    0.07868438813349475, 0.07811369674037331, 0.0880410356204147,
    0.07817986457730117, 0.07598456732280877, 0.07266553580437017,
    0.07129624536584901, 0.07220078302223397, 0.07014252164441606,
    0.06978395143928735
  ],
  "val_losses": [
    0.24487653374671936, 0.2284421091494353, 0.24787241706381674,
    0.17456143835316534, 0.16650532153637512, 0.1683169930525448,
    0.20835264156693997, 0.14701682912266772, 0.14303771357821382,
    0.21128412595261697, 0.14432028616252152, 0.140439560069986,
    0.13461887723077898, 0.13575666397809982, 0.13046528868701146,
    0.14126044673764188, 0.1369535634699075, 0.13692688261685165,
    0.14201619184535483, 0.13758284792951916, 0.13707318788637285,
    0.13426805692522423, 0.12754685917626257, 0.1324675361747327,
    0.1300731934607029, 0.13437832972925642, 0.131581479764503,
    0.1394466577988604, 0.12856222737742506, 0.13229494558080382,
    0.12821519763573355, 0.1353632407667844, 0.12835005962330362,
    0.12961222231388092, 0.13196493782427, 0.13121409131133038,
    0.13570244448340457, 0.1356029398739338, 0.13311121839544046,
    0.13932604423683623
  ],
  "train_ious": [
    0.4693253565498671, 0.5439262922475305, 0.5890173869396464,
    0.6212050110857554, 0.6387912121371947, 0.6583623172904269,
    0.6729431153423544, 0.6826658600374405, 0.6902100813129668,
    0.7011134748117646, 0.710590171749177, 0.715570660820906,
    0.7212744346563364, 0.7274474783436115, 0.7362847341143567,
    0.7436155360462012, 0.7468077440516668, 0.7520107829376402,
    0.7566073865130332, 0.7621625509598979, 0.7717559358671958,
    0.7666943999196307, 0.7744587888752209, 0.7797551869914152,
    0.7790096230480984, 0.7830056978956518, 0.7865539035503417,
    0.7981395156163235, 0.7862390490329788, 0.8061520301777377,
    0.8100132920603822, 0.8112368277017619, 0.7920869427422688,
    0.8108320549346395, 0.8154463875984799, 0.822185003131196,
    0.8252380719219433, 0.8236621705734215, 0.8277696013666584,
    0.8289683809962831
  ],
  "val_ious": [
    0.5086932920891305, 0.5265431728052057, 0.5188895160521286,
    0.6360668416904366, 0.6417850374743557, 0.6547275863695836,
    0.6055059458898462, 0.6843686008798905, 0.6897526102653447,
    0.627305684530217, 0.6967992806348249, 0.6959293182345404,
    0.704082435887793, 0.7031759891820992, 0.7168363678282589,
    0.7037187443263287, 0.7091692562984382, 0.7070077474134555,
    0.7048988875703536, 0.7102699759213822, 0.7124086622742639,
    0.7138720435508781, 0.7296458428752597, 0.7238889848408493,
    0.7214989448371141, 0.7217481017544651, 0.7254110773404439,
    0.7184891594924787, 0.7313234132269154, 0.732215989543044,
    0.7335973567720773, 0.7310544055873069, 0.7297483961219374,
    0.7336606579846233, 0.735623801531999, 0.7374584337939387,
    0.7337078052586404, 0.731731957283573, 0.732125910943833, 0.7265788731367693
  ],
  "training_time": 858.1839318275452,
  "avg_gradient": 0.004554849191804546,
  "memory_usage": 1145.87109375
}
