{
  "train_losses": [
    0.2737659602223531, 0.2259885839632024, 0.2021135456212189,
    0.18747227120658624, 0.17244556562408156, 0.16333043097477892,
    0.1574032157254608, 0.14889683230253664, 0.14540447088201408,
    0.13997393486130497, 0.13537281723288092, 0.1301649929145756,
    0.12561945613149716, 0.12316916474019704, 0.11794446607160827,
    0.11518415152702642, 0.11002185786871807, 0.10941921628039816,
    0.1075930129331739, 0.10273952883384797, 0.09804734093663485,
    0.09653911282024953, 0.09488277785156084, 0.09195698465666045,
    0.08897012435709653, 0.08964391324021247, 0.08774861940385206,
    0.0845642181356316, 0.0827458605332219, 0.08624484377872685,
    0.08387592519916919, 0.07947725907939932, 0.07560126171649797,
    0.07422130619702132, 0.07190061427409881
  ],
  "val_losses": [
    0.25440570809271024, 0.22729606958835022, 0.2064363392798797,
    0.19317101104104, 0.16970278322696686, 0.1723583350362985,
    0.15973755490520727, 0.14684631562103395, 0.15975705501825913,
    0.14534086993207102, 0.14108899089953172, 0.1403922229681326,
    0.13832816578771756, 0.1347104064796282, 0.1363410037820754,
    0.13572240021565687, 0.13420236045899597, 0.1348225843647252,
    0.1366073102082895, 0.13760421522285626, 0.1375055743948273,
    0.13404762404768364, 0.13392619221754695, 0.128225718503413,
    0.13261193134214566, 0.13733234612838083, 0.13890803022229153,
    0.12533546854620395, 0.13263734948375952, 0.13112450536826384,
    0.13723917175894199, 0.127980953325396, 0.1284810171827026,
    0.13276307333422743, 0.1592000719645749
  ],
  "train_ious": [
    0.44748175090880726, 0.5379613240829847, 0.5807729032754465,
    0.6080281171353826, 0.6357595371487348, 0.6519198733503402,
    0.6633726416722588, 0.6789391002469303, 0.686281050352947,
    0.6955211795326592, 0.7037910595536231, 0.713589203800412,
    0.7215234082786068, 0.7258784968028035, 0.7361636547290764,
    0.7415172640720139, 0.7505885960291264, 0.7514254834664904,
    0.7554197594307471, 0.7637360944696091, 0.7717704440912473,
    0.775209550732288, 0.778275127374176, 0.7844483921493308,
    0.7901134161089644, 0.7881639012392019, 0.7918334234559878,
    0.7985547048350179, 0.8017070989893827, 0.7949453237048099,
    0.800010179749865, 0.8084156281058333, 0.8164357763269673,
    0.8194048535348714, 0.8244812977702717
  ],
  "val_ious": [
    0.49859263834314055, 0.5409465976383376, 0.560298250745172,
    0.5917529572827229, 0.6457388882619747, 0.6427701495695806,
    0.6603943267162294, 0.6778071611255838, 0.6685748517081357,
    0.6863997278438099, 0.693439188858737, 0.6982012296068495,
    0.6997152124194135, 0.7066052914529608, 0.7053998309201089,
    0.7100859861011091, 0.7098553737868434, 0.7109795778557874,
    0.7088333316471266, 0.7129886735608612, 0.7170016962117046,
    0.7203298820101697, 0.7212091565564059, 0.7290865994881892,
    0.7231591678615928, 0.7225795090198518, 0.720461787952893,
    0.7346480534128519, 0.7237334836652313, 0.7259392710267634,
    0.7207618200260661, 0.7375594031983527, 0.7369707853033922,
    0.7364141679760338, 0.7101139456465624
  ],
  "training_time": 749.398964881897,
  "avg_gradient": 0.04078041312875382,
  "memory_usage": 1145.87109375
}
