{
  "train_losses": [
    0.2693078181827846, 0.22331703980655773, 0.19995470709450866,
    0.18278578798408093, 0.17008962239260259, 0.15997532281376745,
    0.15425480728078148, 0.14871568892798995, 0.1447385160009498,
    0.1395383011954634, 0.13334781563152437, 0.12967074609807003,
    0.12443718941801268, 0.12164461414289215, 0.11691106301124977,
    0.11677110871381086, 0.11247354608191096, 0.10906256326352773,
    0.10672634337907252, 0.10658854630816242, 0.09981039842671674,
    0.0971837106930173, 0.09763701539486647, 0.09214496069952198,
    0.09655774947579789, 0.08915882168904594, 0.08509554649176805,
    0.08480886313254418, 0.0864586604597128, 0.08006813348797352,
    0.07804634490900714, 0.08196603433917397
  ],
  "val_losses": [
    0.24700916720473248, 0.19887275605098062, 0.2003742611926535,
    0.18224605820749118, 0.17516973420329715, 0.15491917437833289,
    0.15683964639902115, 0.15013132454908412, 0.15651298038985417,
    0.14554493841917618, 0.14037978649139404, 0.1379641697782537,
    0.13407672342398894, 0.1329316187487996, 0.13534920030961867,
    0.13948694405996281, 0.15956317098892253, 0.1409328207373619,
    0.13793084754244142, 0.1273338694287383, 0.12349963981820189,
    0.12617857171141583, 0.12306852849281352, 0.12801419668223546,
    0.12431394422183865, 0.12130525821576947, 0.1226741235865199,
    0.12142271111192911, 0.12513918802142143, 0.12525729689261186,
    0.12964896679572438, 0.14163497252308804
  ],
  "train_ious": [
    0.45726079464066727, 0.5429785839565422, 0.5868359714530516,
    0.6179317498336668, 0.6416331059906792, 0.6586067133407663,
    0.6711798954917035, 0.6813353537649349, 0.6873682068957799,
    0.6979624549115913, 0.7076946511540724, 0.714452416676542,
    0.7241969962698824, 0.7299645292046277, 0.7373699969679551,
    0.7377574832543086, 0.7457668903297272, 0.7519545268969262,
    0.7563447426950587, 0.7566979185718562, 0.7692214878464961,
    0.7738830603767128, 0.7730816760356874, 0.783321793312612,
    0.7751487111807736, 0.7890117676469729, 0.7971401226477342,
    0.7979102017007014, 0.7944079946348637, 0.8067601946169047,
    0.811074720344682, 0.8036278276771738
  ],
  "val_ious": [
    0.508788074704184, 0.5856628832609756, 0.5898975835762161,
    0.6164856959080349, 0.6387028938186342, 0.6697170874778774,
    0.6643990489883699, 0.6790717209594838, 0.6641932326382484,
    0.6922484627668407, 0.6985120414823726, 0.6971931623807852,
    0.7050803428974706, 0.7104535966679668, 0.7087910950615787,
    0.6978953480720521, 0.682891064795895, 0.6956058587285057,
    0.7074175807444946, 0.7245485363663108, 0.7318101330943729,
    0.7302035851323087, 0.7314630982236584, 0.7267752222824787,
    0.7291290928488192, 0.7410584340492884, 0.7368878918713421,
    0.7382285720196324, 0.7371179044678591, 0.735346296991127,
    0.7402024072581442, 0.720980693248735
  ],
  "training_time": 699.9295711517334,
  "avg_gradient": 0.00387864161762995,
  "memory_usage": 1145.87109375
}
