{
  "train_losses": [
    0.2678889174662206, 0.22501862640290157, 0.2028647508148266,
    0.18501866649350393, 0.16959809783198262, 0.16133075847249964,
    0.15571204338060773, 0.1489670450758675, 0.14337466827229314,
    0.1387686736314841, 0.13624345644822586, 0.1300038956915555,
    0.1266585889312884, 0.12389102869707605, 0.11810781442276809,
    0.11715415014844874, 0.11432979596049889, 0.11030848421480345,
    0.10543234638221886, 0.1020249517067619, 0.10606743480362323,
    0.10366105154642592, 0.09523994406766217, 0.0935229594292848,
    0.09335975689084633, 0.0920155338295128, 0.08938558488760305,
    0.08723537854688324, 0.08547049218221851, 0.08109632644640363,
    0.08179537105657485, 0.08418291726190111, 0.07871081416859575,
    0.07710504357743522
  ],
  "val_losses": [
    0.23490280269280725, 0.21430976008591446, 0.19923370752645575,
    0.1823187940146612, 0.1749437444883844, 0.16734930484191232,
    0.15560380434212479, 0.16049598675707114, 0.1486578489775243,
    0.1539617457791515, 0.14745346116630928, 0.15531695196809975,
    0.14745265520785167, 0.13646588409724442, 0.13749416820381,
    0.14215826307949814, 0.15359885796256686, 0.14064948617116266,
    0.1368361628897812, 0.13051890419877094, 0.15304909873267877,
    0.13077631236418433, 0.12978529330828917, 0.13212543078090833,
    0.12618487247306368, 0.12910971029297166, 0.1271092025158198,
    0.1316174950612628, 0.12820218082355417, 0.12744279821281848,
    0.13822691644663396, 0.13244360507182454, 0.136009075395439,
    0.13641723034822423
  ],
  "train_ious": [
    0.4607581616703261, 0.5399480934754228, 0.5808458647596232,
    0.6130070197733418, 0.643070659397737, 0.6566882295992928,
    0.6676383920121883, 0.6799097806755183, 0.6902523296682735,
    0.6982061003969204, 0.7023670686867792, 0.7139826418049097,
    0.7202100440103937, 0.7252719013047393, 0.7351273337136144,
    0.7375093468505401, 0.7430099464844967, 0.7495730985225968,
    0.75838641838535, 0.7640594559843126, 0.7573109929436359,
    0.7611689331630862, 0.7768268210516459, 0.7805980719841908,
    0.7811966635610742, 0.7830162825791733, 0.788418063596971,
    0.7927136052993761, 0.7963294108276786, 0.8047872970717542,
    0.8038245515115021, 0.7987904029803868, 0.8094634077903153,
    0.8128774501923202
  ],
  "val_ious": [
    0.5321024603385855, 0.563471572662609, 0.582282353138578, 0.626675427607868,
    0.6375465980474498, 0.6662615511728368, 0.6675613930691844,
    0.6585058392821878, 0.6802421916222227, 0.6768090353495833,
    0.6853065255327501, 0.6783905148074247, 0.6824363316746725,
    0.7064895485190377, 0.7025391828754672, 0.6966932355493739,
    0.6815103730861692, 0.7047840764989025, 0.7145624754653461,
    0.7197893689508024, 0.6905423443818437, 0.7245283854612405,
    0.7253884234722109, 0.7281779135050984, 0.731781557418298,
    0.7262983009003211, 0.729652953968532, 0.7304266291683996,
    0.731621392827103, 0.735494610839996, 0.715122915264489, 0.7320343199847399,
    0.730277855543123, 0.7247959800820417
  ],
  "training_time": 733.1610715389252,
  "avg_gradient": 0.007763531844804007,
  "memory_usage": 1145.87109375
}
