{
  "train_losses": [
    0.2639916454158399, 0.22440771620882594, 0.2023061219116916,
    0.18592300168845965, 0.17190236233822678, 0.1643770572769901,
    0.15327307359193978, 0.14684824131267227, 0.14262736932900938,
    0.14031405414900053, 0.133256867001562, 0.12811031739186982,
    0.12551396469707074, 0.12287964011825946, 0.12268716165714938,
    0.11840730047096377, 0.11086956371107827, 0.10797811692337626,
    0.10760285425931215, 0.10581627455742462, 0.09874455270397922,
    0.09918626442389644, 0.09910189951567547, 0.09238205469496873,
    0.09325430428852206, 0.09101278237674547, 0.09232683702493491,
    0.08564483163797337, 0.08816138841211796, 0.08527130682183348,
    0.08435420704114696, 0.07952457872907752, 0.07731555564248044,
    0.0794749828055501, 0.08429465005579202, 0.07581460957779833,
    0.07242978522149117, 0.07302234576934058, 0.07246395151900209,
    0.07352751839663023
  ],
  "val_losses": [
    0.24697343875532565, 0.2188133092030235, 0.19895276362481323,
    0.18418261538381162, 0.17255565297344458, 0.17915301057307617,
    0.15887421952641528, 0.15417617640417555, 0.15487990657920422,
    0.15122007951140404, 0.15581626995750095, 0.14329845247709233,
    0.14592249383744987, 0.15201046674147897, 0.13786167473248814,
    0.13804743519943694, 0.1385839965356433, 0.14652454998830092,
    0.15537205630022546, 0.13339439763323122, 0.12939121865707895,
    0.1329731387288674, 0.13722579893858536, 0.141211602512909,
    0.14859011947460796, 0.13471027382689973, 0.1350670775965504,
    0.13326509377878645, 0.13724128739989322, 0.1375571118424768,
    0.1395625336014706, 0.13473510645006015, 0.14080582931637764,
    0.14720754082436147, 0.1418006028170171, 0.13615730161900105,
    0.14183951525584512, 0.13892277686492258, 0.15029052402014317,
    0.14082378521561623
  ],
  "train_ious": [
    0.46818091496285325, 0.53931171565816, 0.5801481408863396,
    0.6110619891272939, 0.6374589250679464, 0.6508050215417058,
    0.671279528056798, 0.6824006911745107, 0.6909554258960747, 0.69462955440732,
    0.707646345368762, 0.7167834954309285, 0.7219884368064612,
    0.7263744354679965, 0.7270111624637379, 0.7349769628026345,
    0.7482363594075047, 0.7542654005405695, 0.754614778726861,
    0.7574468246404676, 0.7707378108972224, 0.76964054186491,
    0.7703399444403854, 0.7828059422689071, 0.7813201374981711,
    0.7852778371585452, 0.7827859584080137, 0.7955473758604213,
    0.7904171380011936, 0.7965591652453803, 0.7985680409963581,
    0.8079325499525973, 0.8125302904973865, 0.8083659042806732,
    0.7986418672877807, 0.8153783514879752, 0.8225139999303264,
    0.8212481162686281, 0.8228709279842991, 0.8203043470132177
  ],
  "val_ious": [
    0.5020063768910326, 0.5602832287549973, 0.5912081543086234,
    0.6097839404491413, 0.6450140119894691, 0.6424949119488398,
    0.6654169984917708, 0.675022057864977, 0.6748523198176121,
    0.684309209170549, 0.6743328908215399, 0.692226194601128,
    0.6882584526918936, 0.6897363958583362, 0.7054436198179271,
    0.7078028234882631, 0.7072112128354501, 0.7015539930350541,
    0.6894510746866035, 0.7205096265112145, 0.7215324063663896,
    0.7206168546192887, 0.713974149978679, 0.7072628745134328,
    0.7120728471140931, 0.7254292466070341, 0.7227069759282514,
    0.7301678571148196, 0.7199873671583505, 0.7251198693462043,
    0.7298561960890674, 0.7319881710885227, 0.7322193282669867,
    0.7093217735705167, 0.7245700344227363, 0.7371517333431521,
    0.7317232789768688, 0.7340730731038078, 0.7218075902133748,
    0.7243195405040963
  ],
  "training_time": 860.9825956821442,
  "avg_gradient": 0.0028020124758069524,
  "memory_usage": 1145.87109375
}
