{
  "train_losses": [
    0.261691648270125, 0.2211370950807696, 0.20101870337258215,
    0.1819776759037505, 0.1709878867411095, 0.15960187582380098,
    0.15170363292260014, 0.14787720034465843, 0.14371500957919203,
    0.13913194596281517, 0.13322145143604797, 0.13036218892944895,
    0.12710400148416343, 0.12212186942443899, 0.12019267159959544,
    0.11485662756730682, 0.1116754707434903, 0.10917127278188,
    0.1065284431628559, 0.1042977811606682, 0.10161775678558194,
    0.10224123594715544, 0.09636120623706476, 0.09329274600452703,
    0.09617588717652403, 0.08816443246019923, 0.08688064328516307,
    0.08698519311197427, 0.08459803692834533
  ],
  "val_losses": [
    0.24349786146827365, 0.23938503472701364, 0.2345807345017143,
    0.1833814470016438, 0.17817882642797803, 0.15029824930040733,
    0.15617004522810812, 0.16484872154567554, 0.14948044020844542,
    0.1569590604175692, 0.14621919199176456, 0.13945159040715382,
    0.14863630108859227, 0.14715597924330961, 0.14300088244287865,
    0.1340365639847258, 0.13246728107333183, 0.13370503760550334,
    0.1350134149517702, 0.131256185957919, 0.1466856249000715,
    0.1404729378612145, 0.13384463557082674, 0.12668434935419456,
    0.13062174715425656, 0.1303112782213999, 0.12886714076866274,
    0.1360235287119513, 0.15204784938174745
  ],
  "train_ious": [
    0.4708057720403092, 0.5477128768258767, 0.5843016984400111,
    0.619669159523387, 0.6406312032022339, 0.6607733032517679,
    0.6760291767617063, 0.682138697716637, 0.6895592598703463,
    0.6982415592216931, 0.7084909193757651, 0.7143179482739906,
    0.719052685343701, 0.7278283815561, 0.7327732690542504, 0.7412664930781593,
    0.7475506828530978, 0.7512103456841861, 0.7571184543919737,
    0.7600164094372933, 0.7657692260716268, 0.7645802664152083,
    0.7751891028837884, 0.7809471803838793, 0.7757557585727477,
    0.7911981628208922, 0.7932572310277517, 0.793434831921173,
    0.7977780474052917
  ],
  "val_ious": [
    0.5057620924452076, 0.5315019034821055, 0.5528317091689593,
    0.6222569860410001, 0.6291226219871768, 0.6767127865898435,
    0.6678516124037727, 0.6500304971916087, 0.681756469650545,
    0.6683331881312358, 0.6810295616371047, 0.6972076301125512,
    0.6887390868387361, 0.6907456826040709, 0.6971422602301058,
    0.7086717641871908, 0.7147174957005873, 0.7116353058296703,
    0.7100693507902862, 0.7176612226859381, 0.7026226401760958,
    0.7015249362026438, 0.7209815197232838, 0.725753163729889,
    0.7257004488205562, 0.7292740373075872, 0.7309080010307009,
    0.7264878978763801, 0.6956019777318707
  ],
  "training_time": 625.0034174919128,
  "avg_gradient": 0.005548163036067862,
  "memory_usage": 1145.87109375
}
