{
  "train_losses": [
    0.2818078467541415, 0.2360999964825485, 0.21730961739693,
    0.20046337531960529, 0.18950641317212064, 0.18351193865680177,
    0.17118451258410577, 0.1668481762804415, 0.1599820511739539,
    0.1559038747344976, 0.14930206589886677, 0.1460290925739252,
    0.14204987215445095, 0.137231326662004, 0.13339325801833815,
    0.1290079014699744, 0.12705619369997925, 0.120368676867498,
    0.12041169291605121, 0.11677008000728877, 0.11441607198313526,
    0.11171031152100666, 0.1094117320507117, 0.10806989398501489,
    0.10129876167553922, 0.09995025793171447, 0.09972997694073812,
    0.0951794853191013, 0.09340293628528067, 0.09135100460084884,
    0.08789601355143216, 0.08749195087053206, 0.08959797377009755,
    0.08825201079573321, 0.08662466874913029, 0.08175358637843443,
    0.07746284349781016, 0.0801851317367476, 0.07659540398289329,
    0.07455094474489274
  ],
  "val_losses": [
    0.25347600618134375, 0.2582032194604044, 0.23316233669934067,
    0.2033592456060907, 0.20562031411606332, 0.18744755503923996,
    0.19960678044868552, 0.16372385750646176, 0.1816041016060373,
    0.15554204291623572, 0.1575226054891296, 0.15234876197317374,
    0.15138062397422997, 0.14188379567602408, 0.14273759868481886,
    0.14618070682753687, 0.1392206556123236, 0.15032142530316892,
    0.13920550258911174, 0.14423295466796213, 0.15362084673150725,
    0.13416984207604243, 0.13270914149673088, 0.13669988091873086,
    0.13633705853768016, 0.13546749544532402, 0.13364353273873744,
    0.1395397944294888, 0.1340837894898394, 0.13119973274676697,
    0.136435155959233, 0.13946827079938806, 0.13188013434410095,
    0.13778268400093782, 0.13205926476613336, 0.13333137916482013,
    0.1324792369876219, 0.13710992232612942, 0.1320441400875216,
    0.14451256167629492
  ],
  "train_ious": [
    0.43026972898160626, 0.5196545968183139, 0.5562489147203555,
    0.5858954302426695, 0.6032965212142555, 0.6166761581232582,
    0.6382382764224555, 0.6469245330039143, 0.6584861469657528,
    0.6660954214740489, 0.6786533339300012, 0.6838439923265707,
    0.6912039869829364, 0.700497387058061, 0.7075402550939202,
    0.7152865234816419, 0.717392136761244, 0.7313572943642521,
    0.7310736938447192, 0.7378108658544393, 0.7416865250122718,
    0.7468164380693776, 0.7506794500826064, 0.7534232956451785,
    0.7655068641879421, 0.768466747865297, 0.7687443661085076,
    0.7773582905638909, 0.7805740573591942, 0.7849581125529782,
    0.7917001482261263, 0.7921395481604597, 0.7880532813892849,
    0.7906013623527856, 0.793912376506605, 0.8033227386034052,
    0.8125257381926412, 0.8069813898292139, 0.8141634667265245,
    0.8185746277803966
  ],
  "val_ious": [
    0.490208036981631, 0.4875657423466875, 0.5313463023175365,
    0.5702624030519223, 0.5891478143740392, 0.610562582378802,
    0.5892545544150948, 0.6536190667446108, 0.6282496180223379,
    0.6663654040599215, 0.6685518097618351, 0.6775113955356072,
    0.6739315606545712, 0.6932489956202714, 0.6942259772964147,
    0.6893625380336375, 0.6984844717426577, 0.6870842595463214,
    0.7019938481026802, 0.6956827897524487, 0.6877681384052056,
    0.71118094286193, 0.714378905037175, 0.7096997454114582, 0.7137486187444217,
    0.7167452031719511, 0.7158532900654752, 0.7140027595602946,
    0.7211459309294604, 0.7278422793184502, 0.7181405744690825,
    0.717660945178806, 0.7181814289179402, 0.7220311443442882,
    0.7210143351036568, 0.7242538352375445, 0.7297696702290273,
    0.7242163888354232, 0.7269837988027629, 0.7184146834888318
  ],
  "training_time": 856.5843997001648,
  "avg_gradient": 0.005828074852439512,
  "memory_usage": 1145.87109375
}
