{
  "train_losses": [
    0.27193412200912187, 0.223278413972129, 0.20213960054452004,
    0.1894408589957849, 0.175646866955187, 0.16504003747325877,
    0.1585333162675733, 0.1534261577155279, 0.14474273120741482,
    0.14320647635537645, 0.13934031181523335, 0.1329137573585562,
    0.13266512014619683, 0.12606165416376747, 0.12487928472135378,
    0.11840138450750838, 0.11812139780301115, 0.11223265285725179,
    0.10958019012342328, 0.10592716932296753, 0.10629142804638199,
    0.10196997800275036, 0.09662475388335146, 0.10140344188751085,
    0.09383905205227759, 0.0960504770197946, 0.09153580868049808,
    0.08986867045092842, 0.09060031450960947, 0.09046741449476584,
    0.0846297784667948, 0.0810357696255264, 0.07997830683851372,
    0.0809142276968645
  ],
  "val_losses": [
    0.25193396307851956, 0.22839232177838034, 0.20606489285178806,
    0.19555183532445328, 0.178448140297247, 0.17330721020698547,
    0.1624820634074833, 0.1563099446180074, 0.15259710504956867,
    0.15507252125636392, 0.14345062507883363, 0.15079696735610132,
    0.14106742924322252, 0.13953470795050912, 0.14408080506583917,
    0.13923162286696228, 0.13904652938894604, 0.1355888168125049,
    0.13543239689391592, 0.1343085989356041, 0.13843526869364406,
    0.13647421676179636, 0.1330226505904094, 0.1259621435209461,
    0.13099848317063373, 0.13192278924195663, 0.13192410151595654,
    0.13035833317300546, 0.13881897780558336, 0.1312604318170444,
    0.12838403346097987, 0.12965310251583223, 0.13332886605159097,
    0.13453080991040106
  ],
  "train_ious": [
    0.4516462608092073, 0.545771212492516, 0.5815779205303694,
    0.6048269750199458, 0.6300106583622054, 0.648646131157875,
    0.6626089119176934, 0.6706534878931183, 0.6879048593126345,
    0.6895416804953765, 0.6964361470030699, 0.7093302690140583,
    0.7096029092436247, 0.7211537608417913, 0.7233059249710344,
    0.7356792332577532, 0.7354291406986505, 0.7463649827177108,
    0.7505935767962449, 0.7577203873922862, 0.7574648283206031,
    0.7646230275648225, 0.7748421850627745, 0.7657592219395054,
    0.7799224331974984, 0.7755440588014713, 0.783766156683366,
    0.7874935120344161, 0.7866940500511642, 0.7865783037158891,
    0.7979884292336479, 0.8048441491049264, 0.8072431154441141,
    0.8050878971167231
  ],
  "val_ious": [
    0.49568581429944536, 0.5427032882968585, 0.5800895267638608,
    0.6031543270185374, 0.6307628511086755, 0.6389238987711895,
    0.652429980752261, 0.6667166546635006, 0.6796683720920397,
    0.6678246765033061, 0.6903652572545453, 0.6834921223529872,
    0.6929675031831299, 0.6976064093734907, 0.6942057905421741,
    0.7030169747877811, 0.6997582586347193, 0.7059169102838073,
    0.7084772431332133, 0.7143510009931483, 0.7062552856362384,
    0.7118236372868221, 0.7192798043074815, 0.7306213774110958,
    0.7252511554870051, 0.7214253065378771, 0.7284945459037587,
    0.7346651180498841, 0.7146438494108728, 0.7214490367450574,
    0.7356100808019221, 0.7357270052467568, 0.7308403050553969,
    0.7257476818302402
  ],
  "training_time": 728.3147118091583,
  "avg_gradient": 0.007100027134100224,
  "memory_usage": 1145.87109375
}
