{
  "train_losses": [
    0.2734183739546848, 0.22154933918753397, 0.1997680486706288,
    0.18714052608803564, 0.1746922791328119, 0.16525631900066914,
    0.1585631661279046, 0.15211887268916421, 0.14656190634907587,
    0.14080466099245392, 0.13587277115363142, 0.1301515559139459,
    0.1263590102367427, 0.1239132800584902, 0.1194246715825537,
    0.12020357281131588, 0.11300589528906604, 0.11422315353284711,
    0.1075154994007038, 0.10566195282761169, 0.10765419916614243,
    0.09813071795455787, 0.09710572105225014, 0.09835470277492118,
    0.0952500338949587, 0.0900348607936631, 0.0901244878363998,
    0.0870048166455134, 0.08854545964656965, 0.08342492143097131,
    0.0859506264247972
  ],
  "val_losses": [
    0.236676431544449, 0.20384606006352798, 0.1873058466159779,
    0.18226291206867798, 0.17933676489021466, 0.16096129138832507,
    0.14936993999973588, 0.14671934574194576, 0.15715455944123474,
    0.14293142667283182, 0.14037149869229482, 0.1456388913742874,
    0.14081713703015578, 0.13455870650384738, 0.16492972846912302,
    0.1360220146243987, 0.13407842669150102, 0.13177597733295482,
    0.13188592457900877, 0.1289165099353894, 0.13305123150348663,
    0.1269103905752949, 0.12918602561821108, 0.13292313820641974,
    0.13017564153541689, 0.13191416568082312, 0.13887723502905472,
    0.13305951752092526, 0.1308705445540988, 0.13346318155527115,
    0.15558125564585562
  ],
  "train_ious": [
    0.44858435179660267, 0.547816256520109, 0.5861518963955451,
    0.6094909796788208, 0.6324264267324536, 0.6499639847248357,
    0.6616825543991897, 0.6738637928729473, 0.6845933997976605,
    0.6949916764877847, 0.7034845347853674, 0.7149324405776419,
    0.7209751621644563, 0.7251504476087681, 0.7333746210712454,
    0.7320403150566245, 0.7450367237130804, 0.7423671827908013,
    0.7547273112703926, 0.7587993484584318, 0.7550414079881227,
    0.7721818975456385, 0.7740149557374528, 0.772049102554287,
    0.777794942367768, 0.7874390839234641, 0.7872689410072312,
    0.7930176920001053, 0.790138807903597, 0.8003366678089335,
    0.7961179456957007
  ],
  "val_ious": [
    0.5217253163025, 0.5800038180921391, 0.6087106086205746, 0.6191166624210883,
    0.6284956824088442, 0.6570791494155276, 0.6794041235377821,
    0.6826519760964572, 0.6658935875132463, 0.6926137386024861,
    0.6937344920807991, 0.6958291098691418, 0.6964731218590253,
    0.7059134994296059, 0.661980735650961, 0.7084471144969914,
    0.7081172451160955, 0.7153689664775049, 0.716322162013123,
    0.7226673036381817, 0.7095980238223423, 0.7253747461498649,
    0.7251345305771066, 0.7198470405478408, 0.724909075792285,
    0.7228580287833144, 0.7146877324667529, 0.7281886466603347,
    0.7264959952537563, 0.726189394791921, 0.6883463425480802
  ],
  "training_time": 664.5608484745026,
  "avg_gradient": 0.016413029805920448,
  "memory_usage": 1145.87109375
}
