{
  "train_losses": [
    0.2783159211925838, 0.2308032652768104, 0.20851434767246246,
    0.19162170386508756, 0.17848752228462178, 0.16952588336299296,
    0.16291987693504148, 0.15299153125480466, 0.15052962918644366,
    0.14376906783360502, 0.1401719142804327, 0.13591471030984237,
    0.1318330102721634, 0.12703697735686664, 0.1222056543616497,
    0.1210793366898661, 0.11645985621473064, 0.11577688453152128,
    0.11157544617257688, 0.11093826911857595, 0.10742731096789888,
    0.10185611341148615, 0.09971434392196976, 0.09735584080867145,
    0.0952372775696542, 0.10161285600422518, 0.09130503277739753,
    0.08945317007601261, 0.0890631855505964
  ],
  "val_losses": [
    0.27161598950624466, 0.23056436070929404, 0.20082879293224085,
    0.18461803994748904, 0.17889209642358447, 0.16131053217079327,
    0.15814287539409555, 0.1532036943928055, 0.15221004285242246,
    0.15102432409058447, 0.1471238900785861, 0.13983844188244446,
    0.13877967988019405, 0.1461443794162377, 0.14293048692786176,
    0.1334896978476773, 0.13208721140804497, 0.1359881674465926,
    0.14446529405920402, 0.13528627950860106, 0.13006071811136993,
    0.13021611811026282, 0.13064743319283362, 0.13076457527020705,
    0.1294283623928609, 0.12815603127946024, 0.1308121033336805,
    0.12637694228602492, 0.15442807859052782
  ],
  "train_ious": [
    0.43649427347776026, 0.5308501118713097, 0.5713794748096364,
    0.6008354496156825, 0.6237398105255076, 0.6404942486273209,
    0.6523826300989889, 0.6705630722901095, 0.6755643253741055,
    0.6886142446942953, 0.6948203893675321, 0.7030957577129205,
    0.7105806905074398, 0.7193481069112171, 0.7275480850451234,
    0.7297026816269627, 0.7377800286032148, 0.7395554050479243,
    0.7465294643264748, 0.748946791919677, 0.7549758633409722,
    0.764712467195763, 0.7685903283241003, 0.7728741224585237,
    0.777276983997528, 0.7656212960896281, 0.7848549498164133,
    0.788001151026591, 0.7897753161040765
  ],
  "val_ious": [
    0.4758945770993613, 0.5360253226497899, 0.5847589237534482,
    0.6107182055711747, 0.624878206114838, 0.6578522315923719,
    0.6685390383868978, 0.671262010500051, 0.6737708740908166,
    0.6771925039913345, 0.6864058269538742, 0.6995006525430124,
    0.7027797569399297, 0.6897885054349898, 0.6960150584362554,
    0.7123133633015811, 0.7125077027341594, 0.7087194815925927,
    0.7007027808306875, 0.719328475819118, 0.7181206166312311,
    0.7207611198874488, 0.7210418281779772, 0.7185877347769944,
    0.7203651435565257, 0.7249988509693006, 0.7283769798451575,
    0.7341220663941425, 0.6866791906996049
  ],
  "training_time": 624.2531881332397,
  "avg_gradient": 0.004613065340295735,
  "memory_usage": 1145.87109375
}
