{
  "train_losses": [
    0.2678425456194774, 0.22827385050123153, 0.20756122664265012,
    0.18556715062131052, 0.17090944621873938, 0.16171403111808974,
    0.15318110309865163, 0.14822377005349036, 0.1429647664822962,
    0.13684653515077155, 0.13246930880553048, 0.12900992158962332,
    0.12588064789610065, 0.12060014466228693, 0.1182548854014148,
    0.11578650914294564, 0.11019467287089514, 0.10743015202815118,
    0.10195294269563063, 0.10430474729155717, 0.0982635959820903,
    0.10278015122141528, 0.0936671701543357, 0.09005132196066172,
    0.08887115238315385, 0.08632867908834116, 0.08392185709722665,
    0.08461699764365735, 0.08986175432801247, 0.07993532255615877,
    0.08205478674853625, 0.0827385764973967
  ],
  "val_losses": [
    0.34750109975752624, 0.22134978194599567, 0.20512732474700265,
    0.18220669679019763, 0.17303615128216537, 0.15884443372488022,
    0.1540642740285915, 0.16009555238744486, 0.17115048578251962,
    0.14720959929020508, 0.14647008527232253, 0.14987293144930963,
    0.13601208850741386, 0.14990843476160712, 0.14148033005387886,
    0.14066412623809732, 0.1332147966908372, 0.1394773261702579,
    0.12986625245083933, 0.13027027119760928, 0.13204242855958317,
    0.1345899077537267, 0.12903718245418175, 0.13038373090650723,
    0.141970864618602, 0.1307775412240754, 0.13288247698675032,
    0.1346642719986646, 0.13156077022785725, 0.14268416069124057,
    0.13470621196472127, 0.1383388374486695
  ],
  "train_ious": [
    0.4612088044430468, 0.5340950605122076, 0.5722984954498819,
    0.612531198269647, 0.6391615637618563, 0.6555603170308514,
    0.6698556049470452, 0.6792547897692175, 0.6890410480723868,
    0.7001426935843801, 0.7093868609247865, 0.7155406536615413,
    0.7199878624060014, 0.7311172783914681, 0.7343103171906604,
    0.7385747519092278, 0.7492566363535061, 0.7548505920322909,
    0.764159055507701, 0.759664874739837, 0.771365018642467, 0.763060854990845,
    0.7804299617807073, 0.786866244306599, 0.7895802171441955,
    0.7944442480802532, 0.799356033296689, 0.7976121667070667,
    0.7875397162161013, 0.8071367672604071, 0.8025243898880651,
    0.8015382807107941
  ],
  "val_ious": [
    0.41145526137256977, 0.5485752957022707, 0.5834527564221536,
    0.6287006154872368, 0.6393062323331833, 0.662422604750896,
    0.6782966396514919, 0.6610564753629159, 0.6471584581810496,
    0.6880688911330873, 0.6855992417836534, 0.6878604204326438,
    0.7078731273827344, 0.6828008706586948, 0.6954296309015024,
    0.6984894668710403, 0.7143952833569568, 0.7052098363637924,
    0.7226052724796791, 0.7214457865642463, 0.7210442536119104,
    0.7226242656293124, 0.7275193972864015, 0.7272687768158705,
    0.7191650813472444, 0.7316682610822759, 0.7285052073606547,
    0.7207630607097044, 0.7309317329655521, 0.7258107971022093,
    0.7252081768668216, 0.7201708710711937
  ],
  "training_time": 694.0128192901611,
  "avg_gradient": 0.005967957557013319,
  "memory_usage": 1145.87109375
}
