{
  "train_losses": [
    0.28202370951033157, 0.23659740517968716, 0.21622461080551147,
    0.19898091297110784, 0.18802383444879367, 0.17664713234357213,
    0.16910968971965107, 0.1602787164080402, 0.1528725903481245,
    0.14990415517240763, 0.1453395762845226, 0.13914224238175413,
    0.1345388987708999, 0.13132803575338228, 0.1296547323708301,
    0.12312099151313305, 0.12058910938060802, 0.1183471868381552,
    0.11426337273872417, 0.11285778653362523, 0.10743532390536173,
    0.10721842308893152, 0.10296456175653831, 0.10097303079522174,
    0.0969825010827702, 0.09895009636555029, 0.09208657944817907,
    0.0918944961917789, 0.09165369885285264
  ],
  "val_losses": [
    0.2476192281945892, 0.23921267655880554, 0.22139791431634323,
    0.18566961327324744, 0.18467664556658786, 0.16693982319987338,
    0.17035520400689996, 0.164750843592312, 0.1689500008588252,
    0.14591284355391626, 0.15705082889484323, 0.14661448886213096,
    0.15834692719837892, 0.1404317248126735, 0.13789167044603307,
    0.14640926278155783, 0.14405591591544772, 0.13755236873808113,
    0.13191055749421535, 0.1364894379740176, 0.1360090865713099,
    0.12919555717836256, 0.13561219284715859, 0.1324305616967056,
    0.13101155958745792, 0.13089920515599457, 0.12720587962995406,
    0.13411181808813757, 0.1375303443359292
  ],
  "train_ious": [
    0.43303435081886005, 0.5185592559746638, 0.5581730760202028,
    0.5889634609870286, 0.6081268703699979, 0.6288747058074544,
    0.6432980895582318, 0.6590270936165168, 0.6723733805119992,
    0.6778705776601597, 0.6859654060200506, 0.6980119638036987,
    0.7054923675090509, 0.7116607772051423, 0.7152136619324273,
    0.7264213645695775, 0.7314697901407873, 0.7347876314559713,
    0.7424319733636101, 0.7455959079814128, 0.7550572350729202,
    0.7560090703376823, 0.76345003137122, 0.7668892110063545,
    0.7743490881462027, 0.7709444849279476, 0.7837617338459565,
    0.7842508046415407, 0.7843778448152365
  ],
  "val_ious": [
    0.5040016103049983, 0.5118121800647266, 0.5428224981263063,
    0.6075670384410501, 0.6103291641110958, 0.6457779066286227,
    0.6403129359950189, 0.6508605411087258, 0.6426941892807035,
    0.6839986620605852, 0.6705764707015909, 0.68477853808714,
    0.6666998647261357, 0.692339585311171, 0.6996816077094146,
    0.6871254558580508, 0.6878241957097814, 0.702591543828232,
    0.7134370242339978, 0.7047018484360928, 0.7057924657196238,
    0.7189002695722857, 0.709879164678463, 0.714291396132414,
    0.7187657276357429, 0.7197019513966382, 0.7278170633143273,
    0.7158245532840921, 0.7100488845852837
  ],
  "training_time": 622.2683923244476,
  "avg_gradient": 0.0036288499495866957,
  "memory_usage": 1145.87109375
}
