{
  "train_losses": [
    0.291023346150051, 0.23779867621867554, 0.2173271974467713,
    0.20243353720592416, 0.1931230596712102, 0.18054045437146787,
    0.17248133318903652, 0.16681450087091196, 0.1593336340687845,
    0.15321910591877025, 0.14841185437272425, 0.14286417890664027,
    0.13985322622339363, 0.13694322360274586, 0.13639277810959713,
    0.1298021052599601, 0.12885561686657046, 0.12447576054736324,
    0.12276475333973118, 0.1191378801089266, 0.11796090112108251,
    0.11197918021808499, 0.11034724630577408, 0.10947065909757563,
    0.11237139449171397, 0.1027649026769011, 0.10282607477806184,
    0.10225969200710887, 0.09804716953278883, 0.10077301194162472,
    0.09541604898708023, 0.09155029499822337, 0.09045778644149718,
    0.09545599685414978, 0.08914649045175832, 0.08688242526967889,
    0.08480767427903155, 0.08573189151027928
  ],
  "val_losses": [
    0.254226163353609, 0.22885116027749103, 0.21768082192410593,
    0.19499163685933404, 0.22463858354350794, 0.17283126517482425,
    0.1796462422479754, 0.16370223511172377, 0.16257123956861702,
    0.1633893436063891, 0.15528703205611394, 0.15187358969579573,
    0.1611382106076116, 0.14973442726161168, 0.14880796862037285,
    0.14951294012691663, 0.14523994906441026, 0.14194117648446042,
    0.14826796641168388, 0.13169264388473137, 0.13945320718314336,
    0.13486150295838065, 0.15793628974453264, 0.13252541050314903,
    0.1297819609551326, 0.13469027825023816, 0.13135473284384477,
    0.13392634414460347, 0.13375164859968683, 0.13106300406481908,
    0.130954688657885, 0.12970672904149347, 0.1300751105274843,
    0.1300879462581614, 0.1312538812989774, 0.12984967442310374,
    0.13392952635236408, 0.15843171788298566
  ],
  "train_ious": [
    0.41026629009149085, 0.5141568245447197, 0.554736469750819,
    0.581824818059154, 0.5990599012137323, 0.6207460294599118,
    0.6349343379986461, 0.6471271889581197, 0.6593525532795034,
    0.6707267057744489, 0.6787877179466296, 0.6896018758956073,
    0.6953590807599435, 0.7008744064664494, 0.7025063471409723,
    0.7133902452778129, 0.7150877182358419, 0.7225747480988499,
    0.7263385367890195, 0.7329436852124289, 0.7353955837695495,
    0.7462831787441083, 0.7492515532758788, 0.7510809299630534,
    0.7457861330198207, 0.7635432474207183, 0.7627965249661088,
    0.7637145401559016, 0.7715199289546496, 0.7672099946741614,
    0.7768733719012871, 0.7842827204992804, 0.786205539614826,
    0.7767854275694794, 0.788599842106519, 0.7932449365439619,
    0.7970838392342346, 0.7953573792524958
  ],
  "val_ious": [
    0.47677364535089856, 0.5236051995037259, 0.5552636880589568,
    0.5993718068668809, 0.5811270227034887, 0.6375473554151646,
    0.6260690255009609, 0.6473414519990702, 0.6609932998384254,
    0.6544845125813417, 0.6716704537039219, 0.6791811064965482,
    0.665243039528529, 0.677973794332449, 0.6812746151201966,
    0.6809780584729238, 0.6948565499506135, 0.7001747417709102,
    0.6880354866169501, 0.7135570373224176, 0.7069032447061675,
    0.709670313458512, 0.6866427683743878, 0.7156168295853381,
    0.7196411861889603, 0.7183257563822513, 0.7222352762153182,
    0.7203561348327692, 0.7167749689972919, 0.7234849623147991,
    0.7291687523973162, 0.7341841701148212, 0.7313870401054189,
    0.7309444360974906, 0.7287186669266741, 0.7309024973192075,
    0.7353538425936216, 0.6971278747786648
  ],
  "training_time": 820.0439867973328,
  "avg_gradient": 0.007473387810444076,
  "memory_usage": 1145.87109375
}
