{
  "train_losses": [
    0.26680449007645896, 0.21773124340435732, 0.19809901098842206,
    0.18147686715035335, 0.1717224942277307, 0.15991685758142368,
    0.15463370400602403, 0.15031710704383644, 0.14347373232569383,
    0.1373188671372507, 0.13272074302253517, 0.12841431614335463,
    0.1266260457670559, 0.1229165151067402, 0.11971031570726115,
    0.11563982733565828, 0.11329524348611417, 0.10858734875269559,
    0.11017167296908471, 0.10605260859365048, 0.10031366615515688,
    0.09912135128093802, 0.09487338566585728, 0.0948776614487819,
    0.09998989510147469, 0.08992224652320147, 0.0878382423163756,
    0.08730660216963809, 0.0899407165934858, 0.08560113677674014,
    0.08571372189275596, 0.0850832762763552, 0.07955750584116449,
    0.0822165968787411, 0.07798634716512068, 0.07564533882490966,
    0.0777907031385795, 0.07862183666261642, 0.07267988645269172,
    0.0718419965882988, 0.06999196672974073, 0.06923491112968844,
    0.07148544372909743, 0.0684997171730451, 0.06700013472658137
  ],
  "val_losses": [
    0.24144704089216565, 0.214062820310178, 0.20355360436698663,
    0.18165202082499213, 0.166039509617764, 0.16148810736511066,
    0.16471273614012677, 0.16020781417255817, 0.14747119225237681,
    0.14704414214129033, 0.13925253146368524, 0.14083252231711926,
    0.14229901847632034, 0.14212925294819084, 0.13262678812379422,
    0.14064108888092247, 0.13201285186021225, 0.15481347396321918,
    0.13443807561112486, 0.13672323897480965, 0.12870010636422946,
    0.12775810289642084, 0.1343321458477041, 0.13565470666989035,
    0.12823165289085844, 0.13112844202829443, 0.13198252151841702,
    0.1290755573174228, 0.1353052030115024, 0.13613030508808469,
    0.12655553075930345, 0.13018863210859505, 0.14218378795877748,
    0.13253035866048024, 0.129140579506107, 0.13737825385254362,
    0.1368990977821143, 0.13232292089125383, 0.13345034501474837,
    0.1361961227072322, 0.13813842379528543, 0.13473597104134766,
    0.13641127992583357, 0.1389016996583213, 0.13617410316415454
  ],
  "train_ious": [
    0.46231981338528155, 0.5552927045610505, 0.5897717233747245,
    0.6199306734446167, 0.6368537276335388, 0.6581781992985722,
    0.6687527668756853, 0.676972513127586, 0.689564996709426,
    0.7004670948330043, 0.7086531924812693, 0.7174023579860082,
    0.7202954999562621, 0.726533824604923, 0.7323827219290145,
    0.7406780998883905, 0.7447865975723752, 0.7530997507274151,
    0.7505053036130857, 0.7581283066799671, 0.7680199214837693,
    0.7710325425841676, 0.7783146278149842, 0.7787257178646066,
    0.7691667191144345, 0.7878542566213054, 0.7918629988056161,
    0.7927868608115378, 0.7877225359712822, 0.7961300934354459,
    0.795932336453942, 0.7972387158568354, 0.8080791034128355,
    0.8029429977354795, 0.8113892995145007, 0.8162717976863832,
    0.8116473293174868, 0.8099725886747458, 0.8223322393453641,
    0.8242156173008077, 0.8280891386279162, 0.8295744345455928,
    0.8245934691766036, 0.8313140376754432, 0.8345916166469669
  ],
  "val_ious": [
    0.508466351615346, 0.5698353574759719, 0.5799550052354301,
    0.6188885465912197, 0.6449255185282748, 0.6574785104696301,
    0.6544449733219284, 0.6685561226761861, 0.6802211401687152,
    0.6856789314660472, 0.6976718619681788, 0.6940935221703156,
    0.6937165452518325, 0.6991176410861637, 0.712445069482361,
    0.7017427963623102, 0.7134291013513784, 0.6906033741391224,
    0.7073796933543853, 0.7078928563041963, 0.723659799798675,
    0.7258574295303097, 0.7202328307473141, 0.7180256588735443,
    0.7276445033325665, 0.7250627361345983, 0.7259779436432797,
    0.7281138979006502, 0.7205650419860646, 0.7235527381948801,
    0.7325655215460322, 0.7312559399051943, 0.7203944079253983,
    0.7266832104195721, 0.73476916357227, 0.7267338311758595,
    0.7304466440193893, 0.7319458632365519, 0.734325076142947,
    0.7369934562323751, 0.7370921161727629, 0.7400858346102895,
    0.7341642086056696, 0.737966316981592, 0.734105422876883
  ],
  "training_time": 963.0846772193909,
  "avg_gradient": 0.003278682497388968,
  "memory_usage": 1145.87109375
}
