{
  "train_losses": [
    0.26327655367229297, 0.2240977846895871, 0.2032102824229261,
    0.18076621157967526, 0.17038085117288257, 0.15992997611022514,
    0.15092152717482785, 0.1458012531713947, 0.14029820801933174,
    0.1350972476698782, 0.13152516406515372, 0.12640890713943087,
    0.12239697688947553, 0.118838914791527, 0.11786354831217424,
    0.11229638868699902, 0.10811352409908305, 0.10503278093655473,
    0.10479713891349408, 0.10253972503478112, 0.09615972561194845,
    0.0923287066752496, 0.09465324558803569, 0.09811685748560273
  ],
  "val_losses": [
    0.28722352113412775, 0.22351338422816733, 0.20091436511796454,
    0.19481512612622717, 0.1758403778076172, 0.1788771201087081,
    0.16210563156915747, 0.16415258108273797, 0.1524165949743727,
    0.14518455286388812, 0.15300695581928545, 0.14737997463215952,
    0.14856850291075913, 0.14123066142201424, 0.1372240794741589,
    0.13409511712582214, 0.1438470811623594, 0.13582257116618363,
    0.13361274661577266, 0.1342765557701173, 0.13514575734734535,
    0.14065473235171774, 0.13610710721948874, 0.1539592773694059
  ],
  "train_ious": [
    0.4712351981577452, 0.5414633432646164, 0.5805095401795015,
    0.6209703423352776, 0.6412642548481622, 0.6590466370833095,
    0.6743922514328058, 0.6862892026918521, 0.6954056169783721,
    0.7051165581721333, 0.7111704448858894, 0.7204488055861518,
    0.7276042739226337, 0.7337501003150492, 0.7355504015973512,
    0.7461303663102615, 0.7533271886624283, 0.7588775369028247,
    0.7598441556312033, 0.7640012922710266, 0.7757860970130003,
    0.7831743097175724, 0.7782829057263292, 0.7716625674587227
  ],
  "val_ious": [
    0.4101252125009247, 0.5530781811778095, 0.5814069969498593,
    0.6087370726509371, 0.6430933814549791, 0.63377580003462,
    0.6521611479313476, 0.6678442320098048, 0.6827732363472814,
    0.6876177824493768, 0.6834309355936189, 0.687785014078237,
    0.6927098379186961, 0.6984629512265108, 0.7042060647753704,
    0.7126001970491547, 0.7006938012613767, 0.7123132432284559,
    0.7148635411176127, 0.7168850382601005, 0.7223467768534368,
    0.7134918609391087, 0.71824558403181, 0.6799827485844707
  ],
  "training_time": 521.211847782135,
  "avg_gradient": 0.005222612039486642,
  "memory_usage": 1145.87109375
}
