{
  "train_losses": [
    0.2732580242597539, 0.23403428786474725, 0.20808531360133833,
    0.19002720211511073, 0.17931108913667823, 0.16849219572284949,
    0.16196375121564968, 0.1545750866441623, 0.14909174321624247,
    0.14515039417892694, 0.13822976888521857, 0.13485850442362868,
    0.13134584754057552, 0.12792651035377514, 0.12371541871486799,
    0.12005366344490777, 0.11930325015893449, 0.11566285282859336,
    0.11226921897057605, 0.10992386192083359, 0.1066845985048491,
    0.1022751874330899, 0.10530321393162012, 0.0990969927009681,
    0.09675538171406674, 0.0935645961486127, 0.09148401082695826,
    0.08778057109726511, 0.08854547576249941, 0.09056544838392216,
    0.08389171921526609, 0.08365488028072793, 0.08413042180726062,
    0.08162257459986469, 0.07968283392003049, 0.08237299072029798
  ],
  "val_losses": [
    0.2862066999077797, 0.22712354945099872, 0.20561958395916483,
    0.20353111041628796, 0.20027872725673343, 0.16793513913517413,
    0.1614364865033523, 0.16102226240479428, 0.15214698794095413,
    0.14766167266213376, 0.14882328458454297, 0.14623782832337462,
    0.13903194682105727, 0.15608751676652743, 0.1407504417002201,
    0.1374149834332259, 0.13945110142230988, 0.13888490977494614,
    0.13559317588806152, 0.1376216186453467, 0.13179474826092305,
    0.13041562084918437, 0.13000997998144315, 0.12819487795881604,
    0.1285104302932387, 0.12916751513662544, 0.13024066048471825,
    0.1283659455568894, 0.1287220431410748, 0.13222615971513416,
    0.12940329037930653, 0.1321446469620518, 0.1354845726619596,
    0.1320395158684772, 0.13428373812981273, 0.13772283656441647
  ],
  "train_ious": [
    0.4475696091202723, 0.5234284349379765, 0.5729323485191322,
    0.6048997273479683, 0.6245531065632468, 0.6438415395500866,
    0.6567546724193342, 0.668815010321745, 0.6778656232940113,
    0.6860158160004927, 0.6987258197496772, 0.7043821934232675,
    0.7117432909275309, 0.7183299767042416, 0.7247672539906225,
    0.7326258848542749, 0.7326719614582653, 0.7403117111087707,
    0.7463969937593176, 0.7506939077722853, 0.7557762051946008,
    0.7646896518982839, 0.7586148282432039, 0.7699113661504307,
    0.7740238386111851, 0.7807458953904928, 0.7839522338539787,
    0.7911629387973879, 0.7898173894787178, 0.7863540842697241,
    0.799088144161995, 0.7995406462662461, 0.7983744102327721,
    0.8033161410602974, 0.8071932278681492, 0.8018545966217487
  ],
  "val_ious": [
    0.44718619716772123, 0.5302809963839642, 0.5810563225245132,
    0.5873150972352513, 0.5953618123911429, 0.6503530045350395,
    0.6580285237751147, 0.6621474805085558, 0.6720376042784124,
    0.6856422428635581, 0.6807513573895331, 0.6842160345851511,
    0.7001107462506362, 0.6684525868167049, 0.6977651395659517,
    0.7039974621240644, 0.7005831452383512, 0.7004026273886363,
    0.708184997888579, 0.704130402509717, 0.7194424178721249, 0.71892548903175,
    0.7203621991734575, 0.7238108677708586, 0.7256965559461842,
    0.7249851602575051, 0.7246017302723898, 0.7303998394720799,
    0.7293011321537735, 0.7292155709819517, 0.735024890821913,
    0.7266368535549744, 0.7233425728652787, 0.7318510564341064,
    0.7287649771441582, 0.721661784078764
  ],
  "training_time": 769.587792634964,
  "avg_gradient": 0.004066504895356741,
  "memory_usage": 1145.87109375
}
