{
  "train_losses": [
    0.2665995845328207, 0.2231032679910245, 0.20038354404918526,
    0.18256254097365815, 0.16883715792842532, 0.1611936476243579,
    0.15441101793523715, 0.1491310059133431, 0.14282631465112386,
    0.13789124349537102, 0.13256397653047158, 0.12889740271898714,
    0.1278342644319586, 0.11996662438563678, 0.11860676227218431,
    0.11131537993155095, 0.11212538490476816, 0.10602420799272216,
    0.10723576322197914, 0.1036333447403234, 0.09878680733558924,
    0.09893854302556618, 0.09871794396768445, 0.09344162658342849,
    0.09060647998653028, 0.08886024019802394
  ],
  "val_losses": [
    0.24328507483005524, 0.2113786576234776, 0.18499698457510574,
    0.19536043055679486, 0.1642095563204392, 0.16081705689430237,
    0.14919820638454478, 0.1467248943188916, 0.14447735169011613,
    0.13676978890662608, 0.13935978095168652, 0.13672533874278484,
    0.13837005716303122, 0.1319672622434471, 0.15295066684484482,
    0.12672266509869826, 0.12827464063530383, 0.12801988406673723,
    0.12840699647431789, 0.13088835403323174, 0.12545971782959026,
    0.12743427458664644, 0.1313749315298122, 0.13173306085493253,
    0.12971540184124655, 0.14060185104608536
  ],
  "train_ious": [
    0.4614699328102279, 0.5439865715477775, 0.5861012422736142,
    0.6191148521999518, 0.6438170319989969, 0.6574855897089709,
    0.6694013274990129, 0.6799182955553564, 0.6903437505057756,
    0.6998562675671302, 0.7091201678242378, 0.7165475436958717,
    0.718360712238844, 0.7325121688562026, 0.7350882543385893,
    0.7480343464707984, 0.7469375423979069, 0.7575112386350186,
    0.7555285177153089, 0.7611809044644453, 0.7707912315601024,
    0.7703437072535356, 0.7707795478619527, 0.780784484862849,
    0.7860862721243628, 0.7898984282021074
  ],
  "val_ious": [
    0.5061832889914513, 0.5623683496445848, 0.6134691417649173,
    0.5982092550915218, 0.6537928544524788, 0.6630478468926058,
    0.6780139620321384, 0.683951293428739, 0.6886785691199097,
    0.7011451101389483, 0.7078205832968587, 0.7022632693035016,
    0.7013862478560297, 0.7119085875110349, 0.6895524498777114,
    0.7208443754825041, 0.7174929546705191, 0.7233110724583918,
    0.7220723730498466, 0.7181229474751846, 0.7309723978025325,
    0.7267147065072821, 0.7194655559201171, 0.7242838055759239,
    0.7305323017248209, 0.7069383192321529
  ],
  "training_time": 556.6392736434937,
  "avg_gradient": 0.0028945320217195103,
  "memory_usage": 1145.87109375
}
