{
  "train_losses": [
    0.2656298657150372, 0.22877531846904237, 0.2045549272519091,
    0.1871609844105399, 0.17614477346448795, 0.16482843661113925,
    0.15688189528072657, 0.15119742237679337, 0.14595511280324147,
    0.14189457707107067, 0.13475956954061985, 0.13227286720243486,
    0.12925878446549177, 0.12266974701829579, 0.11944329115035741,
    0.11591732121356156, 0.11433939700541289, 0.10872016308586234,
    0.10726577962708214, 0.10786646426371906, 0.10372900634842075,
    0.1016178006792198, 0.09673377721691909
  ],
  "val_losses": [
    0.25232329478730325, 0.26576555163963983, 0.20839781994405,
    0.2042872024619061, 0.1759469771514768, 0.1750310617296592,
    0.2172200232744217, 0.1610634620098964, 0.1580481459589108,
    0.15742924436926842, 0.1553169618482175, 0.16510605326165323,
    0.13969943834387738, 0.14861824978952823, 0.1408814063862614,
    0.1475063858796721, 0.1414510602860347, 0.14543140938748483,
    0.15182370222781016, 0.15192699902083562, 0.1368483159205188,
    0.1333492939238963, 0.14603543864644092
  ],
  "train_ious": [
    0.4619332665739498, 0.5345952419861072, 0.5774405209374601,
    0.6115186540004995, 0.6314961692669252, 0.6501591512258504,
    0.6652679965439909, 0.675399962974631, 0.6855270764318065,
    0.692225919307574, 0.7051082309605418, 0.7092991011838119,
    0.7151997246496054, 0.7273420933364099, 0.733574578187604,
    0.7390098945926064, 0.7420437218270441, 0.7524547658428765,
    0.7551318221873996, 0.7541989925978843, 0.7616492492025317,
    0.765753390132517, 0.7749971753337244
  ],
  "val_ious": [
    0.48954286118564405, 0.49090708651836357, 0.5551080604394276,
    0.5765941814667936, 0.6315485807000728, 0.6325977390659027,
    0.6071843850439873, 0.6579112509886424, 0.6662032897921575,
    0.6645201913256575, 0.6690696678731755, 0.6614712558794713,
    0.6986413312994914, 0.6839710666217664, 0.6966993221338244,
    0.6911999727936758, 0.6979849509138993, 0.6969010730584462,
    0.6878224969774053, 0.6853948468747345, 0.7089689950580182,
    0.7153638126193613, 0.6978618489659351
  ],
  "training_time": 494.0278537273407,
  "avg_gradient": 0.007695106203919613,
  "memory_usage": 1145.87109375
}
