{
  "train_losses": [
    0.2683279211430446, 0.22880557479093905, 0.20396919783366763,
    0.1864944042880898, 0.17277054221409818, 0.16043149177794871,
    0.1541346554522929, 0.14653336378219334, 0.14164899050703514,
    0.1373090096141981, 0.13353564359409653, 0.13023333457986946,
    0.12437947888089262, 0.12127695726635664, 0.11703196957545436,
    0.11341287377897812, 0.11124478887928568, 0.10853329709852519,
    0.10574913316446802, 0.10103859938681126, 0.10055485197707363,
    0.10136966366806756, 0.09688042731874663
  ],
  "val_losses": [
    0.23932943233977194, 0.2337358934075936, 0.20608187823191934,
    0.18367614953414255, 0.1646599772831668, 0.15782348860217177,
    0.16128712439018747, 0.1555171158650647, 0.1462670548454575,
    0.14383952238637468, 0.16000720113515854, 0.13918406759267268,
    0.14061660530126613, 0.1355175735509914, 0.1386629608662232,
    0.16328083691389664, 0.1383338497708673, 0.13794916706240695,
    0.13298890221378076, 0.1343164912060551, 0.14007455191534499,
    0.13998810039914172, 0.18991517729085425
  ],
  "train_ious": [
    0.455904019092196, 0.5333588513397219, 0.5790192775860216,
    0.6110045117852483, 0.6362858586877154, 0.6580814368266992,
    0.6698908270809099, 0.6831666030853555, 0.6922506514018865,
    0.7009615877076341, 0.7068965081395454, 0.7142726598658425,
    0.7247145611630835, 0.7297346744740354, 0.7379164630952088,
    0.7442494769027264, 0.7482763379812241, 0.7531637671956979,
    0.7578277834083715, 0.7673517004519267, 0.7681459817981376,
    0.7658611264997637, 0.7750971547827343
  ],
  "val_ious": [
    0.5157512709282447, 0.5405339766023816, 0.5735774358761485,
    0.6166190224281255, 0.6510867359845535, 0.6672138396812519,
    0.6622283586125443, 0.6699602623348649, 0.6840903864822526,
    0.6889845433010571, 0.6723409990469617, 0.6983309116052546,
    0.6975578086963599, 0.7070680271456206, 0.7044602792332139,
    0.6722714285487714, 0.7078452140524765, 0.7072075456380845,
    0.718440748643184, 0.7193905486576798, 0.7096172307712444,
    0.7147575519655064, 0.6529630588880485
  ],
  "training_time": 497.9573612213135,
  "avg_gradient": 0.008796816517208123,
  "memory_usage": 1145.87109375
}
