{
  "train_losses": [
    0.26569287163083966, 0.22667926784766756, 0.19835396046223847,
    0.17939532483401505, 0.16970072484210783, 0.15934089089379364,
    0.1526824521386753, 0.14389204015226467, 0.14012759786261164,
    0.13352232098417438, 0.12929723136450932, 0.12656793957981077,
    0.12368517575542563, 0.11951805975126184, 0.11915591423926146,
    0.11046363348546236, 0.11036008964900089, 0.10480211237850397,
    0.10651765832596499, 0.10182000494197659, 0.09785532595022865,
    0.09615700890350601, 0.09603854564382978, 0.09091679075651843,
    0.09436648075833269
  ],
  "val_losses": [
    0.2406301495173703, 0.2120303210356961, 0.18901306002036386,
    0.1936597649170005, 0.18417532871598782, 0.15527624053799588,
    0.16514523327350616, 0.23024785842584528, 0.14481797522824744,
    0.1439827235172624, 0.14949621551710626, 0.1399419422706832,
    0.13982807569529698, 0.1370101127287616, 0.13213564374524614,
    0.16008158222488736, 0.16321502366791601, 0.13145409362471622,
    0.14536305144429207, 0.13725324282827583, 0.13425458805716556,
    0.13534061254366583, 0.1340604016314382, 0.1310678025626618,
    0.13681671136747237
  ],
  "train_ious": [
    0.4652572789202459, 0.538888967393533, 0.5905170219315999,
    0.6245785717299018, 0.6423738866612532, 0.6604701361038549,
    0.672101977996636, 0.6882949047114535, 0.6951227567118144,
    0.708422530280507, 0.7151808856945974, 0.7206040483130067,
    0.7252959914073568, 0.7335725800282715, 0.733865972824287,
    0.7494239581451896, 0.74925487526301, 0.7600912004169346, 0.756624400075795,
    0.76496164759864, 0.7719358414195588, 0.7753075536178506, 0.775473392204098,
    0.7851792867092982, 0.7791850898360864
  ],
  "val_ious": [
    0.5158242555200189, 0.5644549221016358, 0.607921235587286,
    0.6098324412453003, 0.6310891794121786, 0.6692463235146758,
    0.6564133333555165, 0.547365476903708, 0.6876757846794268,
    0.6881113618180373, 0.6851460914249007, 0.698819672283919,
    0.6974637847447742, 0.7052744287943497, 0.7146594777055408,
    0.6778100890957791, 0.6866934197968333, 0.7185910048260206,
    0.7009837072396623, 0.7100790976614191, 0.7173585630413417,
    0.7144787860089453, 0.7213510952997898, 0.727037708396497, 0.712738290645074
  ],
  "training_time": 537.5288324356079,
  "avg_gradient": 0.00300414385826282,
  "memory_usage": 1145.87109375
}
