{
  "train_losses": [
    0.2797770218356796, 0.22649841156342757, 0.20080922592593275,
    0.1812215170458607, 0.1724720070057589, 0.16146502781497396,
    0.15602560588361128, 0.15105612616500128, 0.14368358979244594,
    0.13855551296602125, 0.13388964149129132, 0.1287247966165128,
    0.12644960496412672, 0.12290151129760173, 0.12012486406804426,
    0.11454507975798586, 0.11363111432317806, 0.10781739895110545,
    0.1086224094843087, 0.10366178190578586, 0.10484412413738343,
    0.09867867228129636, 0.09586820856708547, 0.09524558691064948,
    0.09467536781955024, 0.09457239358807387, 0.08916386176386605,
    0.08762959718866192, 0.08737779955339173, 0.08559338165366132,
    0.08508421440163384, 0.0854192349816794, 0.0824024775672866,
    0.07894210723917121, 0.0757202152972636, 0.07542449989072654,
    0.07595868890538164, 0.07961170701310039, 0.0779152383784885
  ],
  "val_losses": [
    0.24079907977062723, 0.20949741679689157, 0.18550123986990555,
    0.18518868704204974, 0.17247009698463522, 0.15657872479894888,
    0.1569658576146416, 0.15601231578899466, 0.14829904618470566,
    0.14404854421382365, 0.15142915203519489, 0.1445247393263423,
    0.13640351431525272, 0.1479240283370018, 0.12899756625942563,
    0.13377873486150865, 0.14045313632358675, 0.1435215487752272,
    0.1313864141702652, 0.13487049127402512, 0.12844860019243282,
    0.13532198576823526, 0.12784118529247201, 0.12441263509833295,
    0.12939618317329366, 0.12956742990923964, 0.12451767403146495,
    0.1301362004293048, 0.124319635655569, 0.1379500541674054,
    0.12904605172250583, 0.13269367360550424, 0.13375948385699934,
    0.131444638028093, 0.12974488281685373, 0.1323375288882981,
    0.13476470209982083, 0.12749143754658493, 0.1429853112153385
  ],
  "train_ious": [
    0.43799289761354093, 0.5385399152511271, 0.5849322176713877,
    0.6203553871508091, 0.6361944860630276, 0.656295325661051,
    0.665642251085112, 0.6755346926874012, 0.6885622239847112,
    0.6980672119104345, 0.7059705956582575, 0.7160297494543635,
    0.719501915509286, 0.7260913211258425, 0.7317225819156654,
    0.7416730111167916, 0.7441853525090044, 0.7543800434880493,
    0.7525613115749501, 0.7621409385532579, 0.7598313330740166,
    0.7710471244501893, 0.7761120671487369, 0.7782269494904986,
    0.7788094988335735, 0.7792571388400978, 0.7892485828935238,
    0.7921839646347191, 0.7925159911746562, 0.7960065221009044,
    0.796861229923324, 0.7968343996807282, 0.8024399361532666,
    0.8093290088185366, 0.8162679342903949, 0.8166345078228175,
    0.8155180133771205, 0.8089155374445778, 0.8120259662037314
  ],
  "val_ious": [
    0.5081900781479434, 0.5751827431545742, 0.6078673825747726,
    0.5998495281606478, 0.6419581524703812, 0.6637095249649407,
    0.6606949658497523, 0.6725532572338547, 0.6806564052467762,
    0.6895442635252855, 0.682221606157828, 0.6882735045923701,
    0.7004554479018502, 0.6848970204591752, 0.7196629509545756,
    0.7127647576988607, 0.7101463602072949, 0.7050017489903216,
    0.7188381978135179, 0.712415450077126, 0.72396987201511, 0.7162596360928769,
    0.7321558203818143, 0.7321418459000795, 0.7297125188768772,
    0.728917609522308, 0.7357561745937322, 0.7331113575593285,
    0.7363910860773448, 0.7276221012723619, 0.7368027068998504,
    0.7241766947335091, 0.7343460500672245, 0.7399409473806189,
    0.73714061923649, 0.7407530334548673, 0.740647457000138, 0.7408646971419239,
    0.7196744220412294
  ],
  "training_time": 833.9573032855988,
  "avg_gradient": 0.0030457119000851826,
  "memory_usage": 1145.87109375
}
