{
  "train_losses": [
    0.26461884371288447, 0.22071594850200674, 0.19385202650142752,
    0.1775871414853179, 0.16810192216349684, 0.15681365537254707,
    0.15085444129679515, 0.14469527287165757, 0.13754278749389492,
    0.13631653668277938, 0.13043165838588838, 0.1273050033689841,
    0.12313678803975167, 0.11705224839565546, 0.11829886160305013,
    0.11361764638644198, 0.1067613054714773, 0.10328752381484145,
    0.10327719188416781, 0.09863940873385771, 0.09390601256619328,
    0.09720071668372206, 0.09307218484742485, 0.09014381055274735,
    0.08782984607893488, 0.0896499973276387, 0.08322332333773375,
    0.08192466697453157, 0.08371910011476796, 0.07931935633330242,
    0.076998688928459, 0.07371125281181025, 0.0720033309948833,
    0.079561080419175
  ],
  "val_losses": [
    0.25299286745164706, 0.21534717309734094, 0.18387975446555926,
    0.19267392644415732, 0.16309311014154684, 0.17303874473208966,
    0.15367889663447504, 0.14651810782759087, 0.1492008484252121,
    0.1479486468369546, 0.15436430194455644, 0.1548364160825377,
    0.14614838669481484, 0.14467301916169084, 0.1473250538110733,
    0.13297108463619067, 0.129047565324151, 0.14412070859385573,
    0.13240748093180035, 0.13483553298789522, 0.13593029619558997,
    0.13443211287907933, 0.13057882257777711, 0.1423591624783433,
    0.13482941525137943, 0.13824480480473975, 0.12911032674753148,
    0.13393819186350572, 0.13489865365883577, 0.1367565213662127,
    0.13605328390131827, 0.13668117315872855, 0.13386525651035103,
    0.16839963748403217
  ],
  "train_ious": [
    0.4693826649041062, 0.5485024494051504, 0.5991043428471983,
    0.6278473281342049, 0.6457059381232746, 0.6657179012570693,
    0.6762015865980717, 0.6861167015588802, 0.6997112929821013,
    0.7030324340946431, 0.7136554249386854, 0.7186185507562715,
    0.7266946027352322, 0.7371908358257749, 0.7348170201091663,
    0.7441078349408031, 0.7566936406428397, 0.7626532842607597,
    0.7627491399213888, 0.7711904675740261, 0.7806322456378001,
    0.7739156971051205, 0.7818610210889488, 0.7873212835495024,
    0.7916937243679295, 0.7886548289030355, 0.8011439241792846,
    0.803608437757129, 0.7998711778309899, 0.808866464249465,
    0.8133649248359859, 0.8204130057407465, 0.8238835953499958,
    0.8098542648165121
  ],
  "val_ious": [
    0.4916994137608487, 0.5606200001809908, 0.617611567179362,
    0.6099818197713384, 0.6534829990587373, 0.6498783172472666,
    0.6731254469225372, 0.6814884651398314, 0.6772874258998511,
    0.681471052809038, 0.6855975337650464, 0.6683592033990916,
    0.687782469003097, 0.6972374795139701, 0.6907617989657582,
    0.7120739366265312, 0.7191253354152044, 0.7081258456776106,
    0.7166943712079008, 0.7180343514335329, 0.7116612878398618,
    0.7179044783115388, 0.7210111648276233, 0.7113075649392778,
    0.7197330967671628, 0.7162924210230509, 0.7297744012397268,
    0.7280134422623591, 0.7231099270824074, 0.727028002989465,
    0.7282834538946983, 0.7332516457291618, 0.7338550989178646,
    0.6868740080491356
  ],
  "training_time": 728.0954613685608,
  "avg_gradient": 0.008090528181986661,
  "memory_usage": 1145.87109375
}
