{
  "train_losses": [
    0.26388755375924317, 0.21785681565170703, 0.19730169366559255,
    0.18219471390804517, 0.16973884760037714, 0.16021254261874635,
    0.1516967302026308, 0.14571303169688452, 0.13845777353676764,
    0.136235358800901, 0.13120943433402674, 0.12702390065659647,
    0.12099623505997917, 0.11857666050934274, 0.1141477958501681,
    0.11332903033041436, 0.10812507545494515, 0.10684804229632668,
    0.10402931815580181, 0.10020495238511459, 0.09914010487820792,
    0.09454814741468948, 0.09122940731923217, 0.09724715967541156,
    0.0885333462982722, 0.08849074331152698, 0.08481988241977018,
    0.08190956756310619, 0.08654020439185527
  ],
  "val_losses": [
    0.2701160548173863, 0.22148840939221176, 0.20429289664911188,
    0.18580244708320368, 0.17948301104099854, 0.1633309802931288,
    0.1559158949100453, 0.15663527956475382, 0.1475399863784728,
    0.152506565756124, 0.1582799602461898, 0.146290331269088,
    0.15305173947759296, 0.15408178208314854, 0.14175053475343663,
    0.13532686929987825, 0.14826413405978162, 0.14137504703324774,
    0.1446185892690783, 0.14100492405502693, 0.14414309272947518,
    0.137492331797662, 0.15501533562074538, 0.13886116623230602,
    0.13397700582509456, 0.1394451318875603, 0.1405761201420556,
    0.13658646915269934, 0.14926542681844338
  ],
  "train_ious": [
    0.46973264375971524, 0.5542439626178882, 0.5897429386504751,
    0.6174125598500606, 0.6402266699334852, 0.6572404542155025,
    0.6725776062711426, 0.6837304327367012, 0.6978229523460933,
    0.7027389104275599, 0.7121790449904357, 0.7193184582435568,
    0.7298873271523181, 0.7343510259752688, 0.7427709838510418,
    0.7435953226750311, 0.7526670485950898, 0.7563341045617193,
    0.7618819309965427, 0.7678648879670577, 0.7695524947906753,
    0.7789651882173357, 0.7850595453511113, 0.7739951544697731,
    0.7905854294481485, 0.7905347995136102, 0.7976183509049208,
    0.8035900761791762, 0.7942536878197086
  ],
  "val_ious": [
    0.48890241872573265, 0.5570584339076194, 0.5767902962971425,
    0.6171329012815503, 0.6309491750122845, 0.6593027328667431,
    0.6695519510818564, 0.6693065598391105, 0.6872468752705532,
    0.6765456171571345, 0.6785437417203101, 0.6898787192244461,
    0.6864699943773989, 0.6861789846333904, 0.7009728820859522,
    0.7092440601276315, 0.6915655628494592, 0.704306852126467,
    0.7012934239878171, 0.7039326567580733, 0.7002641051143842,
    0.7154568194047263, 0.6992368261883226, 0.7198474703059681,
    0.7257482241029325, 0.7205054492190265, 0.7177713137605918,
    0.7305787834136381, 0.7006046692098395
  ],
  "training_time": 621.6202862262726,
  "avg_gradient": 0.005118855900580212,
  "memory_usage": 1145.87109375
}
