{
  "train_losses": [
    0.27216042505334254, 0.22996785977612372, 0.2086058262249698,
    0.19332192668124384, 0.1781589532190043, 0.16734053534658058,
    0.16056489551682834, 0.15511064883321524, 0.1475009519363875,
    0.14328583390654429, 0.13861551370633685, 0.13624854252228272,
    0.13214190802334444, 0.1272595375371368, 0.1264301576125233,
    0.1199739542182373, 0.11863609152319639, 0.11561804471294516,
    0.11281324279211137, 0.10830470263634039, 0.1053091038585357,
    0.10538148762577254, 0.10250931824355022, 0.10029207789541586,
    0.09721378415175107, 0.09341838336347238, 0.09538811088904091,
    0.08994125380464223, 0.09100392849549004
  ],
  "val_losses": [
    0.23681761000467383, 0.23643348657566568, 0.2172672917013583,
    0.19339131661083386, 0.19934775939454202, 0.1697929608433143,
    0.15957558932511703, 0.15324823396361392, 0.15111964843843295,
    0.18510501928951428, 0.15223952479984448, 0.14369484782218933,
    0.15680508218381717, 0.15251664461001105, 0.13786218477332074,
    0.14660218503812086, 0.1376064244819724, 0.13638140325960907,
    0.14634202534089918, 0.14083353478623473, 0.1440318304559459,
    0.13110353004025377, 0.13200356649315875, 0.13079692714888116,
    0.13069434836506844, 0.14162014926905217, 0.13026174919112868,
    0.13068041027240132, 0.15820732405004295
  ],
  "train_ious": [
    0.45200896794921247, 0.531913799463191, 0.5694622045949752,
    0.5975383165953814, 0.6266730353776097, 0.6467939723768962,
    0.6589202222724755, 0.6676949561182143, 0.6821769082891764,
    0.6893856168009235, 0.6979120927660358, 0.7031796931464602,
    0.710603257668191, 0.7188092148930268, 0.7200397435521735,
    0.7318263528463629, 0.7352649256371072, 0.7406901962839175,
    0.7445010261583159, 0.7533186549401805, 0.7591547304629418,
    0.7589126063537768, 0.7636173112128958, 0.7679571706423727,
    0.7739808474113975, 0.781074125373709, 0.7774663286796514,
    0.787922397363877, 0.7864138314473454
  ],
  "val_ious": [
    0.5171710379097774, 0.5308076952030695, 0.5560391609003578,
    0.5975931574037109, 0.6091678799062537, 0.6428331888240316,
    0.6577089618945468, 0.6728608254073322, 0.6748938590720079,
    0.6288110119277153, 0.6734591577795969, 0.6900362080853918,
    0.6686454590248025, 0.6774740011795708, 0.7020906780077062,
    0.6926303862229638, 0.7044220158587329, 0.7043007929687918,
    0.6918290112761482, 0.7044737343338952, 0.7019805608020312,
    0.7177538923595261, 0.7159843429707099, 0.7209131471488787,
    0.7222122496020967, 0.7065255566351658, 0.7188723346461419,
    0.7267202473636987, 0.6793585188578869
  ],
  "training_time": 620.8990778923035,
  "avg_gradient": 0.005289431850890225,
  "memory_usage": 1145.87109375
}
