{
  "train_losses": [
    0.26946493019552337, 0.22950494888684023, 0.20723258606765582,
    0.18753994871740756, 0.17320555051707703, 0.16566751796104337,
    0.1556809691955214, 0.15055138731132384, 0.14438471015866683,
    0.13934464214126702, 0.13622053526341915, 0.1320966309260415,
    0.12630248859362758, 0.12291937985497972, 0.11841912211283394,
    0.11645442316227633, 0.1118733175098896, 0.10829726922447266,
    0.10820671693300424, 0.105571449936732, 0.10066165839848311,
    0.10041660260733055, 0.09455964694042569, 0.0908423183971773,
    0.09591057702251103, 0.09185737590103046, 0.08759398438522349,
    0.08834327656127837, 0.08741782735223355
  ],
  "val_losses": [
    0.24353941983502844, 0.22814885202957236, 0.20531168320904608,
    0.18590698034866995, 0.1760199157440144, 0.1598095505133919,
    0.17201902490595114, 0.14928351699010187, 0.14705086256498875,
    0.1507180425459924, 0.15356987941524256, 0.14282088111276212,
    0.13895838464731755, 0.14176128772289856, 0.13146371604955714,
    0.1342509019633998, 0.138600611978251, 0.13628890705497368,
    0.13207042039088582, 0.12967174662196118, 0.1346587537099486,
    0.12714732098190681, 0.12647718693251195, 0.13616363202100215,
    0.1378721416644428, 0.12585688139433446, 0.13515951257684958,
    0.13441934873876366, 0.13623175851028899
  ],
  "train_ious": [
    0.45441409057357157, 0.5328428659696081, 0.5733602648142025,
    0.6086192000387368, 0.6363658612405042, 0.6494726704406563,
    0.6676814056716964, 0.6775998352230459, 0.6886811763372112,
    0.6974676592626438, 0.7020755313012907, 0.7102265235414541,
    0.7216341498753297, 0.7282164848369098, 0.7352774469316871,
    0.7382755328131757, 0.7463561220337518, 0.7537110667081848,
    0.7533409929685836, 0.7584123364177305, 0.7674715693338193,
    0.7677092761665151, 0.7785464531701546, 0.7864809925465484,
    0.776107363240874, 0.7840503245808071, 0.7923486079426774,
    0.790821973828302, 0.7928294477363423
  ],
  "val_ious": [
    0.5053872132430905, 0.5324330462709718, 0.5828800365544748,
    0.630607726565306, 0.6275993306999622, 0.6615690023138903,
    0.6462439970261808, 0.6774187783400218, 0.689022322927696,
    0.6808968095675758, 0.6700074454580528, 0.6929062179465226, 0.7001621051543,
    0.6938554150038871, 0.7132074968970339, 0.7083914383597998,
    0.7081676151441493, 0.7135562181904697, 0.7153747528791428,
    0.7225201611501584, 0.7148925895276277, 0.7255885994088823,
    0.72800298942172, 0.7180537184079488, 0.7182001989820728,
    0.7343544951383617, 0.7201590944027554, 0.7184308624785881,
    0.7142721297948256
  ],
  "training_time": 620.8112499713898,
  "avg_gradient": 0.004064153350179618,
  "memory_usage": 1145.87109375
}
