{
  "train_losses": [
    0.26561308328224265, 0.2276330263880284, 0.20098559914723688,
    0.1867222972214222, 0.17374134663006532, 0.16261229064801466,
    0.15599628019592035, 0.14996443810346333, 0.14322381604300893,
    0.13859301445114872, 0.1326381045839061, 0.1353737894931565,
    0.1242867301258704, 0.1234826450438603, 0.11901277109332707,
    0.11834083521819633, 0.11423507211324961, 0.10942210832043835,
    0.10603939405763926, 0.1027105948685304, 0.10207079642492792,
    0.09924803828091724, 0.09770676768992258, 0.09198777782528297,
    0.09125823478983797, 0.08854796401346507, 0.08707810403860133,
    0.08761486901051324, 0.08231784472161013, 0.08236780410389537,
    0.08285126017163628
  ],
  "val_losses": [
    0.24847073431896127, 0.2126505821943283, 0.21545472741127014,
    0.16794612274869627, 0.19897649372401444, 0.1567702785782192,
    0.15998745207553325, 0.1442421650433022, 0.14363967351939366,
    0.1371001246506753, 0.15288396438826685, 0.138864659420822,
    0.13501633120619733, 0.1378218659564205, 0.1363832223350587,
    0.14294353645780813, 0.12748064424680627, 0.13178087447000586,
    0.13443534659302753, 0.12831401015105454, 0.1282523416954538,
    0.14232555582471515, 0.13353231419687686, 0.13657724889724152,
    0.13185665335344232, 0.12997190038795056, 0.13690277399576228,
    0.12949372617446858, 0.1295295757767947, 0.12954962253570557,
    0.14512745728311333
  ],
  "train_ious": [
    0.46162639085230417, 0.5359288055881644, 0.5825474393162606,
    0.6094420685068421, 0.6314961555535379, 0.6548489464473897,
    0.6659331499882367, 0.6766487377817217, 0.6907904874263465,
    0.6977002437671888, 0.7091237936654816, 0.7037086572660052,
    0.7241604178604008, 0.7254477610838588, 0.7331038933193339,
    0.7346996343762113, 0.7421956334425054, 0.7514646395608999,
    0.7575884433868134, 0.763147080668073, 0.7644156328793881,
    0.7694295845601872, 0.7733507897650853, 0.7834833401484765,
    0.7850423385591607, 0.7903345177031081, 0.7934112399816513,
    0.792163261036942, 0.8023710199024362, 0.8024312540672822,
    0.8014567726548169
  ],
  "val_ious": [
    0.5056499238463416, 0.5659656519259232, 0.5633351215417834,
    0.6456301376439523, 0.6066894129566525, 0.6671669394641683,
    0.6626315358756247, 0.6882875572512116, 0.6926068343977999,
    0.705135665078094, 0.6810811993436535, 0.6966604784778927,
    0.7093027212481569, 0.7031242605568705, 0.708683305244515, 0.7028072329535,
    0.7224386008321375, 0.721671161444291, 0.7153696430766064,
    0.7238012167854585, 0.7237153962470484, 0.706090981113738, 0.72438657650913,
    0.7251683236032292, 0.7263099322284478, 0.7299095772314763,
    0.7229848996452661, 0.7349565972884499, 0.7371138543754385,
    0.7385428165612012, 0.720314040132191
  ],
  "training_time": 663.9887588024139,
  "avg_gradient": 0.004195431529902911,
  "memory_usage": 1145.87109375
}
