{
  "train_losses": [
    0.264731127201863, 0.22502128059125465, 0.20488618006524834,
    0.1835331753220247, 0.1719366925890031, 0.16184085392919573,
    0.15414767412711744, 0.14545858177639867, 0.14351142497490282,
    0.13731596465020077, 0.13455761377902134, 0.12783758026426253,
    0.12551419108944095, 0.1212911660094624, 0.1158762802572354,
    0.11486904626793187, 0.11150059719448505, 0.1065748042791434,
    0.10432559887514166, 0.10131329103656438, 0.0990772848624898,
    0.09703520908141913, 0.09601915708702544, 0.0911383539762186,
    0.08956777875352165, 0.08760561583482701, 0.08572703170711579,
    0.0847426077917866, 0.08793774522517038, 0.0853285520620968,
    0.08003565053577008, 0.07639904340486163, 0.075900805749647,
    0.07888885057004898, 0.07570801541695128, 0.07639231913439605,
    0.07497216947376728, 0.0692284946815799, 0.06745127240276855,
    0.06593750439503271, 0.06543920879535702, 0.06499531328597147
  ],
  "val_losses": [
    0.24338623395432596, 0.21786346189353778, 0.2187133262986722,
    0.1871083505127741, 0.17599736380836237, 0.17245999561703723,
    0.15794488722863403, 0.15545101690551508, 0.1529928526800612,
    0.1508420488756636, 0.14579582198158555, 0.14499096118885538,
    0.14537064828302548, 0.14106072647416074, 0.13666260501612787,
    0.134591741082461, 0.13502420420232025, 0.13499743442820467,
    0.14313498009806094, 0.13631890147276546, 0.13934724696952364,
    0.15036046796518823, 0.13347412726801375, 0.14303672977763673,
    0.1405363552596258, 0.14043490653452667, 0.128545007304005,
    0.13796239087115164, 0.14275673080397688, 0.13955722862611647,
    0.13252091359185136, 0.13633054996962132, 0.13403009072594022,
    0.14630487512635149, 0.1442239896758743, 0.13773542772168698,
    0.13441537709339804, 0.13557597589881523, 0.13853929110843202,
    0.13801247513164644, 0.1439069193666396, 0.14748554838740308
  ],
  "train_ious": [
    0.46639256571433046, 0.5399248062808445, 0.5762742079686427,
    0.6149689621575501, 0.6364582062739392, 0.6546070265273254,
    0.6687530428711052, 0.685321317310783, 0.6880759249130886,
    0.7002262320315493, 0.704903412448323, 0.7177323160180148,
    0.7211090639989446, 0.7290703310374763, 0.7387880167883373,
    0.7408455488798416, 0.747893260710913, 0.7560925129531085,
    0.7598843480041922, 0.765911068389381, 0.7701462545580621,
    0.7739801658992314, 0.7759811782102655, 0.7848419638863509,
    0.7880876728374028, 0.7916919709979622, 0.795906106468992,
    0.797600840204868, 0.7920577244806113, 0.7964288818555463,
    0.8068033597175625, 0.8142170881231626, 0.8152694863037785,
    0.809737981661506, 0.8158400691505787, 0.8143546089961914,
    0.8174226645758185, 0.8296953015353372, 0.8333503102910692,
    0.83680858830179, 0.8377454492492953, 0.8387830435581826
  ],
  "val_ious": [
    0.5053802117489388, 0.5556342349104262, 0.5508694045137669,
    0.61293111892714, 0.6340009209470472, 0.6493637129880381,
    0.6656253538701847, 0.6729741783245748, 0.6749118486608284,
    0.6780496427546375, 0.6900047227956247, 0.6894627645395804,
    0.6917528624551884, 0.6925950223121091, 0.7040362967097241,
    0.7103064258893331, 0.7111318152451862, 0.7142224877640821,
    0.7002992005883786, 0.710587181042934, 0.7177200833524483,
    0.6931392956471096, 0.7217126568590386, 0.7098635052857192,
    0.7140804326188738, 0.715176467662272, 0.7306549842806831,
    0.7151014735733251, 0.7008925741133484, 0.7249313988115474,
    0.7292176580083541, 0.7329741385967834, 0.7289455865604291,
    0.7160811869130618, 0.7279651385286579, 0.7213046496761015,
    0.7306912560825765, 0.7367386355780176, 0.7333686818247258,
    0.7359954542007998, 0.7301220045141552, 0.7234855045874914
  ],
  "training_time": 898.9349730014801,
  "avg_gradient": 0.0029704203501850473,
  "memory_usage": 1145.87109375
}
