{
  "train_losses": [
    0.2879276653832715, 0.23493430682498476, 0.21437194263157638,
    0.19230941043275854, 0.17958144373867824, 0.1693791339740805,
    0.16048503974857536, 0.1532198599661174, 0.14889278449118137,
    0.14210465218385923, 0.13901004292394803, 0.13337757272402878,
    0.12819278908326573, 0.12497483230317416, 0.1205563012348569,
    0.11836347344290951, 0.11440686756016119
  ],
  "val_losses": [
    0.2747111748094144, 0.3260756212732066, 0.21329644095638525,
    0.21185856118150379, 0.1818465927372808, 0.16853195947149527,
    0.15588780751694803, 0.16106091698874597, 0.1619354251610196,
    0.16569971779118414, 0.14655665713159935, 0.13980492900895036,
    0.1413656384076761, 0.14077538413845975, 0.1566143559049005,
    0.13434894010424614, 0.16439026594161987
  ],
  "train_ious": [
    0.4221618521209483, 0.5214028276395105, 0.5591493677077949,
    0.6007389191916025, 0.6227110558985798, 0.6414295696801895,
    0.6579611326257389, 0.6707296580940058, 0.6779129906840947,
    0.6905461730624453, 0.6968974756697818, 0.7065900158730969,
    0.7170637025349381, 0.7226373942002006, 0.7301224721190721,
    0.734880509097939, 0.7417555198181368
  ],
  "val_ious": [
    0.42192068998364446, 0.45903403884258825, 0.5787227776819381,
    0.5636793815571328, 0.6294175321641177, 0.6461761520392652,
    0.6713546242402948, 0.6678797207448793, 0.6647323164818942,
    0.6630118845597558, 0.6829430039810098, 0.6993059770784518,
    0.6987486384485078, 0.7023773314296335, 0.6917549347963887,
    0.7105847644633141, 0.6649221300646877
  ],
  "training_time": 365.1386921405792,
  "avg_gradient": 0.004716191799764221,
  "memory_usage": 1145.87109375
}
