{
  "train_losses": [
    0.2712082163147304, 0.22578811920855357, 0.2010792288929224,
    0.18491429673588794, 0.17291621288851552, 0.16293996183768564,
    0.1569162246811649, 0.1507536677400703, 0.14396841139735087,
    0.13988381340775802, 0.13714139289020197, 0.13002057045536197,
    0.12358576051242974, 0.12241425170846608, 0.11978593055644761,
    0.11636822241479935, 0.1114054247332008, 0.10970196063103883,
    0.10444490182334962, 0.10082415977249974, 0.10025466087719669,
    0.0970853361422601, 0.09848752970118886, 0.096170826288669,
    0.09349300003732028, 0.08818440179785957, 0.08795676558561948,
    0.08589481922757367, 0.09551828314104806, 0.08304206087537434,
    0.0786279910446509, 0.07818632054588069, 0.07538270942218926,
    0.07658616991956597, 0.07622454173700965
  ],
  "val_losses": [
    0.2636076999099358, 0.2413600663775983, 0.2171575469167336,
    0.1756692363516144, 0.18253351780383484, 0.1602453122968259,
    0.1660101303587789, 0.15453435189050177, 0.1631323776167372,
    0.15717728954294455, 0.15486221825299057, 0.14530340339178624,
    0.13251127772357152, 0.14972928376949352, 0.13380805953689243,
    0.152609640651423, 0.1337360676539981, 0.13484320449440376,
    0.12601186448465224, 0.13017092191654703, 0.13831604952397553,
    0.13528014460335608, 0.13310001401797586, 0.13434238294544426,
    0.12913269112291542, 0.12974962478746538, 0.127483783694713,
    0.1268286372980346, 0.12899134291902833, 0.1299909366213757,
    0.12805925131491994, 0.12533445996434792, 0.13066669521124466,
    0.1329195812020613, 0.13765136460247246
  ],
  "train_ious": [
    0.4562412923525855, 0.5398354100846295, 0.584225474573348,
    0.6142395464838415, 0.636199550514204, 0.6535546325039169,
    0.6648081048135309, 0.6763589795732845, 0.6893798127446485,
    0.696672023098538, 0.7003054626394005, 0.71374646347502, 0.7258367374863312,
    0.7266334476678264, 0.7316818137963613, 0.7382217681818253,
    0.7482301412501201, 0.7511539594742701, 0.7603967271313282,
    0.767172087361847, 0.7679431769402997, 0.7736563914172029,
    0.771213131052428, 0.7758388759541335, 0.7808757773128102,
    0.7912121644594524, 0.7914087840936318, 0.7957415457652969,
    0.7775725560343784, 0.8009941215100495, 0.810315807444462,
    0.8114385840253557, 0.8169302527887232, 0.8143137191300805,
    0.8149984514583705
  ],
  "val_ious": [
    0.46120187953330466, 0.5083377232802085, 0.5727233386773996,
    0.6234728605418965, 0.6146241815193839, 0.6590286588323288,
    0.6550180160480997, 0.6724728345870973, 0.6732055702503177,
    0.6760196983814241, 0.6823878277471099, 0.6880673820125884,
    0.7089865894421286, 0.6874277231054029, 0.7071796310120734,
    0.6797268621731496, 0.7120741869228473, 0.7065740612106045,
    0.7256094245375068, 0.719314524229022, 0.7102826155614161,
    0.7147085664496905, 0.716432584800582, 0.713603427876597,
    0.7289597709541732, 0.7286211597746695, 0.7316805890936784,
    0.7322363864252531, 0.7292836964994238, 0.7319541450427929,
    0.7345273803541627, 0.7381900216358296, 0.7336094819981117,
    0.7277921086204223, 0.7245676899733754
  ],
  "training_time": 749.1619968414307,
  "avg_gradient": 0.0028202426934580828,
  "memory_usage": 1145.87109375
}
