{
  "train_losses": [
    0.2726892730140168, 0.22578799481625142, 0.2047224896757499,
    0.18527302121662576, 0.17625262231930441, 0.16088033232675947,
    0.1551150383994631, 0.14788279455641043, 0.14314020080896822,
    0.13677982815905756, 0.1329061349691904, 0.12974939624900403,
    0.12507110404903474, 0.12418387279562328, 0.11819994583240022,
    0.11322422406595686, 0.11173432599753141, 0.10898741205101428,
    0.10542638097768245, 0.10363408878607594, 0.1002432139509398,
    0.09966521827585023, 0.09458906462659007, 0.0957232961917053,
    0.09066616253846366, 0.0928029604661076, 0.08937973363082045,
    0.08556244813877603, 0.08237101959631495, 0.08410496908523467,
    0.08010104057662513, 0.08423303314687117, 0.07992773061699193,
    0.07637821498286465, 0.07579019884376423
  ],
  "val_losses": [
    0.24661670074514722, 0.21614424560381018, 0.20017225003760794,
    0.18728754507458728, 0.18942990024452624, 0.17186061357674393,
    0.15728165014930393, 0.15495688856943793, 0.14895035763797554,
    0.15208516043165457, 0.14046977784322656, 0.14299398190949275,
    0.13894384969835696, 0.14809700992444289, 0.13452899472221083,
    0.14678228986652, 0.13333349253820337, 0.13604356380908386,
    0.13336026085459668, 0.134560137015322, 0.13575695584649625,
    0.1375153142472972, 0.13886093364461607, 0.13685358510069226,
    0.13345216830139575, 0.13479848837722902, 0.13655754405519235,
    0.1335699339599713, 0.12828846632138544, 0.12971840960823972,
    0.13720081147292387, 0.133695341322733, 0.13010333656616832,
    0.13907977922455125, 0.14885642833035925
  ],
  "train_ious": [
    0.4523959423995752, 0.5403195223838523, 0.5769765109795592,
    0.6134111838604227, 0.6310975292454595, 0.6592505884667235,
    0.669535805565723, 0.6822764694258785, 0.6908888428647448,
    0.7025913243600427, 0.7086996169409893, 0.7151719299347503,
    0.723916481262532, 0.7246207223422282, 0.7356118847602522,
    0.7447917150954405, 0.7473293102845762, 0.7524102518631928,
    0.7588418472720226, 0.7618055339308749, 0.7688385975965555,
    0.7690237567800543, 0.7786492992570433, 0.7761900380685709,
    0.7863101939792219, 0.7828618712939215, 0.788669675372649,
    0.7963156175354255, 0.8022722973339791, 0.7991155213743886,
    0.8068477936844893, 0.7995254548563472, 0.8072012358385582,
    0.8146722489509031, 0.8162510858281804
  ],
  "val_ious": [
    0.5002521923270778, 0.5579441303144329, 0.5899613078521646,
    0.6160855809415597, 0.6128002852201458, 0.6440041713092637,
    0.6631041901267093, 0.6712000188620193, 0.6777424183876618,
    0.6744566952836685, 0.6945770724096161, 0.6901990976454555,
    0.6986296030058377, 0.6858425699714301, 0.7078758273003757,
    0.6894340109134066, 0.7117208793111468, 0.7084544707035675,
    0.7107973230489784, 0.7124859565410059, 0.707299934781116,
    0.7122193881566975, 0.7103997710822286, 0.711500500207362,
    0.7180964175773703, 0.7160105305737343, 0.7211124890524409,
    0.7229526220024498, 0.7323281400013663, 0.7290088348630546,
    0.7230127626571101, 0.7210182011991307, 0.7288091176229975,
    0.7237865585779799, 0.7180304957040842
  ],
  "training_time": 748.2105679512024,
  "avg_gradient": 0.0036305571815444,
  "memory_usage": 1145.87109375
}
