{
  "train_losses": [
    0.2633412037368702, 0.22326583771601968, 0.2013227784925181,
    0.18286550231277943, 0.1696652335965115, 0.16070505814707797,
    0.1531410309607568, 0.1459550302799629, 0.1418493582016748,
    0.1349150721469651, 0.13248737561314003, 0.12856905947884786,
    0.12211697119409623, 0.12256651675409597, 0.1156545313804046,
    0.11299064957901188, 0.11139831327549789, 0.10805917150624421,
    0.10540195360131886, 0.10188222372823436, 0.10024542231922565,
    0.09594437374692896, 0.0918843012465083, 0.09489937393885592,
    0.09375008151097142, 0.08743913747046304, 0.08592400481195553,
    0.08821464010068904
  ],
  "val_losses": [
    0.23915532134149387, 0.2512906585698542, 0.1845941780054051,
    0.1900743816209876, 0.18551472833623056, 0.16646550174640573,
    0.16535127292508664, 0.1641870186380718, 0.13984769744717557,
    0.14027310324751813, 0.1411607932785283, 0.14573285242785577,
    0.14508933266219887, 0.14785471088860347, 0.14407477446872255,
    0.14047366850402043, 0.13726110562034274, 0.13057350140550864,
    0.13582871951486752, 0.132998361211756, 0.13480290203638698,
    0.14169988684032275, 0.13151523746226146, 0.13529437294472818,
    0.13181129049347795, 0.13111621546356575, 0.1323130686321984,
    0.13699442666509878
  ],
  "train_ious": [
    0.46978278622112196, 0.5416144201720969, 0.5831593120929552,
    0.6175146855521894, 0.6424474541799742, 0.6581300012767317,
    0.6720935123554171, 0.6843305203685723, 0.6935294113405372,
    0.7044267349916958, 0.7088351184907163, 0.7163945132515575,
    0.7285977482687737, 0.7279238501644657, 0.7398272722527601,
    0.7448563082818542, 0.7473386298811091, 0.7538685364567712,
    0.7586314771054447, 0.7648359848645285, 0.7683054656330223,
    0.7761006559366763, 0.7835041253247124, 0.7784043739995232,
    0.7798936591632125, 0.7923659797271959, 0.7952681586578276,
    0.7907437616824243
  ],
  "val_ious": [
    0.513783639539843, 0.48638417431409803, 0.6129018200048503,
    0.6068906151298163, 0.613041116491608, 0.6535573029431745,
    0.6549391794031945, 0.6651525430489278, 0.6925958271907723,
    0.6974399120047472, 0.6925687949726546, 0.6863706688518111,
    0.691350046923195, 0.682626095155011, 0.6964402885540669,
    0.7030545794877454, 0.7099063197771709, 0.719716296247814,
    0.7125590970550758, 0.7149307693260304, 0.7178454209065089,
    0.7049767344758131, 0.7224066764980124, 0.7143821334061415,
    0.7190522847400196, 0.7310539004595383, 0.7242245527281277, 0.71736382185549
  ],
  "training_time": 599.4994401931763,
  "avg_gradient": 0.0026336457628909527,
  "memory_usage": 1145.87109375
}
