{
  "train_losses": [
    0.27336780872681865, 0.22396756886788036, 0.2067635916983304,
    0.18930362675177015, 0.17726706033167633, 0.16643834891526596,
    0.15814394030072118, 0.15169559836225666, 0.14657460902210162,
    0.13913792468931363, 0.13569591643855625, 0.13268551044166088,
    0.1312357139490221, 0.12474019687784754, 0.11978207666264928,
    0.11795421750487192, 0.11349324521649143, 0.10978385324225477,
    0.10742655667759803, 0.10573056963798792, 0.10249724866741378,
    0.10039412477256163, 0.09859479668185762, 0.09536857263225576,
    0.09706839344099812, 0.0911428033090804, 0.0877543551766354,
    0.0881804449726706, 0.08727325320891711, 0.084903533084561,
    0.08199969217505144, 0.07967101774461892, 0.0784104525152108,
    0.07991245514510767
  ],
  "val_losses": [
    0.2399429536384085, 0.25940844060286233, 0.20258745713078458,
    0.19716632722512537, 0.17288396345532459, 0.16029896117422893,
    0.16573487934858902, 0.15841229924041292, 0.15578909720415654,
    0.15589945828137192, 0.15553223293112672, 0.14989098064277484,
    0.15011192291327144, 0.1420004016355328, 0.14121024990859238,
    0.15736087103900703, 0.13817693001550177, 0.13404862679865048,
    0.13850157092446866, 0.14013318215375362, 0.13495102573348128,
    0.1390976092737654, 0.13939541011400844, 0.1371294953252958,
    0.13436456996461618, 0.14855337515473366, 0.13755763856613118,
    0.1362829049644263, 0.1378069657670415, 0.13736502259321834,
    0.13303611152198003, 0.14231842513317647, 0.13231145331393118,
    0.16480964762361153
  ],
  "train_ious": [
    0.44491032075028925, 0.5408950736071321, 0.5725302223278131,
    0.6061526619005893, 0.6275777249340561, 0.6464553365780824,
    0.6625208254309669, 0.6745106022319068, 0.6838286909936132,
    0.6976598325198972, 0.7032653270424278, 0.7098647915366768,
    0.7119536554251892, 0.7240180920647539, 0.7325022614736489,
    0.7354017013980861, 0.7439587862379308, 0.7506079206216162,
    0.7549023204955503, 0.7582450996058575, 0.7639673674560113,
    0.7672383151948451, 0.7715920170472153, 0.7771736815355826,
    0.7743983765443165, 0.7852945140414479, 0.7917723600631175,
    0.7907541034122312, 0.7926582007304479, 0.7973351143840428,
    0.8032346521166787, 0.8076757939829345, 0.8106409859830057, 0.80774382804183
  ],
  "val_ious": [
    0.5125056596985761, 0.5194213988556379, 0.5824588299661443,
    0.5947122850279878, 0.6340024579262388, 0.6557806406332098,
    0.651119083813999, 0.669023029398227, 0.6682559899661852,
    0.6746643671522968, 0.6702578890582791, 0.6841856271460436,
    0.68128038726855, 0.6981093715066495, 0.6954880918281665,
    0.6728186305018439, 0.7045928343482639, 0.7114271366077922,
    0.7078070627606433, 0.7063284473142764, 0.7114440204872601,
    0.7107353879921676, 0.7061121651659844, 0.7220610069191973,
    0.7166013054657675, 0.7103888310384059, 0.7230945013571476,
    0.7191936205262721, 0.722085363623025, 0.7309658242308575,
    0.7312581280003425, 0.7177191432835397, 0.7308055687209835,
    0.6818291899086772
  ],
  "training_time": 726.7153136730194,
  "avg_gradient": 0.010139277508530099,
  "memory_usage": 1145.87109375
}
