{
  "train_losses": [
    0.27753268174179224, 0.23344992246964705, 0.21523768163245657,
    0.19380384319178437, 0.18033182799168254, 0.1693145075569982,
    0.15904875188741996, 0.1537880029772287, 0.14543138412029846,
    0.14205444373352372, 0.13680180591409621, 0.13271783871333237,
    0.1274460719736374, 0.12706810138795688, 0.11931713411341542,
    0.11703366583780102, 0.11530598127485617, 0.11270965380675119,
    0.10851009558562351, 0.10448069748995097, 0.10231456342760635,
    0.1005889379783817, 0.10306029969259449, 0.09644897569618795,
    0.09270220549534196, 0.08846144637335902, 0.08819849914668695,
    0.08848605479073265, 0.08426818624138832, 0.0866527451283258,
    0.08358916729364706, 0.08026660986892555, 0.08169269116352433,
    0.08289813772653756, 0.07604186212562997, 0.07774467701497285,
    0.07299011083238799, 0.0709331753137319
  ],
  "val_losses": [
    0.248780763991501, 0.22904268749382184, 0.20576750487089157,
    0.19783989178097766, 0.18857656905184622, 0.16197484958430994,
    0.1587608835619429, 0.15515939535006232, 0.15382443821948508,
    0.15183951154999112, 0.1480349036662475, 0.1580389814208383,
    0.14567552182985388, 0.1419225906872231, 0.13344100474015527,
    0.14695736976421397, 0.13904138395319815, 0.13311673959960107,
    0.1362365029104378, 0.1334451108199099, 0.15376526084931,
    0.13610710608570473, 0.14210185635349024, 0.141071989160517,
    0.13286327829827432, 0.128757585649905, 0.13930433875192766,
    0.13337006063564963, 0.13766291494602742, 0.13448509590133376,
    0.1411750004019426, 0.13473031167750774, 0.13366768249998923,
    0.1371381721742775, 0.12973023837675218, 0.13113322108983994,
    0.1351123699999374, 0.14763013791778815
  ],
  "train_ious": [
    0.4373739067249107, 0.5246358654475298, 0.5587990909706857,
    0.5962816489779431, 0.6214601151321245, 0.6410814892446648,
    0.6606146438938117, 0.6702444415701471, 0.6858440035063282,
    0.6928204130651295, 0.7018947107312473, 0.7095422969888086,
    0.718151466516049, 0.7187635713405366, 0.7332878279621188,
    0.736839296161265, 0.7400496013030624, 0.7444867266045097,
    0.7520441566256507, 0.7597262549983417, 0.763439584793388,
    0.7667977952978745, 0.7629723767547505, 0.7744378712082252,
    0.7819101491376107, 0.7897632449757366, 0.7904426086208092,
    0.789986164835484, 0.7982336613147152, 0.7933423974807713,
    0.7994484348573547, 0.8064047578668251, 0.8035226376808204,
    0.8005315594483113, 0.815053272398486, 0.8115875119532362,
    0.8214770370851392, 0.8258935452803323
  ],
  "val_ious": [
    0.5029917217899058, 0.5329053746401399, 0.5806167609449746,
    0.6054923614298088, 0.6110071611145268, 0.6535588090402493,
    0.6647926929636276, 0.6742222209771477, 0.6809865972702056,
    0.6742979035429333, 0.6813816173353056, 0.666677766736003,
    0.6878603038148605, 0.6984388815320056, 0.7116433328044586,
    0.6933074982269949, 0.7054455446592276, 0.7129131559876428,
    0.7065774059813955, 0.7162662455137226, 0.6844244607980701,
    0.7103231443443161, 0.6975773497336151, 0.7127975367981455,
    0.7221281889124194, 0.7308348400005396, 0.7187553819106974,
    0.7258882116580354, 0.7172734413457953, 0.7234931979058444,
    0.7129460324843725, 0.7286583846030029, 0.7244197423907291,
    0.7264124247906864, 0.7341155196013658, 0.7309436703073807,
    0.7345901669367502, 0.7236908387014833
  ],
  "training_time": 822.0497944355011,
  "avg_gradient": 0.0042291447163770824,
  "memory_usage": 1145.87109375
}
