{
  "train_losses": [
    0.2651410338509342, 0.22304303012788296, 0.19524121316878693,
    0.1785496853939865, 0.16784689899372018, 0.1588469620227166,
    0.15135457723037057, 0.1434024433888819, 0.14120076244454022,
    0.13518327255935772, 0.13266872112517772, 0.12883772660532725,
    0.12472487690494112, 0.12077897151365229, 0.11461531670521134,
    0.11247939932281556, 0.10669083792068389, 0.10794447240946085,
    0.10823542013278474, 0.09911223213471797, 0.09951491524343906,
    0.09946983870442795, 0.09895089827477932, 0.09452245765082214
  ],
  "val_losses": [
    0.24146537677101468, 0.21567267406245935, 0.20536299956881482,
    0.1735841100630553, 0.1670111586218295, 0.16697720697392587,
    0.15604006094129189, 0.15062489878872168, 0.1492608578308769,
    0.14722174519430037, 0.17166918127433115, 0.15315248120738112,
    0.15486313726591028, 0.1353049030446488, 0.15057867830214294,
    0.13170728621923405, 0.14609127200168112, 0.16301954035525737,
    0.13184941446651582, 0.13357728768302046, 0.1302980464761672,
    0.13699067157247793, 0.1649825310577517, 0.14783365457602168
  ],
  "train_ious": [
    0.4652010289668712, 0.5443278241740623, 0.5953703875235029,
    0.6252060534729473, 0.6446995070015175, 0.661379301191672,
    0.6746640075807985, 0.689606783722622, 0.6934566580946891,
    0.7042010751539383, 0.7084583616343094, 0.7153480885469399,
    0.7230985735313616, 0.7307615761199723, 0.7416409279989158,
    0.7461609393358227, 0.7557631892462574, 0.7542130954131699,
    0.7536852370569677, 0.7697052487536614, 0.7693540120794292,
    0.7697310643675531, 0.7703478648934677, 0.778430151766625
  ],
  "val_ious": [
    0.506114741274412, 0.5586793213218882, 0.5872305987969689,
    0.6371417853279392, 0.6444293590991395, 0.6436484544605449,
    0.6699991554453754, 0.6755315665749536, 0.6882208311471385,
    0.6865055055721946, 0.6378868699505711, 0.6731819244830504,
    0.671701756076536, 0.7082061320543289, 0.6856449179459309,
    0.7123769770065941, 0.6968443238216898, 0.6773981687383376,
    0.7156353584234267, 0.7162137063949005, 0.7208376248245654,
    0.7086923217427904, 0.6770695016004037, 0.7042378947354746
  ],
  "training_time": 514.9199621677399,
  "avg_gradient": 0.0047748688199067595,
  "memory_usage": 1145.87109375
}
