{
  "train_losses": [
    0.2681841872956442, 0.22598317273609017, 0.20657726020916647,
    0.190810509511958, 0.1749694856774548, 0.16426168163509472,
    0.15877946126072304, 0.15018658821835465, 0.14271674916634094,
    0.13749527404813663, 0.13418237589623616, 0.12935529001381085,
    0.12465435100476378, 0.12082547933349143, 0.1187885070786528,
    0.11567113005920597, 0.11282970468797114, 0.10814527551765027,
    0.10299272948633069, 0.10024918170402879, 0.09905707876643409,
    0.09763534184869217, 0.09501309911517994, 0.09276655656488045,
    0.09625773601557898, 0.08836065864433414, 0.08556343639350455
  ],
  "val_losses": [
    0.2558659136943195, 0.22860487032195795, 0.20022884367600732,
    0.1863514926770459, 0.16595919414058977, 0.16217365180668625,
    0.15343941100265668, 0.14948642367254134, 0.14704680766748346,
    0.15083231291045313, 0.14176848903298378, 0.1370662774728692,
    0.1419199233793694, 0.13481776157151099, 0.14978810480755309,
    0.1487492471933365, 0.13645906228086221, 0.13788851609696512,
    0.13542991358300913, 0.13881072547772658, 0.1344884465570035,
    0.13341056150586708, 0.13620074806006058, 0.1352886163994022,
    0.1398529154450997, 0.13445810212389284, 0.1400284085260785
  ],
  "train_ious": [
    0.45827281091740135, 0.5380885528427534, 0.5727251238203137,
    0.6015237669689932, 0.6323195899958194, 0.6503243156965227,
    0.6613537405712018, 0.6761733209309374, 0.6904221395759478,
    0.6996092353610024, 0.7057626165341636, 0.7136459516334359,
    0.7230901259227075, 0.7297445887132831, 0.733586312852044,
    0.7398540630828643, 0.7439613180316016, 0.7531830013014271,
    0.7627202168215012, 0.7674430149836817, 0.7696187395224537,
    0.7726678821271744, 0.7775774303337798, 0.7820885710526201,
    0.7755534570070275, 0.7906080259253148, 0.7962024221601693
  ],
  "val_ious": [
    0.4921528525326562, 0.5471320015148842, 0.5928914914096612,
    0.6149750388618831, 0.649594893058141, 0.6583668319643406,
    0.6724144073500149, 0.6836135961871217, 0.6840748320455136,
    0.6768531836029412, 0.691160404379817, 0.7056124020313873,
    0.6997704127992408, 0.708126729813175, 0.6890790704367817,
    0.6840540986994038, 0.7129657503919324, 0.710255804485169,
    0.7117674264354982, 0.7069514782532401, 0.7174666435390277,
    0.7195333479971125, 0.7152901371752008, 0.7240117434142291,
    0.7120455436516501, 0.723119889912398, 0.7107049442719723
  ],
  "training_time": 577.6923673152924,
  "avg_gradient": 0.0032663257096034065,
  "memory_usage": 1145.87109375
}
