{
  "train_losses": [
    0.2671932069503743, 0.21933734919066014, 0.19821073179659637,
    0.1813229475494312, 0.17104586643045364, 0.16201118396028227,
    0.15469721546801535, 0.1475539281964302, 0.14141660013600535,
    0.13728716349958078, 0.1333219339342221, 0.13103288185337317,
    0.12523525912800562, 0.12324719981330892, 0.11867456648336805,
    0.113685407999741, 0.1141827687945055, 0.10889101785648128,
    0.10565484007415564, 0.1030520741706309, 0.10067744536892227,
    0.10090560336475787, 0.10208487053118322, 0.09688823487933564,
    0.09235228816776173, 0.08837874006965886, 0.09012171755666318,
    0.0862813813449896, 0.08362539396013903, 0.084902488667032
  ],
  "val_losses": [
    0.2609431257714396, 0.2313795672810596, 0.19681337508170502,
    0.1801703144674716, 0.17519989771687466, 0.16132145455997923,
    0.16498255924038266, 0.14977020608342212, 0.15956029927600984,
    0.1454621958343879, 0.14559943228960037, 0.14818082361117654,
    0.14340076174425043, 0.13822626192932544, 0.1454406524805919,
    0.1327675914634829, 0.1321140185970327, 0.1326315835442232,
    0.13470941247499507, 0.13144919000889943, 0.13837532520942067,
    0.12911442310913748, 0.14812238255272742, 0.1263828603145869,
    0.13213638167666353, 0.132921085247527, 0.13407308721671934,
    0.12828901231936787, 0.12649228682984476, 0.1343260710330113
  ],
  "train_ious": [
    0.46271885249871697, 0.5527867150047553, 0.5900411041372494,
    0.6210176981985568, 0.6413040993114315, 0.6553477527222773,
    0.668433072882286, 0.6828127062299111, 0.6932874659913175,
    0.7001348296585291, 0.7078142931171947, 0.7114818804505945,
    0.7227970632737961, 0.7263562866635077, 0.7335457394196504,
    0.7431076168474082, 0.7420520245273042, 0.7525076067642024,
    0.7577245435205057, 0.7628656339062296, 0.7672181124596493,
    0.7672044651015939, 0.7658715486742448, 0.7739720507592397,
    0.7826164524624317, 0.7907945320982002, 0.7872412473071307,
    0.7942595689193064, 0.7998448108201441, 0.7973051422640033
  ],
  "val_ious": [
    0.47608564405337633, 0.5341148083840591, 0.5963467002130938,
    0.6179571838482564, 0.6329988882593486, 0.6592989021885224,
    0.6555544381988222, 0.6779345230779784, 0.6684622250605322,
    0.6867917866810509, 0.688892659501753, 0.6906264031278913,
    0.6956437297057414, 0.7041538031636804, 0.6885182488223781,
    0.7177533906870996, 0.7145031373138014, 0.7141315267569778,
    0.7112791914006938, 0.7225977147834889, 0.7167745154836903,
    0.728838038617286, 0.6999604196652122, 0.731992130694182,
    0.7281344900096672, 0.7284709895434587, 0.7209614506666212,
    0.7291225322346755, 0.7395827096441517, 0.7193608614413636
  ],
  "training_time": 642.136994600296,
  "avg_gradient": 0.004166452961441005,
  "memory_usage": 1145.87109375
}
