{
  "train_losses": [
    0.268946572004453, 0.22373745193623978, 0.1993974922629802,
    0.17963647526567397, 0.16965075161146081, 0.15993878723162672,
    0.1498452713308127, 0.14475433536521767, 0.14003114843660075,
    0.1338665625485389, 0.130729629010286, 0.12574759158103363,
    0.12072552651490855, 0.11715069765468007, 0.11443077801200359,
    0.11414031052718991, 0.10729903577948394, 0.10594107647952826,
    0.10632855943201677, 0.09900651928847251, 0.0964893125726477,
    0.09194021777290365, 0.09407622557457375, 0.09038022035004004,
    0.08834471602154814, 0.08518675743075817
  ],
  "val_losses": [
    0.23321726335131604, 0.2300728996810706, 0.2314299140935359,
    0.1935839005138563, 0.17046022285585818, 0.16115826659876367,
    0.16472569739688997, 0.15252216581417166, 0.14561342269830083,
    0.14361827107875244, 0.14675415728403174, 0.13582128739875296,
    0.13717977767405304, 0.13937336449389873, 0.13631242092536844,
    0.13350274996912997, 0.1321413076442221, 0.13849654307831888,
    0.14224601909518242, 0.14857628860551378, 0.13098876016295474,
    0.13589764742747598, 0.13855423729704774, 0.14069302623038707,
    0.13444232697720113, 0.14452296641209852
  ],
  "train_ious": [
    0.45773862974475266, 0.5424418059326169, 0.5865112966925339,
    0.6229614423236987, 0.640953655746104, 0.6594042451377368,
    0.6769235108749593, 0.6884509071275808, 0.6957243644780873,
    0.7064554642184063, 0.7132474015588346, 0.7212388446365577,
    0.7307297455659811, 0.7372808975801951, 0.7418568332990011,
    0.7428900947173437, 0.7554384323673835, 0.7574235261890334,
    0.7572145477153253, 0.770263313545265, 0.7756956539292268,
    0.7841725522733255, 0.7799425436642721, 0.7868706563460652,
    0.7902547594537764, 0.7971371673587436
  ],
  "val_ious": [
    0.5227842923739682, 0.5463817584989727, 0.5637603538191837,
    0.6045334622047951, 0.6437009588099908, 0.6548822634461997,
    0.6522756817116254, 0.6752722436103267, 0.6828694440748382,
    0.6882063130969588, 0.6933307142361351, 0.7036835305068803,
    0.7019314889026727, 0.7011480813009151, 0.7050822081341259,
    0.7106174621461092, 0.7163392173639241, 0.7052559433639911,
    0.7012606967186585, 0.6986163351414861, 0.7218805108813271,
    0.715288420950157, 0.7196260090323463, 0.7112678896257841,
    0.7228545686904936, 0.7064885775680128
  ],
  "training_time": 557.8787045478821,
  "avg_gradient": 0.0035167303690706864,
  "memory_usage": 1145.87109375
}
