{
  "train_losses": [
    0.2696890044633461, 0.22370477636223254, 0.19992872708193635,
    0.18229219941017422, 0.16808420120050077, 0.16058174832521574,
    0.15141959180650505, 0.14832071210865094, 0.14211940498131773,
    0.13677900819026906, 0.13257536162500796, 0.12763570289572942,
    0.12511786757765905, 0.11999775934964418, 0.11789050204274447,
    0.11562020088667455, 0.11129967844032723, 0.1091428529471159,
    0.10493522785280061, 0.10215288914902054, 0.10181602819458298,
    0.10087333571003831, 0.09834794582718093, 0.09245760977754126
  ],
  "val_losses": [
    0.2894732939160388, 0.2365533359672712, 0.19073928957400116,
    0.17657605493846146, 0.19131070116291876, 0.17705772104470627,
    0.16386756398107694, 0.1528815614140552, 0.16176519899264627,
    0.1478463464780994, 0.15256571057050125, 0.14778698251947112,
    0.13925128916035528, 0.14954807852273402, 0.15725923896483754,
    0.14548804092666376, 0.13639937746136085, 0.13953709116448526,
    0.13588423168529634, 0.13541323772591093, 0.13190885147322778,
    0.14127373306647592, 0.12821576226016748, 0.15342286812222522
  ],
  "train_ious": [
    0.46076769412130764, 0.5438295280209919, 0.5861705441189851,
    0.6197689445554346, 0.6434306212957357, 0.6580932966392974,
    0.6749064085492192, 0.6806645162835503, 0.6921853450653347,
    0.7010222298727521, 0.709405053622912, 0.7183744409593984,
    0.7238822062162388, 0.7315072489605434, 0.7351276408071105,
    0.7403041359199128, 0.747612118181111, 0.7515180300435297,
    0.7593384080606959, 0.764494128579247, 0.7647328676412932,
    0.7667330572570579, 0.7710866399541281, 0.7825599062270013
  ],
  "val_ious": [
    0.469271491997052, 0.525511425582395, 0.6018553410751231,
    0.6327843987855359, 0.6133746411921323, 0.6322594699652297,
    0.6576081285442132, 0.6740121338246526, 0.662958451587221, 0.68306275230387,
    0.6841198909973754, 0.6899890986041746, 0.7033358868481455,
    0.6914317558209101, 0.6781875545131989, 0.6964412335900292,
    0.7065248681583267, 0.7005323530107306, 0.7121679171703863,
    0.7129073840552479, 0.7194025678479153, 0.7021715982236725,
    0.7245038903277853, 0.6830765427886576
  ],
  "training_time": 516.4062457084656,
  "avg_gradient": 0.004046515448200869,
  "memory_usage": 1145.87109375
}
