{
  "train_losses": [
    0.26779995648109395, 0.2247088932958634, 0.20407522008146928,
    0.1886595797765514, 0.17784963823530986, 0.16847465972861517,
    0.162452711602268, 0.15630579610233722, 0.1497484111510541,
    0.14400041905110297, 0.13946884696412346, 0.13641300700280978,
    0.1286011303005659, 0.12678554366626169, 0.12278536464209142,
    0.12090947236055913, 0.1180802471935749, 0.11231473598467268,
    0.11011314375892929, 0.10560738007821467, 0.10281948781693759,
    0.10056510693191187, 0.09947339076872753, 0.09567548196924769,
    0.0946553020697573, 0.08993322402238846, 0.09108999812894542,
    0.08733649442539267, 0.0917148903498183
  ],
  "val_losses": [
    0.23799973758666412, 0.24335557740667593, 0.19941025227308273,
    0.1868051141500473, 0.19582010546456213, 0.1620098702285601,
    0.1718640434353248, 0.16291737880395807, 0.1550725121860919,
    0.1652891522516375, 0.14696628276420676, 0.14904567988022513,
    0.1460598047984683, 0.14306999872560086, 0.14027971579976703,
    0.1480855008830195, 0.1420514066906079, 0.13493835310573163,
    0.13090885009454645, 0.13417736424700075, 0.13255254859509674,
    0.14135231952304425, 0.1320119939096596, 0.1402422393793645,
    0.13413464618117912, 0.1278785298699918, 0.1283978513725426,
    0.13292480081967686, 0.13757861729549326
  ],
  "train_ious": [
    0.45889570277886155, 0.54091566550019, 0.5776134528273684,
    0.6072328953423363, 0.6249358878349482, 0.643130988422511,
    0.6538656683827654, 0.6654561336381712, 0.6770099010588466,
    0.6877022800778135, 0.6966482096392176, 0.7021855225489625,
    0.716212263033874, 0.7196549495709114, 0.727092434692642,
    0.7300623608888059, 0.7357500107500001, 0.7455077133532884,
    0.7499849183511907, 0.7586837746742843, 0.7628201015185619,
    0.7674334279221037, 0.7698071002960205, 0.7768345136141432,
    0.7787141151510286, 0.7876565751714119, 0.7854071737847468,
    0.7925764692110421, 0.7844489716749257
  ],
  "val_ious": [
    0.5214443970201672, 0.5108871042620445, 0.5969468180252158,
    0.6166503988746282, 0.6005488232426023, 0.653539133892543,
    0.6380913803974787, 0.651766008440999, 0.6727560134469599,
    0.6547316040681754, 0.6846961065910868, 0.6859259030957153,
    0.6841346891461939, 0.6965677353782931, 0.6976939327474954,
    0.6904192402742912, 0.694154454962067, 0.7121731986602148,
    0.7182115122028019, 0.7151204297939936, 0.7187065486458765,
    0.7079533429249475, 0.7201728788406951, 0.7195580981779791,
    0.7218629272951597, 0.7305147306642669, 0.7284320884424705,
    0.7283458411693573, 0.7174166983020477
  ],
  "training_time": 621.5912289619446,
  "avg_gradient": 0.005532782263538385,
  "memory_usage": 1145.87109375
}
