{
  "train_losses": [
    0.2721261116473571, 0.22652961119361545, 0.20095626912687137,
    0.18503349671221297, 0.1743339083926833, 0.16201062391147666,
    0.15602130293036284, 0.14968844037503004, 0.14371465203230796,
    0.13960811657750088, 0.13478558482197317, 0.12924024555832148,
    0.12699689934759037, 0.1230562064067825, 0.11949971119832734,
    0.11640770227202903, 0.11097693386609139, 0.10753290424042422,
    0.1090818303839668, 0.10334539462042891, 0.1026063893881181,
    0.09750131582436354, 0.09814813976054607, 0.09228094788673132,
    0.0913641840705405, 0.09382002772358448, 0.09315767414543939
  ],
  "val_losses": [
    0.2528234707272571, 0.21132385212442148, 0.20442219208116116,
    0.19332321895205457, 0.1701871921186862, 0.15528403870437457,
    0.15512865814177887, 0.16275443978931592, 0.1509049630359463,
    0.1555299203356971, 0.15184622014994206, 0.14373887961973314,
    0.1433245453821576, 0.13904633777944939, 0.1439357035509918,
    0.13801671839926555, 0.13279373231141464, 0.13335431172795917,
    0.12896881009573521, 0.14354779587491698, 0.13817025704876237,
    0.1314258421568767, 0.12945578328293303, 0.1310855589159157,
    0.1303390371410743, 0.13508232909700144, 0.14374000676300214
  ],
  "train_ious": [
    0.45300601313457534, 0.5381331424350325, 0.585061852995684,
    0.6132456904304203, 0.6334754724757395, 0.65457039202253,
    0.6656794530757961, 0.6778471889379231, 0.6891489641713927,
    0.6958501996013569, 0.7042810262545294, 0.7149873476313503,
    0.7195283872601783, 0.7264750772088334, 0.732546697708144,
    0.7381665540346201, 0.7487625945089521, 0.7541051631712393,
    0.7517632634743407, 0.7618447950352798, 0.7640658574907676,
    0.7726738540374708, 0.7716929232296738, 0.7826453957544721,
    0.7846074961125847, 0.7795432001028376, 0.7811742194968722
  ],
  "val_ious": [
    0.4982001728553703, 0.5659041478150134, 0.5789629320303599,
    0.6012577239585959, 0.6421705642040224, 0.6652462508367455,
    0.6676991681257886, 0.6716473672700966, 0.6758744111959484,
    0.6732026824484703, 0.686085749147595, 0.6940047624318497,
    0.6949755128311076, 0.6985694416191268, 0.7035272682922474,
    0.7066377915334011, 0.7159247508515484, 0.7165227968623672,
    0.7207323954157208, 0.7003982691229251, 0.7136371502841728,
    0.7212965352379758, 0.7262138869019522, 0.7304838727349822,
    0.7293878746205482, 0.7184218898199606, 0.7107001083052676
  ],
  "training_time": 580.3468992710114,
  "avg_gradient": 0.009085611486150554,
  "memory_usage": 1145.87109375
}
