{
  "train_losses": [
    0.2704967637748822, 0.22477682655596215, 0.20373172604519388,
    0.186248363117161, 0.1756142230461473, 0.1643109365325907,
    0.15527338842334953, 0.15108838227941937, 0.1441069654310527,
    0.14176920821647282, 0.13517654715510813, 0.1312478480293699,
    0.12885757365628428, 0.12243701047871423, 0.11987425204690384,
    0.12045186021081779, 0.11549737385433653, 0.110396313643002,
    0.1071266809316433, 0.10742379279564256
  ],
  "val_losses": [
    0.24654698404281036, 0.2119598537683487, 0.18269534603409146,
    0.18247841007035712, 0.1954660363819288, 0.1649682897588481,
    0.16045208307711975, 0.15826482730715172, 0.1717808933361717,
    0.14705653942149619, 0.1423073176132596, 0.1624138766656751,
    0.1374283831404603, 0.13931523133879123, 0.13684672198217848,
    0.14497348439434302, 0.13336897560435793, 0.130387422669193,
    0.13351896421416945, 0.15459323301911354
  ],
  "train_ious": [
    0.45686699567443634, 0.541871425412271, 0.5808211429503516,
    0.6118200894283212, 0.6307793811395551, 0.650830138312734,
    0.6676899703840418, 0.6756401951222315, 0.6880714471141498,
    0.6926077124325262, 0.7050402142863339, 0.7118468511903633,
    0.7164395770085028, 0.7274083676005617, 0.7324850915566732,
    0.7311043912085932, 0.7406588709116851, 0.7496235589294329,
    0.7555040197743885, 0.7549624565610852
  ],
  "val_ious": [
    0.5058831256152927, 0.5686948121241903, 0.6237432602523029,
    0.624536735208138, 0.5953619832145997, 0.6508315756269122,
    0.6567462777745895, 0.6672008495399918, 0.6495912956154865,
    0.683960854575254, 0.6932411228401075, 0.6630777533071627,
    0.7021785557701967, 0.697019885847534, 0.7040034137342287,
    0.6955311080251916, 0.7138384111981462, 0.7175756291202877,
    0.7143411206594412, 0.6786763266376826
  ],
  "training_time": 428.29316878318787,
  "avg_gradient": 0.005817856104342612,
  "memory_usage": 1145.87109375
}
