{
  "train_losses": [
    0.27208475007311156, 0.22987312604875668, 0.20257629243576009,
    0.18750386523163837, 0.17316760317139004, 0.16522297570886818,
    0.15906855233175599, 0.15093227326060119, 0.14873673370027024,
    0.1417958480508431, 0.13634800854260506, 0.13549132592490185,
    0.13333055316268103, 0.12647109158823025, 0.12379934484867947,
    0.121782169798794, 0.11756824616990659, 0.11546330202532851,
    0.11033594523273084, 0.10828896178661482
  ],
  "val_losses": [
    0.2530081644654274, 0.3431616736494977, 0.1926605387226395,
    0.18353384247292642, 0.1727022590196651, 0.17586636899606042,
    0.16123826089112656, 0.16065258662337842, 0.16685771844957187,
    0.16022472861020462, 0.15985871851444244, 0.17433419434920602,
    0.13957762313277824, 0.14844111709491067, 0.14088245691812556,
    0.14369165508643442, 0.1413024663925171, 0.1508421601484651,
    0.13167937164721283, 0.16485065804875415
  ],
  "train_ious": [
    0.45146727859906405, 0.5324442328048361, 0.581155319441704,
    0.6088790680835215, 0.6335902886222238, 0.648674211586299,
    0.6604722264776195, 0.6761044591557286, 0.679366750885611,
    0.6920304535955623, 0.7021798739290759, 0.7039993313559588,
    0.7082673558506415, 0.7196602547622247, 0.7247577474816985,
    0.7289828262899233, 0.7366380094941976, 0.7400443853567475,
    0.7493952444174152, 0.7532743919586785
  ],
  "val_ious": [
    0.4887673474740292, 0.4568975099726864, 0.6040040755617444,
    0.6184649214796397, 0.6361260655997454, 0.6429386775994645,
    0.6571438176476438, 0.6627431937317916, 0.6637711434260659,
    0.6692754416794017, 0.6612930557002192, 0.6669554107862972,
    0.6966175147588701, 0.6828680766233501, 0.7015560092269509,
    0.6962773767502412, 0.7003398753594661, 0.6921917802613716,
    0.717208983025689, 0.6690221908299818
  ],
  "training_time": 428.06713342666626,
  "avg_gradient": 0.008385118886737581,
  "memory_usage": 1145.87109375
}
