{
  "train_losses": [
    0.2681921834693007, 0.21879437193274498, 0.1945129707455635,
    0.17898646879779256, 0.1678319149043249, 0.15812631445410458,
    0.15144641142662452, 0.1458322962988978, 0.14008317539549392,
    0.1398890518947788, 0.13024552372972603, 0.1275786666766457,
    0.12488067915420169, 0.12066734189410573, 0.11608944302829712,
    0.11409625285507544, 0.11009963484399993, 0.10966161444135335,
    0.10464015752886949, 0.10364589564826178, 0.09995216770988444,
    0.09813611205343319, 0.09597971602140562, 0.09236151336327843,
    0.09186284624688003, 0.08905755032015883, 0.08581203262767066,
    0.09122069192159435
  ],
  "val_losses": [
    0.24577515637097153, 0.21558567687221195, 0.1996311159885448,
    0.1747509807996128, 0.17074980683948682, 0.16086461556994397,
    0.16191267465119777, 0.1484600791464681, 0.14935182018772417,
    0.14890064655438714, 0.1504812912772531, 0.14169627071722693,
    0.14743824886239093, 0.15680854605591815, 0.13386075473997905,
    0.14297551758911298, 0.1395830766338369, 0.1334594682506893,
    0.14033499635432078, 0.13280688452979791, 0.136340391214775,
    0.1332463040623976, 0.13536213791888693, 0.13188960467991623,
    0.13729858932935673, 0.1305968605953714, 0.13665825274327528,
    0.14443587754731593
  ],
  "train_ious": [
    0.458626389220033, 0.5535505863473468, 0.5954640534692918,
    0.6234232242340625, 0.6436323562933915, 0.6627992778152664,
    0.674720659258141, 0.6855802607817064, 0.6948073476121043, 0.69585557665298,
    0.7124647201727268, 0.717064769047758, 0.723360079786052,
    0.7305099952264108, 0.7389215884217315, 0.742201684231775,
    0.7498182548021058, 0.7505820573887965, 0.7599056056444194,
    0.7614832225161188, 0.76812477906545, 0.7715402463100094,
    0.7758154978138814, 0.7826056539796403, 0.7839073517184328,
    0.7892904128285422, 0.7956629856557086, 0.7854135580684828
  ],
  "val_ious": [
    0.5126623053481614, 0.5624163362427036, 0.5832047438707904,
    0.6333830535843751, 0.636249819311543, 0.657533131647801,
    0.6570405547601589, 0.6809502542018891, 0.6834428422692893,
    0.6836162280777226, 0.67983268611673, 0.6955690789913784,
    0.6902731466984402, 0.671490069316781, 0.7119257450103759,
    0.6985694256381711, 0.7060704736605933, 0.7113555255143539,
    0.7040317948313727, 0.7165955875230872, 0.7146010798388632,
    0.7193091254735337, 0.7172181254279785, 0.7249989697466723,
    0.7183624475762463, 0.7264111590558203, 0.7250860020302344,
    0.7095120050337004
  ],
  "training_time": 598.7385199069977,
  "avg_gradient": 0.004973743874887843,
  "memory_usage": 1145.87109375
}
