{
  "train_losses": [
    0.2839247585962648, 0.2335910269099733, 0.2074445585679749,
    0.190285283829207, 0.17600515168970046, 0.16638127803478553,
    0.1600571084443642, 0.15348834171891212, 0.1467267184153847,
    0.14155732301752205, 0.13742018697540398, 0.13259340640481398,
    0.13017858605345953, 0.1261324102220976, 0.12237457335805116,
    0.12200573669827502, 0.11634286748164374, 0.11230359991769427,
    0.11128242868606163, 0.10659662330442149, 0.10826535834728376,
    0.10440224028475907, 0.10030354251680167, 0.1029868470099957,
    0.09700971744630647, 0.0972832968134595, 0.09024757090146127,
    0.09075460360264001, 0.09017813035651394, 0.08804808144012223,
    0.08704004651340454, 0.08479534988494022, 0.09545418389303528,
    0.08400171517353991, 0.08069683803731333, 0.07833386447442614,
    0.07642456613804983, 0.08211163180353849
  ],
  "val_losses": [
    0.2833251904534257, 0.22490709890489993, 0.2002028372624646,
    0.1974939509578373, 0.17274528223535288, 0.17366075224202612,
    0.17624816978755203, 0.1576759138185045, 0.16936487574940143,
    0.15280235510157503, 0.15042960352223853, 0.1461587036433427,
    0.14192400791722795, 0.13991217477166135, 0.14683491315530695,
    0.13748043241060298, 0.1409707961846953, 0.13498034101465475,
    0.14056693244239557, 0.13908031437060106, 0.14933268191373866,
    0.135386002290508, 0.14556372748768848, 0.13560295720463214,
    0.14500132057329881, 0.1294000207082085, 0.13642225511696027,
    0.13437864362545635, 0.1418625318809696, 0.13146061596015227,
    0.12941574094736058, 0.1419015636910563, 0.13165300193688143,
    0.12966539953713832, 0.13587826279842335, 0.13137387873038,
    0.13881202042102814, 0.14674914385313573
  ],
  "train_ious": [
    0.429001385022117, 0.5253004322125426, 0.5731431573521398,
    0.603720602403948, 0.6301726296112156, 0.6483237543615741,
    0.6588536703932111, 0.6713786213186341, 0.682625780286996,
    0.6924288146521732, 0.7005694673221182, 0.7092531184679354,
    0.7135838556332865, 0.7214361136590225, 0.7281235123890031,
    0.7289022494485412, 0.7389072049679101, 0.7461326335543308,
    0.7474837151990418, 0.7565643874307473, 0.7540470633817753,
    0.7600131565030072, 0.7685038808571257, 0.7631525025851486,
    0.7746342379545813, 0.7740928357386068, 0.7868442494908104,
    0.7865269291552077, 0.7875267297461409, 0.7914621977918389,
    0.7934940843910411, 0.7980032854753992, 0.7773952054372728,
    0.7994725197769597, 0.8059714337189989, 0.8105646000392193,
    0.8150459488016972, 0.8036428782818975
  ],
  "val_ious": [
    0.46811101250890375, 0.5435258652205053, 0.5832230681958405,
    0.5968438792919767, 0.6391493615464888, 0.6366821687290632,
    0.637063118642655, 0.6660114727590394, 0.6489645082881486,
    0.6788812413595724, 0.6821738775225653, 0.6937309745429219,
    0.6953206278275752, 0.6989454208076864, 0.696957736991454,
    0.7067256198413131, 0.7032537980787997, 0.713984589861787,
    0.6962612651396493, 0.7052412380774816, 0.6964384695326074,
    0.7158070655836576, 0.7060699138952337, 0.7164013968861623,
    0.7006320748208227, 0.7257586050292718, 0.720308102775311,
    0.721491941075394, 0.7146496582722317, 0.7291559907405273,
    0.7311150133609771, 0.7170455397471137, 0.7272555143504904,
    0.7315246713334238, 0.7298006331143172, 0.7342948494614036,
    0.7325871949610504, 0.7196674079134845
  ],
  "training_time": 815.5604574680328,
  "avg_gradient": 0.004570593152943628,
  "memory_usage": 1145.87109375
}
