{
  "train_losses": [
    0.27050222383569117, 0.22447065604121788, 0.2033367422611817,
    0.18391651514431703, 0.17050144043953522, 0.16070334811735412,
    0.15194263503603314, 0.14576594211647045, 0.1414464819042579,
    0.13487967128015083, 0.13200825618822937, 0.12793551405648823,
    0.12232853929795649, 0.11731974152929109, 0.11611306529654108,
    0.11355275587867135, 0.10827159918034854, 0.10573125658961742,
    0.10305525119537892, 0.10204411492399547, 0.09712533547502497,
    0.09499928796582896, 0.10093412815552691
  ],
  "val_losses": [
    0.24761500306751416, 0.23005685566560083, 0.19843815623418146,
    0.17968214756768683, 0.18743362569290659, 0.16768286344797714,
    0.1663040671011676, 0.1527368348577748, 0.16053373237019,
    0.1535347638570744, 0.14630750647705534, 0.15281518759286922,
    0.13975641617308493, 0.16674873815930408, 0.1588670238852501,
    0.14003126954902773, 0.14324729630480643, 0.13677552763534628,
    0.14720534841003624, 0.1622562353377757, 0.13485523070330205,
    0.1503670314407867, 0.14970705965938774
  ],
  "train_ious": [
    0.45459175474968755, 0.540436947880232, 0.5799768389459105,
    0.616701811660027, 0.6397279374625374, 0.6573193900935028,
    0.6735173504313697, 0.6848135527925213, 0.6925836305363459,
    0.7058568927796852, 0.7095599907139933, 0.7175406126872353,
    0.7282944797281771, 0.736099683072256, 0.7385871688956803,
    0.7437913672647614, 0.7526378153242925, 0.7578132066173829,
    0.7623259850062326, 0.7641193968230399, 0.7732290446326355,
    0.7770104340777013, 0.7658796265073441
  ],
  "val_ious": [
    0.49927772808334103, 0.5308252669114999, 0.5883127491975176,
    0.6282301845325938, 0.6150649919889976, 0.645493326195772,
    0.6557555224584497, 0.6741824685663417, 0.6620934095935546,
    0.6731779482485591, 0.6884960199611775, 0.6742386044799417,
    0.6971251141765843, 0.6624261179695958, 0.6794206700895142,
    0.6995017526374346, 0.6984164909176205, 0.7077346070521119,
    0.6957558371882508, 0.6914915716734487, 0.7185007677130079,
    0.6880284530529078, 0.6943186914575272
  ],
  "training_time": 492.26738452911377,
  "avg_gradient": 0.010066858241720057,
  "memory_usage": 1145.87109375
}
