{
  "train_losses": [
    0.27306623902657756, 0.2343318119807088, 0.2094012120657641,
    0.1889577196991962, 0.17473828007021677, 0.16316347553030305,
    0.15632735913538415, 0.1479643459391335, 0.14452158181887606,
    0.13903941214084625, 0.13307620783376953, 0.12975047374873058,
    0.12762120819610098, 0.12183202843627204, 0.12115846788915603,
    0.11609153975935085, 0.11320332279833763, 0.1107199844782767,
    0.10780707244639812, 0.10325616913969102, 0.10313156728997179,
    0.10117559758541377
  ],
  "val_losses": [
    0.26292814152396243, 0.22736096997623859, 0.24004466280989026,
    0.19317990638639615, 0.17499524290147034, 0.16975061368683111,
    0.15713526940216188, 0.15814210004780604, 0.16344681770905203,
    0.15565102272059606, 0.13898132304134575, 0.13940535696304363,
    0.14093516961387967, 0.13473412183963734, 0.13837836666599565,
    0.13324979142002438, 0.1323622808508251, 0.1350457577601723,
    0.13548087992745897, 0.14330102146967597, 0.1337018615525702,
    0.14848218501909918
  ],
  "train_ious": [
    0.44831533999978646, 0.5222908506250897, 0.5676031579411981,
    0.606011502336765, 0.6340894692078021, 0.6536689110208249,
    0.6660676911689235, 0.6811918059660906, 0.6873661748309068,
    0.6980937634041343, 0.7082538498376592, 0.7149175814744355,
    0.7194575567500314, 0.7289445634553396, 0.7311024934161401,
    0.7390846719668399, 0.7447258110387601, 0.7494637946179811,
    0.7547088895478974, 0.7632111631117865, 0.7625951279440654,
    0.7666180105744929
  ],
  "val_ious": [
    0.47774982560372, 0.5287110776357027, 0.5457703274661216,
    0.6040460255698881, 0.6257742032192756, 0.6447052152260488,
    0.665390076196712, 0.6633963435888292, 0.6651194210069767,
    0.6754384572091309, 0.6981957947862323, 0.6984258114859677,
    0.6956609966962235, 0.7074881951878035, 0.7067340489314948,
    0.7131142320408337, 0.7146998611481293, 0.7120490585980208,
    0.7150491212589153, 0.6981970721828763, 0.7138438311176022,
    0.693280810031338
  ],
  "training_time": 470.8957896232605,
  "avg_gradient": 0.008142862091160916,
  "memory_usage": 1145.87109375
}
