{
  "train_losses": [
    0.2698648684536633, 0.23218088726634564, 0.2128776513525973,
    0.19939903607187065, 0.18419977123646633, 0.1732423919374528,
    0.1669820234503435, 0.15641815624321284, 0.15370013815877231,
    0.14837390046728693, 0.14361026915519134, 0.13630985059653936,
    0.134069315481769, 0.12946393000690834, 0.12659657224202933,
    0.12331273426990146, 0.11726603308773559, 0.11410850278385308,
    0.11023317568975946, 0.10822933495206677, 0.10592847920792259,
    0.1047146505392764, 0.10101651627084483, 0.0960455923543676,
    0.09737471677362919, 0.09585780128026786, 0.09069191332420577,
    0.08714261663186809, 0.08657361680398816, 0.08291245349075484,
    0.08568868547192086, 0.08560649706455677, 0.08112700915207034,
    0.07848994733522767, 0.07637247908860445, 0.07450368267524501,
    0.07279940403026083, 0.0709397732887579, 0.07046673621010521
  ],
  "val_losses": [
    0.25465818494558334, 0.228821172338465, 0.1996276077368985,
    0.20146750302418417, 0.17653838739446973, 0.17391338069801746,
    0.17186353614796762, 0.16358246978210367, 0.15883607028619104,
    0.1496976285201052, 0.14885675081092378, 0.14794726540213046,
    0.14257583929144818, 0.14034060615560282, 0.14532749306248582,
    0.13408345291795937, 0.132997906078463, 0.13611162891206535,
    0.16584743478375932, 0.14385975897312164, 0.15060373671028926,
    0.1328933528907921, 0.13025916238193927, 0.14554140992138698,
    0.13492886819269345, 0.12972582892879195, 0.13089186422850774,
    0.13652600785312446, 0.1309711954191975, 0.13534067554966264,
    0.13873701105299202, 0.1370626310615436, 0.1334358526636725,
    0.13287675899008047, 0.12795387564793878, 0.13812089031157287,
    0.13457411106513895, 0.133603999796121, 0.15700157310651697
  ],
  "train_ious": [
    0.4512765145712143, 0.5270553511715886, 0.5624461090057226,
    0.5880521051855627, 0.6154737818608249, 0.6350013127253537,
    0.6447433849823648, 0.6655512444027091, 0.6712154169445456,
    0.6806368184262428, 0.6897433637708857, 0.7030279412325742,
    0.7066029790195002, 0.7146767904253106, 0.7208695952659064,
    0.7261056881128013, 0.7365373615985328, 0.7440377210361371,
    0.7503392068480237, 0.754531627385945, 0.7581575298546879,
    0.7607513419959855, 0.7665727597971754, 0.7760649702471234,
    0.773792327530143, 0.7766324348639754, 0.786426547374847,
    0.7930975669212098, 0.7942216940548112, 0.8015891792981518,
    0.7959764147366302, 0.7963545299742536, 0.8051370290526445,
    0.8103199337703597, 0.8148659484973851, 0.8184880837798119,
    0.8220006615139437, 0.8261298943256989, 0.8271855340487716
  ],
  "val_ious": [
    0.4961169448451719, 0.5231599363943804, 0.590181133237438,
    0.5891884640938995, 0.6283345501060073, 0.6409869824630627,
    0.6394005333599834, 0.6569760735484136, 0.6653846441835597,
    0.6798675442519394, 0.6853753583154816, 0.6886453758115353,
    0.6905579443859018, 0.6980327778104424, 0.6908124417498491,
    0.7077963790599852, 0.7138816319082094, 0.7050530081209929,
    0.675428932559663, 0.7075388150802557, 0.6937178723190142,
    0.7154964746340463, 0.7226758707260741, 0.7112963199615479,
    0.7169812017160911, 0.7258054788993753, 0.728148052441901,
    0.7249899985997574, 0.7334463607141936, 0.7239396163950798,
    0.7178300999212955, 0.7198728400727975, 0.72990966728632,
    0.7287952128959738, 0.7346899805293566, 0.7303703505059945,
    0.7345938844525296, 0.7325348979321078, 0.7075698567905289
  ],
  "training_time": 834.1341207027435,
  "avg_gradient": 0.011852689161754519,
  "memory_usage": 1145.87109375
}
