{
  "train_losses": [
    0.2564693100588477, 0.2116435994596585, 0.18968628249738528,
    0.17502223651694215, 0.16282909817021826, 0.154974398891563,
    0.14929831044181532, 0.14138055564430746, 0.13831250774471657,
    0.13059897311841664, 0.1253484568923064, 0.12267190084347258,
    0.11890525646183801, 0.11454512409703888, 0.11045522655805816
  ],
  "val_losses": [
    0.25805760272171185, 0.2127207404245501, 0.19958433217328528,
    0.18783236586529276, 0.16761781080909396, 0.1600993764789208,
    0.15793010365703833, 0.1616632076709167, 0.1461403271102387,
    0.14322518362947131, 0.1410313507784968, 0.1401076443169428,
    0.1462928709452567, 0.13249193212908247, 0.21090817257114078
  ],
  "train_ious": [
    0.48285622858320887, 0.566345627973045, 0.6056929716597431,
    0.6322165381541288, 0.6534242710449558, 0.6680430885998232,
    0.6789984838578148, 0.6920972759093065, 0.698812958986863,
    0.7127308965917084, 0.7217819132990594, 0.7262597988913025,
    0.7341684755747729, 0.7419124722372795, 0.7499148894263349
  ],
  "val_ious": [
    0.49110367030337243, 0.5727016595394714, 0.5943260535165882,
    0.6071057747239652, 0.6436660432297251, 0.6580916643142699,
    0.6639038946317591, 0.6626087839620701, 0.6866592008998429,
    0.6926835537820621, 0.6951741466055746, 0.6972685374211574,
    0.6879689099564071, 0.7124114947906439, 0.5383893305408783
  ],
  "training_time": 326.4356722831726,
  "avg_gradient": 0.004555394665321397,
  "memory_usage": 1145.87109375
}
