{
  "train_losses": [
    0.2634421057351258, 0.22377725828277029, 0.20230323772715486,
    0.18475736507579035, 0.17270691425580045, 0.16470209379558978,
    0.15683451015502214, 0.14844452492568805, 0.1414477421456705,
    0.13705967362646176, 0.13399141419516958, 0.12933067762819322,
    0.12493559900347305, 0.12060289080862117, 0.11901229526847601,
    0.11577817234818054, 0.11369903304654619, 0.10810651342667964,
    0.10691008955726157, 0.1016748965839329, 0.09980905262510413,
    0.09743709433013978, 0.09440988443953835, 0.09979912464547416,
    0.0902801122840332, 0.0882262731294917, 0.08856506588990273,
    0.08771765260430782, 0.08546241425463687, 0.0817269437500964,
    0.08002925133737533, 0.07757585030049086, 0.08019375882070998,
    0.0750103090768275, 0.07221380279035024
  ],
  "val_losses": [
    0.25840693777022156, 0.22465331593285437, 0.20173197401606519,
    0.20154746654240982, 0.18711501683877863, 0.17659208955972092,
    0.17777342867592108, 0.15620991539048112, 0.15767416487569394,
    0.1533923686846443, 0.14399346417706946, 0.14879318828816,
    0.14856183253552602, 0.1444546151096406, 0.15161902311703432,
    0.13740985338454662, 0.13990672985496727, 0.1355300135910511,
    0.1389608230927716, 0.14121087446160938, 0.13333021784606186,
    0.13363060258004977, 0.13148329876687215, 0.13034182576381642,
    0.1312553255778292, 0.13346002429075862, 0.14521198654952255,
    0.13391099675841953, 0.13700073552520378, 0.13473061180633047,
    0.1369518848217052, 0.13401024448482887, 0.1373505699245826,
    0.13713316295457922, 0.14170895079555718
  ],
  "train_ious": [
    0.4680434365257404, 0.5426452822875286, 0.5817178946150385,
    0.6134215672163001, 0.6354849480524445, 0.6497385397661423,
    0.6646588783225289, 0.6803857732726182, 0.693546899742838,
    0.7005660536064617, 0.7062869538971475, 0.7148369029164315,
    0.72264218578736, 0.730777722229992, 0.7338018691086247, 0.7399139750910841,
    0.7427936452778354, 0.7534567259144088, 0.7559517501057059,
    0.7650838301557567, 0.7685494775465433, 0.7727619258929852,
    0.7785589676620303, 0.76999598050463, 0.786846373230219, 0.7911746303780353,
    0.7901986476195892, 0.7918181050082912, 0.7959611054671846,
    0.80327666691248, 0.80693126761395, 0.8120337457976482, 0.8068436250306553,
    0.8172675904588427, 0.8234565816279766
  ],
  "val_ious": [
    0.5016318694620894, 0.538738119861354, 0.5869012357316155,
    0.5958020386920458, 0.6022503963415172, 0.6287725211485572,
    0.6378287949423858, 0.6699887505476027, 0.6700987202533778,
    0.6793322895748027, 0.6901849942362828, 0.6884267790162044,
    0.6902280894742496, 0.6972569505805553, 0.6890860221524169,
    0.7097479025090953, 0.7045533482147299, 0.7130741902451585,
    0.7070096472035283, 0.7138371186843816, 0.7191350334796351,
    0.7206303047529166, 0.7176952150420866, 0.7249887017668158,
    0.7272977930480158, 0.7195977050325145, 0.7131077357824299,
    0.7199985698081446, 0.7245449484258458, 0.7283392421145372,
    0.7261717274137164, 0.7293195387591488, 0.7210791536431382,
    0.7290021384107893, 0.7272877565760543
  ],
  "training_time": 757.5068039894104,
  "avg_gradient": 0.002559160397616429,
  "memory_usage": 1145.87109375
}
