{
  "train_losses": [
    0.26758043662361475, 0.22785387358263784, 0.20315810568306758,
    0.18629221245646477, 0.17113943851512411, 0.16533098410329092,
    0.158118964780284, 0.14965823126713867, 0.1439978612343902,
    0.14062506766260965, 0.134144798528565, 0.13246462117556645,
    0.12794977936731733, 0.12419671006500721, 0.11926784633618334,
    0.11734624360890492, 0.11644037602388341, 0.11089248647508414,
    0.10703182046342155, 0.10822112753015498, 0.10537166719365379,
    0.10163721089939708, 0.09904735373414081, 0.09813932932751335,
    0.09522656950613727, 0.09475100684263137, 0.08790789236840994,
    0.09558109979590644, 0.09314136583681988, 0.08723662801734779,
    0.08847667556256056
  ],
  "val_losses": [
    0.2548275421495023, 0.27899315920860873, 0.194907011869161,
    0.1792073191508003, 0.17435335173555042, 0.17372154347274615,
    0.16373835471661194, 0.15445616727937822, 0.14650526707587036,
    0.14388613289465074, 0.1639402408314788, 0.13486349566475206,
    0.1527782655928446, 0.13883157592752707, 0.13122663598345674,
    0.134764914603337, 0.13633653942657553, 0.1339599268267984,
    0.12930868954762167, 0.13367361640152725, 0.1339514577842277,
    0.13193876182903413, 0.12851491781032603, 0.1348869531698849,
    0.1401135020929834, 0.1300896458003832, 0.13273020833730698,
    0.13578038079583127, 0.13161347417727762, 0.13207511781998302,
    0.14464324890919353
  ],
  "train_ious": [
    0.4559410665676915, 0.5357518589960926, 0.5820254794173482,
    0.6117333993315698, 0.6377500122332059, 0.6501068759007732,
    0.6634999564376428, 0.6784105547096421, 0.6886968138101305,
    0.6942420673111211, 0.7069033405379109, 0.7100397835931054,
    0.7187066906928155, 0.7243999021424766, 0.7329566265469872,
    0.7369168993571534, 0.7387549019270191, 0.7483869322400163,
    0.7563994405926134, 0.7534366383932636, 0.7588099681812787,
    0.7656921639606572, 0.7701261115894802, 0.7718257960202036,
    0.7770600689818028, 0.7779670571503433, 0.7910908373153722,
    0.7770763863471969, 0.7812596088194333, 0.7929335611777892,
    0.7906840915481254
  ],
  "val_ious": [
    0.4994445082502089, 0.5065344434933386, 0.5909967143898426,
    0.6267728418975637, 0.6398331060789634, 0.6476568316203962,
    0.6535577100256215, 0.6728594942369321, 0.6839127525471259,
    0.6867749505284904, 0.6639678152143091, 0.7058701100556746,
    0.6857163828352223, 0.6977469124223876, 0.7103840484135391,
    0.7106620155382847, 0.7052554980568264, 0.7137280849442966,
    0.7199064015910246, 0.7124797088512476, 0.7194627579571542,
    0.7161597207836483, 0.7246815300938012, 0.7176841950934866,
    0.7124824346839518, 0.7245369125967439, 0.7275473149358362,
    0.7145599435636963, 0.7279943517152815, 0.7286731851273689,
    0.7072356317354285
  ],
  "training_time": 662.9215936660767,
  "avg_gradient": 0.006327128918720031,
  "memory_usage": 1145.87109375
}
