{
  "train_losses": [
    0.2711870623347552, 0.23687455211968525, 0.21237646861244802,
    0.1960965548844441, 0.179386290681103, 0.17233943210347838,
    0.1620931524945342, 0.15451543126255274, 0.1501979925872191,
    0.14523197564741838, 0.13879685496668454, 0.13583659056736075,
    0.13211656511639772, 0.12992244788809962, 0.12286042519237685,
    0.12036592015267714, 0.1174627295087861, 0.11247941284723904,
    0.1091455482756314, 0.10737331324945325, 0.10588771862018367,
    0.10115099520139072, 0.10345180446039075, 0.09864933505330396,
    0.09394364735192579, 0.09194916563675455, 0.0943473885645685,
    0.09075251136622998, 0.08922654669731855, 0.08401756308486928,
    0.0834201404257961, 0.0830763669927483, 0.08841525435285724,
    0.0860189448070267, 0.07858678986034963, 0.07647783471190411,
    0.07406586886424085, 0.07251233360527651, 0.074075260422314
  ],
  "val_losses": [
    0.25135359524384787, 0.22050579507713733, 0.2054765444734822,
    0.2001771751953208, 0.1694952949233677, 0.18221694716940756,
    0.224788141315398, 0.15263309718474097, 0.1685034172690433,
    0.15609045812617178, 0.14920950016897658, 0.14064344569392825,
    0.1417925531125587, 0.14358674589058626, 0.14191721136803212,
    0.13334009602018024, 0.14763093610172687, 0.1256803445841955,
    0.13314234076634698, 0.12903959271700485, 0.1275754329626975,
    0.13688858063972514, 0.13353882082130597, 0.12421054765582085,
    0.1270338734206946, 0.1360774644367073, 0.12995827862102052,
    0.12692461276183958, 0.1273486659578655, 0.12830516534007114,
    0.12544245208087174, 0.12987736434392308, 0.12519945560590082,
    0.12134587602770847, 0.12705106919874315, 0.12661961595649304,
    0.12623097779958145, 0.1308821230802847, 0.13322329618360684
  ],
  "train_ious": [
    0.4540172730019126, 0.5176818787079789, 0.5639000749350461,
    0.5933130285230235, 0.6250747481118076, 0.6365259664970031,
    0.6570038587610793, 0.6695636880678544, 0.6772120164680304,
    0.6864100703834619, 0.697892083529977, 0.7033897962259208,
    0.7092935460201207, 0.7139119012416274, 0.7266304707829505,
    0.7315863066393399, 0.7372357520288313, 0.7458067593043272,
    0.7522351113350495, 0.7546834047289859, 0.7576671228676602,
    0.7669123224374177, 0.7624412394412184, 0.7704257803658644,
    0.7798108636145143, 0.7830969265837598, 0.7795872234239954,
    0.7857666378975778, 0.7886784352578111, 0.7988897402757322,
    0.8001354587250865, 0.8006148561295395, 0.7907453370483026,
    0.7957711871443449, 0.8096900638462838, 0.8138713195272109,
    0.818970060866812, 0.8225559783370602, 0.8192609883304953
  ],
  "val_ious": [
    0.49596783529589133, 0.5523892549284991, 0.5604802834382955,
    0.5909755627314249, 0.643598367554554, 0.6385116035091704,
    0.6158146212498348, 0.6760783806659173, 0.6592954163965973,
    0.6710564157237175, 0.6831942125075107, 0.7017382383346558,
    0.6961451425500541, 0.6946968641402063, 0.7043989300727844,
    0.7091103228537934, 0.6865119590707447, 0.7277079891899356,
    0.7169376352558965, 0.7238464992547382, 0.7266584306523418,
    0.7160139850516253, 0.7174314914838128, 0.7339180023341939,
    0.7304285864035289, 0.7208328383124392, 0.7293811403754829,
    0.734244608360788, 0.7327553489501927, 0.7383202713900721,
    0.7389455487330755, 0.7332686466583308, 0.7375919538131658,
    0.7430756530468017, 0.7401359169811444, 0.7408785264993061,
    0.742570289883061, 0.7382109981516135, 0.7253969672365465
  ],
  "training_time": 834.2714507579803,
  "avg_gradient": 0.00973833238921645,
  "memory_usage": 1145.87109375
}
