{
  "train_losses": [
    0.27366781923110073, 0.2315473149166159, 0.20575921375142492,
    0.18567554911841516, 0.17413931582932887, 0.16281800344586372,
    0.1560857994886844, 0.1496231906601916, 0.14550807630724233,
    0.13980439953182056, 0.131895432167727, 0.13065800560719293,
    0.12760236604220193, 0.12202530969744144, 0.12139417627907317,
    0.11468514917499345, 0.111133540292149, 0.11039124485915122,
    0.10783361210285322, 0.10577601182234028, 0.10111274128860753,
    0.10030094554404849, 0.09593211434295644, 0.09847901024572227,
    0.09711788813381092, 0.09267672442871591, 0.09211117717558923,
    0.08895545873952948, 0.08468927418732125, 0.08755860603212015,
    0.0835129012880118, 0.08320259764466596, 0.08172156410696714,
    0.07894473729412192, 0.07730104673005965, 0.07603931402706582,
    0.0748522735565253, 0.07373075780418256, 0.07387039524948467
  ],
  "val_losses": [
    0.25238641027523123, 0.23468461567940918, 0.21786158272753592,
    0.20106824066327966, 0.2101971672280975, 0.16902968546618585,
    0.16077117071203564, 0.16857118224320206, 0.16685001649286435,
    0.1551330956104009, 0.17257744689350543, 0.14433003184588059,
    0.14626059697374053, 0.1435849666595459, 0.14663890814003738,
    0.1460455008175062, 0.13592696659590886, 0.13424399300761844,
    0.14234248645927594, 0.13483591361538225, 0.13720885890981424,
    0.13514816307503244, 0.13488575654185336, 0.1351345066467057,
    0.13856641510906426, 0.13428566864003305, 0.1337369926597761,
    0.13382789087684258, 0.1369011290371418, 0.1368415705535723,
    0.13722663356558137, 0.14003119925441948, 0.1389989533826061,
    0.1322486698627472, 0.1340157358866671, 0.13442237124494885,
    0.14164306579724603, 0.14228542813140413, 0.1395043261025263
  ],
  "train_ious": [
    0.449232224860917, 0.527314971241614, 0.5755846023127653,
    0.6126735831840316, 0.6341692436540476, 0.6540710940093235,
    0.6668200238027435, 0.6782581214455591, 0.6873847014554165,
    0.6966393066813117, 0.710900925207829, 0.7120524534712667,
    0.7188134442312994, 0.7281186229724811, 0.7303332655650117,
    0.7418194165912229, 0.7485684678498385, 0.7495804279502747,
    0.7541186622195485, 0.7577379210919574, 0.7673524815751165,
    0.7681955737804161, 0.7762686376986296, 0.7719966030099252,
    0.7743457287441994, 0.7823444236123912, 0.783827427720678,
    0.7900357915331486, 0.7980266466628818, 0.792734146280133,
    0.8000849860085958, 0.8012704999334573, 0.80391504291607,
    0.8095183912394709, 0.812789380982302, 0.815686250618402,
    0.8180032059334326, 0.8203228289882337, 0.8200079418610839
  ],
  "val_ious": [
    0.4931229859374571, 0.526240910416928, 0.5600757402354394,
    0.593394945497098, 0.5898628063175988, 0.6419655149397643,
    0.6580538486225016, 0.6482181212176449, 0.6565884498582372,
    0.674215852998305, 0.658649443500284, 0.6876275614983794,
    0.6961483899233999, 0.6936234212008076, 0.6900173702101776,
    0.6934756658215453, 0.7107195996719856, 0.7148356878239174,
    0.7064767907495084, 0.7151764076257097, 0.711374094736749,
    0.7170707162307657, 0.7191572120224218, 0.7178686075452443,
    0.7103743168754854, 0.7239009865384173, 0.7220165081646132,
    0.7224869410628858, 0.7283861779648325, 0.7223511774470843,
    0.7273008516733198, 0.718050728889479, 0.726274047424828, 0.730180268270382,
    0.7339540640081184, 0.7316820288913838, 0.7294021795193354,
    0.731365697539371, 0.7264028571654056
  ],
  "training_time": 835.4011855125427,
  "avg_gradient": 0.0038479745879017543,
  "memory_usage": 1145.87109375
}
