{
  "train_losses": [
    0.26837464049458504, 0.2274832677744005, 0.20375316914009012,
    0.18631783767562846, 0.1713786398101112, 0.16091582944373722,
    0.15247650047683198, 0.14702131927175366, 0.14299256536785676,
    0.13639690342318753, 0.13325145500509636, 0.12703776902154737,
    0.12341030314564705, 0.1225682036627246, 0.11716427074988252,
    0.11499732631542113, 0.10988422940768626, 0.10793630491294291,
    0.10441775223159272, 0.10207866885415885, 0.10015927793701059,
    0.09790803909139789, 0.09280637489712756, 0.09113271919119617,
    0.08862357906511296, 0.09346925447006589, 0.09073462373698535,
    0.08776253806022198, 0.08614173345267773, 0.08507224565128917,
    0.08038667852625898, 0.07742368114059386, 0.07623830806140018,
    0.07540479755919913, 0.07560249997059935, 0.07389505424172334,
    0.0831368712141462
  ],
  "val_losses": [
    0.2580433925208838, 0.21538835407599158, 0.197292892181355,
    0.18119916384634766, 0.17796147387960684, 0.1626392635314361,
    0.16749338125405105, 0.14964532754991366, 0.15162215446648392,
    0.15089017201376997, 0.14723274873002715, 0.14415842634828194,
    0.14464672136565912, 0.1375054318619811, 0.14107193538676138,
    0.13747220729356227, 0.13764928232716478, 0.1335059942110725,
    0.13291410000427908, 0.1322462331989537, 0.14119431829970816,
    0.1374638286297736, 0.134558259954919, 0.140460259726514,
    0.13276295882204306, 0.14473056955182034, 0.13780499767997992,
    0.1390410340998484, 0.13764071172994116, 0.13849864559976952,
    0.13682151763983394, 0.14001953358883443, 0.1372810090365617,
    0.1351127972745377, 0.13410619047024977, 0.14818704144462294,
    0.13693642648665802
  ],
  "train_ious": [
    0.46189367129345976, 0.5345462577930395, 0.5778068008468202,
    0.6094512656547021, 0.6377385328861253, 0.6580727203492668,
    0.671270890566318, 0.6824299131614575, 0.6895384268592231,
    0.7022691076432449, 0.7079236751449279, 0.719096425758756,
    0.7253717098763023, 0.7273564660462778, 0.7369180096556308,
    0.7407899580463986, 0.7502480231873369, 0.7535344613850983,
    0.7597874628676883, 0.7645778565843036, 0.7680368828384773,
    0.772035895752302, 0.7818544328860616, 0.7849403087967544,
    0.7896897025082422, 0.7804498216272265, 0.7860509478959483,
    0.7912708902596564, 0.7943426659465701, 0.7969395192744942,
    0.8061285392529721, 0.8123281578654832, 0.8147938058212185,
    0.8163960812532384, 0.8157982780881552, 0.8195248725621596,
    0.8017219267245655
  ],
  "val_ious": [
    0.4688375172191771, 0.5575706556007483, 0.5889709121075228,
    0.6229282369216282, 0.631280686976253, 0.6566280070422351,
    0.6518948937671771, 0.6796751290127852, 0.682183142805445,
    0.6735146870647651, 0.6849310041769693, 0.6912942941206087,
    0.6905894476002542, 0.7028626808221788, 0.7015211741993393,
    0.704682367651359, 0.7072333712940629, 0.7155485911213834,
    0.7155696594196818, 0.7164208487324093, 0.7060549766689107,
    0.7168914232996927, 0.7184297701586846, 0.7168901122134667,
    0.7227460372707116, 0.7048131361387777, 0.7227247299059576,
    0.7192878183247385, 0.7221496787624082, 0.7231675032256305,
    0.7274412746014803, 0.7220578848019891, 0.7328407777392346,
    0.7317246075557626, 0.7328546807385874, 0.7259182703235875,
    0.7220306564932283
  ],
  "training_time": 793.3721196651459,
  "avg_gradient": 0.002983684069137545,
  "memory_usage": 1145.87109375
}
