{
  "train_losses": [
    0.27714490242626355, 0.242635237943867, 0.21949957983325358,
    0.2036741500639397, 0.18690657745236935, 0.1768107541391383,
    0.16614646310715572, 0.16078821112118338, 0.15337919051070575,
    0.14881969393109498, 0.14127898831730304, 0.13654745240574298,
    0.13413557499323203, 0.13292069016429392, 0.12702824325179277,
    0.12169123234470254, 0.1191229161441974, 0.11878810588108457,
    0.1137734702585832, 0.11078701694698437, 0.10924745306534611,
    0.104574725922683, 0.10116559137468753, 0.09940356874595517
  ],
  "val_losses": [
    0.2615288029546323, 0.25384062852548517, 0.21076578322959982,
    0.1964710371001907, 0.17998434052519177, 0.17206439278695895,
    0.1629308646787768, 0.15867337017603542, 0.16227234543665595,
    0.15188491409239563, 0.13777967688182127, 0.1421868456122668,
    0.13797720278734746, 0.13733112812042236, 0.1314031624275705,
    0.15415719993736432, 0.13832664036232492, 0.13943020060010577,
    0.12939539567931838, 0.1334175590587699, 0.1326066206978715,
    0.13351894315818083, 0.12646448563622392, 0.15860803441508955
  ],
  "train_ious": [
    0.4378159093380353, 0.5071202283590166, 0.5514272495942274,
    0.580688307763658, 0.609194093370351, 0.6286224654295303,
    0.6476170820170557, 0.657231745134661, 0.6712496446418591,
    0.6792883802259313, 0.693722311623286, 0.7014188987837319,
    0.7057123226316082, 0.7074675729525263, 0.7194319106098535,
    0.729211756446655, 0.7341951755401886, 0.7352521269973636,
    0.743985196548528, 0.7488419706190842, 0.7517229054069176,
    0.760031240465848, 0.7666358638932743, 0.7699754068600958
  ],
  "val_ious": [
    0.48137268791164173, 0.4891724515220394, 0.5685324837332185,
    0.5993727292271628, 0.6287279852490496, 0.6367377435815508,
    0.6561974440363871, 0.665274868408839, 0.6606008548667464,
    0.6770682952542234, 0.700927741717601, 0.6921021681332933,
    0.7029387557852095, 0.7008050567861915, 0.7117780049641927,
    0.6865327600119768, 0.7053143129400585, 0.7041795508585114,
    0.7180302873037863, 0.7113083426071249, 0.7131441183712172,
    0.7179255807313367, 0.7287618057883304, 0.6924992825673973
  ],
  "training_time": 513.4607141017914,
  "avg_gradient": 0.0027423094404340235,
  "memory_usage": 1145.87109375
}
