{
  "train_losses": [
    0.2738099852171929, 0.22333716916973176, 0.20190674398580324,
    0.18897221375094808, 0.17510591844177764, 0.16430837013151334,
    0.15787148609271515, 0.15280053630957138, 0.14603629351957984,
    0.1399961599432256, 0.13741744050513144, 0.13199830966313247,
    0.13055051057397024, 0.1233240167569855, 0.12071424078844163,
    0.11883280495100695, 0.11531573064301325, 0.10971521274389132,
    0.11035330350632253, 0.10598269825720269, 0.10178456925179648,
    0.10247377622062745, 0.10153346824581208, 0.09556476354760968,
    0.09420153251646654, 0.09366436905996955, 0.09219547344938568,
    0.08834751245930143, 0.08644438186741393, 0.08858882571044176,
    0.08483421389499436, 0.08287289483553689, 0.07985934793301251,
    0.085439240478951, 0.08546821234504813, 0.07604710427720261,
    0.07402247639939837, 0.07857244275510311
  ],
  "val_losses": [
    0.2431522552733836, 0.22483740325855173, 0.20849857349758563,
    0.1815643482234167, 0.18176879733800888, 0.17835986193107523,
    0.16248662024736404, 0.14842749030693717, 0.1518743216343548,
    0.1440855789443721, 0.14668153129194095, 0.14951039980287137,
    0.149697317701319, 0.14000137700982715, 0.13823276822981628,
    0.14489592466017473, 0.14333685681871747, 0.14007620918362038,
    0.13384595675312955, 0.12643741476147072, 0.13440751997025116,
    0.13760823772653288, 0.13381810842648797, 0.1336216374259928,
    0.14317928529951884, 0.14331656629624573, 0.1277590939856094,
    0.12469655615480049, 0.13116930311788683, 0.13248774943792302,
    0.13386470597723257, 0.130350513788669, 0.13547170534729958,
    0.1300245296695958, 0.1302521343788375, 0.12978269937245743,
    0.1304942806777747, 0.13576114436854486
  ],
  "train_ious": [
    0.448952901484175, 0.5447079997131791, 0.5832254825348872,
    0.6053402340174582, 0.6305948667012266, 0.650915223511233,
    0.662624122979848, 0.6723261266622853, 0.6844895594361899,
    0.6952704190128093, 0.7004819066952104, 0.7100548960160519,
    0.7124172986849496, 0.7250631459165314, 0.7304647589183374,
    0.7342135824155113, 0.7402368815264836, 0.7509842167297999,
    0.7498232451254045, 0.7572274377056655, 0.7652310303587848,
    0.7644498713206559, 0.7658498574966106, 0.7762125940534519,
    0.7799714037581632, 0.780548980216617, 0.7834719957216926,
    0.7910568331894668, 0.7945615524507086, 0.7898814874174797,
    0.7976364778435748, 0.8015358930696613, 0.8075092136859893,
    0.7966612638446727, 0.7971094293870785, 0.8156270794030552,
    0.8198395633827085, 0.8106729844989983
  ],
  "val_ious": [
    0.5082332526428114, 0.5265496540544691, 0.5740562016549319,
    0.6166457179663839, 0.6273482184911119, 0.6252235835013183,
    0.6523954432079758, 0.678949192814205, 0.6782679907653641,
    0.6867329283900883, 0.6866346956163212, 0.683425537701966,
    0.6791415037452312, 0.6956377962361212, 0.7032451424477758,
    0.6931631441997443, 0.6956695780374001, 0.7022497250118119,
    0.7127080499262048, 0.722416778837425, 0.7138025730416395,
    0.714495503600093, 0.7181805303131324, 0.725216309445492,
    0.7055546291496443, 0.7034654219945271, 0.730071972893632,
    0.7337500850359598, 0.7265458338070606, 0.7257596908704096,
    0.7254301687513572, 0.733102294197981, 0.7251476230828655,
    0.7275879914345947, 0.7335275796012601, 0.7355557999749116,
    0.7337881268366522, 0.7259099461894103
  ],
  "training_time": 813.2063324451447,
  "avg_gradient": 0.005483600389489203,
  "memory_usage": 1145.87109375
}
