{
  "train_losses": [
    0.2628648942741363, 0.21988265993802444, 0.2004310836934525,
    0.18830763977830825, 0.17547132657921832, 0.16508884347327377,
    0.15667734015733004, 0.15184881570546524, 0.14656822371256092,
    0.1416369870952938, 0.13842392125693354, 0.13471717622293078,
    0.1270902016726525, 0.12647312341014977, 0.12207978733045899,
    0.1236685194561015, 0.11490029562264681, 0.11190295717476503,
    0.11012031433536955, 0.10888878397805535, 0.10398085184557282,
    0.10240115346791952, 0.09933915746438762, 0.09655844849412856,
    0.09321909543612729, 0.09795934014508258, 0.09516745429162098,
    0.09045150916537513, 0.08518396945589263, 0.08385097219244293,
    0.08140638916064864, 0.07973903008615194, 0.08441264753270408,
    0.07714265916982423, 0.07430048991480599, 0.0741133707292054,
    0.07662719079171834
  ],
  "val_losses": [
    0.22745613203100537, 0.21245628498170688, 0.18873268786979758,
    0.18119365041670593, 0.17036989428426907, 0.21046282674955286,
    0.16482291046691977, 0.16581635436286096, 0.15701323148349058,
    0.1591477782829948, 0.1453674374067265, 0.1434328765000986,
    0.14457845817441525, 0.13970278171093567, 0.13967103802639505,
    0.14084724838966908, 0.14086108039254727, 0.14759777988428655,
    0.18780964450991672, 0.1351137546741444, 0.13698849211568417,
    0.1352351037380488, 0.13583384373265764, 0.13631591217025466,
    0.13353518169859183, 0.1428014953499255, 0.13939978781601656,
    0.13516928077391957, 0.13278689041085864, 0.13652507620661156,
    0.1329374256665292, 0.1333589673690174, 0.13914490588333295,
    0.1282279854235442, 0.13619473770908688, 0.13847916119772455,
    0.15058048150461653
  ],
  "train_ious": [
    0.46725170004546, 0.5516564918115087, 0.5868887287713045,
    0.6085491731654903, 0.6316106601793698, 0.6503423881595547,
    0.663862333835467, 0.6743281780053739, 0.6844020924274472,
    0.6939750373687432, 0.6993666120629377, 0.7062404452134735,
    0.7197660425326962, 0.7210257897234483, 0.7289586442968117,
    0.7257584001383056, 0.7414352919744407, 0.7470814190481015,
    0.7496648795794745, 0.7522030942465949, 0.7614433214716291,
    0.7642614003000914, 0.7699303821377136, 0.775226990867784,
    0.7816931628554628, 0.7725428762319294, 0.7778954813121886,
    0.7862237610354803, 0.7970953050838862, 0.7995828849034033,
    0.8042220109398815, 0.8075891859505487, 0.7983149606464567,
    0.8128194595160695, 0.8186701182006061, 0.8193411618687108,
    0.8142235267205515
  ],
  "val_ious": [
    0.5371147665208665, 0.5672614075567411, 0.6044112983821094,
    0.6237225731213888, 0.6415820722130764, 0.615887297236401,
    0.6551313361395961, 0.6477993044300355, 0.6668877780869389,
    0.6682147461435067, 0.6921795502952905, 0.6896098506623421,
    0.6883036261019501, 0.699499779853268, 0.7005648761987685,
    0.6984431156213732, 0.7053930105074592, 0.6920378294543942,
    0.6710007303002953, 0.7099311911109565, 0.7109676495842312,
    0.7122024576301161, 0.7138486254042473, 0.7125493868969489,
    0.7196082451205325, 0.7035402318705684, 0.7191872430452403,
    0.7243116135182588, 0.7271392550589384, 0.7255470303521641,
    0.7275973323030746, 0.729903303626655, 0.7210695447697155,
    0.734092627098595, 0.7301477973443875, 0.72565425435702, 0.7108703814986823
  ],
  "training_time": 798.0937044620514,
  "avg_gradient": 0.007157945172233385,
  "memory_usage": 1145.87109375
}
