{
  "train_losses": [
    0.2725942968998266, 0.22694371745962164, 0.20739061417786972,
    0.1898702806590692, 0.1766058528876823, 0.16561034265095773,
    0.1551871566992739, 0.14886302440224783, 0.1432722111273071,
    0.13974080518212006, 0.13612007009594337, 0.13127716602352651,
    0.12636580411344767, 0.1204620142183874, 0.11795061992724305,
    0.11578173830133417, 0.11025778070578109, 0.10904753147421972,
    0.10529032859789289, 0.09960013611809067, 0.10008908208945523,
    0.09703307525943154, 0.09336221570392018, 0.0944394135604734,
    0.0879421807501627, 0.0886435175071592, 0.08658261111249095,
    0.08718148375982823, 0.08557299212755068, 0.08076409420565418,
    0.07889096540115449, 0.07767900480362384, 0.07905232703880123,
    0.07356782804202774, 0.07275479430656719
  ],
  "val_losses": [
    0.2651284178314002, 0.22896949363791425, 0.21891388037930365,
    0.19478725415209067, 0.1671860953388007, 0.16169387069733246,
    0.16170429373564926, 0.14919759397921356, 0.15259818165846492,
    0.15329534609032713, 0.15720213107440784, 0.14219569026128107,
    0.1417692729636379, 0.13866925968424135, 0.14585790216274883,
    0.15100875966574834, 0.137344838646443, 0.1508269449291022,
    0.13794704461875168, 0.13528886275446933, 0.13790954957189766,
    0.1373896344524363, 0.13709895733905875, 0.1364321663327839,
    0.1350993632298449, 0.13599623415781104, 0.1346639470885629,
    0.14691507055059724, 0.1406835920136908, 0.14092466494311456,
    0.14557123524339302, 0.1389519539864167, 0.14612684820009314,
    0.14483441137101338, 0.14083271765190622
  ],
  "train_ious": [
    0.4512972933226737, 0.5362569296705552, 0.5717538433500391,
    0.6028258457671903, 0.6286897573998008, 0.6473754953754988,
    0.6676298115888367, 0.678132595899312, 0.6881845455238785,
    0.6955383032884288, 0.7031919544265753, 0.710449512723995,
    0.7200431480895778, 0.7306003012842889, 0.7348002832436901,
    0.7388763616158481, 0.7491462650722353, 0.7516027045962607,
    0.7582351984861105, 0.7687392323885278, 0.7680019555424435,
    0.7736033440931986, 0.7806797067000383, 0.7785688034542232,
    0.7914972609259943, 0.7896122234347077, 0.7941559949970762,
    0.7928525745544741, 0.7957685744200921, 0.8054599743606389,
    0.8096142198512528, 0.8117308225752653, 0.8088039586293521,
    0.8203566972760179, 0.8221220583587446
  ],
  "val_ious": [
    0.4960471668105195, 0.5426817251288373, 0.5727085932225421,
    0.591145719738974, 0.6515538601771645, 0.6634433282458264,
    0.6642059457042943, 0.6831144001604854, 0.677796672651733,
    0.6782987335885781, 0.6681920760783596, 0.6949160850566367,
    0.7003656558800434, 0.7038623699243517, 0.6895987952964894,
    0.686890809648279, 0.7121949608343235, 0.6942056529763815,
    0.7122578113407331, 0.7171349223109257, 0.716061626655468,
    0.7179751683404482, 0.7150212552236472, 0.7230462580919266,
    0.7292307867952017, 0.7181925689396651, 0.7270409516666245,
    0.7191298426925274, 0.715673273672228, 0.7289690636638284,
    0.7171828360229299, 0.7302149840887043, 0.7232540886903153,
    0.730346606693406, 0.7282272190719412
  ],
  "training_time": 751.85853099823,
  "avg_gradient": 0.0025358905456533977,
  "memory_usage": 1145.87109375
}
