{
  "train_losses": [
    0.2699383455126182, 0.2250260426460401, 0.20487326877596584,
    0.18756559855588104, 0.1786260881015788, 0.17026546370723974,
    0.1610325775716616, 0.15267331456846517, 0.1462619565832226,
    0.1449444746679586, 0.13892367785877507, 0.1333985126212887,
    0.13057122796611942, 0.12667792092036942, 0.12207424632557061,
    0.1199484821408987, 0.11861554059483435, 0.11319452904812667,
    0.10902843093904464, 0.10850297918786174, 0.10425645226369733,
    0.10093762296373429, 0.0980903688494278, 0.09856875718611738,
    0.09526505049965951, 0.09169965524874303, 0.09117230918744336,
    0.08849427059454762, 0.09223947366294653
  ],
  "val_losses": [
    0.254907495625641, 0.21817819936119992, 0.203617624938488,
    0.18654045948515768, 0.1958481361684592, 0.17680573333864627,
    0.17909634113311768, 0.15131382174465968, 0.15888686089412027,
    0.14163586950820425, 0.14292143771181937, 0.16096237075069678,
    0.14315710265351378, 0.14014721062520277, 0.13295931223294008,
    0.13795808119618375, 0.1365654594872309, 0.12902960553765297,
    0.12907330335482306, 0.1434748864368252, 0.1239250898361206,
    0.13403771234595258, 0.124905691522619, 0.128237286987512,
    0.12868012180146965, 0.12670817048005437, 0.1259459628035193,
    0.1356865447824416, 0.14180858514231184
  ],
  "train_ious": [
    0.4586210430370292, 0.5399826600661743, 0.5782600247125694,
    0.609103501976832, 0.6238533075952877, 0.6402691466112931,
    0.6565965974460477, 0.6722834051411217, 0.6835332163542074,
    0.6865482249337694, 0.6974847459814683, 0.7079090395051505,
    0.7129373911606227, 0.7204225157266076, 0.7276142221754011,
    0.7320564136556955, 0.7343129017862718, 0.7441256526803627,
    0.7517131714393261, 0.7527176144438382, 0.7595458723928615,
    0.7661678121573688, 0.7720950200505878, 0.7706108769752845,
    0.7770390988368052, 0.7834378946302595, 0.7848765432726645,
    0.7897568533493989, 0.7833182305853438
  ],
  "val_ious": [
    0.4723894903841226, 0.565074137587478, 0.5823788064113561,
    0.6093221628579539, 0.6095288568648739, 0.628100865776988,
    0.6371824093486951, 0.6712755854578984, 0.665800582671511,
    0.6936521698599276, 0.6881351034710373, 0.6604342525419981,
    0.6934199626894963, 0.6942142470591308, 0.7093800952037175,
    0.7015051990747452, 0.7017499474079711, 0.7177026587120001,
    0.7176821035319483, 0.6998110737489619, 0.7282774215159212,
    0.7162303872730421, 0.7293811189955559, 0.7249891883221224,
    0.7262857489395833, 0.7269235350515532, 0.7355581303869468,
    0.723606513030287, 0.7096009422903474
  ],
  "training_time": 621.4564747810364,
  "avg_gradient": 0.004650029906448527,
  "memory_usage": 1145.87109375
}
