{
  "train_losses": [
    0.2664620675470518, 0.22508446329637713, 0.20442340312444646,
    0.18867124114995418, 0.1715343501418829, 0.16275853882341282,
    0.15621299952592538, 0.1495261153449183, 0.14381523397953613,
    0.13953577637996362, 0.1337120999460635, 0.13113026887826298,
    0.12627504223390765, 0.1255088943745131, 0.12047451135257016,
    0.1165096560979019, 0.11400142668381981, 0.11082340319357488,
    0.1069482829745697, 0.10599470976740122, 0.108828814295323,
    0.0978901430397578, 0.09745591243162104, 0.09515188958333887,
    0.09623238444328308, 0.0965433845134533, 0.08952507243046294,
    0.08861788204344719, 0.0926751917552041, 0.09078455189971821
  ],
  "val_losses": [
    0.2668123838046323, 0.22330587519251782, 0.23257714380388675,
    0.19084775545026944, 0.17618812717821286, 0.16799976255582727,
    0.16652406071839126, 0.1543137220584828, 0.1519619586027187,
    0.1502728099408357, 0.147483357268831, 0.14446865832028183,
    0.14654610111661578, 0.14223489440653636, 0.14544529208670492,
    0.14325590026767357, 0.13197512260597685, 0.13849077892044317,
    0.1476926798729793, 0.14268599758329598, 0.1325250794382199,
    0.13434819520815558, 0.1354884432385797, 0.13612947969332986,
    0.13125947214986966, 0.13444913761771243, 0.13398999720811844,
    0.13607857100989507, 0.13357073603116948, 0.14539723049687303
  ],
  "train_ious": [
    0.46507827277578745, 0.5391746827171766, 0.5770244697999696,
    0.6077264940123197, 0.6379885834952195, 0.6544447695647462,
    0.6669919393092829, 0.6779745492706265, 0.6888157816576782,
    0.6960444990275564, 0.7073055858305399, 0.7119431354213456,
    0.7208959232421891, 0.7224085906493493, 0.7301519709112855,
    0.7382505205662355, 0.7436536269235436, 0.748674940533828,
    0.7555601928869018, 0.7578435768575765, 0.752262853571902,
    0.7722941782271517, 0.773234518001909, 0.7774463352085891,
    0.7755199336595292, 0.7747617109638195, 0.7884488399477972,
    0.7899217871760117, 0.7834829123339789, 0.7858215133673042
  ],
  "val_ious": [
    0.44195570040872134, 0.5446028616549313, 0.5573418738617414,
    0.6154267124939655, 0.6387338141600292, 0.6476460792448208,
    0.6534245534651523, 0.6744143831125203, 0.6746340808661088,
    0.6810927287391995, 0.6881189616262049, 0.6929883544427761,
    0.6965422572001169, 0.6966558055601257, 0.694081554810206,
    0.6968200601961302, 0.7167690502128742, 0.7062097852644713,
    0.704632558900377, 0.7043229594178821, 0.7167189795037975,
    0.7211967620296754, 0.7200521224218867, 0.7161953732155368,
    0.7220426394023758, 0.720395184945369, 0.7223836110121964,
    0.7251090793937875, 0.7169449519420014, 0.7018055991418117
  ],
  "training_time": 642.4683167934418,
  "avg_gradient": 0.004175149453325658,
  "memory_usage": 1145.87109375
}
