{
  "train_losses": [
    0.26640969190908514, 0.2305827760340079, 0.20500317224017953,
    0.18301729064272798, 0.17253912442728228, 0.16085053121914034,
    0.15608312805061755, 0.14706242428687605, 0.1417169421506317,
    0.13792700717306655, 0.13292956967716632, 0.12890827364247778,
    0.12487885926890632, 0.12044354447204134, 0.11710425433905228,
    0.11527476277526306, 0.1115298658285452, 0.10713737745485875,
    0.10485639512214971, 0.10018004068051992, 0.09996639892620884,
    0.09987291329256866, 0.09768873829718518, 0.09360736163090104
  ],
  "val_losses": [
    0.46290500591630523, 0.26639181731835654, 0.19582758584748144,
    0.18612398952245712, 0.1910921179729959, 0.16573618708745294,
    0.16881461895030478, 0.15250485228455585, 0.15298509921716608,
    0.15317215657104616, 0.14315069385844728, 0.14365050261435303,
    0.13968799570980278, 0.13285255237765933, 0.13433714324365492,
    0.15282704551582751, 0.1435146819314231, 0.13917075324317682,
    0.12745646338747896, 0.13188666137664215, 0.13214452143596567,
    0.14401781931519508, 0.12915858626365662, 0.14055510011056196
  ],
  "train_ious": [
    0.4623352184189834, 0.5290362261829601, 0.5759296583524646,
    0.6163348781241887, 0.6353062543532123, 0.6572279744390128,
    0.6659661734989587, 0.6821308782243213, 0.6922058408567009, 0.6988420938884,
    0.7082734979905085, 0.7153162491386347, 0.7228912214978014,
    0.7312762982387476, 0.737338792532682, 0.7403409689988777,
    0.7473787060142425, 0.7553759846242435, 0.7592174841118033,
    0.7685295158754226, 0.7681966787879017, 0.769039220676042,
    0.7725181373349135, 0.7801955733718213
  ],
  "val_ious": [
    0.39432561786278425, 0.5053598495821159, 0.5906336744842321,
    0.6166460896315781, 0.6189053594202235, 0.6580912939448289,
    0.6501027689031933, 0.6757325352965922, 0.6752740280783696,
    0.6828128064888114, 0.6967832502247632, 0.6896170325901199,
    0.7015745276990143, 0.7136613150005755, 0.7113602509101231,
    0.6883758449036143, 0.700582368866257, 0.7049447613349862,
    0.7262455875027006, 0.7209229607512985, 0.7193933859251548,
    0.6974724848633227, 0.7251718536667202, 0.7069200283807259
  ],
  "training_time": 514.8231062889099,
  "avg_gradient": 0.004030558550552172,
  "memory_usage": 1145.87109375
}
