{
  "train_losses": [
    0.28215288945838163, 0.2384291377890369, 0.21578305457597194,
    0.20069527520757655, 0.18817501102128756, 0.17942401596709437,
    0.1713580925665472, 0.1646136447949254, 0.15424030650731013,
    0.15281706254767335, 0.14618941226407237, 0.14168382006818833,
    0.13792617679776056, 0.13536053357402916, 0.12906437950289767,
    0.12634546131543492, 0.12301162529088881, 0.11865925825322451,
    0.11833640447129375, 0.11416912046463593, 0.11288580496835968,
    0.10860507056602965, 0.11028975487241278
  ],
  "val_losses": [
    0.24800116406834644, 0.2367025710966276, 0.21060060288595117,
    0.19573770690223444, 0.179476467811543, 0.17185994108086047,
    0.17749128361111102, 0.16049386949642844, 0.1589426492219386,
    0.14869051183695378, 0.1622692835719689, 0.15120597637217978,
    0.13830457935514656, 0.13804583202885545, 0.14064842948447104,
    0.13993086131370586, 0.1367183458869872, 0.13622042714901592,
    0.13755105354863664, 0.14148200287119203, 0.12977374620411708,
    0.1353603024845538, 0.14374357575307722
  ],
  "train_ious": [
    0.43247928738971986, 0.5156440323731605, 0.557357686261336,
    0.5864720684138762, 0.6084827154982777, 0.6231832213267896,
    0.6381516420970792, 0.6505388082477492, 0.6696492166838782,
    0.6724541412423486, 0.6843577083470163, 0.6926101671288846,
    0.6994912899706675, 0.7041549864562523, 0.7149431789698811,
    0.7205235527261441, 0.7265754676275497, 0.7338330545395185,
    0.736356808601514, 0.7431225893830041, 0.7447925986371181,
    0.7516960965982386, 0.7485389261897921
  ],
  "val_ious": [
    0.4989011989555496, 0.5213125508980476, 0.5729035028944843,
    0.5942971134099405, 0.625293119446091, 0.6412391811609269,
    0.6218050536902054, 0.6591442743505256, 0.6670688742744749,
    0.6822466964738956, 0.6656057251536328, 0.6850142444389453,
    0.7002880368111789, 0.7028338049632915, 0.696198154402816, 0.70190385631893,
    0.7038085784601129, 0.7062609264816062, 0.7051547022833339,
    0.7050773967867309, 0.7183868172376052, 0.7086387591949405,
    0.6961753865083059
  ],
  "training_time": 492.1114721298218,
  "avg_gradient": 0.0037958719185250053,
  "memory_usage": 1145.87109375
}
