{
  "train_losses": [
    0.26677020768756454, 0.2233295804294555, 0.20047177269083002,
    0.18320358058680658, 0.1707415445505277, 0.1623730522620937,
    0.155740471597275, 0.14659395133671554, 0.14480127693842287,
    0.13993277250910582, 0.13348950963953268, 0.12909986657778855,
    0.1266685986648435, 0.12304213355578807, 0.12067716888597478,
    0.11489968248845442, 0.11218561981197285, 0.10879890867711409,
    0.10225399713153424, 0.09976580803808958, 0.10336893776674634,
    0.10166545167727314, 0.09425256470137316, 0.09165885165819655,
    0.08945042275540206, 0.0887870879681862, 0.08713901820390121,
    0.08381459274855645, 0.08092100671290056, 0.08480426539545474
  ],
  "val_losses": [
    0.2502942422161932, 0.21287697262090186, 0.20991597680941873,
    0.17049429306517477, 0.167915814920612, 0.16343630785527435,
    0.16026975376450497, 0.14612617619011714, 0.15091571325193281,
    0.14813736988150555, 0.15949645201149193, 0.1449463101832763,
    0.14420214927066927, 0.13758746923311896, 0.14374147015421287,
    0.14525753680778586, 0.1342683478218058, 0.13439746071463046,
    0.13128802002124165, 0.13326766325727754, 0.15536516030197559,
    0.1361965041445649, 0.1312129802030066, 0.13432232322900192,
    0.13591828083862428, 0.1443355713525544, 0.12833652580561844,
    0.13419684476178625, 0.1339558928233126, 0.14351908279501874
  ],
  "train_ious": [
    0.4610386456673342, 0.5446016558216533, 0.5856565482158596,
    0.6168511226449324, 0.6405229149521263, 0.6551137987686237,
    0.6667299570812698, 0.6842243506208712, 0.6877891256109532,
    0.6961349394118441, 0.707820431693741, 0.7162224881458974,
    0.7194919184498163, 0.7264066355815835, 0.7309320956144643,
    0.7415188825756746, 0.7466489136542961, 0.7528725845766241,
    0.7646983417047967, 0.7688085890334584, 0.7626994558866472,
    0.765676296707513, 0.7795429402503413, 0.7847306592308961,
    0.7889067942573544, 0.789629201418248, 0.7931557496928647,
    0.7996352808415021, 0.8053443547392232, 0.7977086444911751
  ],
  "val_ious": [
    0.4969769175285879, 0.5622229120437648, 0.5795951204887335,
    0.6423051646654155, 0.6466831405093704, 0.6573370310707369,
    0.664630943018457, 0.687793651136799, 0.6810014381788777,
    0.6860477706228479, 0.6810591467048812, 0.691590074179829,
    0.6961466667876727, 0.7090402426926985, 0.7049890214550322,
    0.6897742385449616, 0.7137764500103134, 0.7105222210504006,
    0.7207547594671666, 0.7218098489270695, 0.6865107857662698,
    0.7110976470985273, 0.7272271339012228, 0.7217394979535668,
    0.7254092375869337, 0.7187508474225583, 0.7326427462740218,
    0.7301647904990377, 0.7261098986086638, 0.7124743787706763
  ],
  "training_time": 642.5978631973267,
  "avg_gradient": 0.004380646588876851,
  "memory_usage": 1145.87109375
}
