{
  "train_losses": [
    0.2590226724581874, 0.21237460046034792, 0.18967945703669734,
    0.17422594049054643, 0.1619067091656768, 0.15573431895640882,
    0.1477160023768311, 0.14326377095573622, 0.13893512583783138,
    0.13439208487777607, 0.1297934805245503, 0.1256852579181609,
    0.12487715741862422, 0.11982650070896615, 0.11559288001254849,
    0.11129150069926096, 0.10566262054540541, 0.10356545367318651,
    0.10502466340751751, 0.10108614312079937, 0.09755387383958568,
    0.09812280628830194, 0.09673406082488921, 0.09133474690758664,
    0.09238421111165182, 0.08921685875595911, 0.08535384605436222,
    0.08419247745009868
  ],
  "val_losses": [
    0.25748060384522314, 0.2119906661303147, 0.1771140328567961,
    0.19575541725625162, 0.16436741112366968, 0.17458000098881515,
    0.15581275085392204, 0.15093486918055493, 0.14322832631676094,
    0.15583035317452057, 0.1472088965060918, 0.15637835293360378,
    0.14048230145936427, 0.13601541956481727, 0.13233357360181602,
    0.13067492729295854, 0.13235115972550018, 0.13020442231841708,
    0.1360552790372268, 0.1280412403461726, 0.13440105335220046,
    0.13402729562443236, 0.1361613506856172, 0.12727945767666982,
    0.12947069659181262, 0.12852709448855856, 0.1264980406216953,
    0.13910092818348305
  ],
  "train_ious": [
    0.47664545331339275, 0.5633828659690377, 0.6056793830424977,
    0.6344544803858669, 0.6554662480518438, 0.6670536601349063,
    0.6814120271499606, 0.6903840656513754, 0.6979545797558793,
    0.706420700457217, 0.7146221057552359, 0.722355889237446,
    0.7235905825011976, 0.7326184688270958, 0.7394479757201845,
    0.748046580378128, 0.7587451803619447, 0.7623452669468478,
    0.7590608369505059, 0.7665465733279351, 0.7733523632953133,
    0.7723236837680786, 0.7749539200702439, 0.7846189842599887,
    0.7828031471134096, 0.7886158507587252, 0.7963400392428687,
    0.7991945145354755
  ],
  "val_ious": [
    0.48808776652035507, 0.5606640124882476, 0.6302859450595966,
    0.614136895839719, 0.6531357998433319, 0.6473939515974211, 0.66938459959583,
    0.6824161380097485, 0.6913177764070206, 0.6717905324438346,
    0.6868377178907393, 0.6751640706822493, 0.6983201283475625,
    0.7060864813949751, 0.7089244863693264, 0.7170628205589626,
    0.7149257277664932, 0.7231160896843756, 0.710349504498468,
    0.7257778184569402, 0.7087942612343939, 0.719467239751332,
    0.716792197763056, 0.729448788191961, 0.7258558355379797, 0.735068363987881,
    0.7355502703483556, 0.7163597077563186
  ],
  "training_time": 606.1703028678894,
  "avg_gradient": 0.006911102766038072,
  "memory_usage": 1145.87109375
}
