{
  "train_losses": [
    0.27227623938866286, 0.23001186007066912, 0.20620617472931094,
    0.18929210661546045, 0.17865902031569378, 0.1688334540180538,
    0.16137380958737238, 0.15330992363717244, 0.14755646228466346,
    0.14191020915851646, 0.13667573698836824, 0.1319691183693383,
    0.1298094216491217, 0.12705505922760651, 0.12243968888145426,
    0.1193226428054597, 0.11338117317822964, 0.11135352702568406,
    0.11114501191870026, 0.10700884319679893, 0.10570447244074034,
    0.09984935228915318, 0.09883602360344451, 0.09835732517682988,
    0.09412090196881605, 0.08938262741202893, 0.08803320335953133
  ],
  "val_losses": [
    0.25548477276511816, 0.22271365737137588, 0.21295887199432953,
    0.1764852608675542, 0.17276216168766437, 0.16841875437809073,
    0.1571579645185367, 0.15228063483601031, 0.15608618165487828,
    0.14110451191663742, 0.1457092373267464, 0.1397782802257849,
    0.13605839240810144, 0.1375015180395997, 0.15619550839714383,
    0.15176246898329776, 0.14228085363688675, 0.14239299783240195,
    0.13031809760824495, 0.1327384203348471, 0.12875427937378053,
    0.13597198737704236, 0.1335257261019686, 0.1407220052636188,
    0.13172573142725488, 0.12898018826609073, 0.15860284427585808
  ],
  "train_ious": [
    0.4468829523083634, 0.5311652408183913, 0.5748851145955097,
    0.6066059255837533, 0.6248492445202845, 0.6426161338669665,
    0.6545370634159315, 0.6715840445156543, 0.6817548842425795,
    0.692733547825744, 0.7009410013215266, 0.7109019590028821,
    0.7141559138570145, 0.7190425306342647, 0.7271100805829402,
    0.7327648682546787, 0.7431026127027429, 0.7481019275559894,
    0.748270580680042, 0.755082771074081, 0.7588689996712443,
    0.7687140912681381, 0.7703732672160948, 0.7712989741045497,
    0.7794510439254235, 0.7886247493434645, 0.7915417586547742
  ],
  "val_ious": [
    0.4826240248006323, 0.5419673391658327, 0.5611055687717769,
    0.6258839193893515, 0.6380816009165584, 0.6464859795743141,
    0.6627067636320556, 0.6760995090007782, 0.6662525970866715,
    0.6946818591028021, 0.6856778685165488, 0.6937022051517514,
    0.7042122675456861, 0.7007201961849047, 0.6706857929627101,
    0.6935861184113268, 0.6972576317147932, 0.69672113030717,
    0.7177027120538378, 0.7124604483445485, 0.7229343171136966,
    0.7125497311353683, 0.713671487526617, 0.7104009357483492,
    0.7264053396124769, 0.7312848174917524, 0.6910420317148818
  ],
  "training_time": 579.0331771373749,
  "avg_gradient": 0.01905831217952358,
  "memory_usage": 1145.87109375
}
