{
  "train_losses": [
    0.2787715832338385, 0.22764606879133245, 0.2036491262362055,
    0.18970869570646598, 0.17807219428536686, 0.16730822404117687,
    0.15768080577254295, 0.1517545490971078, 0.1477063750524236,
    0.1421859994854616, 0.13562533235096413, 0.13490937953895848,
    0.12878848697342302, 0.12410493186958459, 0.12141188472995292,
    0.12055034413123908, 0.11894229759016763, 0.11171198028909124,
    0.1091366965809594, 0.10707508436525645, 0.10474591094838537,
    0.10330712268857853
  ],
  "val_losses": [
    0.2540703820793525, 0.215555333248947, 0.20138898783403894,
    0.1900884635422541, 0.1834096199144488, 0.16244230678547983,
    0.15917375262664712, 0.15383285721359047, 0.1498678164637607,
    0.15077852279595708, 0.14500840737119966, 0.1377967945907427,
    0.1368863687891027, 0.14923834411994272, 0.1481992466294247,
    0.13523687681426172, 0.13122165478442027, 0.1307296877645928,
    0.13545481471911722, 0.13353596886862878, 0.13008740706288296,
    0.14394883503732475
  ],
  "train_ious": [
    0.43821776833763154, 0.5363795818032132, 0.579394012473632,
    0.6042084405063717, 0.6265019363035325, 0.6456569453188478,
    0.6620784038542835, 0.6732817221486913, 0.6819554766019188,
    0.6917754771808788, 0.7027872655594694, 0.7052710301418235,
    0.7160023941078049, 0.7243897281047226, 0.7297937100132306,
    0.7304512614357301, 0.7333439881171009, 0.7467830825759015,
    0.7516253559809658, 0.7557467477045193, 0.7602048158321687,
    0.7622728267333645
  ],
  "val_ious": [
    0.4828594905742701, 0.5585647426221682, 0.5756063398675643,
    0.6035622757846033, 0.6161327541306401, 0.6600526584231337,
    0.6637139903462453, 0.6726412760174794, 0.6794253844713818,
    0.6736817973247471, 0.6845288222682647, 0.7007205481978431,
    0.7012806742087655, 0.6795122742220975, 0.6915921722201334,
    0.7101790803498117, 0.71294203379016, 0.7152746168599614,
    0.7106603643168574, 0.7138135601644933, 0.7222377539112949,
    0.7007056213375451
  ],
  "training_time": 475.9878363609314,
  "avg_gradient": 0.00980513675590461,
  "memory_usage": 1145.87109375
}
