{
  "train_losses": [
    0.26723275082590786, 0.22382291357802309, 0.19933945321194504,
    0.1814144602774278, 0.17043829320565515, 0.1587917972356081,
    0.15335873158081717, 0.14794291908164386, 0.14110063676438903,
    0.13764996842845625, 0.1324606328068868, 0.12752351415869984,
    0.1250075852174474, 0.12069018027218788, 0.11806992939470903,
    0.11276131540374912, 0.11160858526178029, 0.10737602975543427,
    0.10561091315163218, 0.10334615048992893, 0.09732028708347808,
    0.09567528728233732, 0.0966102731940539, 0.0915044083705415,
    0.0881843859653758, 0.0882110140569832, 0.08843057683628539,
    0.08648256499968145
  ],
  "val_losses": [
    0.2536723765990008, 0.20724718240292175, 0.1891586602382038,
    0.16896514724130215, 0.1745876449605693, 0.15609004510485608,
    0.15741590653424678, 0.1536893347359222, 0.1473977651609027,
    0.1471341668587664, 0.1386252852237743, 0.1506602250687454,
    0.14470070519525072, 0.14883584788312082, 0.1407356603961924,
    0.13742074257005815, 0.14595432644305023, 0.13317116884433705,
    0.13641911583102267, 0.12861095579422038, 0.1358251558697742,
    0.1354360356926918, 0.13814746377908665, 0.13013095262905824,
    0.13499151639964269, 0.12959169175313867, 0.1349503616599933,
    0.14272586952732957
  ],
  "train_ious": [
    0.4597973793043178, 0.54325438177456, 0.5876871494279393,
    0.6196439475145027, 0.6396984144829323, 0.6608015850078369,
    0.6714695890204628, 0.6803070316496101, 0.6927026471366051,
    0.6993536531817225, 0.7107722600517067, 0.7178829276151416,
    0.7230501902168207, 0.7296614085418595, 0.735251159771629,
    0.7450821827827154, 0.7471250673567041, 0.7549353820690211,
    0.7577137753799341, 0.7624348166628161, 0.7738934956706952,
    0.776503530965335, 0.7747466614388905, 0.7846409902516477,
    0.790767915114976, 0.7912067567956624, 0.7908563797996532,
    0.7947824662146362
  ],
  "val_ious": [
    0.4974783641704615, 0.5748070465481799, 0.6145133019789406,
    0.6472012292647709, 0.6390394650507665, 0.6677736281484796,
    0.6670195183892182, 0.6774780326995296, 0.6837155870769335, 0.6847267738287,
    0.699225769094799, 0.6835578582856965, 0.6891858826080958,
    0.6949584615835245, 0.7005962355845216, 0.7066976084657339,
    0.7031920757414639, 0.7151057540938475, 0.7145514917978342,
    0.725035526614258, 0.7105485006518985, 0.7183222194080766,
    0.7144937502301257, 0.7310864294784657, 0.7260472606057706,
    0.7304011330656384, 0.7217471169820731, 0.712082811239837
  ],
  "training_time": 605.9124548435211,
  "avg_gradient": 0.004242734328393727,
  "memory_usage": 1145.87109375
}
