{
  "train_losses": [
    0.27160035324809345, 0.22854382431377535, 0.20535250898936522,
    0.19119311302252437, 0.17762915020727593, 0.16457798198351395,
    0.15744563252867563, 0.15009038964205462, 0.144850743772543,
    0.139396535637586, 0.13301594850971646, 0.1311835153028369,
    0.12753057828092057, 0.12222207774934561, 0.12184908346313497,
    0.11693674900933453, 0.11587215660382873, 0.10949456254425256,
    0.1074120761907619, 0.10496337889977124, 0.10273987617667603,
    0.10100298225069823, 0.09845629285859026, 0.0946415304813696,
    0.09136352100935967, 0.090445042061417, 0.08869107602083165,
    0.08695466889311439, 0.08617018142958051, 0.08962455853495908,
    0.08143033512422572, 0.08389203570297231, 0.07906744080474196,
    0.07641866600707821, 0.07540356732257035, 0.07201059636376474,
    0.07084222220937195, 0.0698591560408797, 0.06874291262710872,
    0.08264305278577883
  ],
  "val_losses": [
    0.24938709483198498, 0.21122421551009882, 0.19000982331193011,
    0.18015656587870224, 0.17206613103980603, 0.1641268043414406,
    0.16311917599776518, 0.15416130536924239, 0.17028302764115127,
    0.14154015886394875, 0.14426099055487177, 0.15077285727728967,
    0.13976055254106937, 0.13678946767164313, 0.14349940273424852,
    0.13923578887529994, 0.1325457105818002, 0.12925481245569562,
    0.12858497205635774, 0.12964752024930457, 0.13111165927156157,
    0.1345456080592197, 0.1315391640300336, 0.13209709120185478,
    0.13168734668389612, 0.12893076111441074, 0.13284275243463722,
    0.13190539343201596, 0.12966650157519008, 0.13043053593972456,
    0.13251135546876036, 0.1302832765099795, 0.12955765069826788,
    0.13370695321456247, 0.1288070056749427, 0.1295030975471372,
    0.13191599577017452, 0.13481510981269504, 0.13669937557500342,
    0.14161210960668066
  ],
  "train_ious": [
    0.4549564018548613, 0.5331709601416972, 0.5741238817842543,
    0.6014732531123405, 0.6260761204513089, 0.6498160543109198,
    0.6641796822457208, 0.6766417959462042, 0.6866061063888281,
    0.695766565538403, 0.7073369864104455, 0.7110865897350552,
    0.7171791672598623, 0.7271993331395195, 0.7272558217139349,
    0.7365610610855667, 0.739599136284728, 0.750473404870085,
    0.7543503034697921, 0.7584433379596556, 0.7628920443787954,
    0.7660951650013095, 0.7706051269627131, 0.7778622916751156,
    0.7844094462908693, 0.7862285816151164, 0.7894389804830584,
    0.7928638321118082, 0.7940881599442682, 0.7881043721800264,
    0.8037641585089164, 0.7989960496948246, 0.8090319527664045,
    0.8137581968221109, 0.8161820367626522, 0.8230506833912667,
    0.8258598862566814, 0.8280324936992878, 0.8304504265171898,
    0.8024618107879505
  ],
  "val_ious": [
    0.49726088528615836, 0.5738498106382892, 0.602943985574487,
    0.6242421830909841, 0.6394616140835526, 0.6577701585880223,
    0.6573149253060854, 0.674415307632391, 0.6496568268191988,
    0.6922355205684468, 0.6892336799182754, 0.6840102499809817,
    0.7002928971812344, 0.7080126577529353, 0.6904918510412825,
    0.703518689326618, 0.7133691483649657, 0.7226642441490422,
    0.7221578342327171, 0.7213960333146909, 0.7212718677693518,
    0.7154766971218416, 0.7217473096173744, 0.7274280279010965,
    0.7239427886147428, 0.7288074921006742, 0.7270511038925337,
    0.7253085733323857, 0.7300386115692666, 0.730890027206877,
    0.7361258808253469, 0.732809163953947, 0.7352781580842059,
    0.7357851534649946, 0.7386747823245285, 0.74221161979696,
    0.7361187271881795, 0.7414655635754267, 0.7357066133316014,
    0.7081356970728305
  ],
  "training_time": 867.1417307853699,
  "avg_gradient": 0.008108953371579223,
  "memory_usage": 1145.87109375
}
