{
  "train_losses": [
    0.265178625188444, 0.22160012930955575, 0.20131535034464754,
    0.1858816378466461, 0.17535316255753455, 0.16373610358847224,
    0.1594528888311723, 0.1502440428847204, 0.1453199714989118,
    0.13986889187894438, 0.13591652857544628, 0.13349466345718372,
    0.12689991586882135, 0.12380518731863602, 0.12263025047824434,
    0.11494206256516602, 0.1121699550067601, 0.11236197825359262,
    0.11021314395348662, 0.10329154437488836, 0.09915124766690575,
    0.09905057161560525, 0.09738816713671321, 0.09669765117375748,
    0.09059506630444009, 0.08929179912514013, 0.08618343103191127,
    0.09051362453433483, 0.08568949722077536, 0.08047320981226537,
    0.07713341947806918, 0.08196059873570567, 0.07872571573471246,
    0.07696266411601202, 0.07703910128253957, 0.07246701739242543,
    0.06955200956081567, 0.07007051955746568, 0.06919283865262633,
    0.07633190573719532
  ],
  "val_losses": [
    0.24514519682397012, 0.20912980612205423, 0.2062504907017169,
    0.19393763691186905, 0.16928490672422492, 0.1727290694480357,
    0.17467243159594742, 0.171652617337911, 0.14977018859075464,
    0.1553441243975059, 0.15702221850338188, 0.14291455548094667,
    0.1538951868272346, 0.14830877923447153, 0.14022423181196916,
    0.13984154764076936, 0.1354037973543872, 0.14794735011199248,
    0.1361551396548748, 0.13791143877998643, 0.13809998576407848,
    0.14821921904449878, 0.14385937769775806, 0.14071309161574944,
    0.1426931391267673, 0.14169627784386926, 0.14707969890340514,
    0.14411879654811777, 0.14059125000367995, 0.1370105071236258,
    0.14159339504397433, 0.1416307734730451, 0.14291800331810248,
    0.13876568963346275, 0.1373154937249163, 0.1396233452403027,
    0.1395912926806056, 0.14929944033855977, 0.1420214890461901,
    0.1513708368267702
  ],
  "train_ious": [
    0.46789392660898366, 0.5476165299398312, 0.582635793564976,
    0.6106600835379484, 0.6298139898133448, 0.6511845127611919,
    0.6609301442361397, 0.677227838423805, 0.6865058072127292,
    0.6966934363371221, 0.702666034463091, 0.7081428464448105,
    0.7199366331856318, 0.7248145727359732, 0.7275898327538065,
    0.7409049067916216, 0.7466391584147575, 0.7460970692336555,
    0.7498287690830401, 0.7630063044312211, 0.7701428339317221,
    0.7709517875767271, 0.7735141116207921, 0.7747219074787435,
    0.7863210326843505, 0.7889017518339816, 0.7945874034278634,
    0.7864246621080069, 0.7956232050622717, 0.805972738650398,
    0.8127630703907083, 0.8031006164416885, 0.8095197213300761,
    0.8132388802326243, 0.8132936646756922, 0.8226660003048782,
    0.8290575596949337, 0.8282547826352326, 0.829496761379035,
    0.8152438800619993
  ],
  "val_ious": [
    0.5147463443918504, 0.5713784231439879, 0.5842297874067139,
    0.6047119236942651, 0.6409417503121971, 0.6388391539238502,
    0.6425759425197821, 0.6475264103948206, 0.6809295094099597,
    0.673200886750567, 0.6657533442628557, 0.6969703399184821,
    0.6828121115332063, 0.6863016909447269, 0.6993813005046566,
    0.7036782989035484, 0.7120866671852445, 0.6893380837164065,
    0.7100130706161693, 0.7128412252750951, 0.7136698931023694,
    0.6979338243819665, 0.7112841772428458, 0.7047174041685851,
    0.7162703398777093, 0.7157999715511351, 0.7128880864036257,
    0.7070342326077863, 0.7203136898469233, 0.7285629152387811,
    0.7248060429009836, 0.7184948675010514, 0.7201288608105287,
    0.7257796096197073, 0.7266041036101356, 0.7274607009645824,
    0.7311441630556964, 0.7169070792370948, 0.7257388691971266,
    0.7041567224955214
  ],
  "training_time": 855.7856888771057,
  "avg_gradient": 0.008267004050189642,
  "memory_usage": 1145.87109375
}
