{
  "train_losses": [
    0.26306021780423494, 0.2269992120563984, 0.20532749415091847,
    0.18659174458488173, 0.17366849080376004, 0.16578943444334943,
    0.1546035368481408, 0.14838536488621132, 0.1448061740349816,
    0.13947450588254826, 0.13478332434011542, 0.1292068908476959,
    0.12582995685870232, 0.11865963507443666, 0.11754016116585421,
    0.11481827764731387, 0.1113249862809544, 0.10673448451511237,
    0.10488616436233987, 0.10227258616815442, 0.09893296877651112,
    0.0985725329702963, 0.09426827987898952, 0.09409431987644537,
    0.08979589953694654
  ],
  "val_losses": [
    0.2731545512443003, 0.2164519827650941, 0.20039350053538446,
    0.17220999915962634, 0.17792500976635062, 0.15904465544482935,
    0.15333841611509738, 0.14999803690158803, 0.156911749554717,
    0.1543323067219361, 0.14394196576398352, 0.14103637635707855,
    0.13559606039653654, 0.14244451373815536, 0.13593706229458685,
    0.13568763645446819, 0.13205373092837955, 0.12544830969494322,
    0.1382460467841314, 0.1304183979721173, 0.12847549581657286,
    0.13547757300345795, 0.13058897188824156, 0.12734831999177518,
    0.1470003136150215
  ],
  "train_ious": [
    0.4699046601325383, 0.5383320101469325, 0.5765657105577596,
    0.610861544213865, 0.6348171334011828, 0.6493715382032633,
    0.6698500180374021, 0.6809429178635285, 0.6876037850220135,
    0.6970968668119634, 0.7059396799599778, 0.715684458937334,
    0.7209737073036204, 0.7347258547509924, 0.7362091887904249,
    0.7415960385207682, 0.7478208800480849, 0.7560172507512398,
    0.7589594300674356, 0.7647258789427037, 0.7702508081776508,
    0.7711580677524854, 0.779280325478834, 0.7802122106262739,
    0.7878466879112133
  ],
  "val_ious": [
    0.4829541376751401, 0.5519801880354468, 0.5971492693044138,
    0.6312970115222793, 0.6349515368541081, 0.6589083079842554,
    0.6708468537831653, 0.6736804754405782, 0.6693655174711476,
    0.6712004622255547, 0.6873810029980063, 0.6925452997287114,
    0.7016092977230098, 0.6951894703982533, 0.7071342440187067,
    0.7063965004855308, 0.7116438057543574, 0.7232402997172397,
    0.7085228858218677, 0.7175182084674422, 0.7231420477231343,
    0.7195991158917328, 0.7188304410032605, 0.7277379629836568,
    0.7028588304917017
  ],
  "training_time": 534.1902599334717,
  "avg_gradient": 0.009530178226137264,
  "memory_usage": 1145.87109375
}
