{
  "train_losses": [
    0.26884815841913223, 0.22465987843663796, 0.20006396305625854,
    0.1845503800103198, 0.17198154921440975, 0.16242326504510382,
    0.1555099331409387, 0.14870585703655428, 0.14458920575840317,
    0.1386968793509447, 0.13548364518615214, 0.13094055207203265,
    0.12789817684856447, 0.12382708599224039, 0.12190105142476766,
    0.11695648907967236, 0.11505605681272953, 0.11388565944102795,
    0.10722514359361451, 0.10639576694887617, 0.10030785611952128,
    0.09910544838108447, 0.10373250678505587, 0.0950513900379124,
    0.09165521751603355, 0.0911774493591941, 0.0895956912604363,
    0.08528637375844561, 0.09224166425511889
  ],
  "val_losses": [
    0.30476259343002154, 0.2667853096904962, 0.23155477740194486,
    0.2021914263782294, 0.16555038742397143, 0.17320829759473386,
    0.1580829160368961, 0.14880954522801482, 0.14382360243926878,
    0.16439736310554587, 0.15476797099994577, 0.14179519612504088,
    0.1437925364336242, 0.13782412866535393, 0.14900645565079607,
    0.136324907126634, 0.1377721101693485, 0.13616946776923927,
    0.13152063880925594, 0.1326506834315217, 0.13121409228314523,
    0.1297919821480046, 0.12951749611807906, 0.13285052112263182,
    0.13208548562682193, 0.13944319781401884, 0.13026264277489288,
    0.12732084824339204, 0.13446361004658366
  ],
  "train_ious": [
    0.45665375926646595, 0.5420826247798791, 0.5870915973100107,
    0.6144979868786062, 0.6378046416718027, 0.6546639272592206,
    0.6685625284478285, 0.6787385281337345, 0.6883386059839652,
    0.6977851573863758, 0.7040500366061491, 0.7133100334608907,
    0.717861153509306, 0.7252906371933825, 0.7297282390620394,
    0.7378388896476531, 0.7409046233456202, 0.7428712215868458,
    0.7550178863432094, 0.7573830843835634, 0.7681263959494191,
    0.7704443192460403, 0.7620706611137458, 0.7777010767140249,
    0.7842629352665464, 0.785549216296362, 0.7885999702241114,
    0.796776120105515, 0.7834116709081159
  ],
  "val_ious": [
    0.4213025719467281, 0.502782912681932, 0.5256136110511378,
    0.595334756201592, 0.6493301551411119, 0.6446608775767727,
    0.6667315255904546, 0.6797797332207364, 0.6873595844144407,
    0.6531375676825426, 0.6718650278837786, 0.6936207331609036,
    0.6920376994471621, 0.701840768257777, 0.6923432255136795,
    0.7078926584858827, 0.7006375027307565, 0.7049706889235456,
    0.7153290510177613, 0.7153487343719039, 0.7173329509686732,
    0.7226244137770886, 0.7233036953038061, 0.7213918763226357,
    0.7205636825250543, 0.7127314978751581, 0.722892651523369,
    0.728845051449278, 0.7112902908221533
  ],
  "training_time": 618.9580562114716,
  "avg_gradient": 0.011376280106448923,
  "memory_usage": 1145.87109375
}
