{
  "train_losses": [
    0.3018032482460789, 0.2660737841835488, 0.24361813116980635,
    0.2249603231801935, 0.20737383368870485, 0.19081854423427064,
    0.18145932062812473, 0.17179427441695463, 0.1639559440638708,
    0.15621155613790388, 0.1482338983889507, 0.14071566907122082,
    0.13213704425193692, 0.1246788318309447, 0.11837464826100547,
    0.11600090656429529, 0.10776545751192, 0.10088068987850261,
    0.09299329162129889, 0.08994551343114479, 0.08687047534824713,
    0.07843214706720217
  ],
  "val_losses": [
    0.2944736707469691, 0.2553511025465053, 0.22646406616853632,
    0.22417789211739664, 0.20138501246338306, 0.1982640345459399,
    0.1791408900981364, 0.1869285313979439, 0.1829001819309981,
    0.16697349852841833, 0.16106268763542175, 0.1601297074685926,
    0.17146778268658597, 0.1600826013347377, 0.17643178610698038,
    0.16175391767983852, 0.16238308600757434, 0.15842378641600194,
    0.16153899288695792, 0.1794069370497828, 0.1610759026978327,
    0.19100115739780923
  ],
  "train_ious": [
    0.36900911873866454, 0.4234056131000034, 0.47998996741230476,
    0.5324110843889093, 0.5687626059828461, 0.5988951183423616,
    0.6152341365544263, 0.6323844343423844, 0.6466713483998744,
    0.6615356697120529, 0.6764676529860152, 0.6892431999786177,
    0.7064494825359703, 0.7206127657082633, 0.731367941243925,
    0.7367956196700318, 0.7519214803865851, 0.7654796960777127,
    0.7812027405893456, 0.7879748171114399, 0.7936084464300374,
    0.8115493937031085
  ],
  "val_ious": [
    0.39730116876139165, 0.43763726973528433, 0.5141199706257252,
    0.5356486377076825, 0.5772507455253946, 0.5965403188829835,
    0.6182511209145837, 0.6054009253132171, 0.6193539428970091,
    0.6439532006996266, 0.6528395567683206, 0.6562859126623125,
    0.6464656319307244, 0.6607046287128892, 0.6444303913824797,
    0.6649412039829337, 0.6679419127927311, 0.6761268500400626,
    0.6738453989011652, 0.6551789410304333, 0.681381697456042,
    0.6559722967769788
  ],
  "training_time": 397.2800920009613,
  "avg_gradient": 0.0031949733829826285,
  "memory_usage": 745.21484375
}
