{
  "train_losses": [
    0.29508347825511644, 0.2604919460642597, 0.24042132002827915,
    0.21949953642552314, 0.19876539925842182, 0.1875430094483106,
    0.17602336163754048, 0.16738590330857298, 0.1599538233941016,
    0.15135824255159366, 0.14527728485510402, 0.1391230478234913,
    0.13238965468886105, 0.12702063604703415, 0.11901962295498537,
    0.11221832656504019, 0.10639641701203326, 0.10357475369844747,
    0.09612794321678254, 0.08746382055561179, 0.08719500753542651,
    0.08439033223397058, 0.07803972166679475, 0.06971220174075468,
    0.0662641281100071, 0.06685319810133913, 0.06360878471447073,
    0.05914225759308623, 0.059421628673115505
  ],
  "val_losses": [
    0.28019360712041025, 0.26571377820294834, 0.24442289380923563,
    0.20978935289642084, 0.2217588968898939, 0.1819441807658776,
    0.18427870325420215, 0.17058800193278686, 0.17003322619458902,
    0.1586356904843579, 0.1657669855200726, 0.15583821288917377,
    0.16067135301621063, 0.14904103897835896, 0.15388125974846922,
    0.1555524781022383, 0.1822100213688353, 0.14806847727817038,
    0.14909307755853818, 0.1519455153333104, 0.17142472157011862,
    0.1576939727301183, 0.15601170257381772, 0.16209546930116156,
    0.1618015021085739, 0.16298139613607657, 0.16668046006689902,
    0.16758455368487732, 0.20312228701684787
  ],
  "train_ious": [
    0.37958086205144087, 0.4326179091898852, 0.4933221111128078,
    0.5434231712226417, 0.5833259028639048, 0.6051783604628369,
    0.6249567044601927, 0.6418224946744197, 0.654611078293427,
    0.6707105247870736, 0.682644918668961, 0.6929489843871279,
    0.7053041475946489, 0.7164559233663743, 0.730746996683487,
    0.7441247125574645, 0.7544029567228709, 0.7604952736933164,
    0.7750842241381389, 0.7932787264386814, 0.7944028299247874,
    0.7994301166331426, 0.8126147980059403, 0.830647058892941,
    0.8383118790992793, 0.836965327353581, 0.8441037870403649,
    0.8540231879206672, 0.8541282479097879
  ],
  "val_ious": [
    0.41057684369709163, 0.4423742553192205, 0.49702431850027334,
    0.5487178277926168, 0.5529285337829937, 0.6103369173580321,
    0.6101078766843546, 0.6362027936223623, 0.6368681596241135,
    0.6616092654673951, 0.6477026002130646, 0.6661692982998447,
    0.6624544582505155, 0.679431164826172, 0.6746699414823366,
    0.674388734974723, 0.64209705742373, 0.6856892115396002, 0.6931616737358813,
    0.6861215693795162, 0.6565444218939629, 0.6835069261167361,
    0.6892844537893932, 0.6862089266811592, 0.6931561613860339,
    0.682776289789573, 0.6923074657502382, 0.6908073950072994,
    0.6475353467723598
  ],
  "training_time": 520.9018087387085,
  "avg_gradient": 0.007653950710744568,
  "memory_usage": 745.21484375
}
