{
  "train_losses": [
    0.2975240897225297, 0.2657106826486795, 0.23892709677634033,
    0.22145323236675366, 0.20439003156902996, 0.18714740507952546,
    0.17492657705493594, 0.1654460088390371, 0.15756873972713947,
    0.14973044168689978, 0.1424497979004746, 0.14012991487170043,
    0.12914382067063582, 0.12203808667381173, 0.11593782302478085,
    0.1117128101379975, 0.10507019718542047, 0.1028183663830809,
    0.09605578377680934, 0.08768178137910107, 0.08131717566562735,
    0.07882429513594379, 0.07315126415747016, 0.06838792866176885,
    0.06787385439257258, 0.07274436053779462, 0.06325144071698836,
    0.06000868137925863, 0.06850026671410255, 0.05741077912566454,
    0.05240527591060685, 0.05014181989447578, 0.04934200243619473,
    0.048652128336708185
  ],
  "val_losses": [
    0.28558765416559967, 0.3907945084830989, 0.23620371585306915,
    0.2241178637613421, 0.1948428967076799, 0.1884722181636354,
    0.1768581731163937, 0.19404459226390589, 0.17763095154710437,
    0.16080911263175632, 0.16119470479695694, 0.17026277275189108,
    0.16289421170949936, 0.1620272495176481, 0.1589154876444651,
    0.15641736044831897, 0.16983518619900165, 0.18901017113872196,
    0.1582649928396163, 0.15451047342756521, 0.16285203510652418,
    0.15903756378785425, 0.1687448118691859, 0.1635502476407134,
    0.16693659839422806, 0.16491147033546283, 0.16763532226500305,
    0.17050307017305624, 0.1707116271490636, 0.167070216782715,
    0.17246205489272656, 0.17360629530056662, 0.1734667990518653,
    0.189761137832766
  ],
  "train_ious": [
    0.37848590363696066, 0.4239451850880636, 0.48762509433404566,
    0.5365046482614203, 0.5704047225037777, 0.6049959324570239,
    0.6272720428372637, 0.6447617739870928, 0.6595395828826702, 0.6741292713129,
    0.6868467436752458, 0.691633990655343, 0.7110412947401623,
    0.7247498599623424, 0.7359043285250664, 0.7444948615047378,
    0.7572711996086261, 0.7619407943625379, 0.7755005731638783,
    0.7921369736609251, 0.8056371720588721, 0.8111375575696212,
    0.8228483582320422, 0.833514102667138, 0.834736601706001,
    0.8252931823549057, 0.8449068303773369, 0.8524726778268815,
    0.8350350176510604, 0.858173509006915, 0.8693907360235846,
    0.8749473536576052, 0.8767223273930347, 0.8783010799383774
  ],
  "val_ious": [
    0.40249566345111176, 0.37566977501779364, 0.4923123310765494,
    0.5174080680353917, 0.5930321001704189, 0.6004053773223488,
    0.624805743927541, 0.6062063650376556, 0.6228059351012327,
    0.6557410605575725, 0.6508657310319983, 0.6403258324101353,
    0.6582940890305284, 0.6617905147697616, 0.6676661413216937,
    0.6707537316757701, 0.6535931175601654, 0.638314715978028,
    0.6800748211318168, 0.6818326307811597, 0.6786251767821933,
    0.6873596098975859, 0.6830042503450227, 0.6898209882387217,
    0.688706200407899, 0.6900925688121629, 0.6936806030031563,
    0.6858664362326913, 0.688655738165413, 0.6964243611563805,
    0.696644970688267, 0.6946315927350003, 0.6990459459847296,
    0.6863257787797762
  ],
  "training_time": 610.4134421348572,
  "avg_gradient": 0.001641795285696294,
  "memory_usage": 745.21484375
}
