{
  "train_losses": [
    0.3128834057437337, 0.281292885136993, 0.2515643116734598,
    0.227035624096575, 0.20699784507893998, 0.19347749877235162,
    0.18314358421965785, 0.17492237784292386, 0.16476915720040383,
    0.15771027945953867, 0.1502588549223931, 0.1424156008693187,
    0.13441305749280297, 0.1293302812087147, 0.12120648765045663,
    0.11511771469984365, 0.10950628761202097, 0.10216559461601403,
    0.09659624294094417, 0.08874811313074568, 0.08385353498970685,
    0.07999891650093638, 0.07464107915597118, 0.07162544430921906,
    0.07981464641330682, 0.0751467588884027, 0.06439098308834693,
    0.05986977741122246, 0.0585101870212542, 0.05676103533124146,
    0.053926072265628885, 0.05243753419136223, 0.0513015033920174,
    0.05018577048474032, 0.05729343235978614
  ],
  "val_losses": [
    0.30844808661419415, 0.2877739940000617, 0.24058589339256287,
    0.22835808733235236, 0.2021052179777104, 0.2044212665894757,
    0.1790478430364443, 0.17319210230008417, 0.1736749248660129,
    0.17007316195446512, 0.17177668764539386, 0.16525961847408957,
    0.16061443284801816, 0.16497056477743646, 0.16665582423624786,
    0.1707419257449067, 0.16905892089657162, 0.16907159822142642,
    0.16059898714656415, 0.1628283207183299, 0.16951032630775287,
    0.1650749169614004, 0.17505658255970996, 0.17590536468702814,
    0.16793946500705637, 0.17280667987854584, 0.1746025250657745,
    0.17512497565020685, 0.1784104986683182, 0.18102602466293002,
    0.18134254087572513, 0.18911193894303363, 0.18199204977439798,
    0.1856130206066629, 0.2010754696700884
  ],
  "train_ious": [
    0.34408557745247403, 0.4034522541180091, 0.478020462512559,
    0.5287772590105517, 0.5665215032202182, 0.59221885404617,
    0.6098611551080493, 0.6259714471365231, 0.6437781076284425,
    0.6569943168349022, 0.6709896179752936, 0.6854233767675317,
    0.700426336917756, 0.7102693396525972, 0.7255871719208321,
    0.737724046182373, 0.7481959973448425, 0.7632931266249955,
    0.7739196465067243, 0.7896741868361178, 0.8000831986251081,
    0.808124183528665, 0.819910427150519, 0.8262628032893373,
    0.8095780233110205, 0.8188984496653945, 0.8424536959416625,
    0.8526231195183764, 0.8556853598658591, 0.8596144390926845,
    0.865977679581746, 0.8695432715441871, 0.8721107804904813,
    0.8746932250434073, 0.8603872423586639
  ],
  "val_ious": [
    0.37746899758560065, 0.4075301366024506, 0.5035747346346794,
    0.5340725669394368, 0.5802520143165106, 0.5795201285593752,
    0.6169623825429141, 0.6346714762241943, 0.619386334674082,
    0.6412758807773177, 0.638443902566813, 0.6464586404786593,
    0.6578387162391689, 0.6521661840919135, 0.6619111744390019,
    0.6504719082428062, 0.658024230081102, 0.6570411957260491,
    0.6744496699260628, 0.681286947450776, 0.6715297314567843,
    0.6781120619912078, 0.6739780041186706, 0.6755612926638646,
    0.6759473312160242, 0.6766240871038989, 0.6838293390861456,
    0.6862333254969638, 0.6798030099143155, 0.6821440099806025,
    0.6835466912691145, 0.6825417243484136, 0.6878791274367897,
    0.6819369682799215, 0.6521684924761453
  ],
  "training_time": 630.1911294460297,
  "avg_gradient": 0.00525083186463292,
  "memory_usage": 745.21484375
}
