{
  "train_losses": [
    0.29661335318308807, 0.25637355697867664, 0.2327735960159613,
    0.20907855163449826, 0.19211407831829527, 0.18202923213982064,
    0.1728812405920547, 0.16329965303125588, 0.15447450352265782,
    0.14629060904616895, 0.14002447510543076, 0.13588594511637223,
    0.12799116956960896, 0.11986323478429214, 0.11367712024113406,
    0.10727972225488527, 0.10454452054008194, 0.09712410851827134,
    0.08809317482392424, 0.08338865293594806, 0.08189185648022787,
    0.07349672858886745, 0.06913546667150829, 0.06792161370749059,
    0.06774173027066432, 0.06251568019228138, 0.06049703407789702,
    0.06460535499955648
  ],
  "val_losses": [
    0.301002733733343, 0.25671565662259643, 0.21597660073767538,
    0.21318087046561035, 0.19597464573124182, 0.1789178640946098,
    0.17305534592141275, 0.1699464534935744, 0.16705355534087057,
    0.16784730877565301, 0.16903276838686154, 0.16990532758443253,
    0.15912399084671683, 0.1587920925863411, 0.15476122935828956,
    0.1640356735366842, 0.16079689627108368, 0.1730429996614871,
    0.1583016323654548, 0.1784769889453183, 0.15854537616605344,
    0.16830400474693463, 0.17750589646722958, 0.17649043254230334,
    0.17582760232946146, 0.1758629151660463, 0.17625571690175845,
    0.19130582330019577
  ],
  "train_ious": [
    0.37590047901761386, 0.4496383860744743, 0.5186262371126509,
    0.5620508872890386, 0.5953198571999868, 0.6147235765297345,
    0.6294832159967525, 0.6477575517542984, 0.6634431853350519,
    0.6791251817907111, 0.6919519027182155, 0.6995747237317808,
    0.7143111061034861, 0.7293581991739895, 0.7407842127849228,
    0.7529398318974003, 0.7583605044021986, 0.7733075562054694,
    0.7908169381536433, 0.8010826094642932, 0.8045160092305449,
    0.8223064350693126, 0.8318156917457997, 0.8348210708818575,
    0.8351247325755551, 0.8467788243855255, 0.8510733125866324,
    0.8425176249466082
  ],
  "val_ious": [
    0.4036391478949698, 0.4771742120493148, 0.5510194844741751,
    0.5565203278177027, 0.5870137788031414, 0.6202617769224057,
    0.6367058097452357, 0.639626636021379, 0.6410817581674327,
    0.6462650132783944, 0.6442904779012651, 0.6443962711786877,
    0.665563533919445, 0.6681074847777685, 0.6800520947014076,
    0.6634482741355896, 0.6746162960062855, 0.667731219443722,
    0.6823503854482071, 0.6629175366698831, 0.6862025088158206,
    0.690403790793557, 0.6840915142194084, 0.6683983290972918,
    0.6884990407936814, 0.6936857439037681, 0.6840558883504592,
    0.6619741905858553
  ],
  "training_time": 502.8093435764313,
  "avg_gradient": 0.007307263752892583,
  "memory_usage": 745.21484375
}
