{
  "train_losses": [
    0.2921905436593553, 0.25301926607347053, 0.23278261866906416,
    0.2112955870511739, 0.19387197324439234, 0.1802763964009026,
    0.1724769368605769, 0.16404156646002893, 0.153111913524892,
    0.1485361307049575, 0.13832801786939736, 0.13439813199574532,
    0.12776328878396231, 0.11960549595887246, 0.11182346927892903,
    0.10561161342522372, 0.10343220910948256, 0.09660608928812586,
    0.08855225311835176, 0.08381679629826028, 0.08795259358442348,
    0.07784552106876737, 0.07294119206135688, 0.06998043545805242,
    0.06664480214290645, 0.06901166571871094, 0.06322554021101931,
    0.059483555246792406, 0.05741597226132517, 0.05621614420543546,
    0.05380391210074658, 0.05225031673098388, 0.051855878580523575,
    0.04977310971235451, 0.050550994706218655
  ],
  "val_losses": [
    0.2832244952087817, 0.2825699331967727, 0.22469638935897662,
    0.20343020817507868, 0.19844776618739832, 0.19023188721874487,
    0.18544135566638864, 0.1753265734599984, 0.17493892558242963,
    0.18528560160294824, 0.16686721988346265, 0.16843670185493387,
    0.16915485360052274, 0.16398205348978873, 0.1657383103409539,
    0.16840065967129625, 0.1717770015415938, 0.16502307906098987,
    0.1683540336139824, 0.19137713475071866, 0.17456998497895573,
    0.17810646509346756, 0.17808684091205182, 0.19280225524435873,
    0.18523519324219745, 0.18435286277014276, 0.1839133585276811,
    0.18772559872140054, 0.19510522743929987, 0.19624617307082468,
    0.2002147040937258, 0.19563765273146008, 0.20118755717640338,
    0.19314087085101916, 0.2353048959504003
  ],
  "train_ious": [
    0.38142333367474196, 0.44729661252456904, 0.5069057225330694,
    0.5577730327385709, 0.5920919412612049, 0.6165243878258739,
    0.6330943065493004, 0.647746307586414, 0.6681893804798955,
    0.6747499613118344, 0.6941684024489444, 0.702082850902841,
    0.7137616743212161, 0.729152779378321, 0.7436279786777673,
    0.7557350635744524, 0.7603094748936701, 0.7735138691529848,
    0.7894250470335075, 0.799889093507891, 0.7910828184390415,
    0.8121387998479005, 0.8229617331770879, 0.8295190833185029,
    0.8370785079356555, 0.8320468917920967, 0.8447575863936677,
    0.8532758458800938, 0.857946130568567, 0.8607765736355296,
    0.8661750875737354, 0.8697503907740984, 0.8707781422181405,
    0.8754564253748333, 0.8742828364821448
  ],
  "val_ious": [
    0.411068362602289, 0.4281570064747516, 0.5323551384651141,
    0.5765582886726961, 0.5878637561547586, 0.6062299532518872,
    0.6138572751179984, 0.6299290356860645, 0.6336316012817881,
    0.6251476892958518, 0.644664902402007, 0.6460433457640633,
    0.6486389500939326, 0.6570929245672364, 0.6565483501855879,
    0.6659589161475499, 0.6559765474951785, 0.6700980274573617,
    0.6737412656994833, 0.6471120363128359, 0.6666385650202846,
    0.6692678157402121, 0.6716497996147127, 0.6622903953859771,
    0.6730820044227268, 0.6691963696393415, 0.6710366211507632,
    0.6769111307634824, 0.6760042659614399, 0.6751350784215374,
    0.6754856083704078, 0.6764234194289085, 0.6744053169437076,
    0.671903145701989, 0.6409858536461127
  ],
  "training_time": 630.3340163230896,
  "avg_gradient": 0.002723353602594262,
  "memory_usage": 745.21484375
}
