{
  "train_losses": [
    0.28886689480556094, 0.2515082607126754, 0.22437725702057715,
    0.2045519513928372, 0.18828903762218746, 0.17641029344952625,
    0.1669452811550835, 0.16045958435405855, 0.15215734566521386,
    0.14547299464111743, 0.13707158746926681, 0.13259375678456348,
    0.12477134022375812, 0.11894846999126932, 0.11141660145443419,
    0.10799110660572415, 0.10042759387389473, 0.09395598543240972,
    0.0912791011126145, 0.08416396201304767, 0.07789784175870211,
    0.07299070951083432, 0.07053511638356291, 0.07508022797739376,
    0.06515303897954848, 0.060668100400463394, 0.058536363360674484,
    0.05632411105477292, 0.05620287028748704, 0.05413768112497485,
    0.051286707976428064, 0.050054128970141, 0.05095619181899921
  ],
  "val_losses": [
    0.2655929210393325, 0.2667904794216156, 0.23030585633671802,
    0.21185094150512115, 0.18872490590033325, 0.18109135588873987,
    0.18589642190414926, 0.18453745867895044, 0.16648748646611752,
    0.1660725548863411, 0.1592718338512856, 0.15952976566293967,
    0.15601211656694827, 0.15664563036483267, 0.15769786225712817,
    0.16425773307033206, 0.1628115967563961, 0.1625195654190105,
    0.17041837845159613, 0.16378313302993774, 0.16192440559034763,
    0.1866444716958896, 0.1617051097361938, 0.16898781611867572,
    0.1744292190541392, 0.17439980578163397, 0.1815529617926349,
    0.17812405202699744, 0.18690972678039386, 0.184887644065463,
    0.1866525285269903, 0.18662089433359064, 0.20802897959947586
  ],
  "train_ious": [
    0.3896468633607003, 0.4501783910275044, 0.5330585902556778,
    0.5722445341070059, 0.6017943306191679, 0.6236623433836993,
    0.6414084959289305, 0.6538814569728963, 0.6696250676244933,
    0.6823745315921478, 0.6974716415439827, 0.7053556189588877,
    0.7198576936903208, 0.7306563523260579, 0.7457374193422173,
    0.752008077567038, 0.7668861438506754, 0.7794094487376835,
    0.7851142829850962, 0.79947137562693, 0.8127041876963949,
    0.8234825751919677, 0.8288285473118657, 0.8196144544559977,
    0.8407833483340081, 0.8508631520081253, 0.8556663082993552,
    0.8607168897338539, 0.8608634434100505, 0.8654453751185668,
    0.8721235277860061, 0.8749256677169733, 0.8731975737905159
  ],
  "val_ious": [
    0.4248553706683974, 0.44236344069350464, 0.5357899782450302,
    0.5649921320702717, 0.602724293111891, 0.6205712150836336,
    0.622014314368151, 0.6170621739997382, 0.6380663576765339,
    0.6491488557362901, 0.6586596777905587, 0.6655225019524063,
    0.6674529657415722, 0.6729948380287143, 0.6700316585492399,
    0.6667628387610117, 0.6695390650327655, 0.6741931924353475,
    0.6638276250897973, 0.681452116024667, 0.6810717349467069,
    0.6732809053383011, 0.6870451062053874, 0.6837084347355195,
    0.6869499337845955, 0.6870446719121243, 0.6821998938702155,
    0.6860355704590894, 0.6842842376318531, 0.6871437940044681,
    0.690180392153021, 0.6892438308484313, 0.6688111290551613
  ],
  "training_time": 592.8997464179993,
  "avg_gradient": 0.006316792101258954,
  "memory_usage": 745.21484375
}
