{
  "train_losses": [
    0.29324035605658655, 0.25756609156403854, 0.23476321063935757,
    0.21173064758920151, 0.19315969717243445, 0.1806262746129347,
    0.17121927172917387, 0.163160288301499, 0.1530009152610665,
    0.14700087969717773, 0.13839916467828595, 0.13157163483455128,
    0.12603989296147358, 0.12416885590747646, 0.1129840681248385,
    0.10504397903771504, 0.10102102877167256, 0.09420503947235968,
    0.08711426109885392, 0.08433939058981511, 0.08135402449609144,
    0.07458163587295491, 0.07200057387513958, 0.06992514192572107,
    0.06514846867598269, 0.06156795990207921, 0.059765869569357324,
    0.058543463804475636, 0.059590818664140024
  ],
  "val_losses": [
    0.2709146621434585, 0.24674122327047845, 0.2216966401623643,
    0.21316266934508862, 0.18487631399994311, 0.18684895725353903,
    0.18121240126050037, 0.16180809684421704, 0.16963901435551437,
    0.16165858507156372, 0.16101580080778702, 0.16156102392984473,
    0.16580175187276758, 0.15767655294874441, 0.15884333103895187,
    0.15766385489183923, 0.15259426864592926, 0.15351202646675316,
    0.15903539583086967, 0.17253748570447383, 0.15981876979703488,
    0.15874122277550076, 0.16351978286452915, 0.16858940280002097,
    0.1652860055151193, 0.17105687701183817, 0.16926067419674085,
    0.17818655494762503, 0.18515846651533377
  ],
  "train_ious": [
    0.3856095519067425, 0.43890467545665207, 0.4990714550629066,
    0.5551646476665485, 0.5932542363694608, 0.617103194251009,
    0.6337613902338177, 0.6490436261114868, 0.6676809178206365,
    0.6786124858519305, 0.6946885538813856, 0.7074407768854196,
    0.717652362325917, 0.7206444089179452, 0.7421385592956475,
    0.7571786524916909, 0.7652956993467565, 0.7788098455015305,
    0.7935398614061053, 0.7992792382188462, 0.8059584745678352,
    0.8202843450117803, 0.8261261634204699, 0.8305732351930248,
    0.8413826777883194, 0.8492503594877062, 0.8534587454320729,
    0.8561426765028974, 0.8538780503946799
  ],
  "val_ious": [
    0.4169029861256698, 0.4470542427354857, 0.5231149002261783,
    0.5445898165521416, 0.6027345257824744, 0.6065209695826406,
    0.6176839682503023, 0.6487278923176337, 0.6383321723644285,
    0.6501310614572056, 0.6535785129104836, 0.6583129238823185,
    0.650759750734205, 0.6644224816042442, 0.6634213051934172,
    0.6746306600777998, 0.6775768861390542, 0.6838565224754636,
    0.6817920819140862, 0.669404459172401, 0.684008257544559,
    0.6895998975504999, 0.6790841029606004, 0.6860342127257502,
    0.6900784394879272, 0.684243052549984, 0.6889393599568934,
    0.6847846996093141, 0.6686894556750422
  ],
  "training_time": 520.7201325893402,
  "avg_gradient": 0.008380473351569962,
  "memory_usage": 745.21484375
}
