{"train_losses": [0.30794004820611165, 0.2684528367674869, 0.24266925778077997, 0.2226487958560819, 0.20201628979133524, 0.1890557009888732, 0.17797311298225238, 0.16906080208718777, 0.16211193856661735, 0.15319442906943354, 0.14729162184116634, 0.13829946497698192, 0.13079048822755399, 0.12587780258415834, 0.12003603330610887, 0.1140533571495958, 0.10643485496225565, 0.10114815057781727, 0.09696496233506047, 0.08680602110436429, 0.08554666181621344, 0.08342087147352488, 0.07654871182192279, 0.0704191439461125, 0.07976184586953858, 0.06672350272698246, 0.06309695823280059, 0.06199033843839298, 0.05839560974551284, 0.056316292642251305, 0.05617657647994549, 0.05382477787687727, 0.051858184433987604, 0.05056607136097939, 0.05753589010513995, 0.05390120101282778], "val_losses": [0.3078729808330536, 0.2555298277217409, 0.23964303926281308, 0.25092993968206906, 0.20965958062721335, 0.1945258987986523, 0.18319526476704556, 0.17217091211806174, 0.16755134741897168, 0.1695013742731965, 0.1687345038289609, 0.17040819869093274, 0.16705166872428812, 0.16834024485686552, 0.18859382524438525, 0.15636772759582684, 0.1643320198940194, 0.15911433748576953, 0.16544105501278586, 0.16469812101644019, 0.16559484115113382, 0.16217100620269775, 0.16866200287704883, 0.16662423053513403, 0.1703131700987401, 0.1645128948856955, 0.17621100564365802, 0.17074116805325384, 0.18169813603162766, 0.1782462389572807, 0.18744242709615958, 0.18060026058684225, 0.18553310859462488, 0.18776759634847226, 0.19151858207972153, 0.1909223176215006], "train_ious": [0.35267276947168924, 0.42013288615665895, 0.47733919700561034, 0.535556114224744, 0.5758744874510211, 0.6008163817982742, 0.620570650756143, 0.6374768717349439, 0.6511021693223631, 0.6663691961894866, 0.6775239526793578, 0.6942999518435934, 0.7083604339024298, 0.7181444762517575, 0.7279544194647368, 0.7399294364495548, 0.7547430578025355, 0.7649696655571462, 0.7734736806672555, 0.7939670542120062, 0.7966548851218774, 0.8019716423814708, 0.8157290462134542, 0.8292792028059128, 0.8096406322674475, 0.8371227682716603, 0.8455069650342506, 0.8477491571203523, 0.8559310916757233, 0.8605601064104966, 0.8610732609379123, 0.8662407852817273, 0.8709159748277798, 0.87365442816762, 0.8585277271011599, 0.8664778231278715], "val_ious": [0.36534918067247957, 0.44906566159772693, 0.49740995898626844, 0.5118190572745559, 0.5711790611562522, 0.5965944922704627, 0.6152346184936122, 0.6347922969987426, 0.638934320297794, 0.6379244839367658, 0.6412580408479857, 0.6378792131292649, 0.6437352396871732, 0.647547379783962, 0.6354413412619327, 0.6724742396154264, 0.6662147204945051, 0.6816218389549118, 0.6756209253832911, 0.6695753409378771, 0.6769851793845494, 0.6799939073946165, 0.6864642364823298, 0.684361310324807, 0.6813804172519325, 0.6911893705095069, 0.6777524131795633, 0.6894409954547881, 0.68728694708451, 0.6845056570094564, 0.6831485899030298, 0.6845627550197685, 0.6886458707892377, 0.6864277359800063, 0.6828525588996169, 0.6814789026975632], "training_time": 649.75994348526, "avg_gradient": 0.0026507949716928682, "memory_usage": 745.21484375}