{
  "train_losses": [
    0.28900935152626556, 0.25405896892366203, 0.23189190613186877,
    0.20737437903881073, 0.1889955152797958, 0.17722264150886433,
    0.16955825313925743, 0.15984527264600215, 0.15255441856773003,
    0.14516784044225578, 0.14116184947931248, 0.13241916485940633,
    0.12529932525332854, 0.11802289189527863, 0.11385686076043741,
    0.10723629354944696
  ],
  "val_losses": [
    0.3314294776190882, 0.26622258936581406, 0.22862866585669311,
    0.22584471333286035, 0.19561032886090485, 0.17445226855899976,
    0.17190136663291766, 0.1735964780268462, 0.16773141305083814,
    0.1747119057437648, 0.15886234621638837, 0.1604661779559177,
    0.15099289009104605, 0.16021591198185217, 0.1564374076931373,
    0.2098020888541056
  ],
  "train_ious": [
    0.393019172533744, 0.44467985774386704, 0.5103848461547622,
    0.5669184750404909, 0.6016565625272368, 0.6236632399368979,
    0.6360585261946138, 0.6545817958380001, 0.6688203009898248,
    0.6817981624516887, 0.6899623004854591, 0.7066843323409556,
    0.7198926286528939, 0.733126118131306, 0.7408582013154374,
    0.7536200253643853
  ],
  "val_ious": [
    0.38917817326559534, 0.45844802360279835, 0.5214157139045604,
    0.5244834766979668, 0.5931023088270341, 0.6272410903719888,
    0.6285148727289144, 0.6388852162205657, 0.6445506614619407,
    0.6374066126519355, 0.6580337238484535, 0.6663378185552099,
    0.672918642344682, 0.6656147325816362, 0.6715435729078623,
    0.6093097419842429
  ],
  "training_time": 287.2569794654846,
  "avg_gradient": 0.004343220183770432,
  "memory_usage": 745.21484375
}
