{
  "train_losses": [
    0.2899965822858655, 0.25059652312294295, 0.23238704296881738,
    0.21150152911634548, 0.19334654485725838, 0.18085640514998333,
    0.171748755418736, 0.16419630335724872, 0.15635001821362454,
    0.14828152910036885, 0.14519829145106283, 0.13408144522944224,
    0.12809344672638437, 0.1216791321159057, 0.1137772349073835,
    0.10866113768323608, 0.10446055658647548, 0.10030547752166571,
    0.09094194464547478, 0.08672174224225075, 0.08104491582059342
  ],
  "val_losses": [
    0.26265281665584317, 0.2628246500440266, 0.21987528515898663,
    0.2341925683228866, 0.19358024843361066, 0.21441238924213077,
    0.18711816519498825, 0.17140234974415405, 0.16164047335800918,
    0.17168424310891525, 0.1678173891876055, 0.1717113768276961,
    0.16285809161870377, 0.16111741960048676, 0.17180015713624333,
    0.163548172492048, 0.17582953559315723, 0.1608787554761638,
    0.16812104667010513, 0.16103628310172455, 0.19419503957033157
  ],
  "train_ious": [
    0.38642926918829057, 0.45736173233888383, 0.5087299354921051,
    0.5581566508913383, 0.5942015466482742, 0.6159050333975018,
    0.6320436464055723, 0.6474381858563941, 0.6609070991584357,
    0.6751673867845018, 0.6827433058533116, 0.7021814482151598,
    0.7133616256001204, 0.7253088755128175, 0.7402431244651477,
    0.7502438442754574, 0.7587713810844697, 0.7663393068680725,
    0.7856581141443357, 0.7945566527221513, 0.8061697357806605
  ],
  "val_ious": [
    0.4254656096969299, 0.44241531339028617, 0.5343794357301533,
    0.5176396055713942, 0.5936127237003784, 0.559013928624167,
    0.6010357893031577, 0.6343233591836432, 0.6527002155780793,
    0.6341593844303187, 0.6370789244555045, 0.6468781271706455,
    0.6546408348325368, 0.6619148818047151, 0.6519373359455581,
    0.6646161001661549, 0.6468546707992969, 0.6710944564446162,
    0.669508004318113, 0.6738955508107723, 0.6366598249777504
  ],
  "training_time": 377.7519187927246,
  "avg_gradient": 0.003450714418577098,
  "memory_usage": 745.21484375
}
