{
  "train_losses": [
    0.30383119359612465, 0.2704478722551595, 0.24894215830642244,
    0.22798820455437122, 0.2040646928160087, 0.18914723064264524,
    0.17556957738554996, 0.1667679361999035, 0.15847403467025445,
    0.14975899376946947, 0.1429140688446553, 0.13410571909955013,
    0.1259279502555728, 0.12123568177871082, 0.11525214483718509,
    0.11020286931939748, 0.10222577327943366, 0.09514248229401268,
    0.08694660327518763, 0.085461534316773, 0.08300573208733746,
    0.07679130363723506, 0.07171172739775933, 0.06730916660845927,
    0.06428572754173176, 0.06393289242101752, 0.060032062171755926,
    0.056726982918284506, 0.05764914182541163
  ],
  "val_losses": [
    0.2858032370391099, 0.2599486021891884, 0.29843919303106226,
    0.2549912051662155, 0.213763107424197, 0.20111743717089944,
    0.18294189578813055, 0.18347094823484836, 0.19234796516273334,
    0.1706431932423426, 0.1637977513930072, 0.17469168778346933,
    0.17019637738880905, 0.17109575252170148, 0.16188846269379492,
    0.1690993040152218, 0.16452774616039317, 0.16760078623243,
    0.16638019940127496, 0.1691652529913446, 0.16935934093983276,
    0.17744145056475763, 0.16930196239896442, 0.17607396063597305,
    0.1771086813962978, 0.18388404664785965, 0.1855117681881656,
    0.1918082195131675, 0.22734190685593564
  ],
  "train_ious": [
    0.3630905626580541, 0.41826957084555516, 0.46278144488917566,
    0.5213941840971212, 0.5732967346852673, 0.6012308371347794,
    0.626626077229562, 0.6416331171665501, 0.6574019070012846,
    0.6743038767489832, 0.6860057582565842, 0.7024564250655795,
    0.7175366406099516, 0.7265698405495589, 0.7381834626413774,
    0.7471797256797984, 0.7625940237464246, 0.776698814138122,
    0.7938158817697263, 0.7966612343122995, 0.8020784159501393,
    0.8153639856887895, 0.8264239179915284, 0.8358635859213012,
    0.8426878121883968, 0.8433648242034776, 0.8519777804613117,
    0.8596327987270083, 0.8581722779334453
  ],
  "val_ious": [
    0.3964210040327431, 0.4309671560059423, 0.44009117471675074,
    0.5027562089372372, 0.5564035029299017, 0.5868272640998814,
    0.6169757048288981, 0.6183129834092181, 0.6048997863047365,
    0.6377124373895535, 0.6483319041089736, 0.6367971238450726,
    0.6469216176133223, 0.6499012730259828, 0.6645225942998693,
    0.6601142969684325, 0.6669793111690577, 0.668428486240083,
    0.6668097543111745, 0.6734581967626793, 0.6745700903128885,
    0.6668483761773593, 0.6798477460076845, 0.6755719409472701,
    0.673021853402041, 0.677791911838711, 0.6803663986316626,
    0.6743990226068358, 0.6316537053688712
  ],
  "training_time": 524.533563375473,
  "avg_gradient": 0.015205118437288306,
  "memory_usage": 745.21484375
}
