{
  "train_losses": [
    0.30247711325469223, 0.26714320910041744, 0.24051282101351282,
    0.21594509336611498, 0.20037348017744397, 0.18560610743968384,
    0.17402430518489817, 0.16351677590738173, 0.1560292895073476,
    0.14723078031902728, 0.14013836010480704, 0.13272284999813722,
    0.12692261102568844, 0.12284249338604834, 0.11129029568932626,
    0.10548120251168376, 0.09826221183428298, 0.08981492836028337,
    0.0870797942675974, 0.08097218705908112, 0.0764629514887929,
    0.08450243589670761, 0.07024803148258639, 0.06423724155225184,
    0.061937233979773264, 0.06010098978067222, 0.05767419563768351,
    0.05596753975133533, 0.056308619839989624, 0.053059675427072725,
    0.05184443331445041, 0.05010348451121346, 0.0631601683916929,
    0.04926369507270663
  ],
  "val_losses": [
    0.2956471391346144, 0.2599473381819932, 0.23425225654374,
    0.2135342178137406, 0.1988751599970071, 0.18706275295952093,
    0.17988920114610507, 0.19132330009470816, 0.18515403244806372,
    0.17200046874906705, 0.17041969850011493, 0.16722315776607263,
    0.1710521390904551, 0.15940155153689178, 0.17868033731761185,
    0.1630727718381778, 0.1619212603115517, 0.16067962801974753,
    0.17347416022549506, 0.16626350128132364, 0.17779219118149384,
    0.17270150715890137, 0.17000828683376312, 0.1803587804669919,
    0.17842482905025067, 0.18388195271077362, 0.1833472248652707,
    0.1875527608005897, 0.201349513038345, 0.19364993954482285,
    0.19861910816120065, 0.18744225864825043, 0.18859010578497595,
    0.19403657932644305
  ],
  "train_ious": [
    0.368412070760235, 0.42250789523817406, 0.4872054826606157,
    0.5473713666146647, 0.5791965800243012, 0.6064275452678185,
    0.6274243371318212, 0.6469917173186939, 0.6608512631576997,
    0.6772279194623663, 0.6894779957398987, 0.7046641806761427,
    0.7146794331138551, 0.7225751557211947, 0.7445375127852827,
    0.7553872176162576, 0.7701318143610507, 0.7874802469235398,
    0.7930529240140879, 0.8057819217227506, 0.8154654752301134,
    0.7990692867964938, 0.8291246090894157, 0.8427876397103501,
    0.8479080196955932, 0.851840883601403, 0.8573866594528804,
    0.8615498852686608, 0.8606621870312147, 0.8681373626425646,
    0.8709503074271091, 0.8748671451340551, 0.8473093848729484,
    0.876708921207034
  ],
  "val_ious": [
    0.39411103855008667, 0.43105238144525554, 0.5276837959021761,
    0.5566671863198283, 0.5836983811164249, 0.6027338515589203,
    0.6159158053173533, 0.6059933214083962, 0.6157950791327851,
    0.6387061729379323, 0.6388452944980151, 0.6487297309913496,
    0.6466835843048234, 0.6641340065693511, 0.636209852885509,
    0.668611582422602, 0.6714931037546933, 0.6762418777182481,
    0.6641516683326251, 0.6731620495734009, 0.6654592311900593,
    0.6712575470623763, 0.6773814051479535, 0.6810104585644129,
    0.6779526400825252, 0.6809219363806904, 0.680130338755207,
    0.6762466931688613, 0.6731484348791232, 0.6825565518676372,
    0.6727414841669193, 0.6802504183589547, 0.6799714146316915,
    0.6799517466106275
  ],
  "training_time": 609.8640761375427,
  "avg_gradient": 0.001836687704249337,
  "memory_usage": 745.21484375
}
