{
  "train_losses": [
    0.3043231440950995, 0.25804198646674986, 0.2372215631539407,
    0.2177732894602029, 0.19674259140763595, 0.185072375866382,
    0.17425241483294446, 0.1657019870598679, 0.1556457221184088,
    0.14851392206290495, 0.14068727818844112, 0.1339890060784376,
    0.12854839869491433, 0.12290862392958092, 0.1156957954492258,
    0.10676010054252717, 0.101241667876425, 0.0947928810492158,
    0.09084598898239758, 0.08505015188585156, 0.07727049538136824,
    0.07636071539119534, 0.07301829453638714, 0.07022266363239159,
    0.07027737502737538, 0.06623468416459534
  ],
  "val_losses": [
    0.2833522370328074, 0.24881486432707828, 0.2323378392535707,
    0.21728003640537677, 0.19758209003054578, 0.20219439170930698,
    0.18026821315288544, 0.1694074908028478, 0.16504417035890662,
    0.1667127035882162, 0.16740856157696765, 0.15865475344269173,
    0.17282561569110208, 0.16578683127527652, 0.1545184447389582,
    0.16408179230664088, 0.1636313826817533, 0.1659465610333111,
    0.1572275728635166, 0.16117795265239218, 0.16488988794710324,
    0.16153870425794437, 0.17016500202210053, 0.1721676667423352,
    0.1797982846265254, 0.18896242166342941
  ],
  "train_ious": [
    0.36175969857601786, 0.4399462195647106, 0.5011673390973305,
    0.5454392129879284, 0.5877091850599518, 0.6093959457956363,
    0.6287224088134107, 0.6449347386757533, 0.6628287641358549,
    0.6758126201836957, 0.6907171572464099, 0.7027748508945757,
    0.7134275394289391, 0.723788530336342, 0.7366715448274129,
    0.7545077639321482, 0.7651584309296332, 0.7783042064503478,
    0.7860030896313814, 0.7981460600875426, 0.8144244146735768,
    0.8164335236601213, 0.8235638003418412, 0.8296024966715044,
    0.8303017128204955, 0.839379166563352
  ],
  "val_ious": [
    0.411306566518286, 0.46894722998790134, 0.506402066976264,
    0.5445774711560513, 0.5867102923600569, 0.5756209430055342,
    0.621002315611079, 0.6354063023691593, 0.6453741490840913,
    0.6439391741718073, 0.6434303811494856, 0.6589737741843513,
    0.6408957502116329, 0.6475002739740456, 0.6746147609707238,
    0.6626848554697591, 0.6625281848769256, 0.6645516057809197,
    0.6811320174863372, 0.6804276888353236, 0.6860443357972131,
    0.6867912042400112, 0.6782332507596499, 0.6784261201602824,
    0.6769085394731468, 0.6527576999387881
  ],
  "training_time": 467.58080077171326,
  "avg_gradient": 0.005397794428619222,
  "memory_usage": 745.21484375
}
