{
  "train_losses": [
    0.2972537975596345, 0.252578168378576, 0.23144260583364445,
    0.21192722224994845, 0.193865945805674, 0.18025248562512192,
    0.1701403586598842, 0.16207746691677882, 0.15338675803302423,
    0.14834397027026053, 0.1433257458974486, 0.13267870883092933,
    0.126300687658722, 0.12236057221889496, 0.11520193934278644,
    0.10902280769432368, 0.10143409823269947, 0.09486359973316608,
    0.08827042911687623, 0.08538950866331226, 0.08326161559671164,
    0.08231390279758236, 0.07315538082595753, 0.06743746186080186,
    0.06427711234225528, 0.06212921641038164, 0.06467019728101465,
    0.061582350900963596, 0.05797032548276627, 0.054309038769291794,
    0.05260187272063416, 0.051020214597330145, 0.04927525068025874,
    0.0485572692654703, 0.0666035141431443
  ],
  "val_losses": [
    0.2643891605346099, 0.23602681347857352, 0.2197218793241874,
    0.19484074543351712, 0.18837549634601758, 0.17131264799314996,
    0.17198278171860654, 0.16881168666093246, 0.1615262637319772,
    0.16968952054562775, 0.15808244891788648, 0.1542570846884147,
    0.15784709997799085, 0.1549170746103577, 0.1568482152145842,
    0.160344070714453, 0.1683921292424202, 0.16583711848310803,
    0.1626000971249912, 0.16681848434002503, 0.16222090209307877,
    0.16849617303713507, 0.15977274594099625, 0.16697358518191005,
    0.17434498198006465, 0.1842410276117532, 0.17019296761440195,
    0.17899014217698056, 0.17821061837932337, 0.17948419147211572,
    0.17850803065559137, 0.18963315111139548, 0.18080403493798297,
    0.18319729909948682, 0.172653011329796
  ],
  "train_ious": [
    0.3716089424307635, 0.45559989980743487, 0.5130898439244409,
    0.5596814035181551, 0.5932280965203395, 0.6173416129650844,
    0.6364862731239506, 0.6512426520441323, 0.6667566501899903,
    0.6764343119077925, 0.6849830888643645, 0.7054992487141191,
    0.7171123793375662, 0.7244147629193639, 0.7378565471997299,
    0.750035257929045, 0.7644132861624596, 0.7773748650822953,
    0.7910456877687707, 0.7970014103296869, 0.8017414729448332,
    0.8038545423659723, 0.8231324300817823, 0.83569949897735,
    0.8426789675933724, 0.8475387881415478, 0.8418143075229463,
    0.8487023775992191, 0.8568444666655168, 0.8652735911849614,
    0.8691737034182615, 0.8728662524102396, 0.8768438577004105,
    0.8785613635959837, 0.8413263914593755
  ],
  "val_ious": [
    0.4237396745146184, 0.491865830414969, 0.5290631604907304,
    0.5916083716395971, 0.5974764023786008, 0.6343165011941523,
    0.6320838131334469, 0.6391876871171206, 0.652301463527956,
    0.6397446311902311, 0.6582073307987572, 0.6680083680843963,
    0.6621749029643293, 0.6698957377153895, 0.6713495232920716,
    0.6667509003393891, 0.6631775010323182, 0.6583326057247494,
    0.6814083904027939, 0.6775119766808937, 0.6815127484176469,
    0.6791786970435709, 0.6903664394133334, 0.6896911200837813,
    0.6871373787306357, 0.670384634880052, 0.6909032099056936,
    0.6840678047442782, 0.6885249722695005, 0.6868689826865128,
    0.6911223044861918, 0.6862164275801699, 0.6911486518987713,
    0.6924047498167426, 0.6738819503697797
  ],
  "training_time": 627.8510091304779,
  "avg_gradient": 0.0030833937161089515,
  "memory_usage": 745.21484375
}
