{
  "train_losses": [
    0.2907314352367235, 0.258652797859648, 0.231108703205119,
    0.20697186984445737, 0.19084565608721712, 0.18005561869105566,
    0.17105203065211358, 0.16040281902836717, 0.15384319562302984,
    0.14610295896620853, 0.1388526775509767, 0.13111605284654576,
    0.12498859004320009, 0.11772367155746273, 0.10926944547859223,
    0.10637810044800458, 0.09773760584547468, 0.09173676541642002,
    0.09293394070118666, 0.08201489079257716, 0.0759956544548597,
    0.07470105602608426, 0.0710523991400133, 0.06615602352615932
  ],
  "val_losses": [
    0.28475349234498065, 0.24920236222122027, 0.24644715500914532,
    0.2063934560055318, 0.18739004595124203, 0.17928481166777405,
    0.18120865718178128, 0.17108365796182468, 0.16730999266323837,
    0.1639803524898446, 0.17555919354376587, 0.17531438690164816,
    0.15898223820587862, 0.15706335024341292, 0.15817506449378055,
    0.1557458797874658, 0.15524840468297835, 0.1570579639595488,
    0.17404267613006674, 0.15851601213216782, 0.167740261749081,
    0.17376123190574025, 0.1659277075010797, 0.18761991547501605
  ],
  "train_ious": [
    0.38839512854586444, 0.4363776474315668, 0.5164019960329692,
    0.5666264202175795, 0.5969030644636656, 0.6176391940401946,
    0.6328360028025033, 0.6536976132487904, 0.6657994674599691,
    0.6806289503971733, 0.6928542958221571, 0.7078849589587123,
    0.7186459025934987, 0.7325372258606165, 0.7490350378380303,
    0.7547724055315272, 0.7716383783389693, 0.783840670479813,
    0.7815194664981917, 0.8042779909311863, 0.8169514367329905,
    0.8197482932304985, 0.8276585367494734, 0.8386594993264778
  ],
  "val_ious": [
    0.41656487726646924, 0.4644095962732166, 0.5043224744714688,
    0.5682959411887155, 0.6005595170933268, 0.6246337156364882,
    0.625377448140711, 0.6409237706574841, 0.6431210384420727,
    0.6478635234677271, 0.6381714227406876, 0.6460454042838967,
    0.6688625896754471, 0.6730827181667521, 0.6768424219411351,
    0.6784612668165262, 0.6830041371825814, 0.6851833985335586,
    0.6683228884054269, 0.6884893841933515, 0.6765742694986038,
    0.6817294892625533, 0.6842441904372065, 0.6571749474691309
  ],
  "training_time": 430.569739818573,
  "avg_gradient": 0.002880281790677276,
  "memory_usage": 745.21484375
}
