{
  "train_losses": [
    0.298950452843438, 0.27063022813071375, 0.24953855387866497,
    0.227542526938993, 0.20622788596412409, 0.18961827942858572,
    0.17902372234865374, 0.16890517476460207, 0.16124907524689383,
    0.15244172886013985, 0.1454183595336002, 0.14000861824530622,
    0.13131989093254443, 0.12564745104021352, 0.11894702923524639,
    0.11356256416310435, 0.11031030057726995, 0.1015401391474449,
    0.09400236047804356, 0.08923174303186976, 0.08402717247119416,
    0.08525520883014669, 0.07574694210906392, 0.07060103021238161,
    0.06879631545313675, 0.06544241904402556, 0.06425151767452127,
    0.07647526972805677, 0.061673354438465576, 0.05729146822072242,
    0.054006069392451776, 0.05334969443957443, 0.051528356139264674,
    0.05216419563183318, 0.049152280669659376, 0.04724983706989366,
    0.046517577609452215
  ],
  "val_losses": [
    0.2967731712952904, 0.25041860536388727, 0.24310404710147693,
    0.21649372415698093, 0.20213693445143494, 0.18842818361261618,
    0.17764896899461746, 0.17309681358544723, 0.17151344437961993,
    0.16269893263993057, 0.15951061054416324, 0.16100517466016437,
    0.1586646994818812, 0.1580556049619032, 0.16280383940624155,
    0.15118124433185742, 0.15285925405180972, 0.1615360823014508,
    0.16152128706807675, 0.1606588211396466, 0.15601173010857208,
    0.15776408350338106, 0.16514546294575153, 0.1611541551740273,
    0.17130676268235498, 0.16770669623561527, 0.16897771151169486,
    0.17300907846378244, 0.17312857508659363, 0.17061109225387158,
    0.17251031651445056, 0.1833884680400724, 0.1849155788836272,
    0.18135963898638022, 0.18447048087482867, 0.18710493004840353,
    0.19927548584730728
  ],
  "train_ious": [
    0.3760324822189064, 0.4181074391210883, 0.4555605406423003,
    0.5183501020883736, 0.5676660228898557, 0.5990881994906543,
    0.6192384553344354, 0.637763592482045, 0.6530684562588948,
    0.6675553746197532, 0.6809863502672617, 0.6915833553218322,
    0.7073618035925469, 0.7180673301327923, 0.7306482627232005,
    0.741012653470903, 0.747149179811063, 0.7643051708414078,
    0.7794380796992262, 0.7890981757554453, 0.7999393065338549,
    0.7978383801553562, 0.8177332413801249, 0.8289956324126413,
    0.8327724294386044, 0.8405936791197118, 0.8430118020893873,
    0.8180142724211664, 0.8489791432368577, 0.858762134136497,
    0.8663567490335824, 0.8676560182070387, 0.8718930347890093,
    0.8705184402457186, 0.8771767198391579, 0.8817922831445502,
    0.8832387789220056
  ],
  "val_ious": [
    0.391383490268735, 0.4417203505223186, 0.45469088606077473,
    0.5372542574785756, 0.5847961967406067, 0.6051205731388452,
    0.6213710182818813, 0.6319490597731825, 0.6352801962175231,
    0.652728122861489, 0.6552888766147087, 0.6579517050497775,
    0.6632765546657037, 0.666160583064176, 0.6581907006709471,
    0.6806331818950351, 0.6781523147786872, 0.664238430019738,
    0.6725720350725063, 0.6788235652273982, 0.6853107203176055,
    0.6821822891200798, 0.6819872283849162, 0.6871864568928013,
    0.6824807991152224, 0.6846532234247181, 0.6878279965856801,
    0.6819505209940067, 0.6863429799028066, 0.6923175402309582,
    0.6934672766837521, 0.6849517867616985, 0.686350034414858,
    0.6931759548791939, 0.6931358355542888, 0.6910366377104883,
    0.6842689941758695
  ],
  "training_time": 663.3316938877106,
  "avg_gradient": 0.0022659998689479473,
  "memory_usage": 745.21484375
}
