{
  "train_losses": [
    0.30703734136793925, 0.2706687205835529, 0.2431518450865279,
    0.2144866123309602, 0.1985676401173291, 0.18619575489150442,
    0.17598348580624745, 0.16680939762812594, 0.1595660115227751,
    0.15294076737178408, 0.14515272151354863, 0.138709528128738,
    0.13697831004696048, 0.12747658878240897, 0.12246898938294339,
    0.1147981561396433, 0.10998479649424553, 0.10402058287645163,
    0.09748276132766319, 0.09535051351818054, 0.09322714105086483,
    0.08385429413908202, 0.080690434931413, 0.07360765224565631,
    0.07269867701941858, 0.0681728272617835, 0.0639931223679172,
    0.06255734798943867, 0.07193853803302931
  ],
  "val_losses": [
    0.28189069550970325, 0.261554094436376, 0.242259175233219,
    0.20867180856673614, 0.1917087950784227, 0.19542007439810297,
    0.18011632108170053, 0.1708410945923432, 0.16530944925287497,
    0.16542498119499371, 0.16313131671884787, 0.17182402993025986,
    0.16616983128630597, 0.15812459960579872, 0.16598226421553156,
    0.16221581885348196, 0.16774300291486408, 0.1614218336408553,
    0.15104230784851572, 0.15859585303975188, 0.1606920959184999,
    0.16665002023396286, 0.163121798278197, 0.16862031574482503,
    0.1676060275539108, 0.16527019360143205, 0.17216453296334847,
    0.1753679841108944, 0.17589285419039105
  ],
  "train_ious": [
    0.356988257814003, 0.42192342289893964, 0.49459738633257944,
    0.5522112371804925, 0.583215165667344, 0.6061353253173661,
    0.624345600011124, 0.6415424426288708, 0.654888398459424,
    0.6677330676196277, 0.6829517964219702, 0.6944883363726346,
    0.6984370421024334, 0.7161897781534469, 0.7246231874046118,
    0.7389118410107021, 0.7484203733611795, 0.7593102836306547,
    0.7725754800806016, 0.7767924831613253, 0.7816007161054057,
    0.8005024753510952, 0.8071485737311666, 0.8220431713954263,
    0.8240612286372455, 0.8339442376425305, 0.8432065980589907,
    0.8467135025539257, 0.8282567237814276
  ],
  "val_ious": [
    0.4004863036283548, 0.45094603869686084, 0.4974469283892626,
    0.567265577506328, 0.5981905790774721, 0.5873281243054764,
    0.6199741128130235, 0.6347713375437085, 0.6420653114716213,
    0.6483615921891255, 0.6527218280926995, 0.648332572069721,
    0.6435825347468475, 0.6626517427140388, 0.6557149822297305,
    0.6663418017003847, 0.6635806888773821, 0.6706602936205656,
    0.6882938904606778, 0.6735963080672248, 0.6691883839126946,
    0.6747751095588655, 0.6835814926071444, 0.6800664957018868,
    0.6804019787173342, 0.6826618365619492, 0.6887636234362922,
    0.6841559459765751, 0.6642420028430829
  ],
  "training_time": 518.8364930152893,
  "avg_gradient": 0.004707714065211729,
  "memory_usage": 745.21484375
}
