{
  "train_losses": [
    0.30046883921908296, 0.2755305886916492, 0.25170112968139025,
    0.23066670617655569, 0.21328688906910626, 0.19653971396062686,
    0.18374584550442902, 0.1735098868932413, 0.16315148438772428,
    0.15458593958907801, 0.14681288765986328, 0.13897992034807152,
    0.1327285971492529, 0.12478032562395801, 0.11802718521136304,
    0.11057930269643017, 0.10864271458400332, 0.09870152677530827,
    0.09042128074266341, 0.09284002933165302, 0.08726872115031532,
    0.07725229875549026, 0.07121498603373766, 0.06818835064768791,
    0.06610610008077777, 0.06332885945701729, 0.061555047964920166,
    0.059535043496314596, 0.05673173640895149, 0.07359776647923433,
    0.0586960138955518, 0.052198058783846056, 0.04912594825272327
  ],
  "val_losses": [
    0.2919303820185039, 0.26951827368010645, 0.2474781375216401,
    0.23685117065906525, 0.20408865809440613, 0.2182772234082222,
    0.18691061437129974, 0.20112383657175562, 0.1799060721760211,
    0.18192508525174597, 0.16667973120575366, 0.16228065672128097,
    0.16507336432519165, 0.16089233820853027, 0.1665720952593762,
    0.16296725072290585, 0.18120117939036826, 0.1596032253102116,
    0.1646730533760527, 0.20219594499339227, 0.17470064597285312,
    0.16580998573614203, 0.16670192114037016, 0.16738781300575836,
    0.17334896811972494, 0.1755844837297564, 0.18215857089861578,
    0.17604151076596716, 0.17777518814672594, 0.1760438943038816,
    0.17738446949616724, 0.18480263180706813, 0.1948170454605766
  ],
  "train_ious": [
    0.3725834984678827, 0.41035140737804415, 0.455457036131039,
    0.5134960977306615, 0.5501650890902334, 0.5871697725809139,
    0.611045011089764, 0.629924233354952, 0.6491274582087129,
    0.6633448452297328, 0.6780943265319734, 0.692580837432457,
    0.7048350244868489, 0.7191293489025985, 0.7317929426073166,
    0.7460817452250185, 0.7501938000753308, 0.7695869228438191,
    0.7862888739808745, 0.7820040073407731, 0.7930482007779078,
    0.8144204239698422, 0.8275441538164585, 0.8341679656203241,
    0.8389299482755039, 0.8449840593165245, 0.848706548088702,
    0.8533760544614514, 0.8598238900303836, 0.8249703156559365,
    0.8553358887632687, 0.8700486069572145, 0.8771742006790808
  ],
  "val_ious": [
    0.3843665399413177, 0.4243574615589435, 0.48784447650330637,
    0.5031953159773694, 0.5593708486876627, 0.5636214542648066,
    0.6044867330271265, 0.5811501055739927, 0.621394388269687,
    0.6201985649008681, 0.6431374826293063, 0.6505439324655395,
    0.648692686272704, 0.6603308104086613, 0.6502284627893699,
    0.6625662666300068, 0.6365570471338603, 0.6670188387666923,
    0.6702889510686847, 0.6233038038447284, 0.6601370367882907,
    0.6791350487349689, 0.6827611780684928, 0.6795729640601336,
    0.6818254184031832, 0.6801717112893645, 0.6775515347287275,
    0.6800861818634945, 0.6826722943696424, 0.6692777615094532,
    0.6821167801601299, 0.6802153256924255, 0.6742985937474429
  ],
  "training_time": 590.1725287437439,
  "avg_gradient": 0.0029605600021324237,
  "memory_usage": 745.21484375
}
