{
  "train_losses": [
    0.2867230189073345, 0.25019954557976, 0.22874864166521508,
    0.2098970813271792, 0.18731859536922496, 0.17430304031333196,
    0.1669367998028579, 0.15783865814623627, 0.14972422660692877,
    0.1423949382632323, 0.13650172592505164, 0.12935186286821312,
    0.1257104606003217, 0.12377659612051818, 0.11289661547735981,
    0.10769659058069406, 0.09989436732038208, 0.09640662019829387,
    0.09049434279618056, 0.08417141077149173, 0.07911011159581982,
    0.07447247462266166, 0.07106175913434962, 0.06968767870136577,
    0.066530408438943, 0.06380157215196801, 0.06284300792638374,
    0.059381543597935335, 0.056395129239915506, 0.053753597621360553,
    0.05177894619334003, 0.05043975387335471, 0.05183139194369964
  ],
  "val_losses": [
    0.2784847597713056, 0.2616218658893005, 0.2202437260876531,
    0.22499208249475644, 0.20091238164383432, 0.2186605687374654,
    0.18961434940928998, 0.17575159604134766, 0.17022681786962177,
    0.16460207720165668, 0.16732079049815302, 0.16572947136085966,
    0.17053436844245248, 0.15453722052600072, 0.16132203667708064,
    0.1558114985085052, 0.157518375179042, 0.1639577234568803,
    0.16170269461429637, 0.16613157093524933, 0.1643479233202727,
    0.167640407934137, 0.16731263114058453, 0.17475010389867035,
    0.172246265022651, 0.172063782973134, 0.17563574113275693,
    0.18707914941984674, 0.18075088719310967, 0.1859660874242368,
    0.1858668558947418, 0.18537302201856737, 0.25709084162245627
  ],
  "train_ious": [
    0.392170604468157, 0.45857126597895875, 0.5202210920228473,
    0.5593472553983981, 0.6054264005489539, 0.6287498466022636,
    0.6416913703137981, 0.6585673778925254, 0.6728741737703477,
    0.6873689238791879, 0.6983822325001591, 0.7110217525691226,
    0.7181138949657696, 0.7230481732690681, 0.7432912917456763,
    0.7527248401032842, 0.7676756525061267, 0.7747191897984868,
    0.7865082689061546, 0.7996353272726572, 0.8104146880948019,
    0.8200448992243711, 0.8271782633619036, 0.8305910101187403,
    0.8374531909391495, 0.8435423313707547, 0.8457965037744973,
    0.8535893528141844, 0.860310347939747, 0.8664157064496602,
    0.8710042631280596, 0.873733253258726, 0.871038899365543
  ],
  "val_ious": [
    0.4150006060583004, 0.4413617457384649, 0.5375981856731401,
    0.542741402875686, 0.5742615915942882, 0.5828752988490506,
    0.6071638451970142, 0.6377544418193292, 0.6416452416907186,
    0.65125859906708, 0.6459900592116342, 0.6585309092981229,
    0.6363068752098774, 0.6721172881299171, 0.6633476329886395,
    0.6740931190442349, 0.6767473667860032, 0.6690783528746039,
    0.6807792642410252, 0.6741559017395627, 0.6814026487046394,
    0.6838586215955625, 0.6829055882450465, 0.6740191194458284,
    0.6835052407738091, 0.6885427733262378, 0.6850391017354054,
    0.6816640319167704, 0.689718382945959, 0.6867811429327813,
    0.6893910554008208, 0.6897686469382134, 0.6354388462892476
  ],
  "training_time": 593.2654795646667,
  "avg_gradient": 0.004392858918444259,
  "memory_usage": 745.21484375
}
