{
  "train_losses": [
    0.3044619147220384, 0.2605144196878309, 0.23373590677004794,
    0.2115763486565455, 0.1967015089062245, 0.18257992058668449,
    0.17204249366793944, 0.1666027241912873, 0.1553736192214748,
    0.15071865106406418, 0.1447964694512927, 0.13716069653468288,
    0.13122481909459052, 0.12408058406056269, 0.11988166428130606,
    0.11498320029805535, 0.10726039836426145, 0.10348009314064098,
    0.09706438280156125, 0.0944088973995784, 0.08522439792590297,
    0.0790093137032312, 0.07453779248601716, 0.0754468190362272,
    0.07646958821493646
  ],
  "val_losses": [
    0.2983079669268235, 0.29597271201403247, 0.21915285192106082,
    0.20194398287845694, 0.2005504071712494, 0.1834172078448793,
    0.1752811339886292, 0.17860032358895178, 0.16976563794457394,
    0.1756480462525202, 0.16290175137312515, 0.16248375566109366,
    0.16743708531493726, 0.15501718320276425, 0.1622486106403496,
    0.15811105558405752, 0.1573130190372467, 0.16000296078298404,
    0.16272553898718045, 0.17417989379685858, 0.16365109902361166,
    0.16598139525107716, 0.1753840286122716, 0.16861883648063825,
    0.19790889711483664
  ],
  "train_ious": [
    0.36022801235241425, 0.4348841530907494, 0.511008281901857,
    0.5570970909211084, 0.5886828354627324, 0.6124757090718418,
    0.6310092065537322, 0.6418393935630287, 0.6623473217629869,
    0.6720764218033222, 0.6828609162374686, 0.6967575247197051,
    0.7079837291460969, 0.7214994981776977, 0.7287982260079487,
    0.7389021055853884, 0.7527885254526486, 0.7600977142759856,
    0.7729342790401503, 0.7786276839889478, 0.7970254270602826,
    0.810449899862642, 0.8198479821068654, 0.8179501277813016,
    0.8165488648025879
  ],
  "val_ious": [
    0.4011076874491098, 0.41079507676371635, 0.550742962114189,
    0.575415349524954, 0.5786504579195076, 0.6127108212398445,
    0.6266561977673267, 0.6192185686550278, 0.6365271407193033,
    0.6354907295410185, 0.6527036910039791, 0.6577080051968062,
    0.6480604053839395, 0.6699754464021628, 0.6663170089756233,
    0.6698845547178517, 0.6763760292011758, 0.6727437243081521,
    0.6725747257039165, 0.6701301148404245, 0.6849043537741124,
    0.6834781202285186, 0.6719747857339141, 0.6826000377751777,
    0.6525475929180782
  ],
  "training_time": 448.34807109832764,
  "avg_gradient": 0.006721698800361169,
  "memory_usage": 745.21484375
}
