{
  "train_losses": [
    0.292424306921337, 0.25515034705724404, 0.23075698550952517,
    0.21700345562851947, 0.1977187578930803, 0.18467359997979974,
    0.17381460875596688, 0.16400549925215865, 0.1571796231943628,
    0.14661844694258078, 0.14034844258719165, 0.13362213787015365,
    0.12584073388058206, 0.11984875672699316, 0.11196984711062649,
    0.10669795626207539, 0.10109087533277014, 0.09317571131269568,
    0.08934979399909145, 0.08177165674936512, 0.07786545505666215,
    0.07254481574763423, 0.06933167680045185, 0.06698455944981264,
    0.06458707953519795, 0.06173672901628458, 0.0763256392320213
  ],
  "val_losses": [
    0.29242593762667285, 0.3215542565221372, 0.23942586747200592,
    0.21416579154522522, 0.19769841141026953, 0.1852832715148511,
    0.18912086279495902, 0.1784883164193319, 0.16439047585362973,
    0.15894537111339363, 0.17010956808276798, 0.16167792872242306,
    0.16123788965784985, 0.15406358355413313, 0.16686598114345386,
    0.1770948971743169, 0.16248641065929248, 0.1554372804644315,
    0.1674747431407804, 0.16731115624956464, 0.16797125954990802,
    0.17210933080186014, 0.16891256655039993, 0.17399280453505722,
    0.1838192486244699, 0.17875659660152768, 0.18138647111861603
  ],
  "train_ious": [
    0.3828239468265551, 0.4465422934673381, 0.5112208293588915,
    0.544982025399804, 0.5845175512350983, 0.6095051313278035,
    0.6294974392091018, 0.6473516026592773, 0.6609323444249838,
    0.6784437582220718, 0.6902105883303762, 0.7031363479361152,
    0.7182529358112294, 0.7285980087691458, 0.7442150147820724,
    0.7540127574533655, 0.7658383737763634, 0.7809208436612629,
    0.7887432803602323, 0.8042929400352467, 0.8128707964999089,
    0.824247268554957, 0.8315120868492822, 0.8364778420199513,
    0.8419682289595187, 0.8483656502288318, 0.8179078321310062
  ],
  "val_ious": [
    0.40552258621091436, 0.3799075530571997, 0.46007881723884225,
    0.557548938346082, 0.5934953279253365, 0.6130168843960416,
    0.6156113634722817, 0.6285929822403452, 0.6474843018728752,
    0.6583787587241848, 0.6476675734139872, 0.6569694306539451,
    0.6631289904100306, 0.6732440644848174, 0.6547012482432352,
    0.6542063575723897, 0.6709659373846609, 0.6798106663037037,
    0.678515690392342, 0.6706984891839649, 0.6831711297449858,
    0.6781005738438042, 0.6839506330265513, 0.6837568624296052,
    0.6843364230100659, 0.6828927795092266, 0.669769400919693
  ],
  "training_time": 484.23539662361145,
  "avg_gradient": 0.003334722259282781,
  "memory_usage": 745.21484375
}
