{
  "train_losses": [
    0.2954328124127958, 0.2566145257619412, 0.23500969228537186,
    0.22201553424415382, 0.20307870832798275, 0.18600216669880826,
    0.17633827484172324, 0.1661242408596951, 0.1591604092846746,
    0.14964285294484833, 0.14235502809448086, 0.13787195459008217,
    0.1291071035615776, 0.12214054851590292, 0.11543801273016827,
    0.1082963707006496, 0.10354941548860591, 0.0954633721595873,
    0.09114112583515437, 0.08357252046951781, 0.079009050908296,
    0.07865665077596255, 0.07449602795278897
  ],
  "val_losses": [
    0.2915559041759242, 0.2569115897235663, 0.22762445166059161,
    0.22949632807918216, 0.2004086971282959, 0.191595828079659,
    0.1771120046791823, 0.18416840583086014, 0.17729182508976563,
    0.16292623689641123, 0.17346404881581015, 0.16153442697680515,
    0.15783779614645502, 0.15546209867233815, 0.16281130035286365,
    0.1805161425600881, 0.16060018717594768, 0.1558605055122272,
    0.16276829106652219, 0.1562552507156911, 0.16559714710582857,
    0.16574818916294887, 0.2008864617218142
  ],
  "train_ious": [
    0.3795458432054133, 0.4417481953064551, 0.5079946904915612,
    0.5381371166449097, 0.5745176898342546, 0.6085976513669542,
    0.6252784304914695, 0.6438480936314747, 0.6561034720229069,
    0.6735689553661625, 0.6875525128798209, 0.695505149446536,
    0.7118179080602917, 0.724852776721768, 0.7375680538623229,
    0.7512805523431816, 0.7603453879339108, 0.7769285018245377,
    0.7853281310611012, 0.8005951096614199, 0.8102960490446158,
    0.8114811158266625, 0.8203361292464146
  ],
  "val_ious": [
    0.418109933535258, 0.4669906747783873, 0.5242316864322926,
    0.525832803784937, 0.583201370053533, 0.5888679711067158, 0.622434224339499,
    0.6133943122366201, 0.6227313937700313, 0.652594128812569,
    0.6394903193349425, 0.6563895774492319, 0.6652518009793932,
    0.671238130633382, 0.6579756199017814, 0.6413133947745614,
    0.6727434046890424, 0.6804951867763548, 0.6765251027933066,
    0.6866531553475752, 0.675353982526323, 0.6791345619637034, 0.664483430808869
  ],
  "training_time": 414.41117429733276,
  "avg_gradient": 0.008584910161257191,
  "memory_usage": 745.21484375
}
