{
  "train_losses": [
    0.2930554089176914, 0.2536705686994221, 0.229337555963708,
    0.20960803054597066, 0.19314683868509272, 0.182275777682662,
    0.17197514665515526, 0.16343322509656782, 0.15597349713030068,
    0.14618796559617572, 0.14115260849180428, 0.13269116660661023,
    0.1251529476645848, 0.11922162953440262, 0.11164703750577958,
    0.10846913682863764, 0.09590654237114865, 0.09547970695016177,
    0.09206604904940595, 0.08097643336362165, 0.07556769992832256,
    0.072972161108223, 0.06838268029463032, 0.0679198008880991
  ],
  "val_losses": [
    0.33164804525997327, 0.2678345215061437, 0.21182044109572534,
    0.20136170510364615, 0.1938907526757406, 0.1749226233881453,
    0.17197255693052127, 0.17175149788027225, 0.15833046708417975,
    0.16529258761716925, 0.16565027120320694, 0.15506409173426422,
    0.15389250769563342, 0.15332508492081062, 0.16064386280334514,
    0.1518918052315712, 0.15444184758740923, 0.1699487566947937,
    0.15212752572868182, 0.16166676985828773, 0.1579702203364476,
    0.1562269731708195, 0.16430255948849345, 0.19717826046373532
  ],
  "train_ious": [
    0.3804131858038568, 0.45215196087337967, 0.5216697885594125,
    0.5646935353136581, 0.5957273955362432, 0.6156862113030922,
    0.6340081739252885, 0.6497503270165644, 0.6636156694072747,
    0.680429502727761, 0.6903006024658674, 0.7063435546081998,
    0.7191491237693073, 0.7311331477502118, 0.7451401525109571,
    0.7518406821873745, 0.775860323098258, 0.7769034567518511,
    0.7841164945908218, 0.8062701657198474, 0.8179298679249873,
    0.8233432084106014, 0.8336497161915336, 0.8352194533183954
  ],
  "val_ious": [
    0.3893190499233163, 0.4328425679409849, 0.5596369619386783,
    0.5749987995494967, 0.5988834711952487, 0.6222506459208501,
    0.6321548011855803, 0.6411535415960393, 0.65713669359684,
    0.6478255807921506, 0.6498960606429887, 0.6696205625067588,
    0.6692295905904494, 0.6714391434106275, 0.6644531842591105,
    0.6807919431855713, 0.681039257110029, 0.6614586337321047,
    0.6870133313147919, 0.6845803891403087, 0.6846305753873742,
    0.6918088474135468, 0.6938484060591545, 0.6488134951695151
  ],
  "training_time": 430.471905708313,
  "avg_gradient": 0.005449507803155104,
  "memory_usage": 745.21484375
}
