{
  "train_losses": [
    0.2944114472231139, 0.25394957075300423, 0.2339311478578526,
    0.21844184447241866, 0.20111787570235523, 0.1871344296504622,
    0.1745524737660004, 0.16463112329011378, 0.15675137742705966,
    0.15064341947436333, 0.14040323213228714, 0.13388079433175532,
    0.12605023983380068, 0.1209239698946476, 0.11506691218718239,
    0.10559341939085204, 0.10336437019640984, 0.09215270901989678,
    0.08963004807415216, 0.08411631842508265, 0.07877539102312016,
    0.0733787887527243, 0.07015180020876553, 0.07162885991451533,
    0.07358993189004452, 0.06366386602673194, 0.05996026355854195,
    0.057390343924255474, 0.05498875292908886, 0.05367392338002506,
    0.05366133189881626, 0.06527001013898331
  ],
  "val_losses": [
    0.2726430743932724, 0.24456382348485614, 0.22291397368130478,
    0.21094826835653055, 0.21389884922815405, 0.1839824471136798,
    0.20319715530976004, 0.1768112587540046, 0.17398717643126196,
    0.16752365911784378, 0.15876130727322205, 0.16797497123479843,
    0.163928526899089, 0.16911571181338766, 0.1637138364755589,
    0.1637383874343789, 0.1771039146444072, 0.15598254780406537,
    0.1601160933142123, 0.16306760453659555, 0.1615843513737554,
    0.1617698345495307, 0.17698900790318198, 0.18187816862178885,
    0.16860512384901877, 0.172557497801988, 0.173397459089756,
    0.17453756734080936, 0.18460266616033472, 0.18059655862010043,
    0.1785528109125469, 0.17895914517019107
  ],
  "train_ious": [
    0.38280051759882516, 0.4450278517679244, 0.5060591642758336,
    0.5391450438621467, 0.5747271223074712, 0.6049371393856364,
    0.6292136048061259, 0.645927419157132, 0.6602524030899658,
    0.671323106880637, 0.6901190502812035, 0.7014127528105959,
    0.7164809734061146, 0.7258040511413762, 0.7368080922118996,
    0.7558100965899837, 0.7600273715629097, 0.7822224682439933,
    0.7880141672988736, 0.7989504526274792, 0.8104860094794326,
    0.8222411604247227, 0.8293086670447091, 0.8264986862954882,
    0.8226182050463089, 0.8439365854297857, 0.8522405739927639,
    0.8579671219855117, 0.8635569723403974, 0.8662379710138712,
    0.8665248112402099, 0.8432935198795964
  ],
  "val_ious": [
    0.4184249529372091, 0.4550294907412667, 0.5278158373590829,
    0.5577437721084857, 0.544020932977614, 0.6061664382400719,
    0.5845815604147704, 0.629608544966449, 0.6363728199748026,
    0.646418759788292, 0.6586441073728644, 0.6448329259519991,
    0.6540478852348053, 0.6534639817217123, 0.6640474431324698,
    0.6682229173788129, 0.6445226118616436, 0.684307697026626,
    0.6782196272110594, 0.6771158597607542, 0.6868091821670532,
    0.6822298138901807, 0.676984204762224, 0.663921000732892,
    0.6831777596819227, 0.6862270620422087, 0.687375459118166,
    0.6848985213732375, 0.6848329502171365, 0.6870154591574186,
    0.690548451050468, 0.6551084658805876
  ],
  "training_time": 575.0485560894012,
  "avg_gradient": 0.005101272580677492,
  "memory_usage": 745.21484375
}
