{
  "train_losses": [
    0.3083881466932919, 0.28359989206428116, 0.26093558286843094,
    0.23865395784378052, 0.21214420405095039, 0.19663231981837231,
    0.18226475827395916, 0.1743977245591257, 0.16512631155226543,
    0.15615898411235082, 0.1501258812925738, 0.14294562513089698,
    0.13589297405079656, 0.13262996976466282, 0.12366106381396884,
    0.11543139406358419, 0.11389311718875947, 0.1070741245361126,
    0.09743251683919327, 0.09335634938400725, 0.08653024247968974,
    0.08021567660667327, 0.07945214519682138, 0.0764325910612293,
    0.07101832198626969, 0.06711632264373095, 0.06423518446314594,
    0.060839171622596354, 0.05908357370239885, 0.07264262464140421
  ],
  "val_losses": [
    0.29602735262850055, 0.2987027712490248, 0.2816046771147977,
    0.23713959073242935, 0.20509393318839694, 0.19916770186113275,
    0.18915431525396265, 0.18445540737846625, 0.1655240914096003,
    0.17308701056501138, 0.16707153100034464, 0.16007437362619067,
    0.1689121327970339, 0.15754130223523016, 0.1558242433744928,
    0.15810988487108893, 0.1533740881992423, 0.14718452176969984,
    0.15325304088385208, 0.15496942838249, 0.1566406789681186,
    0.1555893508636433, 0.15806070099706235, 0.16011708262174026,
    0.16717313035674716, 0.1697834986059562, 0.17149293195942175,
    0.17370533813600955, 0.1759166617108428, 0.1676799068632333
  ],
  "train_ious": [
    0.3558275363061313, 0.39718669258813927, 0.43050190483122125,
    0.49490322035685036, 0.5583676469336819, 0.5869485084777292,
    0.6131665708794111, 0.6282639363105744, 0.6452260856395182,
    0.6623019003241822, 0.6724485477999497, 0.6860198146947052,
    0.6994141861256488, 0.7048577940010508, 0.7222993438658508,
    0.7376209700993003, 0.7410335201716075, 0.7533461056325749,
    0.7724917240548826, 0.7803453932637757, 0.794424432883228,
    0.807663924128249, 0.8099324072616687, 0.8159626831395038,
    0.8276164216407832, 0.8363378659106683, 0.8427664500431741,
    0.850294064244498, 0.8543391068992408, 0.8257210734097861
  ],
  "val_ious": [
    0.3880162580289702, 0.40943288176819903, 0.4210818079502686,
    0.5289740489012952, 0.5764094838413641, 0.5793780189925347,
    0.5957688796131507, 0.6099671388881794, 0.6409666080405747,
    0.63327154473982, 0.6454871854056482, 0.6557542740002923,
    0.6484770660383115, 0.6604738412559895, 0.6671963772480038,
    0.6673658215913221, 0.6779089852951574, 0.6874236181594323,
    0.6844601192768068, 0.6858680092770121, 0.6891262017298437,
    0.6911302269368932, 0.67946348004583, 0.6906062904475392,
    0.6906970352798268, 0.6856854765311533, 0.6910591617874479,
    0.6890622284533322, 0.6890938601632048, 0.6712843896686167
  ],
  "training_time": 538.2227647304535,
  "avg_gradient": 0.004014090723464108,
  "memory_usage": 745.21484375
}
