{
  "train_losses": [
    0.30162685688423074, 0.2733185286431209, 0.24426291413281276,
    0.21449101100797238, 0.19745790553481682, 0.18432044529396555,
    0.1755640809626683, 0.16746854069440262, 0.15779990621882936,
    0.15058795350563267, 0.14559276199535184, 0.13773136209372594,
    0.1306534092063489, 0.1260335974233306, 0.12083546039850815,
    0.10974059387555589, 0.10503277263563612, 0.09972837781938522,
    0.09868021993695394, 0.08980090960698284, 0.08376612745063461,
    0.07967677133400804, 0.07447911363661937, 0.07204632485366386,
    0.08270914931579129
  ],
  "val_losses": [
    0.2943292966355448, 0.2684310781566993, 0.2426252254973287,
    0.2083548019113748, 0.18704701150241104, 0.19069521388281946,
    0.1898309096046116, 0.17393472110447677, 0.1784595273759054,
    0.17490549612304437, 0.1644264365667882, 0.1639313688096793,
    0.1632739966330321, 0.16221209971801095, 0.1571954673399096,
    0.15626546141246092, 0.16234303395385327, 0.16840542950060056,
    0.1735458607259004, 0.15775204385104385, 0.1732596120108729,
    0.16571843559327332, 0.18131296336650848, 0.16851275802954382,
    0.17227398571760758
  ],
  "train_ious": [
    0.37026638574763276, 0.4118592953004406, 0.4872032432104802,
    0.5514659245592962, 0.5832116951005184, 0.6076838394923919,
    0.6255930765005556, 0.639875118283258, 0.6583543795606365,
    0.6711229004937668, 0.681285610773425, 0.6945877013107138,
    0.7081747593871065, 0.717619858088269, 0.7268320286403533,
    0.7477302742393119, 0.7568068914655323, 0.7669434942089126,
    0.7690650099429538, 0.7872803870966476, 0.8004260220821358,
    0.8088662881350173, 0.8199364438221071, 0.8253299584207324,
    0.8049820845649727
  ],
  "val_ious": [
    0.39068720090216474, 0.4203951985075854, 0.49297163168481284,
    0.5647909016064976, 0.6043639010277347, 0.6020748554796412,
    0.6053728402956672, 0.635928666462069, 0.6279336706451749,
    0.6368673828201019, 0.6477390361436899, 0.6567711251369424,
    0.6556213781021643, 0.658263181646665, 0.6695142289002737,
    0.6733398433180823, 0.6676375101441924, 0.6651953752490057,
    0.6622488531081571, 0.6800263247628141, 0.6663861801658851,
    0.6811469242624614, 0.6698755086332127, 0.6817211290632471,
    0.6668350046527558
  ],
  "training_time": 449.4280037879944,
  "avg_gradient": 0.016013803384716373,
  "memory_usage": 745.21484375
}
