{
  "train_losses": [
    0.3000770920644636, 0.2763323411345482, 0.2495089523980151,
    0.22095069499767345, 0.20133449857973534, 0.18692103352235712,
    0.17640214802130408, 0.1666572691629762, 0.15827097460303619,
    0.15167901417969362, 0.14573464028375305, 0.14053548726698625,
    0.13215746273003195, 0.12627711199709904, 0.12337325974974943,
    0.11328474569903768, 0.10853639394854722, 0.10260794263171114,
    0.10079375245486913, 0.09360629704821369, 0.09805214085170756,
    0.08532144769054392, 0.07902780636821104, 0.07420833720623152,
    0.07139526034259926, 0.06673082855084668
  ],
  "val_losses": [
    0.3113084519686906, 0.27217740338781604, 0.26920242316049076,
    0.22413180638914523, 0.2170139006946398, 0.18635221473548724,
    0.19026145306618317, 0.17193550292564475, 0.18166713448970215,
    0.16992638713639716, 0.17133488830017007, 0.15827988930370496,
    0.15720926889258882, 0.15962240342860637, 0.1552233626337155,
    0.15091383262820865, 0.15438678374756937, 0.16101844819343608,
    0.15891778501479523, 0.15996358057726984, 0.1693105817489002,
    0.16541341805587645, 0.1634307364406793, 0.16519330992646838,
    0.17264280144287192, 0.18748543881203816
  ],
  "train_ious": [
    0.375152545794597, 0.40853288330461746, 0.47207800099415087,
    0.5418390151707159, 0.5792154792048361, 0.6056546987020883,
    0.6239670329875705, 0.6417937866155653, 0.6577727998728337,
    0.6699096399048965, 0.681360774390076, 0.6904109585760295,
    0.7064752743403983, 0.7167553090746851, 0.7232322923407178,
    0.7414021225295206, 0.7502601051136205, 0.7622366598334868,
    0.7663269653052524, 0.779736058813506, 0.7721522973067521,
    0.7971798663122062, 0.8102016400383871, 0.8208732784226325,
    0.8270664832730227, 0.8371653177815933
  ],
  "val_ious": [
    0.3851014421038005, 0.4206997215637323, 0.4596739265041939,
    0.5351132436291032, 0.5633482936283816, 0.6096027815255567,
    0.5953724938242331, 0.6284140523361124, 0.6148867322051006,
    0.636038233836492, 0.6414548746053725, 0.6623684306075607,
    0.6637047332698023, 0.6592093053935231, 0.672064814446629,
    0.6797601664843765, 0.6781419537205629, 0.6690838118826135,
    0.6748877128829127, 0.6701239895993384, 0.6559206182542054,
    0.6754435365614684, 0.6864097535178282, 0.6806429512258889,
    0.6819241677505381, 0.6768718500068225
  ],
  "training_time": 468.93773007392883,
  "avg_gradient": 0.0026650966430082305,
  "memory_usage": 745.21484375
}
