{
  "train_losses": [
    0.3091751162124717, 0.2664727336200683, 0.24465230301670407,
    0.2251709113302438, 0.20416931540745756, 0.19110383846513604,
    0.181918078466602, 0.1712755583550619, 0.16416423557245213,
    0.15484626287513453, 0.14700840948068578, 0.14038029390022808,
    0.13375360951961382, 0.13185856236225885, 0.1184151245524054,
    0.11350369502020918, 0.10639681683286377, 0.09971495855437673,
    0.10015978469796803, 0.09260694812173428, 0.08699089470926834,
    0.08383882596440938, 0.07739943435982517, 0.07063072016867607,
    0.06714203447589408, 0.06450947082560995, 0.061992854041897735,
    0.06174485403639467, 0.059600727025257504, 0.0566308465178894,
    0.05533416542912955, 0.07392681274644058
  ],
  "val_losses": [
    0.29056195785170014, 0.2601773078026979, 0.24763438494309134,
    0.23602649115997812, 0.23488451054562692, 0.19955845177173615,
    0.18167311503835346, 0.18304523436919504, 0.1803319625880407,
    0.16741354471963385, 0.20093050663885864, 0.1695029408387516,
    0.17713796379773514, 0.1639571853953859, 0.16588826542315277,
    0.16170327689336694, 0.16337173885625342, 0.1960031105124432,
    0.18798967159312704, 0.1730623219324195, 0.1910392991874529,
    0.16740192894054495, 0.16363460716346037, 0.17426499368056006,
    0.17523083900627884, 0.18559167728475903, 0.19200219764657642,
    0.21155264455339182, 0.1848742122883382, 0.18515150378579678,
    0.1907361042888268, 0.18155943310779074
  ],
  "train_ious": [
    0.357114915895761, 0.42287961002866603, 0.4725259593635494,
    0.5320775610246302, 0.5727440756678152, 0.5967326934408882,
    0.6143095223907972, 0.6336945648966491, 0.6463409830694612,
    0.6631259109446964, 0.677647442219482, 0.6903433597282226,
    0.7029167988702006, 0.7065117803496725, 0.7315236973049847,
    0.7406738224992719, 0.7542991889775664, 0.7675289131053115,
    0.767307212549275, 0.7823549297948681, 0.7941984011643176,
    0.8003316086487496, 0.8141383664763492, 0.8288642491983326,
    0.8363233383582986, 0.8423108707951463, 0.8480550823868183,
    0.8486444969540061, 0.8533506688216456, 0.8602434655894406,
    0.8629782915763227, 0.8264657012794331
  ],
  "val_ious": [
    0.39301903761815327, 0.43712326668310847, 0.49592610907511436,
    0.5050242423363354, 0.5276942419941012, 0.5809539038202036,
    0.6153809700323187, 0.6158804116041765, 0.6241050513758176,
    0.6389910010755926, 0.5867388349944266, 0.6444843646840774,
    0.6308849337308303, 0.6544214655523714, 0.653551372712937,
    0.665646455426147, 0.6662115962177083, 0.6371725285830704,
    0.6460057350172513, 0.6685752035051152, 0.6430114816496336,
    0.6745209490907365, 0.6836815701014752, 0.6781888092341629,
    0.6799343500448309, 0.6719652893750564, 0.6725510905186335,
    0.6515539383542709, 0.6805263882961826, 0.6782835281413534,
    0.6772687750450079, 0.67203172415063
  ],
  "training_time": 574.0330383777618,
  "avg_gradient": 0.0022094213647294533,
  "memory_usage": 745.21484375
}
