{
  "train_losses": [
    0.28612469727902307, 0.2468698747941981, 0.22415380009814448,
    0.20098556359500988, 0.18698864802718163, 0.17493100415753282,
    0.1659403947060523, 0.15736823954174053, 0.14913683979893508,
    0.142337991491608, 0.13612450120727654, 0.12978673013656036,
    0.12410723300569731, 0.11817447225684705, 0.1094809219484096,
    0.1019239481943457, 0.09859047295606654, 0.091658606517898,
    0.09039412204014219, 0.08014299481621255, 0.07515989863516195,
    0.07143438647946586, 0.07023296819027999, 0.06585071132639828,
    0.06252148737321081, 0.060443249490597976, 0.06149529248637998,
    0.07117918965852131
  ],
  "val_losses": [
    0.2557456150003102, 0.2470298639458159, 0.2140314326338146,
    0.23305082256379334, 0.1938405691281609, 0.18228464444046436,
    0.17699798488098642, 0.17480140697696936, 0.16958724286245264,
    0.16210388424603836, 0.1570031331933063, 0.16054875808565514,
    0.16164084118993385, 0.15698067941095517, 0.1618918123776498,
    0.16190099035916122, 0.158014799427727, 0.16768496661730434,
    0.15922456574828728, 0.16185340933177783, 0.1679902578825536,
    0.16668816040391507, 0.16969550984061282, 0.17259506832646287,
    0.1728194589200227, 0.1722012680509816, 0.18492172059157622,
    0.18638995646134668
  ],
  "train_ious": [
    0.39448935788021877, 0.46225116640387537, 0.5314726256158037,
    0.5805406645210326, 0.6063170261357144, 0.6290618466294332,
    0.6443016219722189, 0.6610588881632554, 0.6752399444796037,
    0.6878074545251287, 0.6987321999841841, 0.7105706900466179,
    0.7218777131343231, 0.733088645328214, 0.7489662675753884,
    0.7635894119199634, 0.7700072991783206, 0.7843128226805425,
    0.7871231879445091, 0.8081692238000852, 0.8184516360794284,
    0.8270708440222599, 0.8295777530773824, 0.8391413745888758,
    0.8468857877280399, 0.8515516449359886, 0.8491114837967835,
    0.8307150994845923
  ],
  "val_ious": [
    0.4394105258870168, 0.4785369406791702, 0.5617394592019096,
    0.5463688641354658, 0.5886903559600097, 0.6175544957319896,
    0.6274897503680077, 0.6314725623182629, 0.642701099532238,
    0.6549254953861235, 0.6640046757200491, 0.656541621339494,
    0.6567627109479213, 0.6658666665139404, 0.66570579012235,
    0.6678186346223388, 0.6766889119061871, 0.6697249995625538,
    0.6741848013539244, 0.6801386967949243, 0.6823115674913793,
    0.6884653870610223, 0.684695434095203, 0.6854962082444757,
    0.6849847336610159, 0.6832917241946511, 0.6783839604560881,
    0.6437083305656046
  ],
  "training_time": 505.5887358188629,
  "avg_gradient": 0.00427014516070401,
  "memory_usage": 745.21484375
}
