{
  "train_losses": [
    0.2977256697157155, 0.269469539999314, 0.24573903279783932,
    0.2158827466647262, 0.1997509794714658, 0.18464145922790404,
    0.17510368043313856, 0.16489123723105245, 0.1590247797253339,
    0.15119856223464012, 0.14317895411311285, 0.13540535549754681,
    0.13087108241313178, 0.12248327627616085, 0.11754539171638696,
    0.11216202876328127, 0.10613979261530482, 0.10586783650290707,
    0.09156252399248921, 0.08586682537165673, 0.08339438773691654,
    0.078191129328764, 0.07998398885778758, 0.07321380694275317,
    0.06765477942383807, 0.06457817133354105, 0.061596294784027596,
    0.05939682761369192, 0.059183247164701636
  ],
  "val_losses": [
    0.27987224057964655, 0.2640333117350288, 0.2572987037508384,
    0.21714396353649057, 0.20029605601144873, 0.19440815759741742,
    0.18705719741790192, 0.176962585552879, 0.198910860263783,
    0.16325897658648697, 0.16736584415902261, 0.15915792305832324,
    0.2002062178824259, 0.18064610595288483, 0.15805061372077983,
    0.1625771784911985, 0.16586799628060797, 0.15680000542298608,
    0.15604608894690222, 0.16179077829355779, 0.16594414542550626,
    0.1627917552123899, 0.1670822951456775, 0.16758476165325745,
    0.16767468983712402, 0.16531380881433902, 0.17039355214523233,
    0.17305251632047736, 0.17695661115905512
  ],
  "train_ious": [
    0.3790972028855585, 0.41884528768381996, 0.4794852219962405,
    0.5487044400980937, 0.5808495663214422, 0.6089397079810712,
    0.6271354265619017, 0.6457162898411786, 0.6572480432797169,
    0.6708321924982726, 0.6856838073311506, 0.6999267306232795,
    0.7080876988669241, 0.7242618613484975, 0.7329776985165866,
    0.7431455238897731, 0.7552612927620828, 0.7570462751107804,
    0.7845559954319316, 0.7962806560099128, 0.8014086519462474,
    0.8125133192625597, 0.8092222602471056, 0.823224226849667,
    0.8354154128743256, 0.8421855436071105, 0.849005325440911,
    0.8539265890916188, 0.8542644498140917
  ],
  "val_ious": [
    0.40847060278705927, 0.4309073485251841, 0.49102646965479513,
    0.5674095893467681, 0.5840914177073948, 0.5959587112285089,
    0.6082037749929704, 0.6297145628410837, 0.5898212554014248,
    0.6527768721183143, 0.6439380306696546, 0.6656446292780448,
    0.6122831533784452, 0.6385083494410998, 0.669260537062866,
    0.6640022805203563, 0.6542533646891079, 0.6749746004740398,
    0.6860635922006942, 0.6783756738987521, 0.6745180707910786,
    0.6876419536445453, 0.6780992018571796, 0.6803285406119579,
    0.6849523484706879, 0.6872652004594387, 0.6895957010379736,
    0.6879840812821318, 0.6854443712079007
  ],
  "training_time": 519.2019093036652,
  "avg_gradient": 0.002426814184401404,
  "memory_usage": 745.21484375
}
