{
  "train_losses": [
    0.2798330412934656, 0.24565238967213943, 0.22600136697292328,
    0.21098953266830547, 0.1935493065773145, 0.17897601053118706,
    0.16756173587687637, 0.1614849427310021, 0.15355868410805,
    0.1450055953439163, 0.1373062392534769, 0.13061670056017843,
    0.12164082179736832, 0.11674853272574104, 0.11149526723539052,
    0.1044381296100176, 0.09776092895671078, 0.09226364844843098,
    0.08765935253999803, 0.08528345264494419, 0.08020160598275454,
    0.07496486539426057, 0.0727009053301552, 0.07105168161670798,
    0.06970056962302845, 0.0684705683151665, 0.060600625067625355,
    0.05716121081343811, 0.05609761816247002, 0.05786680646807603,
    0.054553544614464045
  ],
  "val_losses": [
    0.2709527504832848, 0.25192115358684375, 0.22533837900213574,
    0.22487069795960965, 0.1908909273536309, 0.1960098487527474,
    0.17847580495087997, 0.22811870114958804, 0.17070017301517984,
    0.16347063429977582, 0.15810530535552814, 0.16301161439522452,
    0.16658572625854742, 0.16179987107929977, 0.16241445036038107,
    0.16286426750214203, 0.16214545573229375, 0.1645470964519874,
    0.16293219736088876, 0.16995250692834024, 0.16285644763189813,
    0.17559151027513586, 0.16602883779484293, 0.16631102821101312,
    0.17853471993104272, 0.17178372552861337, 0.1685015047373979,
    0.18011445292960043, 0.1832833876428397, 0.18335446035084518,
    0.1843420672027961
  ],
  "train_ious": [
    0.4046638802442825, 0.4725807841390552, 0.5239419523842525,
    0.5556524023278685, 0.5898006549240025, 0.6206383102074053,
    0.6408626680140909, 0.6527205077202423, 0.6674363836106181,
    0.6825524449240471, 0.696667114947585, 0.7094437310445135,
    0.725626000945551, 0.7349426313910795, 0.7445600519793623,
    0.7581195357809039, 0.7712117054540178, 0.7823660760254095,
    0.7916884280849198, 0.7966090927737347, 0.8076316663536471,
    0.8185211206259936, 0.8238886374494298, 0.8272697616746462,
    0.8303885971722395, 0.8331549340400141, 0.8510387861642282,
    0.8586824337641398, 0.8610171619532766, 0.8573115709899131,
    0.8648118701749951
  ],
  "val_ious": [
    0.4299941726378586, 0.4712092915846819, 0.5342595621511557,
    0.5500643482242805, 0.5958602565570155, 0.6020157389018849,
    0.6249706576699796, 0.5743535579978556, 0.6389966306910998,
    0.6537988447192786, 0.6593766402507175, 0.6553235993437143,
    0.654127283156782, 0.6619705162618473, 0.6637185861666999,
    0.6683590029892714, 0.6725515520227129, 0.6713232305170833,
    0.6681902186162231, 0.6716840990643569, 0.6810650559871094,
    0.6722980204267778, 0.6834629253632781, 0.6768133329308552,
    0.6732515465954074, 0.6824275821015455, 0.6832527712635371,
    0.680184835109158, 0.6821475542973782, 0.6819632688294286,
    0.6765187637529514
  ],
  "training_time": 555.4244322776794,
  "avg_gradient": 0.002172797008202109,
  "memory_usage": 745.21484375
}
