{
  "train_losses": [
    0.3056747297877851, 0.2744914081109607, 0.24820388545808586,
    0.22616708594495835, 0.20577016246059668, 0.19342986000296863,
    0.18241598513787208, 0.1726723298754381, 0.16436274746513885,
    0.15591193678910317, 0.14847009260531352, 0.1421684532871713,
    0.1334794826157715, 0.12815141013782957, 0.12270067215127789,
    0.11461170799220385, 0.10840938790984776, 0.100227785418215,
    0.09383619540249524, 0.09004440409657748, 0.08723263041642697,
    0.0783832765629758, 0.07469272293636332, 0.07334060035645962,
    0.06939405279800943, 0.0674372765681018, 0.06301770009019453,
    0.07174763860909836
  ],
  "val_losses": [
    0.29423348216906836, 0.27282485171504645, 0.25358784490305447,
    0.22020297043997308, 0.20286481082439423, 0.1899157189156698,
    0.18699488529692526, 0.18654976202094037, 0.17715587531742844,
    0.16508246245591537, 0.16361837672150653, 0.1669201659767524,
    0.15551959609855776, 0.15593909034910408, 0.1587773415705432,
    0.1617626907384914, 0.15252686389114545, 0.15194771989532138,
    0.15451552492120993, 0.16739551075126813, 0.16294102791858756,
    0.15524872521991315, 0.1659186992632306, 0.16190358089364093,
    0.18045603030401727, 0.16958386191855307, 0.18650016544953638,
    0.16767422952081845
  ],
  "train_ious": [
    0.3618312405566899, 0.41416162245998384, 0.48917637776205486,
    0.5324528433004585, 0.5688669692347014, 0.5930238208746996,
    0.6124069789775473, 0.6302586332287481, 0.6460451235913716,
    0.6619204443110072, 0.6748242948366248, 0.6869875676929952,
    0.7030043194907296, 0.7130187021001524, 0.7233917572252129,
    0.7386199131715986, 0.7504109077263571, 0.7659908576827984,
    0.7794474123612695, 0.7873714363229448, 0.793015911527302,
    0.8121235039139136, 0.8202162564232731, 0.8230125317754954,
    0.8317949641225997, 0.836189656801846, 0.8457946960908779,
    0.8275876116493476
  ],
  "val_ious": [
    0.39010477627533074, 0.41770106632991344, 0.48386780097000837,
    0.5256995622986469, 0.5734437471930532, 0.595423639036607,
    0.6134413584418918, 0.609057547821515, 0.6180696094381637,
    0.6456951619922249, 0.6463884475870408, 0.6396501269461452,
    0.66622700833756, 0.6673245231310526, 0.6619974726784058,
    0.6578327629013336, 0.6747489964616472, 0.6819823099219281,
    0.6784856885239696, 0.6658077425714852, 0.6795795259700305,
    0.6847403062426524, 0.6813243340322935, 0.6879526614278985,
    0.6799684812625248, 0.6880882177231967, 0.6760746581830841,
    0.6815644107435058
  ],
  "training_time": 501.98667788505554,
  "avg_gradient": 0.004049171225673157,
  "memory_usage": 745.21484375
}
