{
  "train_losses": [
    0.3015376120481802, 0.2696283134915259, 0.253679433270641,
    0.22422220298777457, 0.20274762995541096, 0.18965287984389326,
    0.18000629690030348, 0.17078477670641048, 0.16327054976769115,
    0.15412038657814264, 0.14760154918969973, 0.14145296289707007,
    0.13427415984156338, 0.12753062816741673, 0.12070171332553677,
    0.1171036300694813, 0.10772225038026986, 0.10145875062469555,
    0.09712885040789843, 0.0936936365602457, 0.0877086549754376,
    0.08317447656198688, 0.07764248505396687, 0.07864955634526584,
    0.07114413471730507, 0.07705888719014499
  ],
  "val_losses": [
    0.297647202792375, 0.28207242488861084, 0.24243577180997186,
    0.20593084816051566, 0.1993562145077664, 0.19105120553918506,
    0.18380349226619885, 0.17790621778239374, 0.17450188327094782,
    0.1616120403227599, 0.16154096081205035, 0.15542043389185614,
    0.16570614829011585, 0.1520566111025603, 0.1714314015015312,
    0.15427463712251704, 0.1631423315924147, 0.1570980882515078,
    0.15460864292538684, 0.1656084047711414, 0.1553956205430238,
    0.16052717683107956, 0.16232024700097417, 0.15958041260423866,
    0.1672816705768523, 0.17826154471739478
  ],
  "train_ious": [
    0.37164813182117423, 0.4199688721833424, 0.45631774527806657,
    0.5360695507944279, 0.57542158069386, 0.5996411389846734,
    0.6178205839317777, 0.6347591790600096, 0.6483701575493468,
    0.6652994457146396, 0.6779282427784327, 0.6899854945207852,
    0.7025545369563758, 0.7150183345960535, 0.7273618131336097,
    0.7346111969563409, 0.7522157804257625, 0.7646715496869194,
    0.7733206631264824, 0.7803213457590426, 0.792209035082572,
    0.8016929087647494, 0.8136194461713665, 0.8121902231073029,
    0.8277229217515472, 0.8155891951443496
  ],
  "val_ious": [
    0.3963322952605676, 0.41778593536709313, 0.4805964385361775,
    0.5647748338355534, 0.5849363661330679, 0.5998016572084979,
    0.6194032229807066, 0.6259956927835078, 0.6319855125485985,
    0.6510862293450729, 0.6534303310124769, 0.6653763548187588,
    0.652380231929862, 0.6726867113856302, 0.6513801821763966,
    0.6723627806573673, 0.6613183632708978, 0.6747899604016457,
    0.6813581408797831, 0.6690426181623902, 0.6811460802952449,
    0.6814878710370134, 0.684599079515623, 0.6860931174478668,
    0.6787041978559631, 0.6583177626564882
  ],
  "training_time": 465.7215507030487,
  "avg_gradient": 0.002991952381573887,
  "memory_usage": 745.21484375
}
