{
  "train_losses": [
    0.3088211906344994, 0.27341716396419896, 0.256197079854167,
    0.23685738144685392, 0.21153469521390356, 0.1951643682854331,
    0.18335234406201736, 0.17349338604380254, 0.1634415009099504,
    0.15671842553369378, 0.14953741496023926, 0.14157335326561463,
    0.13403144936360742, 0.13020145382894122, 0.12173094373682271,
    0.1163075380432217, 0.1090772302173402, 0.10499465360265711,
    0.09818136854016263, 0.09061350596501776, 0.08453672816571982,
    0.0791051657465489, 0.08391962973805873, 0.08130589139688274,
    0.07089117922536704, 0.06621511588278024, 0.06351974746212363,
    0.06160917461080396, 0.059647609297510076, 0.0574481832065984,
    0.05631783163255971, 0.05626598810372145, 0.05591526908961975
  ],
  "val_losses": [
    0.3090498415024384, 0.27989443974650424, 0.26124971133211383,
    0.23548226511996725, 0.22203884468130444, 0.20690016027378,
    0.18166684586068857, 0.18090560773144598, 0.16948842127685962,
    0.16071029946855878, 0.16487872989281363, 0.15429847849451978,
    0.15613776218631994, 0.15134927014941754, 0.15341404533904532,
    0.16410320009226384, 0.15553792468879535, 0.15275105963582578,
    0.1551787391628908, 0.15482716683460318, 0.154197809488877,
    0.16158153958942578, 0.15566420960037605, 0.16110144571765608,
    0.16098497548828955, 0.16435710583692012, 0.16989517341489377,
    0.16760437158138855, 0.17016026928373004, 0.1794605112594107,
    0.1848778407210889, 0.1833235336386639, 0.1932019811609517
  ],
  "train_ious": [
    0.3564503959135872, 0.4140269454507778, 0.4429322039893546,
    0.5036203077440896, 0.55852583963154, 0.5889024872980688,
    0.6123579584494018, 0.6305290632273838, 0.6471204060143317,
    0.6592634363450867, 0.6726956133717215, 0.6880382529959299,
    0.7024181397712749, 0.7087589161119601, 0.7247038242285666,
    0.7353951583305991, 0.7490343896375186, 0.7569040498979709,
    0.770053485003502, 0.7857330958156487, 0.798646968236004,
    0.8100980371236801, 0.8004025293217188, 0.8054913009206455,
    0.8278970946220384, 0.838462017584538, 0.844220922692962,
    0.8485748302461446, 0.8529233840712606, 0.8580017926684327,
    0.860775248403999, 0.8608095627548037, 0.8625196511114852
  ],
  "val_ious": [
    0.3588244152673776, 0.4142056910888008, 0.4565082941528248,
    0.5273735012481177, 0.5678007097347924, 0.5741951857572019,
    0.6107682207788246, 0.6126589613116303, 0.635396174978519,
    0.6475541304419007, 0.6494877882625747, 0.666418788657672,
    0.6635141517373099, 0.6717858942954437, 0.6729336298894192,
    0.663961899669274, 0.6791816947684772, 0.6823415635288625,
    0.6758788273386334, 0.6851489818182542, 0.6878200158260869,
    0.6866790613402493, 0.6800886789957683, 0.6834240331166032,
    0.6907300651073455, 0.6880709859340086, 0.686787382416103,
    0.6900558765383734, 0.6919234239536781, 0.686062239866326,
    0.688460514381312, 0.6900542123594146, 0.6558581895154455
  ],
  "training_time": 591.5903332233429,
  "avg_gradient": 0.0041651957393792245,
  "memory_usage": 745.21484375
}
