{
  "train_losses": [
    0.2888723989219769, 0.24507322737380213, 0.22477132495006788,
    0.20884919004595798, 0.19218761668257092, 0.17827079558502074,
    0.16891878365498522, 0.16295864271081012, 0.15509591899488284,
    0.14802417904138565, 0.139581059348648, 0.1366295363430096,
    0.12828059656464535, 0.12286063927509215, 0.11375298099997251,
    0.10606956680345794, 0.10264846500333237, 0.09756619301017212,
    0.09123901334469733, 0.08480590513057035, 0.0833655449602267,
    0.07604453858474026, 0.0734206897854481, 0.06925364942087428,
    0.06531111768487355, 0.06391356140375137, 0.07893381034955382
  ],
  "val_losses": [
    0.26014433056116104, 0.23558504782293155, 0.2578025729112003,
    0.21558251879785373, 0.20348413677319235, 0.18520741618197897,
    0.18262581235688666, 0.1728415103710216, 0.17110837898824527,
    0.17086577447860138, 0.17594934805579807, 0.17223298808802728,
    0.17005994559630103, 0.16991723976705386, 0.18276066171086353,
    0.16137674774812616, 0.1645677473558032, 0.16188657688705818,
    0.1658614488399547, 0.16797554914070212, 0.1687996526775153,
    0.1660088725064112, 0.17526142266781433, 0.16860619316930356,
    0.17209287700445755, 0.18213318385507749, 0.18985503134520157
  ],
  "train_ious": [
    0.3884618428178922, 0.4730111239405892, 0.5291092671130011,
    0.5612032572752323, 0.5960260508986918, 0.6229442913301181,
    0.6393664696294332, 0.651009049752484, 0.6648296329962171,
    0.6776180529184102, 0.6938368316901763, 0.6988443708506182,
    0.7132938768768661, 0.7239099424062434, 0.7405338683098123,
    0.7555659609320371, 0.7621314082348694, 0.771829454093308,
    0.7849309283538142, 0.7985184205615006, 0.8021799559718458,
    0.816843287668366, 0.8235431239008904, 0.8315984999787974,
    0.8406542100120278, 0.8438955104869347, 0.8130232799204364
  ],
  "val_ious": [
    0.4345150579144988, 0.5019584325668603, 0.49523375658453367,
    0.5497202347370163, 0.589252785064172, 0.6108808623275895,
    0.6128637157920478, 0.6337282525888387, 0.6396313242722248,
    0.6382392934267073, 0.6342784444922985, 0.6431157033944475,
    0.6428143181230712, 0.6464743126129758, 0.6333001031391863,
    0.6713591760051422, 0.6687214523553848, 0.6730699932229693,
    0.6732669980197713, 0.6727676281462545, 0.6720027549975159,
    0.6810536162144897, 0.6778043776318647, 0.6817917644545651,
    0.6880198835894681, 0.6764852074177368, 0.6587277838717336
  ],
  "training_time": 486.2210969924927,
  "avg_gradient": 0.002891814923469012,
  "memory_usage": 745.21484375
}
