{
  "train_losses": [
    0.29778041293763596, 0.25458335811677185, 0.23448434820317704,
    0.2169525225687286, 0.19896112269033556, 0.1823617219115081,
    0.17231193516889345, 0.163770891726017, 0.15333050189782743,
    0.1457088875948735, 0.14064542835821275, 0.1334158442914486,
    0.12782005860429743, 0.12253431230783463, 0.11596891794191755,
    0.11140043839164403, 0.10514512500199287, 0.10108177890272244,
    0.09134108366687661, 0.08650599735910477, 0.08152234983509002,
    0.07852981267901867, 0.07495818471374072, 0.06993176298135001,
    0.06492775611822373, 0.07156088361111672
  ],
  "val_losses": [
    0.3015386177145917, 0.26589833135190216, 0.239474613705407,
    0.22808411652627197, 0.206356859077578, 0.1851104844523513,
    0.19649293435656506, 0.17459859310284906, 0.1811792332193126,
    0.17031360288029132, 0.16315521429414334, 0.15924461995777878,
    0.15515249999968903, 0.16127430939156076, 0.15237225187213524,
    0.16171421790900437, 0.15192915936527046, 0.15618600777309874,
    0.1553545646045519, 0.160296729563371, 0.1618358637003795,
    0.16719306940617767, 0.17353630810976028, 0.1684403905402059,
    0.16467348113656044, 0.18250212980353314
  ],
  "train_ious": [
    0.372118749033162, 0.44679521004081196, 0.5095571016865795,
    0.5516832146145731, 0.5840617228515338, 0.6144361340751251,
    0.6319283761515997, 0.6486222275627263, 0.6664546243846416,
    0.6808556006222529, 0.691170834544776, 0.7045275149462016,
    0.7142481951825862, 0.7251187385316339, 0.7366338880273745,
    0.7456918979144613, 0.7574028238870095, 0.7655780264648837,
    0.7850575394712497, 0.7949367576967113, 0.8052736392271692,
    0.8113175333626031, 0.8194782142189965, 0.8300223920656289,
    0.8411631772051686, 0.8275896361556605
  ],
  "val_ious": [
    0.38445917182210565, 0.4712882018175679, 0.5116512196651403,
    0.5414431955719339, 0.5754080219329267, 0.602885279642499,
    0.592503597770912, 0.632132660003676, 0.6144720066500744,
    0.6383385040621827, 0.6552543415539507, 0.6598966035290041,
    0.6679931915756585, 0.6611865691948628, 0.6742975202159606,
    0.6605704683756484, 0.6813176313172216, 0.6788229037454164,
    0.6871562332346819, 0.684454861758412, 0.6844473720892615,
    0.6809198890907179, 0.6749617917382199, 0.6865727879862855,
    0.6916902149501055, 0.6586822703264762
  ],
  "training_time": 467.9004011154175,
  "avg_gradient": 0.011773308746415396,
  "memory_usage": 745.21484375
}
