{
  "train_losses": [
    0.2874487196297749, 0.24832910793307034, 0.22551463430990343,
    0.2095702932742627, 0.19141877458795256, 0.1773057252816532,
    0.1687697973912177, 0.16099493343221105, 0.1539133676611211,
    0.1454016647261122, 0.142254665898888, 0.13254246496311997,
    0.12854363465600688, 0.11733683235133471, 0.11409431736430396,
    0.10667224779077199, 0.10081535278131133, 0.09741073794177045,
    0.0899131431284806, 0.08426510068871405, 0.08417870877715557,
    0.08202278168629044, 0.07468168688533099, 0.06912251768390769,
    0.06566635478773843, 0.06343919862790601, 0.061484073956861444,
    0.05926126466416146, 0.0576510649052975, 0.05708140970977104,
    0.0541903774820916, 0.052647470496594906, 0.0505882544119073,
    0.049943737705926534, 0.04834512368087535, 0.04684636893722674
  ],
  "val_losses": [
    0.31049501248027966, 0.2565300075904183, 0.22511722730553668,
    0.2172202273555424, 0.19931884239549222, 0.18363331258296967,
    0.18051310758227887, 0.17870712150698123, 0.18759309208911398,
    0.16463417883800424, 0.16593099093955496, 0.1654450831853825,
    0.16522884368896484, 0.16480015995709793, 0.16291168882795,
    0.17150540002014325, 0.16351542945789255, 0.17151046997827032,
    0.16473449037774748, 0.17813796161309534, 0.16749891930300256,
    0.17560663462980933, 0.17443632658409036, 0.17186245127864505,
    0.17479474777760712, 0.1797050866095916, 0.18411346946073615,
    0.18242793951345526, 0.18737762615732526, 0.18484273552894592,
    0.18551659260107123, 0.19858692392058994, 0.20212141424417496,
    0.20274316875830942, 0.19807674152695615, 0.20356749872798505
  ],
  "train_ious": [
    0.3884189167741998, 0.46601669941926577, 0.526887404313986,
    0.5564937115633402, 0.5964850325245357, 0.6242809260021085,
    0.6388973122921537, 0.6531426930881068, 0.6661541798300499,
    0.6812749411100923, 0.6871501873044868, 0.7053274483676404,
    0.7123755863395291, 0.7334191049786579, 0.7391908730825657,
    0.7539193103278893, 0.7653641869732436, 0.7722713968892023,
    0.7871098386096784, 0.7988972405268663, 0.79930633176928,
    0.8039345819017155, 0.8194884575795435, 0.8318693907796473,
    0.8397784626138379, 0.8444455548904941, 0.8488420099020004,
    0.8539442885397138, 0.8577231627659524, 0.8588172411141187,
    0.8653945247980136, 0.8691719969113667, 0.8737369446434834,
    0.8749569281935695, 0.878852664992429, 0.8821329282245768
  ],
  "val_ious": [
    0.38132996943549846, 0.47566107185422524, 0.5251005401537904,
    0.5542840963040574, 0.587498774131139, 0.6142431935970333,
    0.6225928564866386, 0.6264636084653329, 0.620341641747433,
    0.650981950155203, 0.6518126520989598, 0.6516834979040036,
    0.6583482426577723, 0.6602407136689061, 0.6654139677251595,
    0.6575832580742631, 0.6723579246064891, 0.6646171372005903,
    0.6784936466078827, 0.6614674997070562, 0.674780131250188,
    0.668559672175974, 0.678072872153227, 0.6799358002085618,
    0.6799845384514851, 0.6826031138931496, 0.6782181308321332,
    0.6830336516318113, 0.682343392700389, 0.6812619888696116,
    0.6812675917062208, 0.6787908208974892, 0.6824534766483998,
    0.6816697269678117, 0.6839122545459996, 0.6824646138626597
  ],
  "training_time": 648.4006221294403,
  "avg_gradient": 0.0021548350079194996,
  "memory_usage": 745.21484375
}
