{
  "train_losses": [
    0.2980128418168296, 0.2619104910156001, 0.2388778783219016,
    0.22344395931324232, 0.213437853138084, 0.19209311197957266,
    0.17911062138560024, 0.16872735726444618, 0.16077959205469358,
    0.15304176412198855, 0.1458561533819074, 0.13838611409554016,
    0.13220993988215923, 0.1234924330011658, 0.11916325577413259,
    0.11181430717039367, 0.10467107670948557, 0.10129570637060248,
    0.09730373606409716, 0.09287275616889415, 0.08365173160058001,
    0.08162101961510337, 0.07475527246361194, 0.07606350284312731,
    0.0725038637528601, 0.065720544864788, 0.06200712473820085,
    0.06026113274223779, 0.05867606790169426, 0.06543799416850442
  ],
  "val_losses": [
    0.2867472100517024, 0.25497842871624493, 0.2419415598978167,
    0.22976183470176614, 0.21230400774789893, 0.1892583888509999,
    0.18424044387496036, 0.18055738832639612, 0.1790340170264244,
    0.167031889376433, 0.1689356800330722, 0.16773490219012552,
    0.16557309015289598, 0.1641522950452307, 0.1571395792390989,
    0.15752771561560425, 0.16500272472267566, 0.16118750559247058,
    0.16977500170469284, 0.165124859822833, 0.15822915781451308,
    0.15965420704173006, 0.17341852868380753, 0.17358473413016484,
    0.1680639863986036, 0.16701860239972238, 0.16376316272046254,
    0.17127176681938378, 0.17630775920722797, 0.17941621334656424
  ],
  "train_ious": [
    0.375909066436812, 0.4301151291672836, 0.4901957166772605,
    0.5330198473445534, 0.5559725085462349, 0.5952614619518102,
    0.6197431502134905, 0.6378219583868118, 0.6522174362579118,
    0.6660127645709378, 0.6801968890147793, 0.6936059307468974,
    0.7056565893732981, 0.7222682126406311, 0.7302183293454027,
    0.7436946061426315, 0.7579177165592926, 0.7642651485360186,
    0.7721640813717805, 0.7814949201824868, 0.8002780117634412,
    0.8047176136270814, 0.8193912566571993, 0.8170999202175417,
    0.8244544057094536, 0.8395110476708065, 0.8476965853917422,
    0.8515395349350531, 0.8553163082055425, 0.8410328605036803
  ],
  "val_ious": [
    0.40858274071976763, 0.4411172294429085, 0.4999415542444458,
    0.5243026943526407, 0.5601216359198958, 0.6054017585904702,
    0.6114653867223988, 0.6226455290680347, 0.6196095291255176,
    0.6466363681399306, 0.6413434562475784, 0.6548087374455686,
    0.6515988396561665, 0.6588315205729524, 0.6667964225230011,
    0.6735391197861104, 0.6661517345818921, 0.6789809737516489,
    0.6595314423675122, 0.6722542758005253, 0.6793840715418691,
    0.6815323788618695, 0.6813698626946711, 0.6698020860768746,
    0.688953549965568, 0.687872235973676, 0.6926498281351036,
    0.6907859336638796, 0.6850986135178717, 0.6667671210092048
  ],
  "training_time": 536.0782141685486,
  "avg_gradient": 0.004241352321800144,
  "memory_usage": 745.21484375
}
