{
  "train_losses": [
    0.30829853094790294, 0.2722549866884947, 0.24913202088488184,
    0.22565031221703344, 0.20792069197024987, 0.19291357445004192,
    0.1830865471907284, 0.17332554616681908, 0.16637109993430582,
    0.15906567758192186, 0.15144577549527521, 0.1450267740646782,
    0.13803364129979973, 0.13236252712490765, 0.12583132266350414,
    0.11888536855416454, 0.11452995669906554, 0.10581347828164049,
    0.1023054660257438, 0.09310343452607808, 0.09481974845023258,
    0.08910023882661176, 0.07831766715516215, 0.07351154516167614,
    0.07111364963423947, 0.06817846982132482, 0.06561607859380868,
    0.06267793043314115, 0.06015913218826703, 0.058473916238416794,
    0.059068653165646225, 0.06040857566277618
  ],
  "val_losses": [
    0.2993738897468733, 0.2645489126443863, 0.24380957853534949,
    0.22218573773684708, 0.2250402427237967, 0.1953812542816867,
    0.18521085089963416, 0.17865241189365802, 0.1806913202871447,
    0.1818067878484726, 0.17432741529267767, 0.16310950984125552,
    0.1696545297037, 0.1625536550646243, 0.16211150457029758,
    0.16329951228007025, 0.16673458853493567, 0.1626067031984744,
    0.16139586172674014, 0.17078264705512836, 0.17932201727576877,
    0.1629922707443652, 0.17121874541044235, 0.18167652934789658,
    0.18279092305380365, 0.175576727675355, 0.1801925052119338,
    0.18522094740815784, 0.18193944737963055, 0.19455824500840643,
    0.18496644982825156, 0.19024170773184818
  ],
  "train_ious": [
    0.35093942871534345, 0.4145887887258218, 0.4718572198756229,
    0.5317493069215101, 0.5649277805958104, 0.5934440178553695,
    0.6109409468059525, 0.6294096545518739, 0.6415484997889268,
    0.6565330223436799, 0.669555653804454, 0.682088448193626, 0.695306057083434,
    0.7054144198047944, 0.7176789481030859, 0.73013481983672,
    0.7392108340518199, 0.7549893971046673, 0.7622967581062212,
    0.7802595842251747, 0.7780621290962766, 0.7885822794143699,
    0.8113247085956552, 0.821506782826306, 0.8269131525919052,
    0.8335621698179105, 0.8390439109525822, 0.8457400183314864,
    0.851292445823766, 0.8551994148587834, 0.8539722262733223,
    0.8516515080911524
  ],
  "val_ious": [
    0.37766164692415705, 0.4305044354304024, 0.50798567276502,
    0.5484913492548295, 0.534954746240291, 0.5828150404968124,
    0.6088123565566711, 0.622536913856216, 0.6189653651005981,
    0.6254517500815183, 0.6300010195244916, 0.6536095187715862,
    0.6434401630059533, 0.6607213411210237, 0.6609852333431661,
    0.6567312297613724, 0.6589982451304144, 0.6671785263047704,
    0.6739308782245802, 0.6576912333999855, 0.6530620956766434,
    0.6809939599555472, 0.6775535152874135, 0.6721777861964875,
    0.6771161741968513, 0.6752816838198814, 0.6764653571273969,
    0.6770075972097508, 0.6814941889134007, 0.6758649120296258,
    0.6792513233596003, 0.6686565495919491
  ],
  "training_time": 575.5302913188934,
  "avg_gradient": 0.002362471396454085,
  "memory_usage": 745.21484375
}
