{
  "train_losses": [
    0.3014321306153484, 0.2596454000019509, 0.23743074209145879,
    0.21946898256631, 0.19915474513950554, 0.18502782220425812,
    0.17481839049445547, 0.16431498786677484, 0.15655613338331814,
    0.14900379235167865, 0.1430334764249299, 0.13751410000512135,
    0.1309415949103625, 0.12157040332322536, 0.11852328139154808,
    0.11045358419094396, 0.10643478924327571, 0.10329278372228146,
    0.09555112744641045, 0.08744028692498156, 0.08801912245057199,
    0.08255336721144292, 0.0743873412720859, 0.07456722798878732,
    0.06833866548360042, 0.06705180683132747, 0.06302968299259311,
    0.06081022613722345, 0.05857219623968653, 0.05651844274657576,
    0.05507003082691327, 0.0536286277372552
  ],
  "val_losses": [
    0.28313816306383716, 0.2607960704228152, 0.2418969506802766,
    0.21615313609009204, 0.21019836385612903, 0.19306938317806824,
    0.18712452086417572, 0.1812408576193063, 0.19165934427924777,
    0.16907048063433688, 0.16396581478740857, 0.16854440906773444,
    0.15607830558134161, 0.15898242754780728, 0.16597135867113652,
    0.17369698441546896, 0.1638398486311021, 0.1663714252088381,
    0.16027377869771875, 0.16310590991507407, 0.1717500840516194,
    0.17367656140223794, 0.16638679770023926, 0.17054041863783545,
    0.170451483324818, 0.16914087501556976, 0.17292470290609027,
    0.17750292708692345, 0.18145204562207926, 0.1839332829998887,
    0.18622258402731107, 0.22012710603682892
  ],
  "train_ious": [
    0.3692740161351285, 0.43655628062762614, 0.49220058107006254,
    0.5352623400048929, 0.5808380039381809, 0.6090311440436738,
    0.628090682237045, 0.6470876343656279, 0.6607733254415404,
    0.6750183483936649, 0.6858297219310983, 0.6960322609630185,
    0.7090338633760161, 0.7261712920406589, 0.7317294853105062,
    0.747484852438388, 0.7553687240334522, 0.7616115277228147,
    0.7760967844422312, 0.7929912944850713, 0.7919904289470203,
    0.8035064694890078, 0.8206061855822375, 0.820217268838399,
    0.8338303447201636, 0.8368403541221139, 0.8454704899070918,
    0.8503947544141093, 0.8555880110116969, 0.8601999168378726,
    0.863496974542521, 0.8669692393446319
  ],
  "val_ious": [
    0.4094514343617619, 0.4420037914904346, 0.500634803450194,
    0.5274544727003228, 0.5750233946719032, 0.5866310205580532,
    0.6071567816146907, 0.6200038797181586, 0.6093472402164902,
    0.643955807970918, 0.6487199633881666, 0.6434605547051501,
    0.6646931968305421, 0.6637246496435525, 0.6550927451555281,
    0.6421411991983222, 0.6655056344858113, 0.6654865337886673,
    0.6723174640665884, 0.6776466825302097, 0.6613830852767696,
    0.6707822686952095, 0.6791369966838673, 0.6797708981279014,
    0.678605827084486, 0.6812469259552335, 0.6803500229033869,
    0.6815320223137953, 0.6800719868877659, 0.6810158318367556,
    0.6812211080737736, 0.6620059456082359
  ],
  "training_time": 577.6461517810822,
  "avg_gradient": 0.0066524408924474,
  "memory_usage": 745.21484375
}
