{
  "train_losses": [
    0.31139685245959653, 0.28763542907393497, 0.2654293535034294,
    0.23877243875809337, 0.2179239367985207, 0.20084481087067854,
    0.1875717103805231, 0.17668305669465792, 0.16892466345882934,
    0.16253439187193694, 0.1533260096836349, 0.14667199462976144,
    0.1402933850236561, 0.1333594413717156, 0.12834213313687107,
    0.1204499044334111, 0.11380608262413222, 0.10794685732411302,
    0.10300791789980038, 0.09854752392224643, 0.09431448801542106,
    0.08911668177208175, 0.08156296537946099, 0.07964927727437537
  ],
  "val_losses": [
    0.2972618438627409, 0.2834093622539354, 0.2656975916546324,
    0.23136815655490625, 0.21551634760006613, 0.20841690800760104,
    0.19919226836899054, 0.1817553276601045, 0.1754110099180885,
    0.17892156735710477, 0.1814208662380343, 0.16927789151668549,
    0.16602193402207416, 0.16633805438228275, 0.16030841466525328,
    0.1638545338874278, 0.16975928745839908, 0.16861635689502177,
    0.16483728749596555, 0.16759816152246101, 0.16456895078653874,
    0.16697177290916443, 0.15829589088325915, 0.21362404395704684
  ],
  "train_ious": [
    0.3502902881926248, 0.39076318592840137, 0.4361090824194157,
    0.5049795695729015, 0.5457447796412135, 0.5783155029504626,
    0.603565618503785, 0.6226099660431129, 0.6376036293804647,
    0.6495111220232819, 0.6664452301203339, 0.6778418092947941,
    0.6902185157481311, 0.7028085480889544, 0.7123385263957841,
    0.7274541989832682, 0.7397502484744873, 0.7507014823672563,
    0.7607750682079277, 0.7698779755636401, 0.7776733548312947,
    0.7886135734725687, 0.8042191060772843, 0.8088711095244987
  ],
  "val_ious": [
    0.3725737722023673, 0.402752941933231, 0.46843961820654256,
    0.5246450737982559, 0.5547903045148088, 0.5699315567811329,
    0.5874443223726923, 0.6167847408332687, 0.629769610537999,
    0.6240635423556619, 0.6217154443695927, 0.6415728416995725,
    0.6542725455069887, 0.6509632131327754, 0.6597431498593178,
    0.6631376371867416, 0.6523360022600148, 0.6620974570944689,
    0.667566509998363, 0.6689975006856779, 0.6692820329597031,
    0.6764477504336316, 0.6836852787629418, 0.6348781160254409
  ],
  "training_time": 430.7627329826355,
  "avg_gradient": 0.004162222373981194,
  "memory_usage": 745.21484375
}
