{
  "train_losses": [
    0.30190843619082286, 0.26088258170563244, 0.2401573695242405,
    0.22381819420210694, 0.21073791206530904, 0.1965830662166295,
    0.18195468203529067, 0.17012210149803889, 0.16132121031051097,
    0.15202820317252821, 0.14474082333238228, 0.13647396178187235,
    0.12908348728619193, 0.12290631943260846, 0.11550935212036838,
    0.10777733017407033, 0.10454886042229507, 0.09474850733481023,
    0.0897214996183048, 0.08166659356135389, 0.07828794444060844,
    0.07327155610951393, 0.07440987336651786
  ],
  "val_losses": [
    0.2808233535160189, 0.2395990176693253, 0.2408674164958622,
    0.21739602833986282, 0.21159616501434989, 0.19542530664931174,
    0.176654607705448, 0.1749320506401684, 0.16504875278991202,
    0.1793144523449566, 0.1563263898310454, 0.1567210775354634,
    0.15904348116853964, 0.15534563119644704, 0.1543424424269925,
    0.1609824837549873, 0.15435280780429425, 0.15908075755705003,
    0.1559697321575621, 0.15898581335078116, 0.1620791439452897,
    0.16116875863593558, 0.2019035715771758
  ],
  "train_ious": [
    0.36394141895789284, 0.43007096615278706, 0.48292869034042063,
    0.5290684322489126, 0.5601835088345449, 0.5872194612857656,
    0.6149803979889209, 0.636720368233712, 0.6518804523284021,
    0.6677944026347521, 0.6834180156929769, 0.6977280200175617,
    0.7117996498186517, 0.7224941005309427, 0.7371555407518061,
    0.7517365623211517, 0.7576960435380111, 0.7770964734904142,
    0.7881922667333177, 0.804446746527717, 0.81170701570269, 0.8228673134808951,
    0.8214521376227127
  ],
  "val_ious": [
    0.4160034922154053, 0.47451791199653043, 0.5030090767836226,
    0.5428501870753109, 0.5644592033780139, 0.5970545784718749,
    0.6291609112767204, 0.6321879988131315, 0.6449767793866171,
    0.6267123781684518, 0.6610817196576492, 0.6652058319769044,
    0.6596452269865121, 0.6694525856038797, 0.6741396035405172,
    0.6684878196405327, 0.6764113849055942, 0.683961953373923,
    0.6819578333609347, 0.6831012910258945, 0.6846252323492714,
    0.6878949695307276, 0.6135640463967253
  ],
  "training_time": 414.74834513664246,
  "avg_gradient": 0.010811279349673224,
  "memory_usage": 745.21484375
}
