{
  "train_losses": [
    0.29798322543501854, 0.2565739372664172, 0.2318541324980881,
    0.21081001441115918, 0.19495185958626476, 0.1836024147822805,
    0.1717980162281057, 0.1633404216364674, 0.15423978889442008,
    0.14781293613107307, 0.14059623423963785, 0.1324131580312615,
    0.1258926830942864, 0.1194111189359556, 0.11506015285039725,
    0.10581021201189446, 0.10312856928161952, 0.09352485446826271,
    0.08672516602698875, 0.08291625551393499, 0.07728319671814857,
    0.07211483555400501, 0.06855661539441865, 0.07122430940280142,
    0.06578413079209301, 0.0603488865510925, 0.0570989101720245,
    0.06291458988562226, 0.056350700354770474, 0.051595053635537624,
    0.04920378211966675, 0.06325334628396061
  ],
  "val_losses": [
    0.3459554126729136, 0.24739194078289944, 0.22254955088314804,
    0.2069873683478521, 0.1977587125223616, 0.18064180275668268,
    0.17614209587159363, 0.18479977321365607, 0.16595551501149716,
    0.16602310927017874, 0.1617914528950401, 0.1678968143203984,
    0.15805194300153982, 0.15947224685679312, 0.15680254558506218,
    0.15798784322712733, 0.15758545858704526, 0.15754803545449092,
    0.16101103940087816, 0.17746480165616327, 0.1747980133994766,
    0.17452387155398078, 0.1649631893505221, 0.1702779155710469,
    0.1693888964212459, 0.17647052637260893, 0.17726851643427557,
    0.1808357782985853, 0.17664170265197754, 0.1820928720028504,
    0.18657687014859656, 0.1919449878775555
  ],
  "train_ious": [
    0.37466361475258775, 0.44439386759508576, 0.5131646031716268,
    0.5595494838350493, 0.590157717925267, 0.6099526441345612,
    0.6326965845149498, 0.6492827682067518, 0.6662238458360449,
    0.6773675582439137, 0.6900678506471972, 0.7052655884105227,
    0.7167621690617957, 0.729464324218207, 0.7378990098402123,
    0.7550612372764639, 0.7607095399736492, 0.7799165862194002,
    0.7938019249426282, 0.8014969972596653, 0.8137423374514647,
    0.8247900668909582, 0.8329457420369853, 0.8272610827200653,
    0.8389478515887603, 0.8509739903004274, 0.8585093331293783,
    0.8460155944677368, 0.8602481798633285, 0.8710859059423639,
    0.8763939035327541, 0.8467414983804681
  ],
  "val_ious": [
    0.3868250075889671, 0.4764852746241333, 0.540631641080414,
    0.5683818349371786, 0.5940813760178676, 0.6153924587196197,
    0.6279852128979091, 0.6193268597126006, 0.6472120544184807,
    0.6483469056910361, 0.6535982165647589, 0.6500732868477919,
    0.6632450039404028, 0.6636304902857628, 0.6681578960539639,
    0.6714564894420514, 0.675104372959206, 0.6764578560124272,
    0.6823958326940952, 0.6689925807109779, 0.6718150038218154,
    0.6815699617499892, 0.6828444310720415, 0.6814786359883739,
    0.6854165058205092, 0.6830239898484688, 0.689135883813319,
    0.681896700159363, 0.683513253927231, 0.6884386221999707,
    0.6860956845508105, 0.656555816099264
  ],
  "training_time": 575.72283244133,
  "avg_gradient": 0.0034724641447560016,
  "memory_usage": 745.21484375
}
