{
  "train_losses": [
    0.3088821875660316, 0.2787650677011065, 0.2569650791423476,
    0.23501539125066737, 0.2139925044029951, 0.20015867686142091,
    0.18497774936258793, 0.17523054900052754, 0.16510056028061587,
    0.15764424463976984, 0.14884269330650568, 0.14276155185602282,
    0.13589411613571903, 0.13088292203357685, 0.12315790796571452,
    0.11724679115349831, 0.11093603398488916, 0.10519061298312052,
    0.09577753678288149, 0.09326008322608212, 0.08946582877441593,
    0.0829580090130153, 0.08156224862550912, 0.07428734713112531,
    0.06904409489715876, 0.06636365122445252, 0.06397210893666615,
    0.06451202657721612, 0.061149901669958366, 0.05734928851218327,
    0.05490021610065647, 0.05919891405526711
  ],
  "val_losses": [
    0.29004126139309094, 0.2960842232341352, 0.25170194746359537,
    0.22921890830216202, 0.218402789014837, 0.1989594195847926,
    0.20263160408838934, 0.17922838615334552, 0.20852035931918933,
    0.17203655417846597, 0.1677487058484036, 0.16225698298734167,
    0.16972705171160077, 0.17633668883987094, 0.1573294925948848,
    0.17214292125857394, 0.1599881866055986, 0.17280572231697,
    0.1636994403341542, 0.16130834105222122, 0.16704946950725888,
    0.16475909527229227, 0.1677369501279748, 0.1689855456352234,
    0.1677809441867082, 0.18295032304266226, 0.18858226550662,
    0.18382783298907074, 0.18135298011095627, 0.18781393766403198,
    0.1887187633825385, 0.19661504937254864
  ],
  "train_ious": [
    0.3544638094147334, 0.4044129577451857, 0.44795320759066515,
    0.5114960083063099, 0.5531140776971974, 0.5782782463491827,
    0.6066613608458337, 0.6250831676997991, 0.6442210356556424,
    0.65772964924142, 0.6737472305371276, 0.684789310654868, 0.6984454563994337,
    0.7077001254411711, 0.7219387352250624, 0.7327767638624579,
    0.7460272728964903, 0.7564372449465423, 0.7750041993955772,
    0.7802585207357786, 0.7882362687285394, 0.801564147236986,
    0.8048859158719791, 0.8203320931913199, 0.8318682937086487,
    0.8377523484869279, 0.8429109088104704, 0.8418305773234019,
    0.8494701891921571, 0.8579574724038447, 0.8635825796619706,
    0.8542711339567013
  ],
  "val_ious": [
    0.3908335540605627, 0.41211164818293794, 0.4733289073126904,
    0.5378218996136085, 0.5444705395594888, 0.5782303471064221,
    0.595251224503137, 0.6251659948324813, 0.5919096639406853,
    0.641848258782124, 0.6462853205376775, 0.6553782624179039,
    0.6515157998040103, 0.6427250206470488, 0.6682664143002551,
    0.6519349679566809, 0.6674269882665164, 0.6625743545051935,
    0.6784111632817034, 0.6785604223824929, 0.6711690343808436,
    0.6803939875917158, 0.6762336853189743, 0.6861291268597479,
    0.6869125955778621, 0.6743516058161639, 0.6785416389289111,
    0.6788975777833359, 0.6833718585363334, 0.6838474383820655,
    0.6854588719813721, 0.6616225283646929
  ],
  "training_time": 574.2214605808258,
  "avg_gradient": 0.009324043526209096,
  "memory_usage": 745.21484375
}
