{
  "train_losses": [
    0.3080034108589525, 0.274872071231189, 0.24312126952344956,
    0.22041022129680798, 0.20372593410961007, 0.19035436294001082,
    0.17863530204024003, 0.16945016967213672, 0.16075502117366894,
    0.15550615747823662, 0.14685365691295135, 0.1416947561842592,
    0.13569076383567374, 0.12730045426312997, 0.12112881712939429,
    0.11740390215392994, 0.10836898547637722, 0.10169300489613543,
    0.09934159603131854, 0.0960157242320154, 0.08536703819813936,
    0.08051620476433764, 0.07571651895894953, 0.07286575088358443,
    0.07144319671003715, 0.07230825268703958, 0.07353854084225453,
    0.06263764832249802, 0.05918601080370338
  ],
  "val_losses": [
    0.28612178369708685, 0.2598152533173561, 0.2691918475472409,
    0.21980940356202747, 0.20096110682124677, 0.19151640067929807,
    0.18251166103974634, 0.17654582760904147, 0.17225637934778049,
    0.17302303923212964, 0.17183185514548552, 0.1695947328015514,
    0.16163054432557977, 0.1672700316361759, 0.17077929915293402,
    0.1606774139015571, 0.15296791769240214, 0.18030915085388266,
    0.16269515033649362, 0.15848917870417886, 0.16153365082066992,
    0.16170262917876244, 0.16947481360124506, 0.17026377469301224,
    0.16464885939722476, 0.18857182853895685, 0.1688513640800248,
    0.17618398562721585, 0.19791715494964435
  ],
  "train_ious": [
    0.35514110409667426, 0.4116183924720315, 0.4932962115145411,
    0.5415145603103052, 0.5724226478487252, 0.5984844314339369,
    0.6191170900196269, 0.6363847242749253, 0.6531162420692649,
    0.6626331900664858, 0.6783955668949561, 0.6883180237010766,
    0.6996228248960729, 0.7150018770193709, 0.7273886916969997,
    0.7339848836047063, 0.7509475254278254, 0.7637428306583046,
    0.7688927361606686, 0.7757021826354493, 0.7968818495670951,
    0.8072664643759316, 0.8176532619889225, 0.8239636398527936,
    0.8269848105484161, 0.8255098296896269, 0.823051087342311,
    0.8467974603392081, 0.8547366475281511
  ],
  "val_ious": [
    0.39686209524887195, 0.4388056702817372, 0.4742326415211395,
    0.5478532551855281, 0.5809609797121822, 0.5936228987099468,
    0.618514302308145, 0.6232496538887853, 0.6340667212354966,
    0.6312758780044057, 0.6349558670451676, 0.6477067526699841,
    0.6567303026499954, 0.6474342119434604, 0.6492513994807783,
    0.6603774763103843, 0.6786244505125544, 0.6447703287653302,
    0.6666622392941213, 0.6772487699121669, 0.6774713787911595,
    0.6823632719292155, 0.6790120707473893, 0.679509378645731,
    0.6820823722991392, 0.6613558422828067, 0.6859325511731963,
    0.6873666959396307, 0.6659952587839484
  ],
  "training_time": 521.5867807865143,
  "avg_gradient": 0.007709296778345336,
  "memory_usage": 745.21484375
}
