{
  "train_losses": [
    0.2985593987547833, 0.26465357151692326, 0.24236459900503574,
    0.22347172025753104, 0.20348543892412083, 0.18856821630312048,
    0.17814064236438792, 0.16841729293050972, 0.1595881668769795,
    0.15239696301843808, 0.1457375320808395, 0.1398580912095697,
    0.13232802745440733, 0.12740101908212123, 0.1212699091385888,
    0.11275232644022806, 0.10912891436854134, 0.10038663621020058,
    0.09546665081997281, 0.09252793078675219, 0.08607916392223991,
    0.07861327898243199, 0.07325064623728395, 0.07027553637390552,
    0.06895922464521034, 0.06595432217759283, 0.0615895871558915,
    0.059022851592010775, 0.07184059537299302, 0.06030581047272553,
    0.054745103313547115, 0.05125543469077219, 0.049785148757307426
  ],
  "val_losses": [
    0.30335158368815546, 0.2568832435037779, 0.23348840293676956,
    0.21051413889812387, 0.1936460153564163, 0.22634519118329752,
    0.18429690210715585, 0.17311281678469284, 0.17658313460971997,
    0.15894366768391235, 0.1631785984272542, 0.1687831791198772,
    0.15609909205333047, 0.152452832168859, 0.15028982820070308,
    0.15366321704957797, 0.1585539409323879, 0.15385383270356967,
    0.1626362398914669, 0.1706012118121852, 0.1588932314644689,
    0.16091700319362723, 0.159547772096551, 0.16500202355825383,
    0.1673599002153977, 0.16936573467176894, 0.1683240458369255,
    0.1799212030094603, 0.16865715999966083, 0.1750268259126207,
    0.17226033009912656, 0.1775122440379599, 0.1831020246381345
  ],
  "train_ious": [
    0.3765118344101634, 0.42536556663682623, 0.4824344219698526,
    0.5286728839619436, 0.5725788602848414, 0.6009189571807351,
    0.6207325398058134, 0.6373750327181986, 0.6540422758654407,
    0.6678504095129348, 0.6797955206770833, 0.6909688679852347,
    0.7056318332535636, 0.7143397393325965, 0.725297461061374,
    0.7424519748791404, 0.748839707316264, 0.7657546768153922,
    0.7760576409274252, 0.7820622617567797, 0.7949093804303289,
    0.8110759722581816, 0.8225454607087628, 0.8291472519437475,
    0.832067675024703, 0.8386368547444757, 0.8483411664332168,
    0.8542786284849259, 0.8268246729520786, 0.851251082359881,
    0.8638785097046167, 0.8718021305790846, 0.8752357010608133
  ],
  "val_ious": [
    0.3889111267483752, 0.43629304930042656, 0.5031365480111993,
    0.5453856562034807, 0.5884524977941442, 0.5464985461338706,
    0.6218854106854703, 0.6329699045290118, 0.6282975168331809,
    0.6630763487107512, 0.6519594589869181, 0.6478642052498416,
    0.6667703275663266, 0.6761774310599202, 0.6828992651856465,
    0.6801823027755901, 0.6772760664639268, 0.6828587528156198,
    0.6694358388582863, 0.6704424414513769, 0.6888185264407726,
    0.6889504192100054, 0.6938631864993469, 0.6952628817247307,
    0.6939027510259463, 0.6935402763926463, 0.6982388412174971,
    0.6888053749782453, 0.6841441837773806, 0.6954501597345738,
    0.6977926639543065, 0.6983277715634608, 0.6924656206283016
  ],
  "training_time": 592.4708499908447,
  "avg_gradient": 0.001944921617727684,
  "memory_usage": 745.21484375
}
