{
  "train_losses": [
    0.2970067742888046, 0.2549020717649356, 0.23485401693893515,
    0.2135963883736859, 0.19322057125037131, 0.18123975452845512,
    0.16914221150395664, 0.1597849308796551, 0.15259148800016745,
    0.14661744249093792, 0.13793810995538597, 0.13372634586108767,
    0.12537681396402742, 0.11796430449770845, 0.11097333746273881,
    0.10597696827481622, 0.10343265440315008, 0.09373517030769069,
    0.09031785166134006, 0.08187844584007627, 0.07773943698924521,
    0.07385134186757647, 0.07516907890448751, 0.07893186868370874,
    0.06598259057120784, 0.06081447576213142, 0.0583606644169144,
    0.058671126223128776
  ],
  "val_losses": [
    0.32719015038531757, 0.2908032993259637, 0.23704317050135654,
    0.21186430460732916, 0.19675424695014954, 0.1921514032975487,
    0.20346798099901364, 0.2103600796798001, 0.17137478291988373,
    0.17114954474179642, 0.16121737529402194, 0.1601512228017268,
    0.16139881636785425, 0.15978241355522818, 0.1647380375019882,
    0.1759284543602363, 0.1606765319795712, 0.1732648400508839,
    0.16225483770603719, 0.17652972398892694, 0.16776595750580664,
    0.17312537894948668, 0.18045607112024142, 0.1755384122547896,
    0.17279468768316766, 0.1749449446797371, 0.18179388214712558,
    0.22220546136731686
  ],
  "train_ious": [
    0.37565380765145284, 0.44567402046110777, 0.4979401058483654,
    0.5524339948551377, 0.5924088421777107, 0.6160167481858232,
    0.6367732827970084, 0.6536721728094244, 0.6663940507864606,
    0.6786559801818669, 0.6948068424843361, 0.702441370249658,
    0.7181388837811739, 0.7322878275012622, 0.7454995142053, 0.755588361804468,
    0.7600813959927663, 0.7798178464822143, 0.7863051639734837,
    0.8042718650422234, 0.813004379147205, 0.821225121833276,
    0.8192758846326151, 0.8111585612962204, 0.8386895353163502,
    0.8503704816102985, 0.8558873170311897, 0.8556740252652032
  ],
  "val_ious": [
    0.40845641376153496, 0.42806827748680243, 0.5058031383955826,
    0.5646538643733314, 0.5944910241641859, 0.5977446909831917,
    0.5834913928655611, 0.5730852741694105, 0.6349795173475707,
    0.6436602695696595, 0.6565655431021814, 0.6617523077605428,
    0.6624898063963738, 0.6653997962889463, 0.6608143643192623,
    0.6553247225457344, 0.6751660715410673, 0.6593807430370995,
    0.6808849022440289, 0.6658904235000196, 0.6777754957261292,
    0.6819974307132803, 0.6663069265044254, 0.6735644623421241,
    0.6868017438961113, 0.6865572925063145, 0.6855562499899795,
    0.6446816780860875
  ],
  "training_time": 502.68297147750854,
  "avg_gradient": 0.008812518719288377,
  "memory_usage": 745.21484375
}
