{
  "train_losses": [
    0.3063927062827608, 0.26492135170037334, 0.23998390753632007,
    0.21236267532019512, 0.19304308198068454, 0.18130198250646176,
    0.16884053522801917, 0.16151108617044013, 0.1537351228458726,
    0.14592544131142937, 0.14013449491366095, 0.1352834769970049,
    0.12683966525060975, 0.12078279159639192, 0.1131028551608324,
    0.1071885759010911, 0.10232876176419466, 0.10053945648605409,
    0.08981481283579183, 0.0917556387088869, 0.07908598669683156,
    0.07418233306025682, 0.07147244054257222, 0.06852164469740313,
    0.065347153895899, 0.062644739392335, 0.0609090459006636
  ],
  "val_losses": [
    0.28460078978020215, 0.2538397794832354, 0.22814577234827954,
    0.27949225578619086, 0.18876209660716678, 0.19471969034360803,
    0.17582524697417798, 0.17206525575855505, 0.18031171676905258,
    0.16826021152993906, 0.15703369336931602, 0.1646864903361901,
    0.16060540598371756, 0.1616081653729729, 0.15730239888248237,
    0.15991123943873073, 0.1634147445792737, 0.17131534445544946,
    0.18299669448448264, 0.1640763483617617, 0.167914985962536,
    0.16926137455131696, 0.1738714896466421, 0.16728952608030775,
    0.17317047812368558, 0.1759115975836049, 0.17989397113737854
  ],
  "train_ious": [
    0.3576033267117041, 0.4274920165690094, 0.48985054646618664,
    0.5559341316043901, 0.5924485027520123, 0.6153715084968266,
    0.6371825490200864, 0.6504735273403532, 0.6644480477316655,
    0.679487958010556, 0.68978586199059, 0.6999223161542764, 0.7150109984196615,
    0.7270360985851806, 0.7412449969653635, 0.7528008267391418,
    0.7626575598142284, 0.766596316157476, 0.7878083959761735,
    0.7843872654265255, 0.8100030745069183, 0.8202655917924379,
    0.826171758598176, 0.8328292260783302, 0.8399628460191295,
    0.8461156402161158, 0.8501049306081689
  ],
  "val_ious": [
    0.39910461505254113, 0.45146764517910243, 0.5264696891325107,
    0.475956969179105, 0.6058750625537792, 0.6009537461011307,
    0.6280161960833316, 0.6389631514531979, 0.6242076676824818,
    0.6453204966973567, 0.6623919286589693, 0.6536920020977655,
    0.6616734326749608, 0.6679209935060444, 0.6718192357515944,
    0.6727571770332861, 0.6769948394402214, 0.6586674672106038,
    0.6480287497026334, 0.6797551115353903, 0.6822352687949718,
    0.6794106251951577, 0.6784340020107187, 0.685637607090715,
    0.6794818035070447, 0.6847886583511379, 0.6762310881977494
  ],
  "training_time": 483.8179156780243,
  "avg_gradient": 0.003248156548357631,
  "memory_usage": 745.21484375
}
