{
  "train_losses": [
    0.29783947409495065, 0.2639551532009374, 0.24516967854098135,
    0.22696018899264542, 0.20971995098111423, 0.19105216099516206,
    0.17809902099163635, 0.16945565500013207, 0.16027151104872642,
    0.154185580332642, 0.1444161442796821, 0.13900052719628034,
    0.13295485868888057, 0.12786724859767634, 0.12109969046128832,
    0.11432573037303012, 0.10725851855038301, 0.10216241690289715,
    0.09877096804911675, 0.09507561782779901, 0.08764428815439991,
    0.08183130091461151, 0.08740703595559234, 0.07817698861269848,
    0.07066726694693384, 0.0665630858351031, 0.06295127233328379,
    0.0648571029710381
  ],
  "val_losses": [
    0.283944097550019, 0.28729858508576517, 0.2455442716246066,
    0.22401631947444833, 0.20141074838845627, 0.19562346941750983,
    0.17679971748072168, 0.17637024722669437, 0.17103311225124027,
    0.15787534869235495, 0.15392797197336736, 0.15893449051224667,
    0.15403186772828517, 0.17040262824815253, 0.15976048390502515,
    0.15009830098437227, 0.14745054555975873, 0.1519196995574495,
    0.15694571059683096, 0.1516115885713826, 0.1551603465948416,
    0.17098157577540563, 0.16022023283269093, 0.15722155878725258,
    0.1593667090586994, 0.16486892525268637, 0.16391116137737813,
    0.1788670015723809
  ],
  "train_ious": [
    0.3770843991196539, 0.42643299814966185, 0.46229152906085885,
    0.5156230907954711, 0.5600564764353677, 0.5976111365185269,
    0.6211098253834939, 0.6375543794770172, 0.6531710802320984,
    0.6657364337124687, 0.6832981612803284, 0.6929504114972509,
    0.7043365594269572, 0.7141268349428107, 0.7266689651254289,
    0.7390262844661869, 0.7530445594178592, 0.7631565332412721,
    0.7697066270030931, 0.7766892076942367, 0.7922317212906433,
    0.8045318406345194, 0.7930813003601365, 0.812000658525072,
    0.8282889405238458, 0.8372695304561354, 0.8454285796353784,
    0.841410923695219
  ],
  "val_ious": [
    0.3948970050483509, 0.4152398664117083, 0.48059667398532235,
    0.5371107064943381, 0.5799907403795617, 0.6000388704132343,
    0.6250401178131932, 0.631767985181532, 0.643775296168051,
    0.6619515790455582, 0.6680811578812805, 0.6611106615999472,
    0.6714618164991987, 0.6502663871084434, 0.6634735056887502,
    0.6816823227681976, 0.6876927748106527, 0.6846068311428678,
    0.6786601197892342, 0.6845297301593033, 0.6882338655599649,
    0.677969130700913, 0.6815336109071537, 0.6927570307600327,
    0.6961403938307279, 0.696809362890064, 0.694809299448262, 0.6785672624473985
  ],
  "training_time": 504.1953372955322,
  "avg_gradient": 0.0033704096823817956,
  "memory_usage": 745.21484375
}
