{
  "train_losses": [
    0.28918894963419955, 0.2515137522764828, 0.23011744459686073,
    0.21280959216148956, 0.19482717727837356, 0.18363883759340513,
    0.17099713072504685, 0.16124582136778728, 0.15405803679934013,
    0.14721428574589285, 0.14047169588182284, 0.13146238652584347,
    0.12603027450487667, 0.12223415935169095, 0.11439029111162476,
    0.10833803843706846, 0.1008114118290984, 0.1018341388553381,
    0.09082802453928668, 0.08725335315355788, 0.0794410441759164,
    0.07802913503964311, 0.0769380006696219, 0.06858858350745362,
    0.06535516711680786, 0.0620833249438716, 0.06949623030326936
  ],
  "val_losses": [
    0.2859286584931871, 0.26350552102793817, 0.22897382598856222,
    0.22797771737627362, 0.2026471055072287, 0.17556045139613358,
    0.17197241504555164, 0.1743797643677048, 0.16422332499338232,
    0.1658242720624675, 0.15556526896746262, 0.15739408443155495,
    0.15295242550580398, 0.15577863869459732, 0.16290607918863712,
    0.1511214809573215, 0.15138190012911093, 0.15314993667213814,
    0.1530302578340406, 0.15505363614014958, 0.16033009342525317,
    0.17071715288836023, 0.15811064677393954, 0.162593226717866,
    0.1721390210416006, 0.16902413154425827, 0.17237766087055206
  ],
  "train_ious": [
    0.3928282689695956, 0.4538098361562452, 0.5197069837266336,
    0.554867910653137, 0.5915962247366925, 0.6137978476404709,
    0.6358195795421152, 0.6534123588083439, 0.6665552945780583,
    0.6791126345270784, 0.6915839195683384, 0.7075384300796017,
    0.7179514550860379, 0.7253063254706238, 0.740130609306304,
    0.7511367733603805, 0.7662837007015509, 0.7636987453569537,
    0.7861456841878265, 0.7935161674800126, 0.8096944082906282,
    0.8124640795631687, 0.8150029251540917, 0.83302803715502,
    0.8402833195700161, 0.8473912423503572, 0.8325546425969698
  ],
  "val_ious": [
    0.40386194055495056, 0.4551658854968306, 0.5243196293063785,
    0.5453383723894756, 0.5712386927958848, 0.6258644567451617,
    0.6310026397307713, 0.6341080497140469, 0.649383568893308, 0.648664297617,
    0.6648788687543593, 0.6620591200780178, 0.6722659382267274,
    0.6742073623598486, 0.6684008625106536, 0.685273932374042,
    0.6822487670874251, 0.6889596801737081, 0.6901613316242247,
    0.6901946659537329, 0.6879572743091029, 0.6780621597300402,
    0.6904626521079437, 0.694679740762365, 0.690023038914238,
    0.6934646156387052, 0.6708004716513815
  ],
  "training_time": 486.0957977771759,
  "avg_gradient": 0.0037953960379394306,
  "memory_usage": 745.21484375
}
