{
  "train_losses": [
    0.3014834032434484, 0.2765879652098469, 0.25838529545327893,
    0.24057453360570513, 0.21878770074766615, 0.19898181060410064,
    0.1876396168347286, 0.1738806628500638, 0.16605408400621102,
    0.15773355531627717, 0.14891802969024234, 0.1421838912141064,
    0.13526827671929545, 0.12890056755555712, 0.12130589451154937,
    0.11249426800919615, 0.10767860289501108, 0.10026945185888073,
    0.09555964346003273, 0.08951977126138366, 0.09115998661550491,
    0.0808378123961713, 0.07365094224476944, 0.06968957564348112,
    0.06702868101875419, 0.06531657847454367, 0.06263664079344143,
    0.06237325491383672
  ],
  "val_losses": [
    0.28545469304789667, 0.28614403566588525, 0.24175977123820264,
    0.23130123608786127, 0.2066092280590016, 0.19943237499050473,
    0.18345623430998428, 0.17894564892934717, 0.17545937876338544,
    0.16994030060975449, 0.17326074611881506, 0.16808894244225128,
    0.1629965804193331, 0.1577955014679743, 0.1674824697167977,
    0.1777327277738115, 0.15679476248181384, 0.16585782688596976,
    0.17083838371478993, 0.16067184653619063, 0.16520290837987608,
    0.1640644293764363, 0.16817677604115527, 0.17372833613468253,
    0.17349179672158282, 0.17260569852331412, 0.17672891817663028,
    0.19066758583421292
  ],
  "train_ious": [
    0.3703731660825196, 0.40996811468748107, 0.4352320823175668,
    0.4897713772933374, 0.547697830216392, 0.5821289582366961,
    0.6034172900506984, 0.6300659838362019, 0.6429093867216422,
    0.6584526018603988, 0.6752674722153206, 0.6867550906819708,
    0.700507593435654, 0.7116977317609647, 0.7259372254104721,
    0.7424676748181599, 0.7517883395911128, 0.7665399578062526,
    0.7759843056724556, 0.7882109549490438, 0.7851485395129181,
    0.8064535359541573, 0.8221039930763452, 0.830455626698508,
    0.8366509248381078, 0.8404612853259276, 0.846441098853298,
    0.8473541559516519
  ],
  "val_ious": [
    0.39689436101395154, 0.4160798310801604, 0.4565183771301761,
    0.5164071034262144, 0.5711534296472867, 0.579456372105557,
    0.611590371183727, 0.6182470947935963, 0.6357442185930584,
    0.6383068436297819, 0.628972766192063, 0.6430292019377584,
    0.6526365198087002, 0.6636828888153684, 0.6595330821431205,
    0.6521046656197395, 0.6703349984642388, 0.6632220352041548,
    0.6620300936958063, 0.6769109128609948, 0.6690526995537938,
    0.6760079640409221, 0.6766101670437965, 0.6815703290960063,
    0.6795191319956296, 0.6739584410536117, 0.6810874615026556,
    0.6606540651856988
  ],
  "training_time": 502.1696310043335,
  "avg_gradient": 0.0036171029411545927,
  "memory_usage": 745.21484375
}
