{
  "train_losses": [
    0.2923594977220763, 0.2562854755669832, 0.2328923415068699,
    0.21279313067055267, 0.19347543641924858, 0.1798083536002947,
    0.17076021975473218, 0.16447117139139902, 0.15287555381655693,
    0.14678845910922342, 0.1402219765941086, 0.13468939191459314,
    0.12670813213385965, 0.12067981558325498, 0.11377326727075421,
    0.11000031491984492, 0.10411808846275443, 0.0967910130224798,
    0.09216453997499269, 0.08776435750010221, 0.08372063861916894,
    0.08088948427820983, 0.07240318326765428, 0.07692518012355203,
    0.067748770441698, 0.06398149555468041, 0.07022207908575302,
    0.06181976276085428, 0.05701493415171686, 0.055035292596110834,
    0.053646413629631635, 0.05231892603004108, 0.052570509056196264
  ],
  "val_losses": [
    0.2687212685528009, 0.25680509371602017, 0.219464636043362,
    0.20455451860376025, 0.19202509133712106, 0.18359215266030768,
    0.1735071718044903, 0.1782372315292773, 0.17452016246059668,
    0.1610067253527434, 0.1730263291493706, 0.15687493137691333,
    0.156173391510611, 0.17016974383074304, 0.15332162963307422,
    0.15344821953255197, 0.1518531540489715, 0.15558307585508926,
    0.1572323310310426, 0.16038620309985202, 0.1617062832026378,
    0.15994472445353217, 0.1572108007967472, 0.15889856429851573,
    0.16081395081203917, 0.16487257895262344, 0.16566397476455438,
    0.1699441988830981, 0.16900383000788483, 0.1706218845818354,
    0.17145524757063907, 0.17979726519273675, 0.19049341490735178
  ],
  "train_ious": [
    0.38481024402576836, 0.44251513731757974, 0.506219289221706,
    0.5549218032941006, 0.5931483414564008, 0.6173628930920276,
    0.6346129554769272, 0.6448684761273688, 0.666897519127182,
    0.678002520531848, 0.6899256539409574, 0.7003363800653514,
    0.7153170055345349, 0.7268379057447119, 0.7403421006772828,
    0.7474549713989961, 0.7585699222981926, 0.7725000353934972,
    0.7825801838999209, 0.7913985270736875, 0.7996731985738311,
    0.8059600299035293, 0.8241376213837358, 0.8155143484473228,
    0.8343705911783204, 0.8428817488577052, 0.829593049443286,
    0.847756693760554, 0.8587143346667291, 0.8632224211874217,
    0.8665533222366067, 0.8695132626571521, 0.869001319119032
  ],
  "val_ious": [
    0.4231637614792671, 0.4616842206729494, 0.5303356340829877,
    0.5586975872300675, 0.5880317503343457, 0.6152249412692112,
    0.6262260064266731, 0.6217262412326923, 0.6372658409502195,
    0.65760384629602, 0.6428749263286592, 0.6699396471182506,
    0.6682013834732167, 0.6584917846797169, 0.6804323433965876,
    0.6807705772959669, 0.6865473465211148, 0.6866344129261762,
    0.683745233045108, 0.6818848736044288, 0.6790489867545556,
    0.6946328781221224, 0.6982261935869853, 0.691265789494998,
    0.6950325540442399, 0.695192260802656, 0.6909757921661154,
    0.6940586379040842, 0.7003043861924738, 0.6977334722228674,
    0.6987945929817532, 0.696314043972803, 0.6825583298569139
  ],
  "training_time": 593.3341505527496,
  "avg_gradient": 0.0019300142931327196,
  "memory_usage": 745.21484375
}
