{
  "train_losses": [
    0.2932594105925249, 0.25112870327480463, 0.23129092699483686,
    0.217528175967543, 0.20434727916574996, 0.19495840532624203,
    0.18188079503243385, 0.16814682543601678, 0.15868850416787292,
    0.15252046623145757, 0.1439377185686127, 0.13557912968099117,
    0.12981629314953866, 0.12437206850913556, 0.11633052251747121,
    0.11010524476675884, 0.10522769448225913, 0.10119990368738123,
    0.09463408755381471, 0.08720981337777946, 0.08081771477894939,
    0.08096785531581743, 0.08047446406081966, 0.07124100072795282,
    0.06587770615663865, 0.06283497115921068, 0.061376098583897816,
    0.05973416902934727, 0.05786804615965356, 0.05609925603494048,
    0.054458560867478016, 0.053009339162836906, 0.05108810169622302,
    0.050129278724932155
  ],
  "val_losses": [
    0.2821106748736423, 0.25233381533104443, 0.22195896085189737,
    0.239325691824374, 0.22792800321527149, 0.20690844888272492,
    0.18636662836955942, 0.18231108201586682, 0.17884368028329767,
    0.19945882519950037, 0.1648256428863691, 0.16260955061601556,
    0.1570145325816196, 0.1599865337104901, 0.15666690711741862,
    0.1839616745710373, 0.1571343108687712, 0.16396298518647318,
    0.16476298107401185, 0.17246531079644742, 0.16700680651094602,
    0.17712625278078992, 0.16444276257053667, 0.16509987656836925,
    0.17876096588114035, 0.17319181982589804, 0.1786207248983176,
    0.17972646297320075, 0.18221019402794217, 0.18356921653384747,
    0.18649356877026352, 0.1910956190979999, 0.1948775127530098,
    0.19684183079263437
  ],
  "train_ious": [
    0.38175814453242696, 0.4543123252746675, 0.5076346731933669,
    0.544459850081931, 0.5717895310372114, 0.59089859045934, 0.6148456978895096,
    0.6405333327804356, 0.656465294190507, 0.6678432175970598,
    0.6836095488481763, 0.6992899307414241, 0.7097015492078186,
    0.7196711687290146, 0.7346592916958576, 0.7466110666484937,
    0.7560601721423259, 0.764200743341792, 0.7769025656516141,
    0.7922926945746803, 0.8059406108290382, 0.806315432208172,
    0.8068646183912306, 0.8266531910369362, 0.8387591373445333,
    0.8455428911939913, 0.8488053079100623, 0.8525532669779187,
    0.856806070908256, 0.8609045415684796, 0.8645783544018653,
    0.8679676213558167, 0.8724485953216972, 0.8745471781146705
  ],
  "val_ious": [
    0.4119291644597399, 0.48212931348361826, 0.5397090001598647,
    0.5067777841527393, 0.5468746011239894, 0.5820098066891449,
    0.6073843976077827, 0.612202803293864, 0.6158309121062789,
    0.5793243292449176, 0.6533992476221445, 0.6546934193027192,
    0.6651675405277723, 0.664845578480458, 0.6711284209420717,
    0.6437659563793653, 0.6777397478404251, 0.6642630640147388,
    0.6685222076333086, 0.6685573132573696, 0.6771577350471331,
    0.6630632572847864, 0.6762484944816947, 0.68607414395049,
    0.6759119774552359, 0.6799793033928111, 0.6816105751887611,
    0.6845230127590292, 0.6828828523124474, 0.6791123996178309,
    0.6774386763572692, 0.6800696776396986, 0.6782901092715887,
    0.6830677137426708
  ],
  "training_time": 601.0120267868042,
  "avg_gradient": 0.0027948053253221256,
  "memory_usage": 745.21484375
}
