{
  "train_losses": [
    0.2788981353945058, 0.24294059537351131, 0.22365725453457105,
    0.20678303998125636, 0.19090360824180685, 0.1757458552070286,
    0.16701302628802217, 0.1571753579394325, 0.1491988793258434,
    0.14459176183394765, 0.13478621933609247, 0.13081016820733962,
    0.12362053642130416, 0.11634180715064639, 0.11119251706353996,
    0.10516349955097488, 0.10014177360774382, 0.09626612338520911,
    0.08898768545654805, 0.08345317949905344, 0.07693683558508106,
    0.07175147914044235, 0.06910537221752432, 0.07625469099730253,
    0.07222710817080477
  ],
  "val_losses": [
    0.2570385340115298, 0.23204996177683707, 0.21790797943654266,
    0.21607375825228897, 0.1983419433236122, 0.18642543742190237,
    0.20477803245834683, 0.16870202917767607, 0.17010135851476504,
    0.16405833901270575, 0.15549157608462416, 0.15949503251391908,
    0.15623216055657552, 0.16231001281867857, 0.1514179653123669,
    0.16265586164334547, 0.155451656035755, 0.16122718997623608,
    0.1572795573460019, 0.15992505054758943, 0.1584696141274079,
    0.16175493678968886, 0.16008139579840328, 0.16627845605430397,
    0.20121789885603864
  ],
  "train_ious": [
    0.4051704286494052, 0.47389636382500194, 0.5342889271163636,
    0.5686784076463915, 0.597785270192485, 0.6274226654482924,
    0.6415075598743515, 0.6605711386579531, 0.6740228276753769,
    0.683769435554311, 0.7020645912034787, 0.7084810867689655,
    0.7221707830178566, 0.735633744169837, 0.7448627082765964,
    0.7567853927612301, 0.7669364055213722, 0.7740898927592716,
    0.7892481876888136, 0.800636608315551, 0.814453578405622,
    0.8258907840303756, 0.8317048642514403, 0.8168260438934618,
    0.8258049639238824
  ],
  "val_ious": [
    0.44407864496552857, 0.5157972027318201, 0.5503580191213152,
    0.5607165757944618, 0.5820273677076119, 0.6108067471911943,
    0.5847780598678451, 0.6398302094228024, 0.6425283875154415,
    0.6493164553590443, 0.6632740102384402, 0.6638091035943099,
    0.670196797536767, 0.6622734719860381, 0.6827499641888384,
    0.670650089348572, 0.6818421096473499, 0.6773923017840456,
    0.6882397225801495, 0.683247580476429, 0.6937389654525812,
    0.695936097830966, 0.6920797576506933, 0.682844726935677, 0.646698263892229
  ],
  "training_time": 452.80439591407776,
  "avg_gradient": 0.005559405204659794,
  "memory_usage": 745.21484375
}
