{
  "train_losses": [
    0.30101181404746097, 0.26333730149528256, 0.23753221389716087,
    0.21454490567355053, 0.1969744972884655, 0.1850794407174639,
    0.17579202661695686, 0.1676537035761968, 0.15893872632928516,
    0.15151894614910302, 0.1449424181052524, 0.13739800825715065,
    0.13184916766603355, 0.12480308994164933, 0.12020315254188102,
    0.11442322150358687, 0.10697388276457787, 0.09796193788718918,
    0.09404902779699667, 0.09291680221972258, 0.08345069047873435,
    0.07667237281313409, 0.07414047181120385, 0.06991242742894785,
    0.06818604479422388, 0.07828958559295406
  ],
  "val_losses": [
    0.27521397108617035, 0.25788099059592123, 0.237189340526643,
    0.20802926466516827, 0.18908270869566046, 0.18149008569510086,
    0.17938123578610626, 0.1812230915479038, 0.17241280201984488,
    0.16702010352974353, 0.1670090491357057, 0.15735047747907432,
    0.1563468646744023, 0.1645507592221965, 0.1596554333101148,
    0.15097253704848496, 0.16083948022645453, 0.15814907946016477,
    0.16624079061591107, 0.15588233798094417, 0.15962129053862198,
    0.16429180797675383, 0.16481666752825613, 0.1738915177791015,
    0.17444646714822107, 0.17206336493077484
  ],
  "train_ious": [
    0.3718015425084575, 0.4263547169513148, 0.492792629084431,
    0.5540385559687148, 0.5897459945492985, 0.6096206430507747,
    0.6271769611731818, 0.6407139643054939, 0.657564642906621,
    0.6714544085704763, 0.6835945676742257, 0.6976880364227983,
    0.7079207449071652, 0.7201070074477923, 0.7293100110862565,
    0.7399658077544926, 0.7545823250235857, 0.7715492467193501,
    0.779601306533036, 0.7823440179336761, 0.8010835691854574,
    0.815547198597072, 0.8211304908213408, 0.8304051293627074,
    0.834094468450201, 0.813849659177704
  ],
  "val_ious": [
    0.4167553395896719, 0.4403465621078901, 0.5073882990881154,
    0.5588004614995873, 0.5976768563623014, 0.6193368031062939,
    0.6229423945364744, 0.6150441733391389, 0.6392863850662673,
    0.6459001382623895, 0.6420482673506807, 0.6600123371766964,
    0.6675700249447339, 0.6545929468196371, 0.6636615112639856,
    0.6752292747082919, 0.6724876273369444, 0.67477897371071,
    0.6633149346579674, 0.675472507874171, 0.6867755334014479,
    0.6832464261763337, 0.6884408388016882, 0.6821952669516854,
    0.6754049246293912, 0.648605488564657
  ],
  "training_time": 461.13448333740234,
  "avg_gradient": 0.0065354266455454595,
  "memory_usage": 745.21484375
}
