{
  "train_losses": [
    0.2942155136362366, 0.25781866082030797, 0.23669208902055802,
    0.2191582575602376, 0.19776846071624238, 0.18411231648338877,
    0.17410174554780775, 0.16588672380084576, 0.15906174084090668,
    0.14970301512790762, 0.14220536735070788, 0.1339909950595187,
    0.13053863434849874, 0.12301728303503731, 0.1155663288562842,
    0.10945927930752868, 0.10311343026873858, 0.09946262476074955,
    0.09019427151297746, 0.08236257565896148, 0.08771382061683614,
    0.07940566665290491, 0.07131719089153668, 0.07013448281213641
  ],
  "val_losses": [
    0.2852095268342806, 0.3222615375466969, 0.23767256639573886,
    0.23158997264893158, 0.20230967713438947, 0.187548217566117,
    0.18113755305176196, 0.17933126668567242, 0.1669621959976528,
    0.16857691789450852, 0.15794647776562235, 0.16812105493053145,
    0.16027168443669443, 0.15892908576390016, 0.15697611058535782,
    0.16050436347723007, 0.16538385350419127, 0.17248710342075513,
    0.158341062295696, 0.16531790404216104, 0.174551030539948,
    0.16490578100733136, 0.17460085743147394, 0.19964641397414
  ],
  "train_ious": [
    0.38334871851143154, 0.43726445682403337, 0.4945337953656722,
    0.5430273343336538, 0.5855884037479973, 0.6096791807508121,
    0.6280142621177695, 0.6428603121767866, 0.6561477151361929,
    0.6727291720824831, 0.6863196031662866, 0.7015123392684733,
    0.7080663015553053, 0.7218971247582333, 0.7365690896260562,
    0.748666404436032, 0.7606491224057438, 0.7680133262082289,
    0.7864800403839436, 0.8029195103200449, 0.792779528414425,
    0.8092136532068251, 0.8267181960568913, 0.8298002119729486
  ],
  "val_ious": [
    0.4136656308951585, 0.38966263182785194, 0.5054033470974452,
    0.5385987368830736, 0.5595101514372274, 0.6053029399203216,
    0.6125377143422763, 0.6212599673780842, 0.6426377280250841,
    0.6424215684334438, 0.6580904372360397, 0.6433449126240134,
    0.6615987925425821, 0.6650463506795358, 0.6687520468148632,
    0.671559618651003, 0.6627872111140818, 0.6608797674593717,
    0.6825179531090502, 0.6775843302408855, 0.6646871147812276,
    0.680661401670912, 0.6739836978739586, 0.6481929233540661
  ],
  "training_time": 423.97846698760986,
  "avg_gradient": 0.0070522647262987225,
  "memory_usage": 745.21484375
}
