{
  "train_losses": [
    0.3040421677996283, 0.27496125808228616, 0.2500981421250364,
    0.22077971016583237, 0.20207503632358884, 0.18752123042941093,
    0.1762899806642014, 0.16910805666576262, 0.1605374829681671,
    0.15457669795369325, 0.14767451944720486, 0.1387600588976689,
    0.133997929646917, 0.12786388490349054, 0.12106968924079252,
    0.11584987163381733, 0.11228936222260413, 0.10445453295403201,
    0.09693077562943749, 0.09206093851800846, 0.08629506510560928,
    0.084988198728989, 0.07811442207868981, 0.07317178898855396,
    0.0706694928686256, 0.0677146820715912, 0.06507814124874446,
    0.06458354508504272
  ],
  "val_losses": [
    0.28685392957666644, 0.2598903227759444, 0.23525205643280692,
    0.21329287083252615, 0.18809834478989892, 0.19151000937689905,
    0.17979442263426987, 0.16754499563704367, 0.16944440357063129,
    0.16043811064699423, 0.16433418315389883, 0.15955092466395834,
    0.1596721799477287, 0.1590860946022946, 0.16856421335883762,
    0.15076804970917496, 0.1548706001561621, 0.15182178629481274,
    0.15721186056085254, 0.15730956099603488, 0.1635894640956236,
    0.16218240980220877, 0.1555784498543843, 0.16889110563889795,
    0.16875323556039645, 0.1670446838049785, 0.16877488500398138,
    0.17220711740462677
  ],
  "train_ious": [
    0.3643232520466287, 0.40963685033394553, 0.46053532320539103,
    0.5403184038249479, 0.5797670320270286, 0.6048026615348847,
    0.6252652962786565, 0.6392243566072503, 0.6544953750419443,
    0.6645509009991866, 0.6782041307052842, 0.6945680381487245,
    0.7022769348021002, 0.7138943444883481, 0.7267366381011143,
    0.7364776448711102, 0.7433337824068204, 0.7583458620676964,
    0.7730692293548932, 0.7830721240868604, 0.7947589472692079,
    0.797428338639978, 0.8122341073509579, 0.8231595222284828,
    0.8284355354481845, 0.8349725367582362, 0.8409328003940374,
    0.8420108861249425
  ],
  "val_ious": [
    0.39461231490840093, 0.42982844125686237, 0.5186033815253472,
    0.5514806869669239, 0.6063084803197696, 0.5992267052980437,
    0.6192847667396932, 0.642260339812956, 0.6398949752683226,
    0.6571393688951713, 0.6499938664660938, 0.6592875468558159,
    0.6597883180863615, 0.6588145906942481, 0.6546855104574258,
    0.6750636930051058, 0.6774068073086117, 0.6864412370799244,
    0.6704756356235861, 0.685039149462313, 0.6800683663375133,
    0.6806662441163824, 0.691437110952709, 0.6806166569391887,
    0.6837044168209685, 0.686488510041997, 0.6887555340493935,
    0.6803318942370623
  ],
  "training_time": 495.92500257492065,
  "avg_gradient": 0.0031943260551825325,
  "memory_usage": 745.21484375
}
