{
  "train_losses": [
    0.2933205227651026, 0.2616876677164565, 0.2379935798437699,
    0.2131490438528683, 0.19289532635846865, 0.1814719751963149,
    0.17331254749518374, 0.16346767334186513, 0.15570796127228634,
    0.14997338604829882, 0.14089381970141246, 0.13449303911108038,
    0.12664576692749624, 0.12443193724459928, 0.11553972619383232,
    0.11119536893523257, 0.10505242694331252, 0.09824192106885754,
    0.09688615964968568, 0.08877437379535126, 0.08001096319893132,
    0.07819065759363382, 0.07626597783730729, 0.07132551159061816,
    0.06647839200804415, 0.0640209662201612, 0.06216807398216232,
    0.0584705222155089, 0.07241716798718857, 0.059696626930457096,
    0.053252402855002365, 0.05022940752298936, 0.048383074812591076,
    0.047182287393218794, 0.047521404618316374, 0.05096693893732584
  ],
  "val_losses": [
    0.28532186798427417, 0.2528361807698789, 0.2261963729625163,
    0.19769782313834067, 0.2143040484060412, 0.30398129445055255,
    0.18971447840980862, 0.17475363158661386, 0.1704770226193511,
    0.1638183179108993, 0.16129060640283252, 0.1642496644154839,
    0.15533040642090465, 0.16290150258852087, 0.15477287753120714,
    0.15432329492076582, 0.16558299116466357, 0.16353625415459924,
    0.15955886908847353, 0.159656073898077, 0.16284496904067372,
    0.16600944620111716, 0.16921530080878217, 0.16614894406950992,
    0.16620051342508066, 0.17284559944401617, 0.17748484954885815,
    0.1739996027039445, 0.1735560430780701, 0.1737508109730223,
    0.17841900140047073, 0.18444750134063803, 0.1824546903371811,
    0.1920368775077488, 0.1867852311419404, 0.18722577878962393
  ],
  "train_ious": [
    0.38318848730346705, 0.43350325409556173, 0.4998348120783885,
    0.5569825070923655, 0.5935895021842873, 0.6152124282080628,
    0.6298027889452118, 0.6475618565860004, 0.6625389352008918,
    0.6735038504652355, 0.6899777328514535, 0.7007541215398171,
    0.7162371976436048, 0.7203690501442854, 0.7372734186010088,
    0.7457292395225472, 0.7568864658258959, 0.7704310857191468,
    0.773147342969542, 0.7898495615176538, 0.8083812970182168,
    0.8118836300960482, 0.8164255412808363, 0.826718827196653,
    0.8375852585270784, 0.8431585745319075, 0.8470448677738507,
    0.8554534012640731, 0.8270137083271278, 0.8527487088804663,
    0.867267834427564, 0.8742602428664337, 0.8785244002938272,
    0.8811955310512275, 0.8804241376726527, 0.8734429068323494
  ],
  "val_ious": [
    0.4039227580246718, 0.45582916142176017, 0.5276372956408972,
    0.5870334610774899, 0.5616073537132014, 0.42615478259065875,
    0.6051610137025516, 0.6340622066155723, 0.6390676232783691,
    0.6486335833003555, 0.6571475388347237, 0.655508746271548,
    0.6703493320855543, 0.6563765957303668, 0.6784943743892338,
    0.6761228841715965, 0.661581698751104, 0.6718659934358321,
    0.6798919929542404, 0.6873860624821289, 0.68950939329638,
    0.6851696706768398, 0.6787074627219765, 0.6819297945585803,
    0.689133347808451, 0.6885312264380249, 0.6872830472994541,
    0.6914491644804027, 0.6800887830879377, 0.6899549643630566,
    0.6901422114907829, 0.6929870496193568, 0.6943198464054992,
    0.6909551989773045, 0.6896143119404282, 0.6729974310467208
  ],
  "training_time": 647.9489374160767,
  "avg_gradient": 0.0028210909203265563,
  "memory_usage": 745.21484375
}
