{
  "train_losses": [
    0.299494336237726, 0.2477960911295984, 0.2171536852484164,
    0.20092421146514622, 0.18965146423357984, 0.17611849453786146,
    0.1679164197133935, 0.15804180883519028, 0.15392114181557429,
    0.1427358233815302, 0.1400671682280043, 0.1316162751096746,
    0.1255432041361928, 0.11821617420924746, 0.11479223681532819,
    0.1058102204747822, 0.10137685331637444
  ],
  "val_losses": [
    0.2840202415119047, 0.2326169082004091, 0.21220297366380692,
    0.200451558050902, 0.19215001813743426, 0.1832285562287206,
    0.17383378063854965, 0.177348249308441, 0.16805653727572897,
    0.1646212660100149, 0.16249801169918932, 0.16046217278293942,
    0.16060864309901776, 0.1683771529275438, 0.18529604861269827,
    0.15913535476378773, 0.19986402988433838
  ],
  "train_ious": [
    0.36681209369369056, 0.4821485105723329, 0.5472742096669431,
    0.5789719510931466, 0.6003737994132265, 0.6248633005264876,
    0.6397538381102293, 0.6568029567167383, 0.6667521862124189,
    0.6864629433206894, 0.6916854639632114, 0.7068663514286714,
    0.7187588260765526, 0.7326926499929122, 0.7387654390456022,
    0.756153357039759, 0.7643515372621843
  ],
  "val_ious": [
    0.40656994966253557, 0.5111851245164872, 0.5579461168119872,
    0.5862957687265631, 0.5950815744590069, 0.6168689697548962,
    0.6275289749753646, 0.6275562747665073, 0.6389139823723531,
    0.6496989424677863, 0.6537540811991347, 0.6590824919766274,
    0.6575027509875918, 0.6540636169737664, 0.6333416270605032,
    0.6702690435492473, 0.6248213212559189
  ],
  "training_time": 305.0485842227936,
  "avg_gradient": 0.007332001975362536,
  "memory_usage": 745.21484375
}
