{
  "train_losses": [
    0.299789340113816, 0.26088914299464744, 0.23970598476412502,
    0.2198930705047172, 0.19856027197902618, 0.18522787976848043,
    0.17762481356444565, 0.16817306184574313, 0.16031258941992468,
    0.15129227928169395, 0.14604938953467037, 0.13911134385220383,
    0.13191412749659756, 0.1272850771556082, 0.12027985833423294,
    0.11412192055064699, 0.11018635057236838, 0.10700087990287853,
    0.09668579839331948, 0.08984931112955445, 0.08581049060044081,
    0.08263734667359487, 0.0776073861381282, 0.0766555312211099
  ],
  "val_losses": [
    0.28915009809576947, 0.24884731452102246, 0.241217737612517,
    0.2356155835416006, 0.19115057879168054, 0.19798706569101499,
    0.20027430161185886, 0.19041201537070068, 0.1672098030862601,
    0.16323293696926988, 0.16118008513813434, 0.17269369214773178,
    0.1624041714746019, 0.15276272983654685, 0.16922173875829447,
    0.16137128323316574, 0.1624233295088229, 0.1577701887682728,
    0.16183256406498991, 0.1578996247895386, 0.16238600307184717,
    0.1735208938303201, 0.16266781156477722, 0.1702504883641782
  ],
  "train_ious": [
    0.37536796695581015, 0.43739116789231325, 0.49273389831617265,
    0.5352174259749226, 0.5823966333831567, 0.6086037146278485,
    0.6234497952990337, 0.6403118245627571, 0.6542426367708739,
    0.6707423711060615, 0.6800209067869877, 0.6931660229853099,
    0.7063277067913524, 0.7146566661371702, 0.7282840695934019,
    0.7392715963980426, 0.7474594827255475, 0.7537543416779109,
    0.7739368219846403, 0.7875162134675879, 0.7961394431582396,
    0.8026985772277996, 0.8135883961466782, 0.8158321147379671
  ],
  "val_ious": [
    0.4034882475068604, 0.4497785076829672, 0.484135549299527,
    0.5246213915339415, 0.5953315913245298, 0.5958422253961149,
    0.5846640821816264, 0.5954983465481497, 0.6441305044336595,
    0.6507859947024912, 0.6548377612362739, 0.6430726338555849,
    0.6600784899100013, 0.6719547559817632, 0.6559900431961254,
    0.6673246524904084, 0.6694667378197545, 0.6778736593930618,
    0.6696190926907718, 0.6822698606529097, 0.682280199467272,
    0.674563861195592, 0.6827442335045857, 0.6717480792515519
  ],
  "training_time": 431.7024030685425,
  "avg_gradient": 0.004620655588839947,
  "memory_usage": 745.21484375
}
