{
  "train_losses": [
    0.3119364445624144, 0.2686298330840857, 0.24359612928136534,
    0.2262682087071564, 0.21173290049900179, 0.20058036433613818,
    0.1870497762347045, 0.17529938005558823, 0.16467947253714438,
    0.15696849131389803, 0.14892924613440814, 0.14096064318943283,
    0.13496924734309965, 0.1274415982644195, 0.11990908658860819,
    0.11111979174387196, 0.10400354619259419, 0.09755172965157291,
    0.09288612838186648, 0.0872033984278855, 0.08189304703441651,
    0.07632853378258321, 0.07309501221322495, 0.0752176970405423
  ],
  "val_losses": [
    0.28141990239205567, 0.2565941600048024, 0.2219773871095284,
    0.29984106900899304, 0.20851604705271515, 0.19946580477382825,
    0.1879602142650148, 0.1746630639485691, 0.17358161087917245,
    0.16991307035736417, 0.1686882930605308, 0.17099103363959686,
    0.1620454904825791, 0.15838943940141928, 0.15569148633791052,
    0.16104498133063316, 0.16232218690540479, 0.15443560189527014,
    0.15658582746982574, 0.16095017479813617, 0.15843902997996495,
    0.16041130669738934, 0.16096108212419177, 0.17574106480764307
  ],
  "train_ious": [
    0.35002391952582596, 0.4193256861813691, 0.46958560884694894,
    0.5245028738661304, 0.5572056015818446, 0.5796193789582752,
    0.6042667570645396, 0.6276482881681213, 0.6470656824176721,
    0.6606337964210822, 0.6755226193994712, 0.6902093089901018,
    0.7010460393368332, 0.7153805199524632, 0.7288130882965487,
    0.7456789216485575, 0.759673257074926, 0.7719151411691442,
    0.7811003208592314, 0.7932360345038814, 0.8043694811454718,
    0.8164348007328267, 0.8234935289491773, 0.8193894081573557
  ],
  "val_ious": [
    0.40496203476104187, 0.44059348559897876, 0.5228928410164686,
    0.4503072854131461, 0.5624867786747823, 0.5750561143825018,
    0.6029285702152529, 0.6326512877923854, 0.6336000617863476,
    0.6395331359859828, 0.6477879367876745, 0.6401646510846373,
    0.6569311517304269, 0.6652544816766962, 0.6695323724677598,
    0.6640017168677372, 0.6634171183990393, 0.6823236374319464,
    0.6791134770365729, 0.6798940015875776, 0.6862430365189262,
    0.6848544063775436, 0.6846153351707736, 0.6603748169930087
  ],
  "training_time": 431.16558623313904,
  "avg_gradient": 0.009819451839484843,
  "memory_usage": 745.21484375
}
