{
  "train_losses": [
    0.29087509522619454, 0.2483530279410922, 0.2201120719799529,
    0.20146585101990597, 0.1882379600049361, 0.17789613965736784,
    0.1655417210219995, 0.15909236377995947, 0.15173902662227984,
    0.1451646321169708, 0.13585910168678864, 0.13447166894279097,
    0.12396895176852527, 0.11756391564141148, 0.11452277446084697,
    0.10403787915635368, 0.09956251028115334, 0.09584603616562874,
    0.08885154241453046, 0.09334189234220464, 0.07759759737097699,
    0.07320658562947875, 0.06974358131866092, 0.06827693681597062,
    0.06554184967409009, 0.06103232085866773, 0.0579250554918595,
    0.05663643574909023, 0.07309711876365801
  ],
  "val_losses": [
    0.2660808271687964, 0.3093324608129004, 0.21796166734850925,
    0.19403180512397186, 0.19004538234161295, 0.17594689325146054,
    0.16932693642118704, 0.16530415934065115, 0.16781903965317685,
    0.1584557615544485, 0.15680133324602377, 0.15473510778468588,
    0.16620216421459033, 0.16490059378354446, 0.16139432561138403,
    0.15801333376894827, 0.15103398231060608, 0.16339604394591373,
    0.17762075040651404, 0.15229493314805237, 0.15526117902735007,
    0.1584050430227881, 0.15588888720325803, 0.16266325764034106,
    0.1646977883318196, 0.1731715497115384, 0.17187891155481339,
    0.1793501992588458, 0.18138859097076498
  ],
  "train_ious": [
    0.38335419811264215, 0.4615930710373885, 0.5421621463383021,
    0.5778895520699626, 0.6023748967850553, 0.6210822605028532,
    0.6446067171468248, 0.6557593398012113, 0.6696435770262845,
    0.6820899784241035, 0.6988482119488539, 0.702203391092843,
    0.7226370087136395, 0.7336240161912163, 0.739735571964495,
    0.7596916690252828, 0.7681822974396788, 0.7761706492283204,
    0.789984813526921, 0.7816248265081553, 0.8134412782779635,
    0.8231855965610861, 0.8305588506054187, 0.8339182733409645,
    0.8398190833952117, 0.8501203298784681, 0.8568563641629356,
    0.8599381910070127, 0.8261658416494074
  ],
  "val_ious": [
    0.43559580500460876, 0.46588623691080283, 0.5605107044828112,
    0.6005720816876579, 0.6022899589244869, 0.6267960360948589,
    0.6358069885468138, 0.6463948203169781, 0.6436055807963662,
    0.6581195595039838, 0.6637489182361658, 0.6716960178337235,
    0.6523109829944114, 0.6596457390249642, 0.6703648454901102,
    0.6779930379943572, 0.6860095158867214, 0.6625549497379774,
    0.6658563093430754, 0.6891779772181443, 0.6911716860705529,
    0.6928175657555676, 0.6899684365244881, 0.684902839038683,
    0.6951172846382944, 0.6948171132716581, 0.6968894022098486,
    0.691952275193256, 0.6606555730104445
  ],
  "training_time": 520.2256102561951,
  "avg_gradient": 0.013668358080874597,
  "memory_usage": 745.21484375
}
