{
  "train_losses": [
    0.30262200550540636, 0.2705134811770657, 0.24499532053975956,
    0.22451948925204898, 0.20421233028173447, 0.1904751450309287,
    0.17794392905805423, 0.16777240970860358, 0.1586691810870948,
    0.15136936120688915, 0.14609992840205846, 0.1380719121383584,
    0.132759021392659, 0.1237386684945744, 0.11771709816125424,
    0.11167190317064524, 0.1073313603663574, 0.10093972876506008,
    0.09180236340540907, 0.08749977985154027, 0.08609138141669657,
    0.07988301506670921, 0.07489779435665063, 0.07095147454706223,
    0.06723127929169846, 0.06444281795183601, 0.06398523613081677,
    0.060433560638162104, 0.06263166591120155
  ],
  "val_losses": [
    0.33017672922300256, 0.2604691029890724, 0.23751492863116058,
    0.22239183375368948, 0.22311381639345831, 0.19357944539059763,
    0.1894556986896888, 0.18587157421785852, 0.18609483280907507,
    0.17049143139434897, 0.16616807003384051, 0.16466272622346878,
    0.16834990097128827, 0.1746645926133446, 0.1673574515658876,
    0.1649196870301081, 0.1639835685491562, 0.16599759491889374,
    0.16704492400521817, 0.17388463538625967, 0.17847381240647772,
    0.16816847900981488, 0.17394729379726492, 0.17480856342160184,
    0.17576748391856317, 0.18160975756852524, 0.18616103899219763,
    0.18894993027915125, 0.21141110878923666
  ],
  "train_ious": [
    0.36821602469190373, 0.4166953753987914, 0.46738211202753766,
    0.526856891016233, 0.5721757575815567, 0.598858449284149,
    0.6226846282842797, 0.6410703554317572, 0.6572799744705361,
    0.6714482397596907, 0.6811962032663651, 0.6953346607261807,
    0.7051009437528207, 0.7215585989364676, 0.7326796260540902,
    0.7447704316481302, 0.7521708352302297, 0.765176419762597,
    0.7834340512104655, 0.792482787878185, 0.795529624042304,
    0.8080684528618619, 0.8189762450646666, 0.8276685407196266,
    0.83583850391965, 0.8420449446724809, 0.8431199875430784,
    0.8510636838449954, 0.8466484463517215
  ],
  "val_ious": [
    0.35650320934212726, 0.4357999638802765, 0.5032189829086048,
    0.5466354650215824, 0.5439115593182866, 0.5917403888011323,
    0.601334479192029, 0.6106488890406013, 0.6197416117225869,
    0.6422487596670787, 0.6476282479538434, 0.6512851004583247,
    0.6503427298604578, 0.6457729914050172, 0.6545212946940161,
    0.6590891551712285, 0.6666282702615296, 0.6644439695106038,
    0.6741404680238254, 0.6726838469073392, 0.6570635578338652,
    0.6763731984124669, 0.6717992971340815, 0.6776624643716259,
    0.6748375341944073, 0.6720239643169487, 0.6744716839081998,
    0.673391696119654, 0.653625786304474
  ],
  "training_time": 523.263543844223,
  "avg_gradient": 0.004131502328467067,
  "memory_usage": 745.21484375
}
