{
  "train_losses": [
    0.31159649465395056, 0.2716766264613556, 0.24671471863985062,
    0.22413691530085128, 0.20471233275273573, 0.19056480766638464,
    0.18292289186754954, 0.17353655932390172, 0.16369808238485586,
    0.15611525649285835, 0.14870703872293234, 0.1403379978450096,
    0.13451313312448884, 0.12894975466896658, 0.12068083100830732,
    0.11310750930367605, 0.10950361119340295, 0.10108643944334725,
    0.09475617665473533, 0.09092716593295336, 0.08267423368828453,
    0.07906941239438627, 0.07502388026889252, 0.07081641441049136,
    0.07412553922799618, 0.0666055123159743, 0.062224414240082966,
    0.0602852791223837, 0.0780710004998938, 0.060069204955969166,
    0.054576634449641344
  ],
  "val_losses": [
    0.2946987203929735, 0.25891315224378003, 0.24884225006984628,
    0.20284183938866077, 0.19266172790009042, 0.18751823383828867,
    0.18954175581102786, 0.1800352241034093, 0.18243213451426962,
    0.1661802416910296, 0.16349395526492078, 0.16815913339024005,
    0.15918853198704513, 0.17004901786213336, 0.1619157353821008,
    0.16098010701977689, 0.15412492110677387, 0.1561582998737045,
    0.1586127990613813, 0.1616670707969562, 0.156214309775311,
    0.16488258135707481, 0.16484004566850868, 0.16598338083080624,
    0.17181240410908408, 0.16948307078817618, 0.17607036848431049,
    0.17797202033841092, 0.18008792303178622, 0.169750997553701,
    0.17671518837628158
  ],
  "train_ious": [
    0.3462444585938877, 0.4152912376471249, 0.47411465399351294,
    0.5348381901672783, 0.571574455640022, 0.5976801011441409,
    0.6127948332038046, 0.6283262226244679, 0.647596182166666,
    0.6631880842041278, 0.6752840612569581, 0.6909131231731264,
    0.7019248281915983, 0.7117728513759978, 0.7274367266699027,
    0.7415524524623072, 0.7494744051625766, 0.7651074302477252,
    0.7778492992662859, 0.7854290013403995, 0.8024002937734993,
    0.8102272114028102, 0.8187268565314403, 0.8282373332674952,
    0.8214833642477575, 0.8371124685458515, 0.8471714973017784,
    0.8516217733638874, 0.815407502640417, 0.8522460354843003,
    0.8646210792703902
  ],
  "val_ious": [
    0.38557990737583336, 0.43440003111102304, 0.4933649404649285,
    0.574979782320451, 0.5940738174578418, 0.601119234294131,
    0.6005149572223857, 0.61572092987489, 0.6207195699646849,
    0.6450217249600785, 0.6480551068333611, 0.6429652135441267,
    0.6610626327818716, 0.6409459338671919, 0.6561259225658747,
    0.6701911132836688, 0.6783769212771154, 0.6803112811800361,
    0.6746852782325469, 0.6822216299133026, 0.6905301722927369,
    0.6845874935388567, 0.6873932770196943, 0.6889523829239003,
    0.6798920696196349, 0.6840552542952523, 0.6811943671841552,
    0.6868251367755559, 0.6763073791196382, 0.690972633767819,
    0.6902369668950203
  ],
  "training_time": 559.5926821231842,
  "avg_gradient": 0.0025774027728031573,
  "memory_usage": 745.21484375
}
