{
  "train_losses": [
    0.3066059631174025, 0.2674917722849742, 0.24462150126371696,
    0.22402082577995633, 0.2022176297462505, 0.19049668028626754,
    0.17872794685156448, 0.16901221725603807, 0.161029565917409,
    0.15318138581579147, 0.14487104887223762, 0.14026835589143244,
    0.13203092543003353, 0.13043645380631738, 0.1231975927139106,
    0.11475764935755212, 0.10997572537187648, 0.10352442741556012,
    0.09569541271775961, 0.09530991591189218, 0.08523446823591771,
    0.08334088702078747, 0.08240981780640456, 0.0722209224274949,
    0.06848085511718756, 0.06649490840652067, 0.06505662494379541,
    0.06084938798828617, 0.05852090249485944, 0.05632293323540817,
    0.0586805593262872
  ],
  "val_losses": [
    0.290333426516989, 0.276285113847774, 0.26424107797767804,
    0.2341997189366299, 0.20234143474827643, 0.18988181747820065,
    0.1772454743799956, 0.17527966330880704, 0.1725557352537694,
    0.1694734870739605, 0.15511124159978784, 0.1587110511634661,
    0.16348182831121527, 0.16096723176862882, 0.15527578945393147,
    0.15874192863702774, 0.1542517798750297, 0.16087205967177515,
    0.15634743383397226, 0.1614821674707143, 0.15810916265067848,
    0.18395344427098398, 0.16308348220975502, 0.16429095585709033,
    0.17493618247301682, 0.17607029818970224, 0.16808664086072342,
    0.18051294658495032, 0.17447187249427257, 0.18336818626393442,
    0.1758145181381184
  ],
  "train_ious": [
    0.35682319646145083, 0.4214338482714191, 0.47048122390275454,
    0.5264767022108306, 0.5750787599633138, 0.5979615584609731,
    0.6184449017155866, 0.6364109909458867, 0.6513617643411606,
    0.6672111871665802, 0.6819428860385348, 0.690581959280847,
    0.7056040836741095, 0.7098198575710042, 0.7218016639783763,
    0.7382966992107852, 0.7486078622008577, 0.7601519311791749,
    0.775230154503083, 0.7762509235113427, 0.7972138510018157,
    0.8010127123283302, 0.8032494689459383, 0.8250053280937498,
    0.8332829531552136, 0.8376384555645611, 0.8406631396948427,
    0.8502666179252709, 0.8554188562692077, 0.8607218996554186,
    0.8553902167772902
  ],
  "val_ious": [
    0.40488420081311366, 0.4265857619651848, 0.460482765124112,
    0.5400992272340733, 0.579977005612159, 0.6002871005431466,
    0.6248464433179386, 0.6322454961313718, 0.6337907420120378,
    0.6368790899497876, 0.6656408258106398, 0.6589788546164831,
    0.6549685452727305, 0.6554097248160321, 0.6713178343531012,
    0.6760287250297657, 0.6823613421208615, 0.6702121340710185,
    0.672030807837196, 0.677425650798756, 0.6906521998453832,
    0.6613932070524796, 0.6878583556500033, 0.6906179636716845,
    0.6855408482361531, 0.6812170789293619, 0.6921201460603355,
    0.6835909334645756, 0.6897596727678742, 0.6900865066310634,
    0.6857156433920928
  ],
  "training_time": 557.51029920578,
  "avg_gradient": 0.005375133880126555,
  "memory_usage": 745.21484375
}
