{
  "train_losses": [
    0.2987974992264872, 0.26341611997264885, 0.24193530157208443,
    0.21826488370804684, 0.19828670682466548, 0.1844799945373898,
    0.1728104484146056, 0.16559085063636303, 0.15619410558239274,
    0.14929805108872446, 0.14376025642875745, 0.13705695128959158,
    0.1291735688548373, 0.12361509855026784, 0.1198954443325815,
    0.11260844661813715, 0.10576469439041356, 0.09923689200988282,
    0.09424576596559389, 0.09441581728827694, 0.0827787947314589,
    0.07744359269576229, 0.07557828129147706, 0.07373530154480883,
    0.06740436804197404, 0.07049180619904528, 0.07448639941361287,
    0.06499426293632259, 0.05843723433740113, 0.055525901342701654,
    0.053976615607414555, 0.052568603813162314, 0.051237636225541,
    0.05008930569190694, 0.04923104887585277, 0.047623790739833013,
    0.04598934952493595, 0.045270943771237915
  ],
  "val_losses": [
    0.29228746955809387, 0.25333836253570474, 0.2352557347520538,
    0.22863463636325754, 0.20173152050246362, 0.18283503567395004,
    0.18757651940636014, 0.17757086196671362, 0.16631745773812998,
    0.16360317429770593, 0.159090182379536, 0.16999168046142743,
    0.16972171288469565, 0.15524350430654443, 0.1608917275848596,
    0.16540326566799826, 0.16602638655382654, 0.17775214269109393,
    0.16863861615243164, 0.16187921425570612, 0.16050302609801292,
    0.16605830937623978, 0.17603126168251038, 0.166118697627731,
    0.1900547862700794, 0.16608345945892128, 0.17140730114086813,
    0.1731340405733689, 0.17934269198904867, 0.17544074421343597,
    0.18051501493091168, 0.18626337336457294, 0.18808206429947977,
    0.18801899610654169, 0.18539131546150084, 0.1882847029229869,
    0.18972108545510666, 0.2061039792454761
  ],
  "train_ious": [
    0.3762076287057954, 0.42724809624185556, 0.4780982992354874,
    0.5429509742509415, 0.5829644365965025, 0.608423475149101,
    0.6309953681260777, 0.6442819280900819, 0.6608898194803707,
    0.6746101089469759, 0.684606977454994, 0.6970813288420874,
    0.7116943032521269, 0.7219062437289866, 0.7290308076510397,
    0.7426108284920881, 0.7558367595184541, 0.7685752114200074,
    0.7782106278599175, 0.7785444864328358, 0.8022634445325191,
    0.8134935194815418, 0.817902737661548, 0.8216814742140145,
    0.8358411005009776, 0.828982468208541, 0.8209238312598591,
    0.8412191502857899, 0.8557532144629431, 0.862469947424488,
    0.8658790807577149, 0.8691630286798963, 0.8722940465246423,
    0.8749033790351691, 0.8769481695000683, 0.8804118458343587,
    0.8842913633671358, 0.8858259865555209
  ],
  "val_ious": [
    0.39029605189959204, 0.4432252410097398, 0.5138474940389827,
    0.541471035692139, 0.5729388334396956, 0.6101352305731913,
    0.5975107045277305, 0.6274501547433329, 0.6411499404820843,
    0.6472944932571355, 0.65806904391966, 0.6451874893644584,
    0.6499355074720108, 0.6698871261399725, 0.6621674672848937,
    0.6594095940607182, 0.6591585231000099, 0.6499013088751532,
    0.6698891850917237, 0.6731196555538453, 0.6814596126045007,
    0.6743156592483104, 0.6680930027927178, 0.6826885746441026,
    0.6725929293079653, 0.6831802486077599, 0.6783859077571094,
    0.6824297207421153, 0.6824285731367442, 0.6865497415048488,
    0.6842500133358914, 0.6847043981154761, 0.6849554725315261,
    0.6841513320155765, 0.6862801455933115, 0.6876470556725627,
    0.6896108786265056, 0.681299958108128
  ],
  "training_time": 684.218456029892,
  "avg_gradient": 0.0023017723948496535,
  "memory_usage": 745.21484375
}
