{
  "train_losses": [
    0.30053394304021547, 0.2692816250998041, 0.2500875367904487,
    0.22993054435304974, 0.20897054226826067, 0.19213990883334822,
    0.18121500029836013, 0.17163410928586256, 0.16329329938668272,
    0.1550323623839928, 0.14784082875627538, 0.1412240913056809,
    0.1326119138089859, 0.12698454652791438, 0.11994092709020428,
    0.11340081894203373, 0.1095940418055524, 0.10228653802819875,
    0.09415250984222992, 0.09317953058558961, 0.09054717583500821,
    0.0825790136485644, 0.07586281657542872, 0.07112060556107241,
    0.0676112781562235, 0.0652335477668954, 0.0665436379166077
  ],
  "val_losses": [
    0.2852231141017831, 0.27054737702659937, 0.25825797150964325,
    0.22168058869631393, 0.21593755386445834, 0.19316734211600345,
    0.18696237193501514, 0.17747679352760315, 0.17685143228458322,
    0.1630815491080284, 0.16297988010489423, 0.16577226798171582,
    0.1583204781231673, 0.1587750552141148, 0.17718950723824295,
    0.168201948961486, 0.15533347103906714, 0.15281199210363886,
    0.1550948386606963, 0.16934929237417554, 0.16755702184594196,
    0.16151176036699957, 0.15947496388917384, 0.16576007591641467,
    0.16773189701463864, 0.1740231679185577, 0.18148674329985742
  ],
  "train_ious": [
    0.37030207233715057, 0.4191191599604046, 0.4567766404954611,
    0.5192521850349027, 0.564681047249747, 0.5960378046215012,
    0.6162429266757722, 0.6325545189497261, 0.649213430026303,
    0.6640898394735827, 0.6772134764578895, 0.6902613268382308,
    0.705795775235131, 0.7165986822135204, 0.7287659733623694,
    0.7417880467854543, 0.7490212288887605, 0.7634185586610565,
    0.7788897218263672, 0.7814498429281125, 0.7863367698222828,
    0.8031401632056716, 0.8174642872983127, 0.8279082231979437,
    0.8356099855424703, 0.8410492106408308, 0.8382611768185227
  ],
  "val_ious": [
    0.4024788247070451, 0.4201197886746291, 0.4598610637628513,
    0.5446204746115034, 0.551342211447764, 0.5846748632797296,
    0.5975364266314367, 0.6160952673442122, 0.6147366004145665,
    0.6475206319836604, 0.6481447586978689, 0.642531951808411,
    0.6595501180576242, 0.6601406953473024, 0.641530537518902,
    0.6496156559906143, 0.6744637234487396, 0.6764909022528193,
    0.6827951073646544, 0.6570376449305079, 0.6650805795106333,
    0.6766193625719651, 0.6871643887049913, 0.6807766494111738,
    0.6847663120083187, 0.67588510180729, 0.6694334324287332
  ],
  "training_time": 483.9677503108978,
  "avg_gradient": 0.006840504532848303,
  "memory_usage": 745.21484375
}
