{
  "train_losses": [
    0.2914466257004634, 0.2529464653976586, 0.23308345197659472,
    0.21817115669989068, 0.20015833996560262, 0.18825061100980509,
    0.1752299953090108, 0.1653259288843559, 0.16031129957865115,
    0.14999280622957842, 0.14149894998611315, 0.13255519881520583,
    0.12673719279953968, 0.11747013583131459, 0.11260571561591781,
    0.10578779977462861, 0.10045388960481985, 0.09296556772745174,
    0.08756705895876107, 0.08298466557069965, 0.08395522294323081,
    0.07441207325166982, 0.06922608688878625, 0.06605497686921255,
    0.06423286927621001, 0.0612528133003608, 0.05903914291411638,
    0.05722745708392366, 0.05568601909781928, 0.05418842156296191,
    0.05201278037756034, 0.0557288807897788
  ],
  "val_losses": [
    0.2872812780349151, 0.24384087356536285, 0.2202119723610256,
    0.20181368842073108, 0.19807540204214014, 0.1880130168536435,
    0.1751319733650788, 0.17225712958885275, 0.16924395606569623,
    0.16982588269140408, 0.16643111472544464, 0.15695905879787778,
    0.1579079158280207, 0.1745597577613333, 0.16955232895586803,
    0.1601155709637248, 0.16156264588884686, 0.15868663139965222,
    0.1627778485417366, 0.16820887654371883, 0.164501561904731,
    0.1635664996245633, 0.17181850159945694, 0.17194051716638648,
    0.17311376074086066, 0.17163249202396558, 0.17405099486527237,
    0.18367839377859366, 0.1814157428300899, 0.18166196961765704,
    0.19334758332242136, 0.19209017086288202
  ],
  "train_ious": [
    0.3873359890165382, 0.4533203165453769, 0.5101967913813998,
    0.5421501843501692, 0.5771469582628087, 0.6038515821531201,
    0.6283740360235823, 0.6460318668489008, 0.6559658508909786,
    0.6738742946822572, 0.6891283101901627, 0.7055628794798817,
    0.7161281393921893, 0.7338336753672444, 0.7424688892088073,
    0.7559732536690823, 0.766527697713911, 0.7812719537836051,
    0.7930018021792604, 0.8026812922047533, 0.8009722917948082,
    0.820936241443606, 0.8322518851230108, 0.8391865744538924,
    0.8432816983996957, 0.8497977358275568, 0.8549747579339624,
    0.8589932282549748, 0.8626162785550825, 0.865873666669148,
    0.8709297920914664, 0.8627237960480261
  ],
  "val_ious": [
    0.4188174128100493, 0.4864235279568727, 0.5362528153303743,
    0.5703821788015573, 0.5821986142275989, 0.6042318002901216,
    0.6254241835811862, 0.6323219412478849, 0.6391684453988422,
    0.6373387525478996, 0.6456154317095659, 0.6623598432195359,
    0.6610850732827531, 0.6436825541482457, 0.6511485259170119,
    0.6684383309405784, 0.6644958100025203, 0.6754629205966339,
    0.6741809147423593, 0.6667283548825026, 0.6766163598800051,
    0.6786013740128366, 0.6742085961328037, 0.6790087970270628,
    0.6743729572365249, 0.6840620446896208, 0.6783658417238706,
    0.6794782345709595, 0.6802575672450273, 0.6828141348517459,
    0.6793169009944667, 0.6648983618487481
  ],
  "training_time": 574.3460876941681,
  "avg_gradient": 0.004751020811155854,
  "memory_usage": 745.21484375
}
