{
  "train_losses": [
    0.30626818051804666, 0.27325916427956976, 0.24235457376293515,
    0.217028988606256, 0.20040362223010996, 0.18716167067380055,
    0.1781958910110204, 0.16761068659632103, 0.16264326060595719,
    0.15328446305964305, 0.14679084702030473, 0.1380034702141648,
    0.13490621632207994, 0.12978806014618147, 0.12103785088528758,
    0.11605726332282243, 0.10845806465848633, 0.10305103222313135,
    0.09867886174470186, 0.09290148297567731, 0.08726988967670046,
    0.08745181738682416
  ],
  "val_losses": [
    0.28629707253497577, 0.26704198122024536, 0.23148767067038495,
    0.2058843435800594, 0.19100221991539001, 0.18283612021933432,
    0.1875724960928378, 0.16842174076515695, 0.17572998806186343,
    0.16275449097156525, 0.16751386322405026, 0.15802476474124452,
    0.1549322154858838, 0.1657555666954621, 0.15034848516402038,
    0.16411497962215674, 0.14845469318654225, 0.15475086835415466,
    0.15550080314278603, 0.15290517295184342, 0.15943548990332562,
    0.18152272506900455
  ],
  "train_ious": [
    0.362397946794818, 0.42302509674820343, 0.49985305166573846,
    0.5488109552449939, 0.5799617208810388, 0.6063780970601499,
    0.6219265230971832, 0.6409113873066247, 0.6502255925881689,
    0.6680104353505635, 0.6795010916564774, 0.696085269252459,
    0.7011540707038795, 0.7106315116735473, 0.728134353145741,
    0.7365331904071829, 0.7514065444685412, 0.7613544770233006,
    0.7695947106441726, 0.7810196904060632, 0.7929068769233811, 0.79340512705022
  ],
  "val_ious": [
    0.39827901168146, 0.47176819024742533, 0.5152400868634384,
    0.5664187079106552, 0.593551743829596, 0.6139304546126421,
    0.6016989547921263, 0.6373495876357175, 0.6278112530708314,
    0.6479127528010935, 0.6458770617626716, 0.6606037696634516,
    0.6677432248125907, 0.6478108720502991, 0.6788813966339913,
    0.66053073345751, 0.6843497342821481, 0.6771995274053105,
    0.6795486544353375, 0.6903346541567125, 0.681738424560298,
    0.6521256248588145
  ],
  "training_time": 394.9759211540222,
  "avg_gradient": 0.004509379130050725,
  "memory_usage": 745.21484375
}
