{
  "train_losses": [
    0.3013502171506052, 0.25567127569862036, 0.23363319994962733,
    0.21781833218815533, 0.2017119376231795, 0.18549868326796137,
    0.17301413821785347, 0.1628779436097197, 0.15459584007444588,
    0.14616635425583177, 0.14191740475918935, 0.13244291779625675,
    0.12499813994635707, 0.11910014340411061, 0.11222330857392239,
    0.10452805609320817, 0.09816561270829129, 0.09015981391396212,
    0.08680086562652951, 0.08271232332386401, 0.07718412408038326,
    0.07194400941143217, 0.07477109703113852, 0.0661316942828505,
    0.06303511932492256, 0.06058895415828928, 0.058063530788311495,
    0.05832944796218172, 0.055220974487778934, 0.05198779396469826,
    0.05042134405559172, 0.06389302161076794
  ],
  "val_losses": [
    0.2768659423226896, 0.2361152052231457, 0.22190503776073456,
    0.2153582171253536, 0.1948403965519822, 0.18898311322150024,
    0.18258041305386502, 0.17744369966828305, 0.17080342251321542,
    0.16699815087992212, 0.1590088440672211, 0.16662849550661835,
    0.1871444385336793, 0.16950268298387527, 0.16396318489442702,
    0.15704710085106932, 0.17192350230787112, 0.1706915948054065,
    0.17002172087845596, 0.16353746633166852, 0.16254014959153923,
    0.1819477599600087, 0.17984218863041504, 0.1724908611048823,
    0.17899627108936725, 0.17915807502425235, 0.19056351126536078,
    0.18262206892604413, 0.19021217460217682, 0.18907177642635678,
    0.18953677882318912, 0.19333534039880917
  ],
  "train_ious": [
    0.3657632735452405, 0.4487137578174942, 0.5123774023098953,
    0.5490872290093397, 0.577155251595853, 0.6082326060943842,
    0.6315401459409706, 0.6500382777033505, 0.6635504054526487,
    0.6793447341499983, 0.6878038602678671, 0.7050427618989914,
    0.7184351087696313, 0.7308075877743356, 0.7427985784800157,
    0.758183562345263, 0.7717902033549287, 0.7871067399240058,
    0.7936809180115444, 0.8027226829874341, 0.8144199131191645,
    0.825954801038555, 0.8199658615217693, 0.8388607356211407,
    0.8460039249148926, 0.8510063075716949, 0.8567105567325719,
    0.8562218069598294, 0.8635555812414143, 0.8707982812454733,
    0.8742987240354217, 0.8468451449188631
  ],
  "val_ious": [
    0.3999278795891913, 0.49620921083766484, 0.5391435528147048,
    0.5595515747217165, 0.5894998155426289, 0.610870875634145,
    0.6222472262123354, 0.6292834912521251, 0.6421421865622203,
    0.6474276206631593, 0.6556975437679152, 0.6495387929937114,
    0.632249326593634, 0.6461487805497821, 0.6601117862307507,
    0.6781454766574112, 0.6635966754477958, 0.6665086411479593,
    0.6690775991781898, 0.6789351833471354, 0.6832174438497294,
    0.6717619643263195, 0.6737720342218012, 0.6868897192720056,
    0.6805080618115439, 0.6862763907166494, 0.6812580551790154,
    0.682246855635574, 0.683962633428366, 0.68592583981977, 0.687798524896304,
    0.6414479457813761
  ],
  "training_time": 573.1143324375153,
  "avg_gradient": 0.006091954155565537,
  "memory_usage": 745.21484375
}
