{
  "train_losses": [
    0.28237703564050404, 0.245262171668203, 0.22530972131568452,
    0.20616956079459708, 0.1888451115430697, 0.1781426958091881,
    0.1687860166573006, 0.15830584660010494, 0.14960835169514883,
    0.14298461442408356, 0.13562665827086437, 0.13051245725997115,
    0.12092936209038548, 0.11598748049658278, 0.10616715049938015,
    0.10441829284410113, 0.09472227205886789, 0.08862503213079079,
    0.08543759649214537, 0.07936785600917495, 0.0750605377530598,
    0.07338690743579165, 0.06781193073434026, 0.06354888743194549,
    0.06475513472991146
  ],
  "val_losses": [
    0.2561992332339287, 0.23773553190024002, 0.21651957378439282,
    0.2118459522076275, 0.1901974088471869, 0.1813458087651626,
    0.17374174199674441, 0.16832387512144836, 0.17166320396506268,
    0.1560941821207171, 0.1727064721610235, 0.16721883545751157,
    0.16321905216445093, 0.15222270203673322, 0.17116457353467526,
    0.1583338366902393, 0.1661427754746831, 0.15904620743316153,
    0.17138574434363324, 0.1687927048491395, 0.16083784935914952,
    0.16484885031114455, 0.17397613661444705, 0.16737990534823874,
    0.20660565761120422
  ],
  "train_ious": [
    0.3995071695837028, 0.46879640206674145, 0.5256413616698938,
    0.5684083187007813, 0.6027550928402641, 0.6226065971929095,
    0.6400073856331302, 0.6580794296510843, 0.6736622263771901,
    0.6854489306932775, 0.6988459656527943, 0.7091624199048334,
    0.7273534058012823, 0.7362646783931531, 0.7555294710656872,
    0.7585211472342845, 0.7775381198827769, 0.7903105242960693,
    0.7967693495253719, 0.8097935508990636, 0.8188931002565052,
    0.8221592954967332, 0.8346520971128908, 0.8442021204509594,
    0.8426582191301426
  ],
  "val_ious": [
    0.44751423397573875, 0.4868116519427386, 0.5522702457248301,
    0.5591951271762018, 0.6033522158429242, 0.6207726222017538,
    0.6328764741403468, 0.6396391575319181, 0.6363124566665593,
    0.6629093110129453, 0.6387602926596352, 0.6538092206785645,
    0.6515868632257849, 0.6773557071236597, 0.6471347938413204,
    0.6727912054545638, 0.6728752898997157, 0.679145199665125,
    0.6689201215471047, 0.672368431004925, 0.6845858084118885,
    0.6825138421162316, 0.6783848065828931, 0.688188187238099,
    0.6377732263527054
  ],
  "training_time": 448.8522479534149,
  "avg_gradient": 0.011431786902507917,
  "memory_usage": 745.21484375
}
