{
  "train_losses": [
    0.29629520764169487, 0.26606132154879364, 0.24488623926173086,
    0.22927884198725224, 0.21252603626445585, 0.1971417082392651,
    0.18110727421615436, 0.17208405316847822, 0.16352749947944414,
    0.1557316124925147, 0.14770628746760928, 0.14043162929137115,
    0.13499805590380792, 0.126965230209348, 0.12161712405150352,
    0.11975769998262757, 0.10851849927364485, 0.10317543582261904,
    0.0974495821510968, 0.09101127355319003, 0.089685193222502,
    0.0835033554745757, 0.07714900378461766, 0.07299846054419228,
    0.07019477637241715, 0.06763649991025096, 0.06613746358324653,
    0.06529714837265403, 0.061865606729913016, 0.05855090331043238,
    0.05602217386679157, 0.053906763782319816, 0.0528274512971225,
    0.05149559984388559, 0.06657664913117238
  ],
  "val_losses": [
    0.27520544632621435, 0.25724032391672547, 0.25649094095696573,
    0.22968708982934122, 0.20699477228133575, 0.1909684065891349,
    0.1880539406252944, 0.18793040092872537, 0.17188292255868082,
    0.1717895735865054, 0.17359781070895816, 0.16113186854383219,
    0.1689675631730453, 0.1716776315284812, 0.1643582216423491,
    0.16445615013008533, 0.16820604127386343, 0.16075058767329092,
    0.1967311443194099, 0.16675269069231075, 0.17223612769790317,
    0.16910066455602646, 0.1683834647030934, 0.17025441611590592,
    0.17007485469398292, 0.17741679335417954, 0.18087486614999565,
    0.1729683082388795, 0.18076175807610803, 0.17800216506356778,
    0.18759353523669037, 0.19138677418231964, 0.19086874503156412,
    0.18877588342065396, 0.18508066042609836
  ],
  "train_ious": [
    0.380667876541628, 0.4233696459788219, 0.4706788881556585,
    0.5154172460400109, 0.5556079711819037, 0.5852998415197151,
    0.6156116248904793, 0.6319425707494004, 0.6469902243411191,
    0.6624090517668622, 0.6756053412522097, 0.6898610995731491,
    0.7002436632047531, 0.7153546620106349, 0.7251316095175951,
    0.7291419811654781, 0.7503872485156513, 0.7606217705145258,
    0.7723923213240028, 0.7854367172264538, 0.7881334587067801,
    0.8009571815854397, 0.8147672180464306, 0.8235050761613291,
    0.8295191111771958, 0.8352844679485196, 0.8389779729903609,
    0.840568470026272, 0.8484158527807911, 0.8555778509032901,
    0.8614402261117233, 0.8662733644031093, 0.8686709409390675,
    0.8717889766330305, 0.8408325831743256
  ],
  "val_ious": [
    0.4107983777488488, 0.43941654243331024, 0.46828768164783297,
    0.521787022118983, 0.562379309448643, 0.5946501146840012,
    0.5964797616436861, 0.6092342788326567, 0.6312226467374443,
    0.6362266801837559, 0.6358177819545717, 0.6536089058803476,
    0.6435995866423068, 0.6483031548019768, 0.6596477826436358,
    0.6597263847572217, 0.6575621422650159, 0.6696988117435704,
    0.633828958955364, 0.6739290812309239, 0.6694703218729599,
    0.6751146750605623, 0.6772845309713612, 0.6787719482528992,
    0.6803205026232676, 0.6777941502522731, 0.6624959815239561,
    0.675363288409468, 0.6803652406602666, 0.6846665549969329,
    0.6811686434607573, 0.683474566841471, 0.6844984262749768,
    0.6849998460299725, 0.6632688511972844
  ],
  "training_time": 629.2641124725342,
  "avg_gradient": 0.0027804403711348485,
  "memory_usage": 745.21484375
}
