{
  "train_losses": [
    0.3094011864260487, 0.28143419673585374, 0.2622752575122792,
    0.23790549430186334, 0.21619060595074427, 0.2004556310079668,
    0.18814367072089858, 0.17644231531607069, 0.16815831423129723,
    0.1580922067489313, 0.15174285261689321, 0.14289523215721484,
    0.13636064120446859, 0.12908141946663027, 0.12081330783827149,
    0.11372862161015687, 0.10665993517993586, 0.10175606361387865,
    0.0954650265124181, 0.0879260819081379, 0.0862097613837408,
    0.07861479088340116, 0.07442146774543368, 0.0695728940848747,
    0.0669014326742162, 0.06462951891286217, 0.06333452566405354,
    0.061033628860731486, 0.06040288809605915
  ],
  "val_losses": [
    0.30325781456802203, 0.2866816423509432, 0.2540867853423823,
    0.22436310350894928, 0.2223636362215747, 0.2035946470239888,
    0.1875204826178758, 0.18631447916445526, 0.17697300729544266,
    0.17539802128854004, 0.16830117223055466, 0.1671537601429483,
    0.16491889143767563, 0.16075829416513443, 0.1648208349943161,
    0.15673504834589752, 0.1644105979281923, 0.1609297679818195,
    0.1562254020701284, 0.1605050142692483, 0.16634883083727048,
    0.16862303472083548, 0.16005812941685968, 0.1658805218403754,
    0.17124512402907663, 0.17596860391938168, 0.1780126341011213,
    0.18276490886574207, 0.1910850140063659
  ],
  "train_ious": [
    0.3546049078824741, 0.4012315009652059, 0.44179419445163803,
    0.5073693531254927, 0.549849673160824, 0.5799292667998348,
    0.6014761468800516, 0.6232689639040525, 0.6392384730279449,
    0.6571274727474953, 0.6691382426930513, 0.6849910792341267,
    0.697826920536118, 0.7107424342437928, 0.7262126493497171,
    0.7401121143197666, 0.7542101056787416, 0.7637003957685352,
    0.776004397566768, 0.7918556103131908, 0.7956835664808755,
    0.8112909963381464, 0.82015572855438, 0.8306713631187658,
    0.8367103624387064, 0.8417576012620025, 0.8447232206446537,
    0.8499107838108919, 0.8514824562530584
  ],
  "val_ious": [
    0.3834997527841209, 0.40069649141767744, 0.45583547679437453,
    0.5276262486974399, 0.5509954543001409, 0.5741815073550611,
    0.6046683127465454, 0.6130875755047454, 0.6237310071786246,
    0.6283651700486308, 0.6419649905916572, 0.6461471245772596,
    0.6506020307972811, 0.6575582275787989, 0.6549200232046237,
    0.6656337432239365, 0.6681590544572775, 0.664149032122847,
    0.6782195224710132, 0.6782805919647218, 0.6749399924191876,
    0.6785159020320228, 0.6836225433626038, 0.6813468304665191,
    0.679112965861956, 0.6737235192803369, 0.6780174169419467,
    0.6780442614918168, 0.6730751986952794
  ],
  "training_time": 520.6154160499573,
  "avg_gradient": 0.005498152817032896,
  "memory_usage": 745.21484375
}
