{
  "train_losses": [
    0.3054674538257329, 0.2663491933566073, 0.24002472367947517,
    0.22246772852604804, 0.20869698092017486, 0.19332943710943926,
    0.1800231853419024, 0.16927675821858904, 0.1589819918508115,
    0.15489821504477574, 0.14473291551289352, 0.1367745312821606,
    0.1278578302944484, 0.12277383373483368, 0.1142541837838033,
    0.1077698063834206, 0.10530089562677819, 0.09598633545734313,
    0.0885396583167755, 0.08335329215649677, 0.08024117540892052,
    0.07763012494567943, 0.07394822980479701, 0.07288599429328156,
    0.06843626464757582, 0.06418066633784253, 0.06064956726344383,
    0.05941380100810657, 0.05772231199333201, 0.055327673685615475,
    0.053329984839681696, 0.05172938027459642, 0.05020646101025784,
    0.048998487789345825, 0.04687385299526479, 0.04906258489126745,
    0.04746270683877494, 0.046998289859165314
  ],
  "val_losses": [
    0.33039028165133105, 0.26501556550679, 0.23567727629257285,
    0.22391308358182077, 0.2102504343442295, 0.2012230083346367,
    0.19200453712888385, 0.1827854617782261, 0.18067102393378381,
    0.17009778579939966, 0.17049500410971435, 0.17419056529584137,
    0.17397003718044446, 0.1730441914304443, 0.16606301538970158,
    0.17641463033531024, 0.182975465512794, 0.17938271683195364,
    0.1753853987092557, 0.17480435449144113, 0.17778251255336014,
    0.17600896031312321, 0.17719014604454456, 0.18313933066699817,
    0.18569131778634113, 0.1809997069446937, 0.1815956153947374,
    0.1842943391074305, 0.18801516683205313, 0.19039445370435715,
    0.1963750227637913, 0.19775122857612112, 0.1984608850401381,
    0.20299350761848947, 0.19425737339517343, 0.20435676853293958,
    0.20298745774704477, 0.2586516151609628
  ],
  "train_ious": [
    0.3652533276844213, 0.42294371566450123, 0.48101142136126185,
    0.5293437377752166, 0.5598977036450219, 0.5919920639337404,
    0.618055963051924, 0.6376901523250599, 0.6567103325024891,
    0.6648392309097276, 0.6825602180931876, 0.6961289905011655,
    0.7140303761630816, 0.7226133428082084, 0.7389074715151304,
    0.7513244676849117, 0.7562818784752621, 0.7745487841683018,
    0.789577981592088, 0.8002001914209215, 0.8070226772755814,
    0.8124088858780653, 0.8206809428722959, 0.8228839878802718,
    0.8325557430153312, 0.8419842839888905, 0.8502166259331972,
    0.8530223112607347, 0.8568201501300373, 0.8623746074196227,
    0.8669577104889833, 0.8704554607038911, 0.8741736430404847,
    0.8769341549579642, 0.8819322049401809, 0.8767674753199459,
    0.8804871013415037, 0.8816986660594524
  ],
  "val_ious": [
    0.3730723097704458, 0.43627661790942773, 0.4962625715719617,
    0.5338120636516721, 0.5659192643951678, 0.5787532557395921,
    0.5994670448311862, 0.6206976600747178, 0.6247507304601048,
    0.6386335147679716, 0.6413676103819971, 0.6391363016505174,
    0.6450336153308551, 0.6427786178562952, 0.6584603887969167,
    0.6436236254546951, 0.649091354098873, 0.6536736198957417,
    0.6593002195375554, 0.6633578173924185, 0.6590881889712981,
    0.664576291822005, 0.6659148324658904, 0.6656000020279401,
    0.6644262131573498, 0.6695209642251333, 0.6710788588161054,
    0.6646979591552762, 0.6704461386670237, 0.6756111554045607,
    0.6704752544562022, 0.6754263309033021, 0.6735742765924205,
    0.6769382867260255, 0.6728400786717732, 0.6717031606729481,
    0.6756436053825461, 0.6361784304397694
  ],
  "training_time": 684.9887320995331,
  "avg_gradient": 0.006107131829572963,
  "memory_usage": 745.21484375
}
