{
  "train_losses": [
    0.3171622076112291, 0.27497116209048295, 0.24527343492145123,
    0.222277809906265, 0.20395178720355034, 0.19165998583902483,
    0.1804424220615107, 0.17173735092839468, 0.16308295006013435,
    0.15487387347156586, 0.14787504230828388, 0.14058382367796224,
    0.1323048781360621, 0.1281019276736871, 0.12014933100537113,
    0.11415947568805321, 0.10686259870619877, 0.10085984044100928,
    0.09410664584973584, 0.08841823466608058, 0.08360378812674595,
    0.08403071141599314, 0.07621280861127636, 0.07270874953626291,
    0.06762061075752844, 0.06630674449969894, 0.0639405939930483,
    0.06067326401724764, 0.057885853776141354, 0.056486603662209665,
    0.05839383822825292
  ],
  "val_losses": [
    0.29771007273508154, 0.2925737474275672, 0.24197437484627185,
    0.2244448694198028, 0.2063641091403754, 0.1993983323159425,
    0.18641720485428107, 0.1784541568030482, 0.1726604551076889,
    0.1722082890894102, 0.1636751575962357, 0.17030173896447473,
    0.16634001680042432, 0.16254588702450629, 0.1657381017246972,
    0.164784195954385, 0.16706744581460953, 0.16546400636434555,
    0.1676057055592537, 0.17010367791289868, 0.1678907035485558,
    0.17211308751417242, 0.16772509949362796, 0.17387313395738602,
    0.18011025404152664, 0.18142910528442133, 0.1836333164702291,
    0.18999626487493515, 0.1849289691966513, 0.1943716274007507,
    0.22758552853180014
  ],
  "train_ious": [
    0.32982970892186597, 0.4131964341134834, 0.49040594879213883,
    0.5390169497957269, 0.5725457202913106, 0.5965432901799248,
    0.6165201013394885, 0.633119553840463, 0.6485321019654687,
    0.6642396316148232, 0.6764265411141988, 0.689812473574842,
    0.7052462092884211, 0.713113781334697, 0.7285995110329508,
    0.7396452726013417, 0.753792569041252, 0.7658337147339528,
    0.778291668634916, 0.7902316563371299, 0.8004914135604659,
    0.7996770953354627, 0.8163085362833479, 0.824126499934473,
    0.8352794429098347, 0.8382135327311527, 0.8436162208301434,
    0.8509839961062309, 0.8569986124833424, 0.8604877630005711,
    0.8571728082454723
  ],
  "val_ious": [
    0.3898321996996369, 0.38798365122436196, 0.49806896391986066,
    0.5348908542722896, 0.5614744127876516, 0.5823172296302905,
    0.6072866905858553, 0.6175892707230389, 0.6321166956770249,
    0.6285552134116492, 0.6483225591372752, 0.6410968925641931,
    0.6493701006191365, 0.6546962788139566, 0.6567718522704167,
    0.6576536766428879, 0.6597911689592446, 0.661657314369644,
    0.6642942350843679, 0.6680990872175796, 0.6676371000383213,
    0.6679579531369003, 0.6784888518893198, 0.6700079322293185,
    0.6745053685229757, 0.6764562289783919, 0.6722651666057283,
    0.6758478990067608, 0.6734441250994586, 0.6712430525517117,
    0.6385773377142091
  ],
  "training_time": 555.9864368438721,
  "avg_gradient": 0.0077757443189647585,
  "memory_usage": 745.21484375
}
