{
  "train_losses": [
    0.30309871292632556, 0.26168927436937456, 0.2259964833602957,
    0.2052051867965771, 0.19222918654913487, 0.18006801815784496,
    0.16940223506611327, 0.16063919185620287, 0.1531965345873133,
    0.14507950838331296, 0.13922177457615084, 0.1324150304755439,
    0.12425057383497125, 0.11825557713113401, 0.11029884539058675,
    0.10413270342447188, 0.0998121931663026, 0.09282043859686541,
    0.08719181492114844, 0.08376839518061151, 0.08195098080550847,
    0.07653695559534042, 0.08335400785764922, 0.06957081108070585,
    0.06446757372063787, 0.061402222404823355, 0.06044869531836847,
    0.05745384022188575, 0.055301019658698984, 0.05307805661678962,
    0.05321302190018089, 0.051204317634034414, 0.0486342704490475,
    0.047205543712429375
  ],
  "val_losses": [
    0.2824137942946475, 0.2419889394355857, 0.22079222390185232,
    0.2109756803382998, 0.21009468352017197, 0.18103586720383685,
    0.180932710028213, 0.17296372030092322, 0.16934134973132092,
    0.1657318984684737, 0.17929168920154157, 0.16158895971982376,
    0.16165701267511948, 0.1647774852488352, 0.16265573320181473,
    0.15981326948689378, 0.16209023364860078, 0.1613807375340358,
    0.17443069912817166, 0.16184358266384705, 0.17713486856740454,
    0.16495202416959015, 0.16921029482846675, 0.16797372633996216,
    0.1714520695740762, 0.17328808424265488, 0.17793649111105048,
    0.17575810687697452, 0.1751621595543364, 0.18456880229970682,
    0.1817906881156175, 0.1881198131519815, 0.18945450011802756,
    0.2015542912742366
  ],
  "train_ious": [
    0.3637041037652021, 0.4466744327402815, 0.5300352934585967,
    0.5702971396022951, 0.5950963338702056, 0.6175550013996547,
    0.6378386212863782, 0.6532454179680864, 0.6675178227757198,
    0.6824657209757445, 0.6934383490487285, 0.7053746668540913,
    0.7205998904031258, 0.7319751546002814, 0.7464715587920034,
    0.7592804285603153, 0.7677578932565189, 0.7809283216686346,
    0.7930601099371046, 0.7999700187988898, 0.8042966066927149,
    0.8154822188443033, 0.8031011344729992, 0.8307567898561992,
    0.8420867595983583, 0.8488627132298292, 0.8508812610221947,
    0.8578728317566543, 0.8625101496775948, 0.8678127091000051,
    0.8673436976429345, 0.8720640560639078, 0.8779529532876562,
    0.8813448960798373
  ],
  "val_ious": [
    0.40537890359975287, 0.5051730948945751, 0.5386544875260714,
    0.5746247073014576, 0.5683392192358556, 0.6116475517983021,
    0.621617668888707, 0.6326500445172406, 0.6408448227937672,
    0.6486488682204399, 0.630886648012244, 0.6616014604983123,
    0.6605800979811213, 0.6556172204622324, 0.6613786615755248,
    0.6715301808671675, 0.6783269043417945, 0.6801855473414712,
    0.664575433385545, 0.6758291051871536, 0.6716942065867822,
    0.6829047120999598, 0.6758057559313982, 0.6820106225601141,
    0.6897994109253951, 0.6799298600442166, 0.6830239561588868,
    0.6840185538150261, 0.6902538255073022, 0.6825989216998004,
    0.6833617734736291, 0.6893262275751085, 0.689224775934565,
    0.6774702562370161
  ],
  "training_time": 610.3064813613892,
  "avg_gradient": 0.0030433114089483074,
  "memory_usage": 745.21484375
}
