{
  "train_losses": [
    0.30102338463715883, 0.2626923106448806, 0.23171085856207038,
    0.20963716320693493, 0.19322660071370396, 0.18132980702363927,
    0.17183978717936121, 0.16451435771001421, 0.15656824077924955,
    0.14954489797515713, 0.1440482882215925, 0.13548596013013436,
    0.13160274453137233, 0.12356496310752371, 0.11573439949880475,
    0.11107104753508516, 0.10599156056085358, 0.09735624439528455,
    0.1008482932963449, 0.08857310579522797, 0.08184673426591832,
    0.07620141750363552, 0.07723752868807186, 0.07502905722788494,
    0.06889585022936048, 0.06478329567724596, 0.06159843135949062,
    0.059116069085734045, 0.05651437337307826, 0.06422614243448428,
    0.05575874376961071
  ],
  "val_losses": [
    0.287180267598318, 0.2510831670268722, 0.24151405692100525,
    0.21551421576220056, 0.2119594187192295, 0.18592989703883295,
    0.18217925047097, 0.17957795897255774, 0.18095917319474014,
    0.16855953471816104, 0.167032054261021, 0.16444725024959314,
    0.16364115509002106, 0.16972935815220294, 0.16224225124587183,
    0.17935243702453116, 0.15585362506301506, 0.15724784816088883,
    0.1672819982404294, 0.17826654567666675, 0.16236481410653694,
    0.16673358432624652, 0.17243006339539652, 0.17930055182913077,
    0.17577074889255606, 0.17074655125970425, 0.17523259410391684,
    0.18086796642645545, 0.186976153889428, 0.18080247420331705,
    0.19541803164326627
  ],
  "train_ious": [
    0.3682864438694684, 0.435381411072239, 0.5196849055237314,
    0.5637022912826222, 0.5930906696973935, 0.6155009897614733,
    0.6330682838848534, 0.6473547749329304, 0.6610179638517075,
    0.6747207372732782, 0.6848918783707899, 0.6995741112724596,
    0.7072267811475462, 0.7223091242645959, 0.7367838255629158,
    0.7451798179443334, 0.755118861362554, 0.7718251821571497,
    0.7660259539126485, 0.7896068034612612, 0.8041328502737959,
    0.8162836539356609, 0.8142966399158257, 0.8188644449995912,
    0.8319517869664281, 0.8414330923038983, 0.848311462048171,
    0.8541461588895839, 0.859814761989358, 0.8434572890400887, 0.861502169590929
  ],
  "val_ious": [
    0.4021868321342744, 0.4950913060186566, 0.513782632847627,
    0.550622594529304, 0.5559460689192232, 0.6105466463427613,
    0.6170408486024195, 0.6214655981115671, 0.6277198022690373,
    0.6432130820509316, 0.6445268986449725, 0.6533026395068654,
    0.6530269423256749, 0.6496235793051512, 0.6649081970470538,
    0.6493911276692931, 0.6764393211274907, 0.67804369935091, 0.661294950955156,
    0.6644822635512421, 0.6776948666227037, 0.6746785848037056,
    0.6603333591551019, 0.6748478501171306, 0.6790432377137999,
    0.682787645554197, 0.6818350976791936, 0.6807188920784687,
    0.6809277934008752, 0.6768670276455258, 0.6714135989330817
  ],
  "training_time": 558.8401565551758,
  "avg_gradient": 0.001839818497307395,
  "memory_usage": 745.21484375
}
