{
  "train_losses": [
    0.3035786666947862, 0.26936601021367573, 0.24377997179070246,
    0.22090460627299288, 0.20010212987013484, 0.19010119196837363,
    0.17567805670525716, 0.16802777633394883, 0.1576723168887522,
    0.14898503944277763, 0.14354307338109482, 0.13534067291766405,
    0.12940359253274358, 0.12021779495736827, 0.11452257920704458,
    0.10968716843458622, 0.10535084176808596, 0.09415733263544414,
    0.08837053864060537, 0.08568356554631305, 0.08497823843651492,
    0.07589440108479364, 0.07285089424365888, 0.07063294524002982,
    0.06563546745430517, 0.07213088829556237
  ],
  "val_losses": [
    0.3255523627866869, 0.2580712278899939, 0.2570589366166488,
    0.21658085675343222, 0.21340328519758972, 0.19376017995502637,
    0.18174196520577307, 0.1749286606259968, 0.1707818566457085,
    0.16950546950101852, 0.16656530389319296, 0.16946077897496845,
    0.16776165009840674, 0.16631925980681958, 0.16063383594155312,
    0.16896030144846957, 0.1604741884638434, 0.1618651585734409,
    0.1662538090477819, 0.19104123439477838, 0.1669714884913486,
    0.1651926558950673, 0.17048790597397348, 0.179597112795581,
    0.17381790442311246, 0.18787264273218487
  ],
  "train_ious": [
    0.36231677386079514, 0.41832473284199095, 0.4778500611387967,
    0.5411023296469794, 0.5789630312634548, 0.5984719361354042,
    0.6253365068763926, 0.6391748058731144, 0.6586883402820944,
    0.6745442069958949, 0.6842115742248901, 0.7000174031093498,
    0.7113743368806184, 0.7286569927481636, 0.7392606083573636,
    0.748075919414776, 0.7572204261694264, 0.7788021749668362,
    0.7909179688903734, 0.7968987629249473, 0.7976279386143751,
    0.817111859179061, 0.8239506811335469, 0.8284284389321357,
    0.8394647809690323, 0.8269042875887687
  ],
  "val_ious": [
    0.38181023256502283, 0.43559262502020696, 0.48827372539950453,
    0.5505556673675345, 0.5576396964598395, 0.5926971272497938,
    0.6134718401708464, 0.6280476448760516, 0.6364063832207002,
    0.6445220419462178, 0.6425771801799965, 0.6477669771166815,
    0.6491173648315929, 0.6543371111586473, 0.6648692039475925,
    0.6538739029480062, 0.6728400102128151, 0.6797542004049688,
    0.6752906562625498, 0.644861012481261, 0.6773833397074022,
    0.6784863957892293, 0.6777958414260893, 0.6635338810906893,
    0.679136791738911, 0.653376719226008
  ],
  "training_time": 466.69076704978943,
  "avg_gradient": 0.0032803068106684753,
  "memory_usage": 745.21484375
}
