{
  "train_losses": [
    0.29675169758822606, 0.25217052087511704, 0.23230703199363273,
    0.21822039361881174, 0.20477530643667863, 0.18825543534172617,
    0.1753540388106004, 0.16662516218164694, 0.15652729352207287,
    0.14934226753109175, 0.14141761143084453, 0.13522146767734186,
    0.12662217203203752, 0.12182454084572585, 0.11327945307383071,
    0.1089987761705466, 0.1055014090936469, 0.10057939670008162,
    0.09081789948370146, 0.08427602562891401, 0.08057296689113845,
    0.07644022316874369, 0.07105117113046024, 0.07805742272783232
  ],
  "val_losses": [
    0.2693532287426617, 0.30802917124136636, 0.2642469402888547,
    0.23348318396703058, 0.2073401475082273, 0.18974194124988888,
    0.18530868220588434, 0.19463211071232092, 0.17859703205201938,
    0.1750069898755654, 0.1675252616405487, 0.16926975353904392,
    0.16433462079452432, 0.15761979232015816, 0.16874553765291753,
    0.1659683763332989, 0.1567456474446732, 0.16285650545488234,
    0.1635403652553973, 0.16348237252753714, 0.16520081833004951,
    0.17579121725714725, 0.17358470351799674, 0.17532232031226158
  ],
  "train_ious": [
    0.37925451001616295, 0.45112936952035304, 0.5066106597879445,
    0.5452579792076048, 0.5697097886569692, 0.6005539139597744,
    0.62686898721301, 0.6429728906655656, 0.6609226650409942,
    0.6733507881129998, 0.6880471464516461, 0.6997473639962463,
    0.7157630741704202, 0.7251611907521022, 0.7409196447419082,
    0.7497478587471921, 0.7567492075588396, 0.7661983680142008,
    0.7856948103053846, 0.7995662258910958, 0.8070638071259729,
    0.8158542761120244, 0.8276099451426148, 0.8135089533052582
  ],
  "val_ious": [
    0.4250483614379082, 0.4346824375021718, 0.4749456796309222,
    0.5246971138361574, 0.5679578736856364, 0.609903925138971,
    0.615005337457726, 0.6068413717591246, 0.6234956158028132,
    0.6327961113141931, 0.6466725140378093, 0.644435381543809,
    0.656610742211342, 0.6667735200861226, 0.6570026131643765,
    0.6619282155365186, 0.6722913129606107, 0.6655534952878953,
    0.6722589068222736, 0.6728652802066528, 0.6764780580997466,
    0.6754984192658161, 0.6758796047905217, 0.6617561051810998
  ],
  "training_time": 431.41902923583984,
  "avg_gradient": 0.0056571312889263994,
  "memory_usage": 745.21484375
}
