{
  "train_losses": [
    0.3003507793435584, 0.2546854282364897, 0.23356016514741856,
    0.21596795644449152, 0.20229866355657578, 0.18726434542433076,
    0.17428905638339726, 0.16614262346664202, 0.15670545828407226,
    0.15004286801685457, 0.14262951546065186, 0.13665848861084037,
    0.13025851762327162, 0.12426517195189776, 0.11734691881777151,
    0.10856050491818915, 0.10504605094699757, 0.09833463747054338,
    0.0913065507117173, 0.08544023363324611, 0.08171049683638242,
    0.07599752554265053, 0.07983239270422769, 0.07498176393868483
  ],
  "val_losses": [
    0.2796057109599528, 0.24951041522233383, 0.2339080348610878,
    0.21157877957043442, 0.19689951901850494, 0.19283791177946588,
    0.17929749126019684, 0.17509593620248462, 0.18168098511903183,
    0.172200132323348, 0.16509362277777298, 0.16551489836495856,
    0.16277705068173615, 0.1615669442259747, 0.16329673386138419,
    0.1645461976852106, 0.17014160039632217, 0.16311450885689777,
    0.1798450221186099, 0.166561057386191, 0.17281250526075778,
    0.169929931021255, 0.17833579590787058, 0.19498086850280347
  ],
  "train_ious": [
    0.36519009822177395, 0.43865132040023896, 0.5044520115176132,
    0.5468287867750377, 0.5730768773110877, 0.603961504185977,
    0.6289750982237896, 0.6433891586527445, 0.6606717514063137,
    0.6721101279599944, 0.6860889268202195, 0.6981992551490016,
    0.7093260998203271, 0.7210752988315147, 0.7340556422005527,
    0.7504010805725191, 0.7572081687225808, 0.7701063945997457,
    0.7842386998776076, 0.7970508762459825, 0.8044037420464596,
    0.8166606485627703, 0.8095747840361314, 0.8193487171893531
  ],
  "val_ious": [
    0.41089945794015686, 0.44709602977905055, 0.5100208072234755,
    0.5531834573417471, 0.5923932547802512, 0.5986006319306896,
    0.621112220313238, 0.6335594876520875, 0.6204157076452091,
    0.6332794836033946, 0.6451819340387981, 0.6518529383600623,
    0.6581448763608934, 0.6602870176235837, 0.659809867756954,
    0.6623584718807883, 0.662454348543416, 0.6682044602390648,
    0.6682215140781541, 0.6717886529538941, 0.6789832776007444,
    0.6802295007999392, 0.6683972834245018, 0.6501134176185165
  ],
  "training_time": 431.01332688331604,
  "avg_gradient": 0.005142827928469641,
  "memory_usage": 745.21484375
}
