{
  "train_losses": [
    0.3017575488142345, 0.26781424734255543, 0.24607214914715808,
    0.22987333353122938, 0.21227400215423625, 0.1952734137682811,
    0.1801055111800847, 0.17279554806325748, 0.1639530308868574,
    0.15512852917384842, 0.14863429202333742, 0.14199314493200052,
    0.13383589980556912, 0.1294655638706425, 0.12213963019135206,
    0.11469621616213219, 0.11302640252625165, 0.10471033191551334,
    0.09558850854797207, 0.091781805674343, 0.08530326985308657,
    0.08517348219681045, 0.08124425982975442, 0.07366331482468091,
    0.06900939956793319, 0.06668566238216084, 0.06292966649989071,
    0.06162592537863099, 0.059602778607412525
  ],
  "val_losses": [
    0.31143494857394177, 0.2553582265973091, 0.25078427921170776,
    0.24671312907467718, 0.24320542553196783, 0.1911242707915928,
    0.1846167526167372, 0.1798139295500258, 0.172170406450396,
    0.17074942005717236, 0.16742188742627268, 0.16961614884760068,
    0.16255650928486948, 0.15546861420507016, 0.15954625217810922,
    0.16100491000258405, 0.16617718047421912, 0.15255926047330318,
    0.15499532238944716, 0.165966943230318, 0.16091991021581317,
    0.16561561628528262, 0.16105768570433493, 0.17658087611198425,
    0.1671505753436814, 0.16686885577181113, 0.17124643759882968,
    0.172145279529302, 0.19397721601569134
  ],
  "train_ious": [
    0.3670740950525953, 0.4202510163467842, 0.4652461947048917,
    0.5176588040439118, 0.5531231520454518, 0.5899880072236929,
    0.6160174777488348, 0.6301194542775987, 0.6462983412911062,
    0.6628633888195389, 0.6740785271361254, 0.6866652519590614,
    0.702513745513515, 0.7102927664375827, 0.7234534659031513,
    0.7382493791156918, 0.7420970580500104, 0.7572404741701009,
    0.7753641983845093, 0.7833724000315736, 0.7964469478398132,
    0.7974982980800713, 0.8051005446392557, 0.8218400024849434,
    0.8319915463958958, 0.8368294422609215, 0.8453953412995824,
    0.8484501928307006, 0.852765377664911
  ],
  "val_ious": [
    0.3804486365853876, 0.43980973678222596, 0.4889735270669496,
    0.487688493847415, 0.5114059079492437, 0.590568805842296,
    0.6085379300774009, 0.6180104401664458, 0.6330353550720906,
    0.6362297297387884, 0.6398721989514172, 0.6477307016434877,
    0.6571310488642128, 0.6683454323506011, 0.6646645462167434,
    0.664875218833702, 0.6623782206704651, 0.6794514440108036,
    0.6800892774177634, 0.6751220954069195, 0.6799794409586033,
    0.6690760287253754, 0.6826913678559704, 0.6772951846537384,
    0.6837480789509371, 0.6859959536704463, 0.6891309318767079,
    0.6920008929311364, 0.6707985142002935
  ],
  "training_time": 520.5442998409271,
  "avg_gradient": 0.0022619741307721777,
  "memory_usage": 745.21484375
}
