{
  "train_losses": [
    0.3013649155264315, 0.2637920307562403, 0.24409149473775987,
    0.22815584869164487, 0.20425086039239945, 0.18900628306943437,
    0.17743167937125848, 0.16583776441605194, 0.16075845605329328,
    0.15252339370224788, 0.1459242022474823, 0.13807929108810166,
    0.13218388532328865, 0.12735409305795378, 0.11862275830429533,
    0.11708192033288271, 0.10927748364274917, 0.10186980523007072,
    0.09431611758697292, 0.09125571442848962, 0.09357261301382729,
    0.0837809926951709, 0.07734860050613465, 0.07401775305523821,
    0.0693908626942531, 0.06799914123004545, 0.06355670274680723,
    0.06130557819067136, 0.05940168346885754, 0.05927641234239158,
    0.055897762270077415, 0.05415141359781441, 0.05272591095822661,
    0.05113308571036095
  ],
  "val_losses": [
    0.28583216861538263, 0.26903441353984503, 0.2402452777909196,
    0.225260891020298, 0.20084905170876047, 0.1972268327422764,
    0.19214480694221414, 0.1742906975357429, 0.17087683956260266,
    0.17227996950564178, 0.1637668991866319, 0.17534344983489616,
    0.1626717470910238, 0.1593088229065356, 0.15613912207924802,
    0.16592763817828635, 0.15813686617690584, 0.15824017479367877,
    0.1590407850301784, 0.16980478167533875, 0.18225547444561255,
    0.15938118553679922, 0.16902898932280747, 0.1670594001593797,
    0.17845526920712512, 0.17334659915903342, 0.17520326829474905,
    0.18848247081041336, 0.1839170679450035, 0.1874386285958083,
    0.187110120187635, 0.18133425809766934, 0.18559785446395044,
    0.188568739787392
  ],
  "train_ious": [
    0.3691252545930553, 0.4270943686394632, 0.4715222994414956,
    0.5180880898420793, 0.5712150922450033, 0.6008207959973296,
    0.6224925441910394, 0.6436197859761509, 0.6529960655539796,
    0.6673536886987478, 0.6799044180391488, 0.6953357810667459,
    0.7066303059134796, 0.7152035464735131, 0.7321651505063408,
    0.7348737518532549, 0.7490947433895822, 0.7641477717653568,
    0.7785994716636511, 0.7845494686153482, 0.7807535240831579,
    0.8006123549480363, 0.8144428971884908, 0.8212361700724861,
    0.8313943610891057, 0.8342838418008622, 0.8442331203731933,
    0.8493724694286563, 0.8538073018409205, 0.8539298037471983,
    0.8615813852436297, 0.8657830665292946, 0.8687204831968188,
    0.8725043408896612
  ],
  "val_ious": [
    0.40400036197641603, 0.4213230404260473, 0.49191088402184885,
    0.5247231872509355, 0.5744455928603809, 0.5941556063683135,
    0.6037095219328784, 0.6289941720340563, 0.6391256183817768,
    0.6369529649399329, 0.6506999078868092, 0.638667837433193,
    0.6568763597287993, 0.661648933870205, 0.6692318629095519,
    0.6588179272586019, 0.6740385054246238, 0.6741450189248377,
    0.6773391178120737, 0.6629452005676602, 0.6589336038931556,
    0.683542984335319, 0.6736403619465621, 0.6849096849344779,
    0.6754868075899456, 0.6808625597884689, 0.6870004705328874,
    0.6816814865754998, 0.6787266750698506, 0.6818421258442645,
    0.6816531311774598, 0.6865011000114937, 0.6882525935121205,
    0.6838235025820524
  ],
  "training_time": 611.8575885295868,
  "avg_gradient": 0.002268843498785827,
  "memory_usage": 745.21484375
}
