{
  "train_losses": [
    0.2994640139134034, 0.26679650313504366, 0.24019263231236002,
    0.2123209418647963, 0.1963205360200094, 0.18070791823708493,
    0.1727661246676808, 0.16347684330590392, 0.1533829862980739,
    0.14816560766295248, 0.14197666072489126, 0.13501702046588712,
    0.12989754067814868, 0.12250391365555317, 0.11608144851482433,
    0.11349462013205756, 0.10605530323379714, 0.10172794301710698,
    0.09591753983303257, 0.08782692577527917, 0.08532303211319706
  ],
  "val_losses": [
    0.2828306374342545, 0.2546830543357393, 0.27938042224749277,
    0.2074538767337799, 0.20287889436535214, 0.18327459239441415,
    0.184611560533876, 0.17270552431759628, 0.16890519825012787,
    0.16405323990013287, 0.1567837991144346, 0.16002455386130707,
    0.17889354248409686, 0.15171131945174673, 0.15163289188690807,
    0.15708131002991096, 0.14976937453383984, 0.15949109050890672,
    0.1564720559703267, 0.15252365819785907, 0.18601614431194638
  ],
  "train_ious": [
    0.3742242646578656, 0.42287168710566664, 0.49017892530853585,
    0.5559064854152391, 0.5869049030909503, 0.6164189887813469,
    0.6312618738823176, 0.647160939062419, 0.6664821459655313,
    0.6760946858296358, 0.6878981273891267, 0.7003408941453783,
    0.7103947935544924, 0.72409042969778, 0.736755205885224, 0.7419236413594605,
    0.7559524968374466, 0.7639764157002389, 0.7753006064913406,
    0.7919384020826088, 0.7973264660416304
  ],
  "val_ious": [
    0.40094380188679357, 0.44436114343258937, 0.46651376994407695,
    0.568862900569819, 0.5852579931202142, 0.6071192023978716,
    0.6101317528797232, 0.6312008657749147, 0.6442767085804454,
    0.6522257438172465, 0.6647556005180748, 0.6607311691926874,
    0.6317547795133315, 0.6717482753421947, 0.679952250226684,
    0.676177504269973, 0.6843899393427197, 0.6741227535665899,
    0.6801196261160618, 0.6923468283553055, 0.6472517331873161
  ],
  "training_time": 377.18675661087036,
  "avg_gradient": 0.0037592567248659,
  "memory_usage": 745.21484375
}
