{
  "train_losses": [
    0.30693135183790454, 0.2786865596376035, 0.25650811454524164,
    0.22779618835319643, 0.20671086191483165, 0.19003672986898734,
    0.18067997775000075, 0.1701424031153969, 0.1634221076965332,
    0.1551107149976103, 0.14689581800738108, 0.14048668879853643,
    0.13220733711900917, 0.12703776128752076, 0.11718438318728105,
    0.1145209113297903, 0.10926590491410183, 0.10084279197389664,
    0.09484118409454823, 0.08760414624829656, 0.08399676701620869,
    0.08493491841237182, 0.08857980192355487, 0.07427344183720973,
    0.06739562385432098, 0.06435456902355603, 0.06185867858078817,
    0.061305680049016424
  ],
  "val_losses": [
    0.2935864873554396, 0.26579235137804696, 0.23809501690709073,
    0.22318572389042896, 0.21619092251943506, 0.1919274427320646,
    0.19483359384795892, 0.17710774100345114, 0.17049707115992255,
    0.1666092700932337, 0.16867659953625305, 0.1605868286088757,
    0.16061860274361528, 0.16172454570946487, 0.16034464894429498,
    0.16174537542721498, 0.16520704733936684, 0.15537824335953462,
    0.15832291883618935, 0.16115938094647034, 0.15966707646198894,
    0.17836398177820703, 0.16727589686279712, 0.16189248066233553,
    0.17004082578679788, 0.16770563420394194, 0.17716309055685997,
    0.18299042984195377
  ],
  "train_ious": [
    0.3594531936379506, 0.4042854463573811, 0.45522958190925555,
    0.5254000960781737, 0.5676826730208553, 0.5986914913021568,
    0.6149127783550729, 0.6362277816819106, 0.6471387009149875,
    0.6625160168370477, 0.678643353175426, 0.6896733567658542,
    0.7051859678349632, 0.7153425455309342, 0.7335413859590243,
    0.7390768086888649, 0.7489172673743706, 0.7654081476123435,
    0.7774557092267536, 0.7921080914312517, 0.7997314994749817,
    0.7981593879884569, 0.7914399410179557, 0.8207368586158406,
    0.8356971366034035, 0.8423294053561448, 0.8480857126954671,
    0.8491745728297511
  ],
  "val_ious": [
    0.3850868130507676, 0.42765019358932116, 0.48607931205112004,
    0.5497742089024488, 0.5634109483680863, 0.602599623626557,
    0.5948847178099811, 0.6239008819279465, 0.6378333210081294,
    0.6489395667677339, 0.6433306865502095, 0.6615641859994418,
    0.6600042419589084, 0.6626656817785209, 0.6662642344616461,
    0.6673905270687049, 0.6644838966321255, 0.6797111084063849,
    0.6807198191898456, 0.6781230342129002, 0.6838271706432536,
    0.6630596121152244, 0.6745576044355613, 0.6856755966293637,
    0.6861170968715696, 0.6847220965917559, 0.6860153688036876,
    0.6739047778689343
  ],
  "training_time": 495.44959473609924,
  "avg_gradient": 0.015541986258514615,
  "memory_usage": 745.21484375
}
