{
  "train_losses": [
    0.2868879437446594, 0.2447503634283076, 0.21354537343849306,
    0.19508048924415008, 0.18204791463263656, 0.1709567192617966,
    0.16250920805918134, 0.1545853019570527, 0.14823372779495042,
    0.14181913897071197, 0.1319035872736055, 0.12596551709524964,
    0.12116017686608045, 0.11546210126708382, 0.11073866000641948,
    0.10227958307318065, 0.09657872699039138, 0.09495392368863458,
    0.08839923232469869, 0.08227862660651622, 0.07703986391425133,
    0.07661183287754007
  ],
  "val_losses": [
    0.2882370501756668, 0.23167066761980887, 0.20777287625748178,
    0.19579979388610178, 0.19674376463112625, 0.17851118872994962,
    0.17556588546089505, 0.17308060468538947, 0.17326643188362537,
    0.16540620864733405, 0.1741244951667993, 0.16499448389462804,
    0.16339334877936737, 0.15214769914746284, 0.16229115005420602,
    0.1635098402266917, 0.17183414020616075, 0.16409023996928465,
    0.15989696866144304, 0.16993455847968225, 0.16325060083814288,
    0.178151559246623
  ],
  "train_ious": [
    0.3934469468758045, 0.4753296789163553, 0.5559642187765109,
    0.5895100006212791, 0.6140366917395074, 0.6328685092537297,
    0.649835536121458, 0.664656183425931, 0.6764328101838843,
    0.6875855381722034, 0.7066355214818663, 0.7171000995929687,
    0.7265509462011035, 0.7373108667308008, 0.7461298137795235,
    0.7626327899811064, 0.7737283444275025, 0.7779418543197104,
    0.7905128738046556, 0.8036800060367241, 0.814716538441354,
    0.8170164455862144
  ],
  "val_ious": [
    0.42502791850376415, 0.4959990958534721, 0.5680494615133257,
    0.6004239977269933, 0.5861675426147988, 0.6249241910982823,
    0.625439629174661, 0.6327421859554622, 0.6369109600782396,
    0.6489648687234822, 0.6472162228563557, 0.6601298360720924,
    0.6570306755062463, 0.6783307656861733, 0.6635506379863491,
    0.6651759903500044, 0.6707497923702433, 0.673901187336963,
    0.6868722348109536, 0.6724261961121492, 0.6880634932414345,
    0.6537584491829941
  ],
  "training_time": 396.53622460365295,
  "avg_gradient": 0.005597278941341922,
  "memory_usage": 745.21484375
}
