{
  "train_losses": [
    0.30430988497708156, 0.2624489597004393, 0.2365467686853979,
    0.2140342061934264, 0.19666253556699856, 0.18711244744127212,
    0.17583460401257742, 0.16724488681749158, 0.16042197920867932,
    0.15034174502057873, 0.14582926670656257, 0.1359959666252784,
    0.1307265619220941, 0.12347964910061462, 0.11689936725989632,
    0.11206465878564378, 0.10245632404542487, 0.0998259756066229,
    0.09289846581447384, 0.08645169307356296, 0.08008684906298699,
    0.07586799094291485, 0.07246212584330984, 0.06907566863557567,
    0.07165594461738416, 0.07465499161702135, 0.0630058093684847,
    0.06275718541734893, 0.057177114685106535, 0.05448147480416557,
    0.052907357721225075, 0.051358722494510206, 0.05160470774559223
  ],
  "val_losses": [
    0.29087162827667984, 0.24716838643602704, 0.23799881986949756,
    0.2079469937345256, 0.1909082314890364, 0.1823192783024,
    0.18780765974003336, 0.20339133590459824, 0.1722144322550815,
    0.16355482877596564, 0.16145293414592743, 0.18893968411113904,
    0.17163275279428647, 0.17739593496789102, 0.16372485329275546,
    0.1728498025432877, 0.1582607750011527, 0.1682840122476868,
    0.16073478434396826, 0.16256440204122793, 0.1700311348490093,
    0.16191156176121338, 0.16208970708691556, 0.18046458778174027,
    0.17098155844470728, 0.16546298919812494, 0.17037048223225967,
    0.17711649057657822, 0.17588255360074664, 0.18000088988438898,
    0.18797200561865515, 0.1849278140327205, 0.18134965229293573
  ],
  "train_ious": [
    0.35913781877882456, 0.43268849516602315, 0.5022468133698782,
    0.5538850295208936, 0.5857713720558779, 0.6036030869876992,
    0.6247800862875537, 0.6411310791213443, 0.6534648950117218,
    0.6708325528796167, 0.6796231812972956, 0.6982620735855205,
    0.7084788065673647, 0.7225705028336114, 0.7347678599366244,
    0.7436100936670236, 0.7625645111868348, 0.7680322719548925,
    0.7814103596020435, 0.7947602790334946, 0.8082010180189989,
    0.8172164172797969, 0.8247819756684092, 0.8321465465469639,
    0.827646938355073, 0.820556560720222, 0.8458388872120691,
    0.8464886955376983, 0.8588396470615828, 0.864964114799016,
    0.8685726086082665, 0.8721389301877092, 0.8716022136850634
  ],
  "val_ious": [
    0.4059064768362736, 0.45282506741131184, 0.5017393024071404,
    0.5658979680443155, 0.5932469181176545, 0.614648399145707,
    0.607982383258101, 0.5990613552107327, 0.6339430467806, 0.6470445208791373,
    0.6555429744547692, 0.6181521983682245, 0.6418107054803683,
    0.6420521863560745, 0.658411349075428, 0.64928105732669, 0.6721606749123421,
    0.6630074563233748, 0.6766606653514114, 0.6788489948148311,
    0.6738398252190023, 0.6818509222804636, 0.6854232061600342,
    0.6813545894363651, 0.6638989461504895, 0.6803604353597199,
    0.6858919971231099, 0.6845119036194207, 0.6885832198288129,
    0.6870145393886428, 0.6774855232325152, 0.6853164011153623,
    0.6852954826925111
  ],
  "training_time": 591.835040807724,
  "avg_gradient": 0.0019210373048647391,
  "memory_usage": 745.21484375
}
