{
  "train_losses": [
    0.29351018288213276, 0.2584555231682632, 0.23484772549051305,
    0.2124284569012082, 0.19716916200907333, 0.1852353573979243,
    0.17389964579564074, 0.16331151038732217, 0.15762207778575626,
    0.14756825546045665, 0.1396863805130124, 0.13297610466732926,
    0.12659065963943367, 0.11815261140303768, 0.1114198214414975,
    0.10625522555378468, 0.09947756289140038, 0.09506028056468653,
    0.08699523086619118, 0.07985523505055386, 0.07701029478693786,
    0.07544725505716127, 0.07103142107877394, 0.06593427774698837,
    0.06245144788661729, 0.06045605331335379, 0.06463602466670715,
    0.0601964394926377, 0.05472168210974854, 0.05229394998320419,
    0.050236058259463826, 0.0491816521541256
  ],
  "val_losses": [
    0.28490265102490137, 0.26306509388529736, 0.22415015490158743,
    0.20810590263294138, 0.21539363945307938, 0.19916556386843973,
    0.18550360559121423, 0.17191170350365018, 0.18130582506242005,
    0.17564974077369855, 0.17290243927551352, 0.16054397691851077,
    0.16492790566838306, 0.15942547033014504, 0.1649751962850923,
    0.1624153559298619, 0.1648503668282343, 0.16487336741841357,
    0.16016539720737416, 0.1594445360419543, 0.18033177988684695,
    0.17636065476614496, 0.17144351744133493, 0.1761572989432708,
    0.17792314582544824, 0.17754616798913997, 0.1868443362738775,
    0.18208841817534488, 0.19224707328754922, 0.18399250053841135,
    0.19067329168319702, 0.2058093596411788
  ],
  "train_ious": [
    0.3833043143820998, 0.43638354394123385, 0.5049687489138349,
    0.5566672781833274, 0.5865449003227379, 0.608697818133278,
    0.6293412211040657, 0.6471588635358257, 0.6589464677524739,
    0.6770597886888015, 0.6920436049501103, 0.7052336970101232,
    0.716133816032738, 0.732395769029424, 0.7444076608272568,
    0.7552230818116145, 0.7684416645678922, 0.7774624042212964,
    0.7941864791555682, 0.8087099874797076, 0.8149288707021352,
    0.8181790939491733, 0.8278333695902339, 0.839044694883236,
    0.8470363327558487, 0.8513681656424555, 0.8427385556093164,
    0.8521626100376034, 0.8645815950804863, 0.8700663898734075,
    0.8747937461172329, 0.8771606915886853
  ],
  "val_ious": [
    0.41746527064537653, 0.44114376767201063, 0.5368444852638937,
    0.5684907388859902, 0.5566242515392925, 0.5837696701072265,
    0.6091808683198431, 0.632369430600733, 0.6151476217352824,
    0.6276176681985025, 0.6386420219272807, 0.6564112551834271,
    0.6554395441991696, 0.6623410375221919, 0.6598966028811276,
    0.6640646408001581, 0.663876636520676, 0.669431942312614,
    0.6691897345193919, 0.6786374505879222, 0.6579561648161513,
    0.6662990904372672, 0.6778767359429513, 0.6804696824671564,
    0.6777489001768223, 0.6823466107033301, 0.6736496613509412,
    0.6746339549620947, 0.677891030691672, 0.6796900895626649,
    0.6781718089528707, 0.6634015475494275
  ],
  "training_time": 573.7328264713287,
  "avg_gradient": 0.0034809510100818086,
  "memory_usage": 745.21484375
}
