{
  "train_losses": [
    0.30529370515242865, 0.2739726812781199, 0.24638884951886925,
    0.22287139555682306, 0.20216987030985561, 0.19066706162108027,
    0.1787785857753909, 0.16907725207831548, 0.16108307153310464,
    0.15562288058192833, 0.14938959608907285, 0.1410281430605961,
    0.13643326995003482, 0.1288894618982854, 0.1228172140924827,
    0.11638439021518697, 0.11189306847265233, 0.10398409892197537,
    0.09738983359673749, 0.09242131176364163, 0.08870338895560606,
    0.08492361353305371, 0.08273549207850643, 0.07502744330660156,
    0.07022303132259328, 0.06783204035752494, 0.06566407472786048
  ],
  "val_losses": [
    0.30053032027638477, 0.3117675411960353, 0.23842303487269775,
    0.2183639254906903, 0.21605188755885416, 0.18926440341317136,
    0.2032479747481968, 0.19308804915003155, 0.17079883522313574,
    0.17757216808588608, 0.16772643703481424, 0.17394473176935446,
    0.16173811062522556, 0.16242815797095714, 0.1623344989898412,
    0.1764917853085891, 0.1572114433283391, 0.17209815914216248,
    0.16941847797969115, 0.16833129719547604, 0.17274140696162762,
    0.1670137655151927, 0.16865578326194183, 0.17288540546660838,
    0.1808845225883567, 0.17145779534526492, 0.18229452617790387
  ],
  "train_ious": [
    0.36377802762612904, 0.41199264324445656, 0.46727429517497937,
    0.532323813862235, 0.5779087246814064, 0.6005952233259659,
    0.6230522022731064, 0.6393617835381756, 0.654034426300854,
    0.6645680322055367, 0.6763555787071804, 0.6912880827119384,
    0.7001276629018612, 0.7133037564007264, 0.725021508994742,
    0.7369286463312479, 0.7445372293392815, 0.7595175894490184,
    0.7727275407076744, 0.7825885181841643, 0.7907686749662177,
    0.7984218532084555, 0.8035283488207972, 0.8192751032934678,
    0.8297262142101917, 0.835108380386795, 0.8399538841584457
  ],
  "val_ious": [
    0.38194370183391846, 0.3841733250065127, 0.5013281026504177,
    0.5521545414475427, 0.5519645406284194, 0.5968125097561575,
    0.5791875251393386, 0.6067088615635168, 0.6307190233382627,
    0.6256395219892695, 0.6423461536566415, 0.6381718578977863,
    0.6533919950758201, 0.6537603271612223, 0.6557688989501068,
    0.6381649297216664, 0.666443237144014, 0.6566074376088986,
    0.6629804664331934, 0.6684105726687803, 0.6614238647879034,
    0.6722875349763512, 0.6732947772395782, 0.6712413471246113,
    0.6735243980867275, 0.6787388689708019, 0.6654663733814074
  ],
  "training_time": 486.00690364837646,
  "avg_gradient": 0.003353090619772993,
  "memory_usage": 745.21484375
}
