{
  "train_losses": [
    0.3036594045874865, 0.268053426042847, 0.24534758682484212,
    0.22202284561227198, 0.2002306881806125, 0.18669354948012726,
    0.1755512364046729, 0.1677296789282042, 0.1591283904145593,
    0.15233711724210044, 0.14539911379308804, 0.13846976739232955,
    0.12993924825897682, 0.12535249599782022, 0.11706999009070189,
    0.11468728052695161, 0.10733602471325708, 0.10122802541793688,
    0.09739187756634277, 0.0905428089444404, 0.0854427137857546,
    0.07706424229494903, 0.0740177980016755, 0.07280977833611162,
    0.07367980866895421
  ],
  "val_losses": [
    0.30381208399067755, 0.25826510236315103, 0.25349286587341974,
    0.2298355850836505, 0.20138016634661218, 0.195877556891545,
    0.18056271905484406, 0.1744761868663456, 0.16898378438275793,
    0.170739049496858, 0.16033492010572684, 0.16673087717398352,
    0.15524412140898083, 0.16302145952763764, 0.15457494006208752,
    0.1574276138259017, 0.1522631415206453, 0.16591647704658302,
    0.15557394921779633, 0.160055684654609, 0.15374135598540306,
    0.1589041222696719, 0.16019547973637996, 0.15986073179089505,
    0.21114839840194452
  ],
  "train_ious": [
    0.36957359860716155, 0.4204834081151141, 0.4704711922020683,
    0.5337001490676638, 0.5812358707999404, 0.6049017559574995,
    0.6249001719381496, 0.6403517642098925, 0.6560512623493221,
    0.6687439761084059, 0.6810697144356328, 0.6944563458471195,
    0.7099181746767051, 0.7182116550055967, 0.7345273427773215,
    0.7392604712234891, 0.753211859451688, 0.7651055265164028,
    0.7724653201150721, 0.7864842464526501, 0.7969296806748365,
    0.8145999897649329, 0.8209338167655299, 0.8233342819671704,
    0.8223546675365903
  ],
  "val_ious": [
    0.3790085015521532, 0.43562798785126733, 0.4840965958825056,
    0.5429880627687425, 0.5728395528335501, 0.5869793657591379,
    0.62318120184152, 0.6279708866191949, 0.6372027690859808,
    0.6319084913618324, 0.6541262774363805, 0.6497745354106461,
    0.6663203837646955, 0.6564544821562973, 0.6702333779438682,
    0.6719932813143384, 0.6832094384708265, 0.6611433631700018,
    0.6754467955965928, 0.6742655017237733, 0.6880476157302442,
    0.6911490680514901, 0.6835452389457952, 0.6907076362682424,
    0.6327276620743932
  ],
  "training_time": 448.95460748672485,
  "avg_gradient": 0.004474001635487165,
  "memory_usage": 745.21484375
}
