{
  "train_losses": [
    0.301607893941843, 0.2627002430836792, 0.23960977047681808,
    0.22262026207602542, 0.20701798310746317, 0.1903324392016815,
    0.17765691196141037, 0.16885512119725996, 0.16247752981017466,
    0.15246788185575735, 0.1475747505850766, 0.1356097842850115,
    0.13204644992947578, 0.12466307401495136, 0.11662550473018833,
    0.11103545469434364, 0.10638413169299779, 0.09926104282393404,
    0.09387469935514357, 0.08837075450498125, 0.0800555681242891,
    0.07559040986487399, 0.07158703043166062, 0.07344859056984601,
    0.07436791426785615
  ],
  "val_losses": [
    0.28872811859068664, 0.25687809677227685, 0.2320704949290856,
    0.2202917570653169, 0.20826800264742062, 0.19834306155857834,
    0.1835089821530425, 0.18501154851654303, 0.16880287618740744,
    0.18229190422141034, 0.18273415999568027, 0.16291826736667883,
    0.16482540414385174, 0.16110466809376425, 0.16420076026216798,
    0.1584450479434884, 0.1609439485422943, 0.16035680796789087,
    0.16081473749616873, 0.16062381183323654, 0.16201194570116376,
    0.17203361184700675, 0.17701292815415756, 0.1725704261790151,
    0.18328726615594781
  ],
  "train_ious": [
    0.36667087050638825, 0.4275278050208133, 0.48608724432858197,
    0.5367708327113716, 0.5666954787043127, 0.5995542677794251,
    0.6233713646297869, 0.6392887674703982, 0.6512231678850406,
    0.6684302378823791, 0.6782071315076038, 0.7001713600711549,
    0.7064946245780028, 0.7207970906966837, 0.7356184569821845,
    0.7457730383004835, 0.7550961485375534, 0.769183706816124, 0.77984113904877,
    0.7909415297318197, 0.8084231014161003, 0.8178360111255576,
    0.8266163440286248, 0.8229722725092501, 0.8210219882320666
  ],
  "val_ious": [
    0.3923845362404119, 0.4367005080887305, 0.5148375631998414,
    0.5393457874871682, 0.5817577798945316, 0.5774804729482402,
    0.605626103994639, 0.616091006907864, 0.6381929054640342,
    0.6223270158836807, 0.6208591435266577, 0.6522535463606103,
    0.6503861358632212, 0.6580799733814986, 0.6595985984456713,
    0.6673238398372261, 0.6691756252793298, 0.6674464055593462,
    0.6758848212767339, 0.681723933936893, 0.6823147971560989,
    0.6741478536008062, 0.6726044230702994, 0.6758416195710499,
    0.6577640495438506
  ],
  "training_time": 449.71005964279175,
  "avg_gradient": 0.003851444817798645,
  "memory_usage": 745.21484375
}
