{
  "train_losses": [
    0.32273460568293283, 0.2765923885061689, 0.25331380072495213,
    0.2264690127061761, 0.20721402740025002, 0.19314355597547864,
    0.18320154738814934, 0.17287145587413208, 0.1649194889418457,
    0.1563658169268266, 0.14690987065272487, 0.14049642905592918,
    0.1346200447043647, 0.12621475901940596, 0.12205580107705749,
    0.11311320219512867, 0.10961900987540898, 0.10204783628654221,
    0.09283566997265039, 0.08686369985503994, 0.0842036881443599,
    0.07874571216171203, 0.07890619459035604, 0.0724048349884865,
    0.06782110841215952, 0.0662383857264143, 0.07100643978818603,
    0.06264429136543818, 0.05761485619713431, 0.05549374228829275
  ],
  "val_losses": [
    0.3192245020814564, 0.26631908313087793, 0.25445402899514075,
    0.2242129195643508, 0.22397646664277368, 0.19508799521819406,
    0.18920361768940222, 0.17931716014509616, 0.17585171953491543,
    0.17212250601986182, 0.17608886374079663, 0.17588242046211078,
    0.18539232209972714, 0.16906793026820474, 0.1693102254167847,
    0.186839044418024, 0.16942023421111313, 0.1778592522377553,
    0.16777144825976828, 0.17699578436820404, 0.1763928108241247,
    0.17986866928960965, 0.1748143243400947, 0.17795779361673023,
    0.17966042037891305, 0.19130250779183014, 0.18243837356567383,
    0.19579867403144421, 0.18933241036923035, 0.20587635493796805
  ],
  "train_ious": [
    0.3211495739939075, 0.4111810909070683, 0.46591927777933684,
    0.5324803176403475, 0.5673894820383926, 0.593049982751625,
    0.610738875506365, 0.6299107220509774, 0.6446268222686178,
    0.6602940060522247, 0.6781510655646742, 0.6895801629061283,
    0.7012587844029715, 0.7158922728529015, 0.7242313337282854,
    0.7412641484128395, 0.7478517516367681, 0.7627822789700999,
    0.7810413706777758, 0.7934906735908295, 0.7988376786959341,
    0.8109085789841164, 0.8105815974050671, 0.8246025934383485,
    0.8347660629213726, 0.838664200858793, 0.8282577139527902,
    0.8465893745854278, 0.8578219192399501, 0.8625912117785303
  ],
  "val_ious": [
    0.36958126054293866, 0.42569722983803926, 0.4745420077680678,
    0.5457275640489399, 0.5568204812597536, 0.592917109421198,
    0.5975930337672648, 0.6130924130911413, 0.6259731432234031,
    0.6309945557428444, 0.6283077126827793, 0.6251849514850669,
    0.6323005725508153, 0.6484023989110753, 0.6484544102264489,
    0.6414441045211708, 0.651498524391133, 0.653988862167234,
    0.6668582774590753, 0.6664352619993512, 0.6682847764181055,
    0.6629685489595799, 0.6609872780416322, 0.6696308203365491,
    0.6683149517014408, 0.6513154772312744, 0.6648001526144968,
    0.6705258516729742, 0.6715984135002332, 0.665183161911757
  ],
  "training_time": 541.1103768348694,
  "avg_gradient": 0.0025663381650131555,
  "memory_usage": 745.21484375
}
