{
  "train_losses": [
    0.30405566549819446, 0.2687806708171316, 0.24296078887646613,
    0.2191862661553466, 0.20110796853576018, 0.1884003710001707,
    0.17659913821388845, 0.1674910274374744, 0.15920565892820773,
    0.15153842354598251, 0.1438035393619667, 0.13882358918857315,
    0.13237628587724073, 0.12507701385766268, 0.1191147780045867,
    0.11113177822983783, 0.10296344587012478, 0.10028719120537458,
    0.09796520581711894, 0.0883550905501065, 0.08179853484034538,
    0.07798608242655578, 0.07490293217984878, 0.07977775670588017,
    0.0726287231537635, 0.06812677862446594, 0.06440195350138389,
    0.060386027715614306, 0.05771321768912932, 0.05706144589930773,
    0.055068828084546585, 0.05377021433947527, 0.0518943315938763,
    0.05085838059692279, 0.04986782754649934, 0.04854896692964046,
    0.04736441792920232
  ],
  "val_losses": [
    0.3131859872652137, 0.25948997489784076, 0.2311729992861333,
    0.20641723437153775, 0.192179376664369, 0.19106708434612854,
    0.17314767999493558, 0.16922753530999887, 0.1619269332807997,
    0.16609743010738623, 0.1607056503062663, 0.16143298116715057,
    0.15145715326070786, 0.1705233213370261, 0.15168681643579318,
    0.14758837012493092, 0.15023243330095126, 0.15911041621280753,
    0.15036145711074705, 0.15028528253669324, 0.1526987771301166,
    0.15261613237469093, 0.16275380632799605, 0.1639584173326907,
    0.163701925912629, 0.16020049608272055, 0.16578657390630763,
    0.16388923836790997, 0.16679809177699295, 0.16961346485692522,
    0.17663989572421365, 0.17744961348564728, 0.17608303382344867,
    0.18511296808719635, 0.18069713109213373, 0.18002569448688757,
    0.1932027210359988
  ],
  "train_ious": [
    0.36219480516732483, 0.41827601923865665, 0.4776570711285032,
    0.5396019110213157, 0.5788376440928463, 0.6027839548237941,
    0.624316974394563, 0.6415425814904164, 0.6567845127504804,
    0.6714860804486965, 0.6846021305283774, 0.6933966635361962,
    0.7063274884029578, 0.7197404264647894, 0.7305841686716978,
    0.7455073944360447, 0.7613480445807399, 0.7663680767451513,
    0.7710995729742706, 0.7907167907966223, 0.8043108902115748,
    0.8126843694759447, 0.8192544281482697, 0.8097411907021552,
    0.8244655924862713, 0.8342335981087408, 0.8423564628414486,
    0.8513774973326834, 0.8573691117158834, 0.8588347320539365,
    0.863438641247542, 0.8665623387348818, 0.8708144169354786,
    0.8731197830343597, 0.875416369649811, 0.8783920321991472,
    0.8813614475986233
  ],
  "val_ious": [
    0.3810265563104463, 0.4330756615344252, 0.5082017604963505,
    0.5741928957294726, 0.5944908502093258, 0.598257594242476,
    0.6286355133937753, 0.6438346703847249, 0.6486104584258536,
    0.6455858896176021, 0.6562790166640629, 0.6532371482555417,
    0.6721844556538956, 0.653775863457417, 0.6786498284858206,
    0.6839674827845198, 0.6825451973987662, 0.6787191683399506,
    0.6882571878208631, 0.6924304329398749, 0.6935965051685555,
    0.6921164523000304, 0.6828091295732969, 0.6779294210499609,
    0.6830044177131377, 0.6914661915405939, 0.6935550555370856,
    0.6943262193513956, 0.6948191480360171, 0.6949221204588379,
    0.6941888597996337, 0.6954175255436826, 0.6936574284581171,
    0.6832525952570679, 0.6925327935512516, 0.6926499320113138,
    0.6907056699628413
  ],
  "training_time": 663.1249196529388,
  "avg_gradient": 0.0023358292225654272,
  "memory_usage": 745.21484375
}
