{
  "train_losses": [
    0.2982144987453585, 0.2623048848270074, 0.238022459913855,
    0.21197573630058247, 0.19542473182082176, 0.18192882074610048,
    0.1716433944909469, 0.1636620878201464, 0.1545344315793203,
    0.148523618305183, 0.14337433044515227, 0.13238914659165818,
    0.1279937946845008, 0.1230477408060561, 0.11532380747730317,
    0.11272774150838023, 0.10365479807976795, 0.09696162281476933,
    0.09209194803691428, 0.08545819977703302, 0.08441193976803966,
    0.07719090204361988, 0.07556835286643195, 0.06962687066634712,
    0.066086297692812
  ],
  "val_losses": [
    0.2922935440488484, 0.2549389694695887, 0.2440260917596195,
    0.21696190309265387, 0.19795641659394556, 0.19301105161076007,
    0.17745505435311276, 0.16592501233453336, 0.16682075838679852,
    0.17403892719227335, 0.16894581266071484, 0.16354524570962656,
    0.156203957679479, 0.1585073817683303, 0.1583765387211157,
    0.16498545492472855, 0.15620650772167288, 0.1587585408402526,
    0.16825892079783522, 0.16204756854668909, 0.16610932933247607,
    0.18315992212813834, 0.1634765202584474, 0.16384854588819586,
    0.19258866588706555
  ],
  "train_ious": [
    0.376099460711977, 0.4302664236996517, 0.4939704960575593,
    0.5573298855266277, 0.5902349963190331, 0.6126960175840751,
    0.632666910796062, 0.6478138421324716, 0.6643613018095493,
    0.6756410375777365, 0.6851155212068035, 0.7050864328292833,
    0.7131229349128579, 0.7223797287198078, 0.7370869354817313,
    0.7427918695021366, 0.7597404651451801, 0.7731963806934116,
    0.7827346907469674, 0.7966113517033887, 0.7991409435652301,
    0.8147633833729695, 0.8178302542023035, 0.8306470975495767,
    0.8389229051012926
  ],
  "val_ious": [
    0.39803392105344415, 0.44756255598495825, 0.504960651954879,
    0.5611507488765578, 0.5934784392947737, 0.6006956327220668,
    0.6232067566850911, 0.6474225959484127, 0.6431055533281271,
    0.6359432467084002, 0.6425255882567253, 0.6553438990444378,
    0.6664536128873412, 0.6679277895153432, 0.6687750604705534,
    0.6624982467164163, 0.6797037766031596, 0.6735613246758779,
    0.6718357147082038, 0.6799444834823194, 0.6817268750805787,
    0.6611444535462754, 0.6816865678714668, 0.6882866376983947,
    0.6625337317801904
  ],
  "training_time": 448.2912700176239,
  "avg_gradient": 0.004568034495820692,
  "memory_usage": 745.21484375
}
