{
  "train_losses": [
    0.30816203533955244, 0.27645129094953125, 0.2533594129364128,
    0.2304118282121161, 0.20709282572826612, 0.1953065133775058,
    0.18040321864511655, 0.1732507657421672, 0.1650022907263559,
    0.15704574403555496, 0.152492580085021, 0.14417489832672087,
    0.13791227267812128, 0.13378838295845882, 0.12518070540998294,
    0.11912949480440306, 0.11489615613675636, 0.10904127991069919,
    0.10423325050784193, 0.09709855509193047, 0.09402736648917198,
    0.08867441648212464, 0.08085483843055756, 0.08211248202006453,
    0.07380401796620825, 0.07288101625264339, 0.07485575840363036,
    0.06890716976688607
  ],
  "val_losses": [
    0.30527981662231946, 0.28619850005792535, 0.24887725224961404,
    0.2567450306985689, 0.21244284478218659, 0.192982853754707,
    0.18329555994790533, 0.18092722704877023, 0.16921832185724509,
    0.17355140849300052, 0.1694946191881014, 0.16859637233226196,
    0.16103848831161208, 0.1604081816647364, 0.16123618120732514,
    0.16249864580838577, 0.1571850723222546, 0.16691897129235062,
    0.1574539911487828, 0.16439591056626776, 0.16039389550038005,
    0.16535629380656325, 0.16087618243435156, 0.1652950032249741,
    0.16856485831996668, 0.16376273690358453, 0.17087874043246973,
    0.1980656806541526
  ],
  "train_ious": [
    0.35450523599279643, 0.40915818944035826, 0.45208167749727346,
    0.5222108543148616, 0.568016188516133, 0.5894854284445016,
    0.6177203789137412, 0.62959529929187, 0.64559879321335, 0.6591502439392649,
    0.6688176834064982, 0.6833752825640249, 0.6949571095191052,
    0.7024832655662214, 0.7183214830963512, 0.7300929299191291,
    0.7381459878406662, 0.7494622530496639, 0.758665557194879,
    0.7727325474978357, 0.7790297663406188, 0.789806400574204,
    0.8059310712244205, 0.803636447243069, 0.8211967167646989,
    0.8235765190228175, 0.8195249185613968, 0.8322260943443878
  ],
  "val_ious": [
    0.3801763610563416, 0.4079878109952679, 0.4590346009160081,
    0.5005097127910973, 0.5646510203031527, 0.5975245826918146,
    0.6113307739513507, 0.6211527462886728, 0.641379937529564,
    0.6254758016354797, 0.6390523495881455, 0.6370803046485652,
    0.6561027886211008, 0.6639811968889788, 0.6647368365007896,
    0.6581939694242199, 0.6711473270602849, 0.6596531328083814,
    0.6766337292349857, 0.6753205698037494, 0.6786138901244039,
    0.6805965049543241, 0.6793953035620673, 0.6823390797860379,
    0.6835576455662215, 0.6891444787599039, 0.6826839045338008,
    0.6558110860810765
  ],
  "training_time": 504.8244004249573,
  "avg_gradient": 0.0032632242517481665,
  "memory_usage": 745.21484375
}
