{
  "train_losses": [
    0.27812769693201, 0.23635892529526484, 0.21552614495158195,
    0.1953733843629775, 0.17898472819639288, 0.16928132955470812,
    0.16152449907815974, 0.15364742331692707, 0.14450405821528123,
    0.14135199153552885, 0.133845337221156, 0.1275517108809689,
    0.12042495802692744, 0.11427849871308907, 0.10820575030115635,
    0.10135769754972147, 0.09556735335322826, 0.09602060140636952,
    0.0845231758835523, 0.0811720108208449, 0.0765377679110869,
    0.07088379624664136, 0.06799180372415678, 0.0663563595963237,
    0.06175767929981584, 0.05920294392853975, 0.056634948609153864,
    0.05487293015112695, 0.05376201878180322, 0.051849806094137224,
    0.04990653643060638, 0.05106903732065921
  ],
  "val_losses": [
    0.2550773837644121, 0.2672116532921791, 0.21714499592781067,
    0.2311103123685588, 0.18769628586976425, 0.1861274051277534,
    0.18779527201600696, 0.1706948669060417, 0.17197932238164154,
    0.17196132728587027, 0.15970169752836227, 0.16143471974393594,
    0.1658714941662291, 0.15886472554310507, 0.18101079405649848,
    0.16207426365302957, 0.16009647382990175, 0.1661910952433296,
    0.17437215732491534, 0.17886524777049603, 0.16936623645217522,
    0.18353366787018982, 0.170897105951672, 0.175447725083517,
    0.18045677406632382, 0.18489339073067126, 0.1834624166721883,
    0.18525004808021628, 0.18759269720834235, 0.19028678633596585,
    0.19290978882623755, 0.2309942728151446
  ],
  "train_ious": [
    0.406161844403882, 0.4973374059234736, 0.5511499752115081,
    0.5911907449202694, 0.6204300181049366, 0.6376450712374152,
    0.6525760389108588, 0.6663706001380216, 0.6836758815831896,
    0.6901782464937886, 0.7037249797064326, 0.7152615352601243,
    0.7285706224864807, 0.7402684217777804, 0.7517130596266273,
    0.7650964658005518, 0.7760484120336134, 0.7762626389554442,
    0.7991561969553215, 0.8061389097053074, 0.8158916012532472,
    0.8280989305264709, 0.8344492630466174, 0.8380932464547782,
    0.8484759548867958, 0.8542907719594843, 0.8600552299100417,
    0.8640486246001887, 0.8664782082904938, 0.8707381614308424,
    0.8752018378480624, 0.8735142424702641
  ],
  "val_ious": [
    0.46075814533168863, 0.46268208567862934, 0.5626076361623362,
    0.5602667692346849, 0.6073194301646688, 0.5999191967041597,
    0.617664855675421, 0.6322261511847591, 0.6386590038520703,
    0.6364705588506615, 0.6621550515941952, 0.6614467218734216,
    0.6526919741561447, 0.665669694110967, 0.6385608848886214,
    0.6696860271951427, 0.6747128555308218, 0.6672559302786123,
    0.6698991215747335, 0.6525424988805385, 0.6815610996622969,
    0.6711725480314614, 0.6828801865163058, 0.6800515746724778,
    0.6853877241196838, 0.6843383752781411, 0.684981304018394,
    0.6860477829325028, 0.6828104782363643, 0.6839621676051099,
    0.6824820516765981, 0.638888824245204
  ],
  "training_time": 573.9527590274811,
  "avg_gradient": 0.0069517714583709886,
  "memory_usage": 745.21484375
}
