{
  "train_losses": [
    0.3025844234811223, 0.27787475919593935, 0.2544422791865857,
    0.23256362464440905, 0.21223691219220991, 0.19415152129595695,
    0.18357912426733453, 0.17325560748577118, 0.16459150839111078,
    0.15808288987887942, 0.14892993579902078, 0.14028152446869924,
    0.1329542086257235, 0.12928190086360858, 0.11921542534685653,
    0.11063098624024702, 0.10599120775156695, 0.09903589895238048,
    0.09365364293689313, 0.09047528846270364, 0.08336518137999203,
    0.079213528468719, 0.07983815929164058, 0.07246173442462864,
    0.06710313191718381, 0.06384977611267696, 0.061728866872094244,
    0.059183075700117195, 0.057106244661237884, 0.05581950519800834,
    0.05595676918797519
  ],
  "val_losses": [
    0.3062829077243805, 0.2713248807450999, 0.24290892417016235,
    0.22703109001335892, 0.2094769727276719, 0.19361025289348935,
    0.19188220669393954, 0.17906378047621768, 0.19357670195724652,
    0.19574482609396396, 0.1697656091140664, 0.16326057619374731,
    0.17272699851056803, 0.16923111482806827, 0.17845632168261902,
    0.1653928218976311, 0.1785127990271734, 0.1717228422994199,
    0.17172628997460657, 0.173042011325774, 0.1658807184709155,
    0.17070756058977998, 0.17003631397433902, 0.1705069007432979,
    0.17551583213650662, 0.17688505967026172, 0.18051467220420422,
    0.18134542392647784, 0.1857670863037524, 0.1935039538404216,
    0.22730915637119956
  ],
  "train_ious": [
    0.3657390265954836, 0.4061478889605073, 0.4499106562449358,
    0.5127986735947754, 0.5578452522825932, 0.59132356269528,
    0.6104459412179994, 0.6297759037950763, 0.645446753372317,
    0.657189107243566, 0.6742781618798983, 0.6899645726965818,
    0.7035535558302332, 0.7109964637868645, 0.7299069824857992,
    0.7462377200524016, 0.7550708960363827, 0.7688614861040876,
    0.780065130766319, 0.7865958529645982, 0.8013294795393076,
    0.8102967828728147, 0.8095266327153948, 0.8249766036220223,
    0.8368872672967289, 0.8440281357886134, 0.8488382914144058,
    0.8545067104092539, 0.8591840159201969, 0.8621119693785476,
    0.8619092345453694
  ],
  "val_ious": [
    0.38140836120515625, 0.4202981967080078, 0.47064711839176604,
    0.5363314163641654, 0.5623957360352294, 0.5912337414380433,
    0.5968274981647299, 0.6196177033842473, 0.5994797079027563,
    0.591915331133034, 0.63806643779727, 0.6480322212412739, 0.6410932314136755,
    0.6439937795849814, 0.6360652980165203, 0.6562199614186217,
    0.6428281608699025, 0.6501021000786104, 0.6610691949077275,
    0.6633523974729623, 0.6727437618849935, 0.6669393674187039,
    0.6672045962102172, 0.6732364571180895, 0.6756593500790388,
    0.6740346101747042, 0.6768547849378724, 0.6752238718495852,
    0.6764396580233091, 0.6724478321662847, 0.6431073704059573
  ],
  "training_time": 557.874495267868,
  "avg_gradient": 0.004715065057792083,
  "memory_usage": 745.21484375
}
