{
  "train_losses": [
    0.287005701466747, 0.25453081840406294, 0.22844691007681514,
    0.20722603797912598, 0.19176300088672535, 0.18056035406239654,
    0.17253914580720922, 0.1621062196791172, 0.15592201620988225,
    0.14901181039116954, 0.1416053703540693, 0.13432482528783704,
    0.13188271726603093, 0.12300268840044737, 0.11949446242626595,
    0.11468555729674257, 0.10626372788101435, 0.09832875191679467,
    0.09609343010284331, 0.09454502780800281, 0.08777836872183759,
    0.07862108285822299, 0.0741385710020752, 0.07963749754202107,
    0.07752530928701162, 0.06674397576843268, 0.06263178050437052,
    0.06066753818532047
  ],
  "val_losses": [
    0.2673499781800353, 0.23884148507014566, 0.22369005822617075,
    0.20500716145919717, 0.19382207678711932, 0.18660489955674048,
    0.1765599746419036, 0.1766578451446865, 0.17165984504896661,
    0.15880941891151926, 0.16416057166845902, 0.15572636963232703,
    0.16083657676758972, 0.17255920528069787, 0.15510180884081384,
    0.15371592699185663, 0.15156464149122653, 0.1501582669823066,
    0.1607841000608776, 0.16118469089269638, 0.15426253333039905,
    0.154655908598848, 0.16340243557225104, 0.16986805718878042,
    0.1698720847135005, 0.16392986913738045, 0.1630384993294011,
    0.17364624207434448
  ],
  "train_ious": [
    0.39313411182028823, 0.4567431333219417, 0.5254698854371691,
    0.5657890431744897, 0.5954739669256885, 0.6158977802302956,
    0.6313373721542135, 0.6501349264188953, 0.6610632779589599,
    0.6757947228093077, 0.6887459853745025, 0.7021588056307771,
    0.7059297671244629, 0.7231847956992582, 0.7294588006924896,
    0.7386180297943992, 0.7551425867646497, 0.7703694154818855,
    0.7752390279826047, 0.7781141335009667, 0.7919765967821732,
    0.8111225378470144, 0.8208146056403283, 0.8101580425880961,
    0.8139071331723879, 0.8370923673113192, 0.846380895138651,
    0.8507417441494225
  ],
  "val_ious": [
    0.41970134342926135, 0.5073742866516113, 0.5365045973356221,
    0.5828308832386266, 0.5941175835720008, 0.5981947392009307,
    0.6267420584740847, 0.6332975718854129, 0.6318527680376302,
    0.6574517123509144, 0.6527436230925546, 0.665328155393186,
    0.6581485757361288, 0.6470429454592691, 0.6751750096462775,
    0.6756698404965193, 0.6823122911695121, 0.6928101454092107,
    0.6792355041573013, 0.6718837856382563, 0.6874711634456249,
    0.6896199566730555, 0.6888325585835221, 0.6589446935964668,
    0.6802229753870895, 0.6905396058075671, 0.6916240678317305,
    0.6922169943218646
  ],
  "training_time": 502.46359753608704,
  "avg_gradient": 0.002676583234435287,
  "memory_usage": 745.21484375
}
