{
  "train_losses": [
    0.3013562428886476, 0.26336098786281503, 0.23806586715838182,
    0.215754974876409, 0.1987372590633838, 0.18704998971003553,
    0.17726488038897514, 0.16719766204123912, 0.15966817015862983,
    0.15344464961115434, 0.14517667221472316, 0.13935534558866336,
    0.1315497302085809, 0.12247400896866685, 0.11993668337717005,
    0.11254559088822293, 0.10471914728860492, 0.09955009911209345,
    0.09531513358587804, 0.09406180910604156, 0.0847194051855932,
    0.07800978924269261, 0.07332442518647599, 0.07113331145323488,
    0.06832300160971025, 0.06581410032737514, 0.07503065705785285
  ],
  "val_losses": [
    0.29604520486748737, 0.2504060440089392, 0.2276327392977217,
    0.22583683677341626, 0.19556001444225726, 0.19479846598013587,
    0.17819439943717874, 0.17118526282517807, 0.18045966165221256,
    0.16852427759896155, 0.17267247354206833, 0.1638799747047217,
    0.16326063774202182, 0.15866637456676233, 0.16679213746734287,
    0.1614447835346927, 0.15483141398948172, 0.16333547104959903,
    0.15832108712714651, 0.16938841018987738, 0.16886649442755658,
    0.16457094835198444, 0.17638266961211743, 0.1765006226689919,
    0.17901576601940652, 0.19416174130595248, 0.18949211777552313
  ],
  "train_ious": [
    0.3643231412042426, 0.4281462579885453, 0.49669961703846716,
    0.5492565815431484, 0.5822916051669831, 0.6046023318085116,
    0.6238242862611146, 0.6415516755719114, 0.6549234710957694,
    0.6673799366082834, 0.6817351561849532, 0.6934377041955788,
    0.7073600104321605, 0.7241608334732227, 0.7284908402117267,
    0.7426839963249542, 0.757418615068646, 0.7678516757121124,
    0.7757834378575935, 0.7794175409320473, 0.7979215847841207,
    0.8121953962937642, 0.8224979552669802, 0.8274951022172318,
    0.8335071553786595, 0.839118495151617, 0.8202567821827487
  ],
  "val_ious": [
    0.39910334910171624, 0.4630285676406777, 0.5262135746686354,
    0.5425938067660816, 0.5907415271453237, 0.5905416633771814,
    0.622034793962603, 0.6356130225071009, 0.6226403143094935,
    0.6437186549107232, 0.6388962523660799, 0.6558867775011753,
    0.6558181548464125, 0.6669596705747686, 0.6546833333761796,
    0.661358806318131, 0.6763067528389501, 0.6668093023092851,
    0.6687090602042016, 0.661224880296251, 0.6691718267789784,
    0.6789475370576417, 0.6695060190083323, 0.676146913697754,
    0.6770272123208944, 0.6645033329293348, 0.6511978712202846
  ],
  "training_time": 486.8050515651703,
  "avg_gradient": 0.004142250683107227,
  "memory_usage": 745.21484375
}
