{
  "train_losses": [
    0.2869767766121937, 0.25163293702770834, 0.23107915598413217,
    0.2141433632730142, 0.1938134835952002, 0.1787249148701844,
    0.17159469312299852, 0.16216684035632922, 0.15365817806804957,
    0.14727423287442196, 0.1396951371722895, 0.1321785145074777,
    0.12578947846170352, 0.11930227963982717, 0.11303912491902061,
    0.10792752185269543, 0.10353705205995103, 0.09436838098032319,
    0.08941269111212181, 0.08688449770536112, 0.07818921801188718,
    0.07429906308812939, 0.07514595159369966
  ],
  "val_losses": [
    0.26987430939207907, 0.34924493794855865, 0.22703365268914596,
    0.2231563582368519, 0.20654299984807553, 0.1960958365512931,
    0.17628093193406644, 0.1782163183974183, 0.17507854751918628,
    0.1863694307596787, 0.15823655024818753, 0.16170430815090303,
    0.16526114519523538, 0.16759720801011377, 0.16074235073250273,
    0.17256265522345252, 0.16567524490149124, 0.1609779427880826,
    0.17177613921787427, 0.1655518036821614, 0.16842768730028815,
    0.17438944655915964, 0.1848322609844415
  ],
  "train_ious": [
    0.3926056027228341, 0.4561517200376907, 0.5092481692638792,
    0.5498134199043978, 0.5916467432634553, 0.6211679047108563,
    0.6329071300941101, 0.6508927505625333, 0.6660067954681057,
    0.67755844535819, 0.6916380388581235, 0.7063213323877342, 0.718096504986718,
    0.7301271928717259, 0.7417906314350561, 0.7517427778870298,
    0.7606435713452708, 0.7789977653410989, 0.7888333433024257,
    0.79393974022157, 0.8124647185854293, 0.8210007233032283, 0.8195117085740189
  ],
  "val_ious": [
    0.41955897826538485, 0.38749261294910015, 0.5257767537149831,
    0.535899359786856, 0.5781463503405668, 0.5959966327401176,
    0.6234924640992415, 0.6261562473964, 0.623385629684165, 0.6093282809723979,
    0.6593653998081237, 0.6570784274650655, 0.6571378697087801,
    0.6534781745378521, 0.667622617189435, 0.6524931077939877,
    0.6674614643705065, 0.6728241165047106, 0.6587155767972919,
    0.6776937885560851, 0.6817932606175325, 0.6694683270609897,
    0.6498792864706205
  ],
  "training_time": 407.5679712295532,
  "avg_gradient": 0.004480195740510078,
  "memory_usage": 745.21484375
}
