{
  "train_losses": [
    0.30155418651259464, 0.27377530875737255, 0.25050756618704484,
    0.23197834218001884, 0.21419021284774595, 0.19438917724334676,
    0.182092623056277, 0.1722305068017348, 0.1642550199252108,
    0.15514072184653385, 0.14936609120796557, 0.14077093711365823,
    0.13355311808054862, 0.12602412303828675, 0.12038842374053986,
    0.11521886131199806, 0.10670643672347069, 0.10520446579903364,
    0.09441420589776142, 0.09100705433798872, 0.09614045938233966,
    0.08192973737807377, 0.07665171615941369, 0.07588916182841944,
    0.07067544092221753, 0.06774273427689205, 0.06310356402283777,
    0.060959763581986015, 0.058579048668236836, 0.05698856108052575,
    0.06384715652498214, 0.0567002158773982, 0.05158685678211243,
    0.049330599423821855, 0.04831116182891571
  ],
  "val_losses": [
    0.3180087344801944, 0.26869185333666595, 0.24355668444996295,
    0.2342780925657438, 0.2087536612930505, 0.1939930433164472,
    0.18442878094704254, 0.183878549091194, 0.19579246769780698,
    0.18215311998906342, 0.16362818686858469, 0.17038737107878146,
    0.16090986165015594, 0.18417176280332648, 0.16075265407562256,
    0.1609042108706806, 0.16826620568399844, 0.15981704903685529,
    0.16660897628120755, 0.19473310333231222, 0.15875120768728462,
    0.1633491279638332, 0.17767260320808576, 0.1718910001218319,
    0.17132908948089765, 0.1820069347386775, 0.1731872898728951,
    0.17442684037529904, 0.17877565389094147, 0.1802265679706698,
    0.1790667302582575, 0.1792624168421911, 0.18348419439533484,
    0.18908779970977618, 0.18908245343229044
  ],
  "train_ious": [
    0.36817620830523073, 0.4132685082799519, 0.45644956642544837,
    0.5150125364543521, 0.5512707886974448, 0.5912722680933665,
    0.6139025609346405, 0.6319583834999285, 0.6477124721243761,
    0.6628126394597514, 0.673103777826696, 0.6897322402700133,
    0.7036735087741114, 0.7167530733066192, 0.7280253605458185,
    0.7378144027746244, 0.7541240872140379, 0.7570290485046052,
    0.7784312339904517, 0.7855560051790186, 0.7754802999721059,
    0.8043313869207668, 0.8156822296804274, 0.8173942679296369,
    0.8286833901336227, 0.8351784046145455, 0.8454615587125653,
    0.8501528519867122, 0.8554388068724366, 0.8593587743631315,
    0.8444445349168087, 0.8599627495243927, 0.8716108888603643,
    0.8765392025959663, 0.879032592194668
  ],
  "val_ious": [
    0.3759755302166593, 0.4245972894672035, 0.49127848392379464,
    0.5226829203142637, 0.5579692460056664, 0.5869158498834872,
    0.6077687526526658, 0.6045438816797907, 0.5838732852236085,
    0.6129458791751794, 0.6453765928745271, 0.6338103092882944,
    0.6531521593746931, 0.6255083241756411, 0.6602214756219282,
    0.6657466264306635, 0.654049079703248, 0.6696239625630171,
    0.6663086114154345, 0.6409454267957937, 0.6752924048814218,
    0.6767388275568035, 0.6628054479757944, 0.6765814803648685,
    0.6793038888254025, 0.6666798354059026, 0.6820022580416306,
    0.6821378955374593, 0.6833308781834616, 0.680895978341932,
    0.6768814504578493, 0.6834015053683433, 0.6826601868522342,
    0.6800111640190734, 0.6781956514586572
  ],
  "training_time": 627.3868627548218,
  "avg_gradient": 0.0017954449125577015,
  "memory_usage": 745.21484375
}
