{
  "train_losses": [
    0.30640208381025685, 0.2681039414652016, 0.245349509479559,
    0.22507607037930386, 0.20397867748270865, 0.18781539684404497,
    0.17692348004683203, 0.16932498436907065, 0.16060957968558953,
    0.15271781668390916, 0.14697010843488184, 0.1392479620307036,
    0.1322234948368176, 0.124880477907541, 0.11696538369616737,
    0.11437068608306024, 0.1073257890732392, 0.09833182892559664,
    0.09240411055962676, 0.08703569197298391, 0.08287476594357387,
    0.07969988194172797, 0.07595853163334339, 0.07289721454372225,
    0.06891573402706695, 0.06773623072987665, 0.06463270446123637,
    0.07727758481126765
  ],
  "val_losses": [
    0.28180619102457294, 0.28085546843383624, 0.24435454866160516,
    0.2250472925927328, 0.20461684886528098, 0.18980477523544562,
    0.18242959451416266, 0.17667739967937054, 0.17173052190438562,
    0.16425710009491962, 0.16317519885690315, 0.15895473212003708,
    0.15475101866151975, 0.16666196351465973, 0.16027263924479485,
    0.1571949744678062, 0.1582186763053355, 0.1575770042836666,
    0.16661951545140016, 0.1685044376746468, 0.16833441105225813,
    0.1678368496182172, 0.17631107763103818, 0.16762939743373706,
    0.16762572397356448, 0.17592341760578362, 0.17618010225503342,
    0.17849847058887067
  ],
  "train_ious": [
    0.36145626766960637, 0.4209602677690754, 0.4658361665197726,
    0.5249991201444704, 0.5715803742354761, 0.6046584036093258,
    0.6247017274516213, 0.6385686036901198, 0.654426883960116,
    0.6695063962884569, 0.6793350295528121, 0.6940231303805888,
    0.7063004797243554, 0.7203702131907145, 0.734867608687584,
    0.7396259948179345, 0.7532225200987377, 0.7710043230242489,
    0.7823889132427135, 0.7932560372611748, 0.801471817428651,
    0.8082453786678936, 0.8161695658944654, 0.8229821125666303,
    0.8316297010667083, 0.8341430405127835, 0.8410881160609963,
    0.8146966772450915
  ],
  "val_ious": [
    0.4038340019575064, 0.41158218077127484, 0.48448605446711823,
    0.5415049491153247, 0.5834091356483058, 0.6044575778254565,
    0.6145697473615839, 0.6237917047911796, 0.638916249724402,
    0.6503438787615817, 0.6540808006041292, 0.6609071745820667, 0.6689589947894,
    0.6560821986716726, 0.6661451953476755, 0.669516579180524,
    0.6765243294446366, 0.6777793629013975, 0.6698159759027372,
    0.6703313431446102, 0.6701565849176351, 0.6774081786473596,
    0.6743017247189647, 0.6797155761632364, 0.6815988514302433,
    0.679949113856191, 0.6804079834533774, 0.6692342781934186
  ],
  "training_time": 502.81171131134033,
  "avg_gradient": 0.004435230996054287,
  "memory_usage": 745.21484375
}
