{
  "train_losses": [
    0.30901720261444215, 0.2665844937057599, 0.2476227650337893,
    0.22909663795776988, 0.20771085738163927, 0.19201282338927622,
    0.1816720739816842, 0.17161558617068373, 0.16418032064709975,
    0.15735034110105556, 0.1500392842066029, 0.14309179086400114,
    0.1352831501432735, 0.12938455079236758, 0.123628504736268,
    0.11696987631528274, 0.108448909069209, 0.10548076167216767,
    0.09898503497242928, 0.09530986732114917, 0.08777492938806182,
    0.08137258563352667, 0.07647792946385301, 0.07305965746712426,
    0.08157451525735467, 0.07038524327799678, 0.06425158110568704,
    0.06271201121094434, 0.059918044458912766, 0.05817016750655096,
    0.05503340593903609, 0.06399480427574852
  ],
  "val_losses": [
    0.28735438054022583, 0.26711319581322046, 0.2398195652210194,
    0.22174244212067645, 0.2080325756383979, 0.1880527925880059,
    0.17900848161915076, 0.18183892900529114, 0.17002275067826975,
    0.17125318976848022, 0.15760401571574417, 0.18182017718968185,
    0.15363132240979568, 0.1533505152101102, 0.1539274360174718,
    0.15103011934653574, 0.16230999160072077, 0.15751746118716572,
    0.1552651560176974, 0.16021643255067908, 0.15622557148985242,
    0.15896161872407663, 0.16530710620724637, 0.16826235373382983,
    0.16842609449573184, 0.16554083189238672, 0.1700466958724934,
    0.17146768777266794, 0.1853551654064137, 0.17506427803765173,
    0.18187480031148248, 0.18012477797658547
  ],
  "train_ious": [
    0.3564295241391149, 0.42292014931573535, 0.46262695504995366,
    0.523222895676567, 0.5676554643373557, 0.5959557937323183,
    0.6135580392311452, 0.6327222225566704, 0.6457965678494904,
    0.6594319841352058, 0.6733987178059593, 0.6860172384675001,
    0.7007523741627084, 0.7111210154666417, 0.7225097238045677,
    0.7346674205492372, 0.7506179681614684, 0.7561118612470834,
    0.769460109642882, 0.7766474968605281, 0.7918546243530258,
    0.8056950259251876, 0.8157110817838402, 0.8232113533261887,
    0.8061219318837359, 0.8290335656940077, 0.8428355067752406,
    0.846224428734918, 0.8526390218648361, 0.85649352563896, 0.863717074195544,
    0.8441439098206122
  ],
  "val_ious": [
    0.39767081970753887, 0.43672135090243974, 0.49598358868472797,
    0.5168105002384688, 0.5686321341689081, 0.5981845719658812,
    0.6204609415237454, 0.6177814026241718, 0.6279527644316356,
    0.6299597908189329, 0.6608577247547067, 0.6316801972579265,
    0.6659230430057084, 0.6709759125243062, 0.6725869586934214,
    0.6764793318250906, 0.6641025910342949, 0.6708968644556792,
    0.6808417249416958, 0.682011295919833, 0.683197910155075,
    0.6819046239058175, 0.6858221994362017, 0.6815855401581612,
    0.6748752015224403, 0.6868655413821123, 0.6862349281276483,
    0.6893565801606663, 0.6827356880125791, 0.6924165850100309,
    0.6848932733570319, 0.6817468201768572
  ],
  "training_time": 574.9920945167542,
  "avg_gradient": 0.003337846296601154,
  "memory_usage": 745.21484375
}
