{
  "train_losses": [
    0.30714117978578026, 0.291479101161594, 0.2777858696392049,
    0.2518915678172008, 0.2278390896871038, 0.20988999631093896,
    0.19513967940988747, 0.1838407834748859, 0.17458203499731811,
    0.16916706056698508, 0.15934110943066038, 0.15433465478860814,
    0.14633270353078842, 0.14007761969190577, 0.13422564259203879,
    0.12691573102189146, 0.12194142774071383, 0.11695734326444242,
    0.11267242212172436, 0.10468134150394927, 0.09818387452674948,
    0.0971877278112199, 0.08796589793232472, 0.08255048622579678,
    0.08582972229012976, 0.07479780037765918, 0.07627974713788084,
    0.07029073584176924, 0.06630022920992064, 0.06240874800183203,
    0.061229590630239764, 0.05977879887770699, 0.06271848406480707
  ],
  "val_losses": [
    0.30274966683076776, 0.2881398531405822, 0.27027590637621673,
    0.25511918832426483, 0.22692272099463837, 0.2196931515050971,
    0.19553990500128787, 0.19261602441901746, 0.18729445241067721,
    0.1776680985222692, 0.18176815723595413, 0.1667031383384829,
    0.1643713826070661, 0.16025369841119516, 0.15935692774212878,
    0.15826239210108053, 0.15576082905349525, 0.15906007571712785,
    0.18008912419495376, 0.16111117342244025, 0.1673458685045657,
    0.17089793215627255, 0.16233203300963278, 0.1691233016874479,
    0.17024850634777028, 0.16616950410863626, 0.17608040927544885,
    0.17938385612290839, 0.17543595575768015, 0.1706273173508437,
    0.19063934230286142, 0.17993587287871735, 0.1840210670362348
  ],
  "train_ious": [
    0.35720586756706046, 0.38422274578740634, 0.40505142314075615,
    0.472930109998637, 0.5274133291365442, 0.5627521720539403,
    0.5887169689749896, 0.6109904153137534, 0.6272005513310432,
    0.6371443101569363, 0.6550613856617956, 0.6634520638896071,
    0.6798457189098648, 0.6914259030659132, 0.701807256464077,
    0.715278284597224, 0.725201223207557, 0.7336973282306092,
    0.7429846297355666, 0.7573403440199904, 0.7701979551626287,
    0.77319652462999, 0.7910774940813797, 0.8023280362072197,
    0.7965691130662309, 0.8194987277189891, 0.8164971840122474,
    0.8293511974422827, 0.8381174510155894, 0.8465996625414792,
    0.8493259843924769, 0.8527360827378602, 0.8461128865247183
  ],
  "val_ious": [
    0.3813608999269596, 0.39325063189734577, 0.41655704184718756,
    0.49553234659243317, 0.5406775518819906, 0.5542366352418194,
    0.5942356855325079, 0.5997730435236639, 0.6097993176916371,
    0.623153363448986, 0.6280963623869245, 0.6433912154988964,
    0.6518815405990765, 0.6600621195806974, 0.6638640063828317,
    0.666473794458569, 0.6707079842470695, 0.6726937343676885,
    0.6424318418122722, 0.6710252301848453, 0.6690454301626787,
    0.6628563410562017, 0.677926181883052, 0.6763146422479462,
    0.6760341276725134, 0.6794166644846183, 0.671673658317414,
    0.6759450457234313, 0.684223550385323, 0.6848591540170755,
    0.6776144368493039, 0.6779769531626633, 0.674865879010463
  ],
  "training_time": 596.8126456737518,
  "avg_gradient": 0.0030062709849984453,
  "memory_usage": 745.21484375
}
