{
  "train_losses": [
    0.29608058832261874, 0.2681249614157107, 0.24922098624317543,
    0.23039148253915104, 0.21255337147285108, 0.19335824704688528,
    0.1819367693008288, 0.17270024355662905, 0.16344395741496398,
    0.15623580465984085, 0.14724945058317288, 0.1426081417290413,
    0.13443103323326164, 0.1293848824241887, 0.12139812010623839,
    0.11279000256858442, 0.1094335553276798, 0.10837677489642215,
    0.10247691080945989, 0.09095182731423689, 0.08630983729887268,
    0.08411844783341108, 0.07696574938524028, 0.07144833141532929,
    0.069629881227308, 0.06685820809039085, 0.06425785453504194,
    0.0613821303350446, 0.06109720334896575, 0.05774327197476574,
    0.060572286176940666, 0.05670029641655476, 0.05763114966533106
  ],
  "val_losses": [
    0.28701994924441626, 0.28087152605471405, 0.25224678963422775,
    0.22831525329662405, 0.21606032647516416, 0.19730341823204703,
    0.2116452504111373, 0.17757672168638394, 0.18732030139021252,
    0.16880227981702142, 0.1623208176182664, 0.1718563489291979,
    0.15795299734758295, 0.16155436294882194, 0.15976659743034322,
    0.1643686096953309, 0.17412077570738999, 0.1650646115126817,
    0.1662327880444734, 0.17111763082768605, 0.17051428605033003,
    0.1626009921664777, 0.1621996655088404, 0.17341904909066533,
    0.17011647817233336, 0.17040032844828523, 0.1765786391561446,
    0.17689815131218536, 0.19051020543860353, 0.20169464045244714,
    0.1783461951367233, 0.17822008887710777, 0.18185855934153433
  ],
  "train_ious": [
    0.3790636926011719, 0.42073914974372334, 0.4602309227741741,
    0.5175319565055162, 0.5570136416649472, 0.5932950182291479,
    0.6142271348693662, 0.6304443092017936, 0.6472960357432777,
    0.6609064952294895, 0.6773717906056107, 0.686552648311076,
    0.7018399614354839, 0.7105253420878144, 0.7252199041346712,
    0.7417541000506153, 0.7477050397707073, 0.7503887814996036,
    0.761907455335925, 0.7851484418995144, 0.7945520767159222,
    0.7993194214675734, 0.8145693130251288, 0.8266853896388107,
    0.830600037198999, 0.8372187211677644, 0.8427826074370445,
    0.8492174389353696, 0.8499750214210458, 0.8573357999540758,
    0.8513069309402207, 0.8599169145243757, 0.858390147595302
  ],
  "val_ious": [
    0.4031946237968362, 0.41685557608028484, 0.4744090980485729,
    0.5229629493062046, 0.5495952554587005, 0.5735503733158114,
    0.5867264020270195, 0.6234438294085902, 0.6076665260437608,
    0.6402346044778825, 0.6525484889313795, 0.6399479279483573,
    0.6605220599019009, 0.6542836259240689, 0.6603286514679593,
    0.6587726612021957, 0.6509548553090165, 0.6601496697336005,
    0.6613980266063109, 0.6673319033090619, 0.6697192302216655,
    0.6756384923406269, 0.6825234946133432, 0.6788348346084788,
    0.6813309678564899, 0.683091537244078, 0.6743912366421327,
    0.6788989031228467, 0.6764146268799687, 0.6708691999100256,
    0.6800579748291901, 0.6869662749594536, 0.665849961232448
  ],
  "training_time": 593.6719377040863,
  "avg_gradient": 0.0034502157210875286,
  "memory_usage": 745.21484375
}
