{
  "train_losses": [
    0.30569106202734553, 0.25595320307690167, 0.22718090458732584,
    0.2059943959440874, 0.19215956832403722, 0.18137104371967522,
    0.1693074494276358, 0.16156126777439014, 0.1543814845221198,
    0.14879358365483905, 0.1412246591694977, 0.1317366673813566,
    0.12498469294413277, 0.12297848118064196, 0.11429488189194513,
    0.10584951597063438, 0.10444603410913893, 0.09263592711447374,
    0.0883946587615039, 0.08646327917180631, 0.08145231891261495,
    0.08079797653076441, 0.0744942577312822, 0.06721442660478794,
    0.06393290159252027, 0.0609014244021281, 0.058795495667373354
  ],
  "val_losses": [
    0.2765397241582041, 0.2369393965472346, 0.22017840587574503,
    0.23707884258550146, 0.19283365944157477, 0.17461537375398303,
    0.17758739286142847, 0.17064683754806934, 0.16130422574022543,
    0.16304200531347937, 0.1557108431082705, 0.17310430109500885,
    0.15353325560041095, 0.15050057742906653, 0.15772544997541801,
    0.1532193187462247, 0.15112659902028416, 0.15608620044329893,
    0.15616645388629125, 0.15830970102030298, 0.15292774140834808,
    0.16167410511685454, 0.1681029446746992, 0.16481924348551294,
    0.16877206188181174, 0.16649479224630023, 0.18892505084690842
  ],
  "train_ious": [
    0.3607039278953304, 0.44451461671655684, 0.523926295441292,
    0.5673465409680553, 0.5942910395940576, 0.6140877149081322,
    0.6374880492795209, 0.6513396516118363, 0.6648980868791327,
    0.6757732095277827, 0.6895759975456673, 0.7072712179759273,
    0.7202922678620055, 0.7241669368484748, 0.7402231155530267,
    0.7561988307945969, 0.7586102660583416, 0.7819385831446752,
    0.7912335551843267, 0.7951775852968727, 0.8057288856825965,
    0.8073773773899976, 0.8205477707627887, 0.8364635916507758,
    0.8438440848519831, 0.8505166180539817, 0.8553532331750009
  ],
  "val_ious": [
    0.4142437166108826, 0.4953131647645563, 0.5591057097350343,
    0.531940693980542, 0.5969012887149618, 0.6254003801639529,
    0.6234608884306924, 0.6312702486048574, 0.6523216787887656,
    0.6530581097240035, 0.6644905803428182, 0.650856217612391,
    0.6739609317071197, 0.6748131552468175, 0.6704950680335362,
    0.6793812671001408, 0.6834587195645209, 0.6885485580002052,
    0.6801703632741737, 0.6795703917741777, 0.6902652896832729,
    0.690662701492724, 0.6842983587496522, 0.6910614118627878,
    0.6916945762392404, 0.6925555709479512, 0.6808785083501235
  ],
  "training_time": 483.5950651168823,
  "avg_gradient": 0.003616502274848442,
  "memory_usage": 745.21484375
}
