{
  "train_losses": [
    0.2966765712784684, 0.2640104229035585, 0.24248173104032225,
    0.22525322550664778, 0.20800710671945757, 0.19105111289283502,
    0.18090574378552643, 0.1722355720627567, 0.16173143085578215,
    0.15673604267446892, 0.14931607975260072, 0.1407023106256257,
    0.1340927880095399, 0.12854908204273038, 0.12232812668156365,
    0.11521383350634057, 0.11215365568742804, 0.1055053054233608,
    0.09567454821713593, 0.09367618543784255, 0.08625464096827351,
    0.08499212704760872, 0.0824734446309183, 0.07315819012001157,
    0.07156108809716027, 0.06868922364209658, 0.06497362393723882,
    0.06109880002053535, 0.05950236377184805, 0.05714207822861879,
    0.05783524323740731, 0.07464864884462694, 0.055518938187995685,
    0.050044735367207424, 0.04851325508207083, 0.04718859495757067,
    0.045542011766330055
  ],
  "val_losses": [
    0.27912166585092957, 0.250962315046269, 0.22919823294100555,
    0.2099750650965649, 0.1908033422153929, 0.18345259421545526,
    0.181439362142397, 0.1727957683412925, 0.1681771712458652,
    0.17093828612047693, 0.15965878995864288, 0.1579202241871668,
    0.1551408459958823, 0.1589842032155265, 0.1596846804022789,
    0.16036000588665839, 0.1516821560976298, 0.15092976115967915,
    0.16279737586560455, 0.15807700934617416, 0.17512211527513422,
    0.16321959476108136, 0.1638912584470666, 0.16349814589256825,
    0.16921982590271079, 0.17032979234405185, 0.1668691563865413,
    0.178273003872322, 0.17478988675967508, 0.174102115728285,
    0.1817944396449172, 0.1722273117174273, 0.1744982383173445,
    0.18042186032170834, 0.18438639200252036, 0.1867759580845418,
    0.19008850533029306
  ],
  "train_ious": [
    0.3795163911423857, 0.4296007719214778, 0.48751314869487966,
    0.5317543981650814, 0.5636150844233192, 0.5974742316681404,
    0.6167302690176427, 0.6321529952836208, 0.6512566664512606,
    0.6605230313388336, 0.6729558922242425, 0.6886973138628661,
    0.7015102912766346, 0.7122633981423965, 0.7233444257382896,
    0.736800563670155, 0.7429140186936094, 0.7558768703669739,
    0.7751533212545125, 0.7792095413998416, 0.79429634174575,
    0.7974150730971838, 0.8025897624699962, 0.8225511240138524,
    0.8266113185580225, 0.8324848374594813, 0.8406406088151787,
    0.8496050103635023, 0.8533309243511458, 0.8586448427775635,
    0.857069818006046, 0.8215649384951249, 0.8623813144538713,
    0.8747978912315503, 0.8783571431818216, 0.8814069585523746,
    0.885304180932218
  ],
  "val_ious": [
    0.40948161957920454, 0.4601884986935318, 0.509823926926955,
    0.560426688928535, 0.5972062662459802, 0.6064143002681109,
    0.6100620531301568, 0.6350663289211798, 0.6399568660535673,
    0.6357416471709375, 0.6555516933617385, 0.6588170327570126,
    0.6673678861580032, 0.661082301666771, 0.6647628597591233,
    0.6655539768761481, 0.6809233841688735, 0.6840661556824396,
    0.6693613185830738, 0.6844454828811728, 0.6693827129792477,
    0.6762529525203982, 0.6836757318697114, 0.686656422805095,
    0.6840763534756673, 0.6826159392578014, 0.6919938520244932,
    0.6879618411910707, 0.683125875134399, 0.6915483647498533,
    0.6847150638915489, 0.6837300923855408, 0.6892817249332649,
    0.6924388063126715, 0.6910819501980492, 0.6932990732400315,
    0.688829107992891
  ],
  "training_time": 664.2036051750183,
  "avg_gradient": 0.001554114434585581,
  "memory_usage": 745.21484375
}
