{
  "train_losses": [
    0.2924689489376286, 0.2583316062455592, 0.2358281744401092,
    0.20946561925761079, 0.19300963713423067, 0.18141662159367747,
    0.17068795228134032, 0.16231759912941768, 0.15269583451521138,
    0.146002773033536, 0.13894859766182693, 0.13295995488600887,
    0.12988140134383802, 0.11947401374092569, 0.1145583766957988,
    0.10622430086621772, 0.10444830568588298, 0.09828100806992987,
    0.09134234726914893, 0.08307552313351113, 0.08073826757786066,
    0.07567004442376934, 0.08109974107988503, 0.06885192055336159,
    0.06431057666549864, 0.06202374848172716, 0.06031246258593772,
    0.059363577028979424, 0.05729233947299097, 0.055814479558688145
  ],
  "val_losses": [
    0.28013448417186737, 0.27509867821050726, 0.2245900478699933,
    0.2345476902049521, 0.19118303870377334, 0.18253073193456815,
    0.18110413654990817, 0.17423667013645172, 0.164109340828398,
    0.17610796994489172, 0.16581413344196652, 0.17656402063110602,
    0.15771481378570848, 0.16271935111802557, 0.15845416874989218,
    0.1842829769720202, 0.17927196686682495, 0.16503792547661325,
    0.1656678195880807, 0.16412429673516232, 0.16783175585062607,
    0.16947091953909915, 0.16591923327549643, 0.17140644756348236,
    0.17379582381766776, 0.17539213452002275, 0.1806760342872661,
    0.17620394897201788, 0.1827464855235556, 0.19641124457120895
  ],
  "train_ious": [
    0.3840358458351345, 0.43699802121268405, 0.49976158825133565,
    0.5611790483142588, 0.593708456858345, 0.6143123297479708,
    0.6338100221170032, 0.6494546306953914, 0.6669234249578868,
    0.6806878515019797, 0.6930846013668661, 0.704324638174064,
    0.7102942960201829, 0.729356310667767, 0.738934736914825,
    0.7549420123298963, 0.7579222416532211, 0.7701974858840304,
    0.7844252732676871, 0.8014067668413765, 0.8068666660051416,
    0.8171708252334945, 0.8068475784814878, 0.8323772390899448,
    0.8425612922595892, 0.8473807542004451, 0.8514095287824022,
    0.8536252070596254, 0.8581789315178779, 0.8617777109578038
  ],
  "val_ious": [
    0.4039839447840401, 0.4440522746493421, 0.5352699284752209,
    0.5541606649108555, 0.6009131456198898, 0.6152470822351566,
    0.6141351940839187, 0.632738686774088, 0.6503947558610335,
    0.6324965841528297, 0.6527096311683241, 0.6378384971100352,
    0.6684931952884232, 0.6648548267025878, 0.6690881414257962,
    0.6384821074164432, 0.6525850332733514, 0.6709486982528715,
    0.6717243874850479, 0.6838648271733435, 0.6781772433415704,
    0.6823455024024715, 0.6867813727130061, 0.6839977338694145,
    0.6882442583640417, 0.6857464974341186, 0.6843474537566088,
    0.6860546780669171, 0.688758064871249, 0.6720235285119734
  ],
  "training_time": 540.4674215316772,
  "avg_gradient": 0.006154404926094401,
  "memory_usage": 745.21484375
}
