{
  "train_losses": [
    0.29059901647269726, 0.2504245927962272, 0.23153774464583915,
    0.2140739354426446, 0.1955343438717334, 0.180936212287001,
    0.17392285484010758, 0.16377235050110714, 0.15723930890469448,
    0.14827060456509175, 0.14225299372945144, 0.1353328188314386,
    0.12787767171697773, 0.11992810119915268, 0.11344240379074345,
    0.10739499613966631, 0.10243600084567847, 0.09798733962942725,
    0.08907785384065431, 0.08509030978640784, 0.08816114574184884,
    0.07964870046176341, 0.07373997710807167, 0.07343944587299357,
    0.0687427559422086, 0.06760210922473799, 0.06446143656807102,
    0.06105208077022563, 0.05935791622766334
  ],
  "val_losses": [
    0.2759387046098709, 0.2717794273858485, 0.22967348539310953,
    0.20796353531920392, 0.1897331304524256, 0.18387131004229837,
    0.18856578255477158, 0.1769019734600316, 0.17001071215971655,
    0.16568111369143362, 0.16990665897079135, 0.1730849091773448,
    0.18109981391740881, 0.1650569461610006, 0.16901896991159604,
    0.16773450552769328, 0.16207301584274872, 0.16321517462315766,
    0.1623832589906195, 0.16564232629278433, 0.1707928501393484,
    0.16953119959520258, 0.17327131914055866, 0.16956595299036606,
    0.17424555641153586, 0.1743451266185097, 0.17440374487120172,
    0.17911108048713725, 0.20382849353811014
  ],
  "train_ious": [
    0.38847365291627767, 0.4604130909714432, 0.5129681767733848,
    0.549877593347776, 0.5892547733163918, 0.6160339653168034,
    0.629193248794131, 0.6476105547145655, 0.6592440073364889,
    0.6762864553518053, 0.6871062457777452, 0.6997678329007352,
    0.7131303822540717, 0.7284613312154578, 0.7403864824361566,
    0.752056264790936, 0.7619215774255386, 0.7700341210525107,
    0.7882183662251288, 0.7966135375309681, 0.7903079111938894,
    0.8079585916754132, 0.8207229504334758, 0.8217172345173532,
    0.8317544042416236, 0.8345524649257245, 0.8416099400408023,
    0.8493493021182393, 0.8530617443763688
  ],
  "val_ious": [
    0.4193905589805133, 0.4491086224822894, 0.5251515135169028,
    0.5647700448399005, 0.6035038129143093, 0.6170390734206074,
    0.6085171075402827, 0.6321425744588826, 0.6383214346740559,
    0.6469007261853286, 0.6453347927418307, 0.6517167290051781,
    0.6367918570404466, 0.6564785812212073, 0.6601948517820108,
    0.6634785023288452, 0.6668032507101692, 0.6727638596641844,
    0.673751541453859, 0.6713632837585779, 0.665439143129017,
    0.6759847678999971, 0.6781680871179138, 0.6773469733155293,
    0.6784612387418748, 0.674063073552173, 0.679271106702694,
    0.6805152316456256, 0.6706057322629985
  ],
  "training_time": 524.0727081298828,
  "avg_gradient": 0.0040736889172314295,
  "memory_usage": 745.21484375
}
