{
  "train_losses": [
    0.2948776017064634, 0.2666818723892388, 0.24368655122816563,
    0.2266488512573035, 0.20770357136169207, 0.1889451230349748,
    0.17759923272482728, 0.1698915165565584, 0.15917795969416265,
    0.15068413956981638, 0.14546215275059576, 0.137607051950434,
    0.1326499956295542, 0.12537113504241343, 0.11770562187809011,
    0.11483485729474088, 0.10825672879329194, 0.10286613906045323,
    0.09788710490355025, 0.09046236514721227, 0.08599545409821946,
    0.08228319741623558, 0.08051010650461135, 0.07509362997244233,
    0.07677176493503478, 0.06768215870808648, 0.06296456220519284,
    0.060710447516454304, 0.057776555601183485, 0.05669499802119706,
    0.05609620996224492, 0.06174543117294493
  ],
  "val_losses": [
    0.29557257566763007, 0.27024293075437134, 0.26380274898332096,
    0.2204524233289387, 0.2052645592585854, 0.20503231332353924,
    0.20636962289395538, 0.19249025861854138, 0.17362502897563187,
    0.17355000907960144, 0.1794460124295691, 0.1572198265272638,
    0.1682325251724409, 0.1566355413068896, 0.15945070820010226,
    0.15808167340962784, 0.15643241467035335, 0.16477801262036615,
    0.1544763714722965, 0.1632569552115772, 0.1626593969438387,
    0.1596172353171784, 0.16750749200582504, 0.17602771553008453,
    0.16741548672966336, 0.16780479803033496, 0.16726065086929695,
    0.16831336510570152, 0.16850814644409262, 0.17694628141496493,
    0.17469058088634326, 0.1901336688062419
  ],
  "train_ious": [
    0.3829218833061925, 0.42383803108071105, 0.4723364296353437,
    0.5221788884558971, 0.561599348334299, 0.6016640892873206,
    0.6212103696189064, 0.6368390094704816, 0.6544900274687059,
    0.6704722191004651, 0.681315884695969, 0.6960464584222741,
    0.7051752424002552, 0.717904736382374, 0.7327934629351335,
    0.737963770718678, 0.750311527023281, 0.7612413759140861, 0.771098548195501,
    0.7859543355694719, 0.7952919257939731, 0.8031302525297452,
    0.8070764605333839, 0.8188866207349126, 0.8150241219479106,
    0.8350290910921233, 0.8455194120389827, 0.8504314550023149,
    0.8570269771676133, 0.8596026189085368, 0.8609142577734551,
    0.8493737752238909
  ],
  "val_ious": [
    0.3949675916329674, 0.4188842273442129, 0.4571409088329993,
    0.5390622491637866, 0.5783554408429326, 0.5642428250200507,
    0.574856475427531, 0.6024824797675229, 0.6374297913001931,
    0.637776202697685, 0.6200799691504325, 0.6673210876575414,
    0.6518877373225446, 0.667461269143699, 0.6679913563572842,
    0.6737035055091414, 0.6733391859393191, 0.6769622305165166,
    0.681371449776318, 0.6796374092067498, 0.6775819659233092,
    0.6889145141062529, 0.6790039269388588, 0.6731600828360821,
    0.6812933298988618, 0.6924911493408507, 0.6948679754699488,
    0.6918005435795023, 0.6893241278071337, 0.6904018575298612,
    0.6897694541924241, 0.6630163464857186
  ],
  "training_time": 576.4627468585968,
  "avg_gradient": 0.00488748089799783,
  "memory_usage": 745.21484375
}
