{
  "train_losses": [
    0.3067405520249968, 0.27082804849614267, 0.24352000848106717,
    0.21569332893451917, 0.19869112142402193, 0.18413719785926136,
    0.17378617353413417, 0.1656209220704825, 0.15780431096968445,
    0.15084327457715635, 0.14429187450719916, 0.1368154659057441,
    0.13149977005694224, 0.1247735507381351, 0.11783082082705654,
    0.11446802589394477, 0.1070378853979966, 0.1024364993462096,
    0.09122742072719595, 0.08596799117715462, 0.08195111819583437,
    0.0806670542806387, 0.08710510559056116, 0.07542031464855307,
    0.06733175931984316, 0.06420521652730911, 0.06075525057056676,
    0.059355433746848416, 0.05702284632412636, 0.054970389272531735,
    0.05320218418036466, 0.051793256025437426, 0.05149353311761566,
    0.05012224665235566, 0.06141343141865471
  ],
  "val_losses": [
    0.2884372511635656, 0.2591558529630951, 0.2268331630722336,
    0.22600100189447403, 0.19905974683554276, 0.18682591260775275,
    0.17882745162300442, 0.1730761741814406, 0.16965385947538458,
    0.17459918040296304, 0.16755193601483884, 0.17437311844981235,
    0.15733644495839658, 0.15843147557714712, 0.16396511475677075,
    0.15837650470759557, 0.1640410484827083, 0.15807503267474796,
    0.15417571382030196, 0.16740408474984375, 0.1640002907294294,
    0.17394091933965683, 0.17260649217211682, 0.16080767677529997,
    0.176765952097333, 0.1700875464340915, 0.1775435504058133,
    0.17507174578697784, 0.177264257941557, 0.18246247425027515,
    0.19198182290015015, 0.18813237677449765, 0.18959525227546692,
    0.19014501053354013, 0.19840749871471655
  ],
  "train_ious": [
    0.3593571574000753, 0.41767800134503097, 0.4907220335752345,
    0.5515215735126663, 0.5841914551143632, 0.6096469266475113,
    0.6290388301122878, 0.643958451307338, 0.6591776929579782,
    0.6703850663658502, 0.6828499065469139, 0.6974887825224713,
    0.7072650166633336, 0.7195110885777336, 0.7328042383643165,
    0.7392772427503611, 0.7530622027166507, 0.7619966732850973,
    0.784586945683628, 0.7955454966944195, 0.8040447886223376,
    0.8068243800729948, 0.7942346701587452, 0.8184524161228239,
    0.8360158584040146, 0.8431533260837846, 0.8507968021043832,
    0.8539134583611419, 0.8592081204920573, 0.8638287040850392,
    0.8679671673023179, 0.8710160399044768, 0.871707167638384,
    0.8748076838859613, 0.8518601589012841
  ],
  "val_ious": [
    0.39303528981796204, 0.43200456141452037, 0.5276912287741468,
    0.5431735634371853, 0.5927756789369859, 0.6044682311838951,
    0.6174785281005112, 0.6279378369234611, 0.637471529668656,
    0.6306103502494702, 0.6452797465566277, 0.6385720454264378,
    0.6660118871840879, 0.6644212607888208, 0.6565773022779519,
    0.6640305054792457, 0.661610733339752, 0.6771185037450514,
    0.6846293487410616, 0.6775287024784779, 0.6792918737383855,
    0.6656427912522053, 0.6697837928499001, 0.6862329920564872,
    0.6776140712309576, 0.6861293579357262, 0.6832592249780461,
    0.6872502729512644, 0.6880078032828761, 0.6829836735690848,
    0.6796354059723838, 0.6849024708288303, 0.6820067486901213,
    0.6868611343096995, 0.6521945945594622
  ],
  "training_time": 627.5829813480377,
  "avg_gradient": 0.0032642451889939835,
  "memory_usage": 745.21484375
}
