{
  "train_losses": [
    0.2967562730545583, 0.2695696188703827, 0.24939522843645967,
    0.2304589508668236, 0.21439168715606566, 0.19577533217227977,
    0.1848372933657273, 0.17353003415400567, 0.1641496368886336,
    0.15593269884424366, 0.14754400669556597, 0.1405993244084327,
    0.13174744667080435, 0.12498291614262955, 0.11851512187201044,
    0.11336994725886894, 0.10950553093267523, 0.10006160621085892,
    0.09069009254808011, 0.09189129377836766, 0.08566078426235396,
    0.0805549504964248, 0.07567862133778956, 0.0717243414129252,
    0.07127549355525685
  ],
  "val_losses": [
    0.2810471543799276, 0.28307950950187183, 0.3124705540097278,
    0.23183494449957556, 0.20628880741803543, 0.19827857451594394,
    0.18791423640821292, 0.1959878792581351, 0.1740449074169864,
    0.17554870701354483, 0.17581779121056848, 0.16572597849628198,
    0.16756363294046858, 0.17327847202187, 0.16756209261391475,
    0.16098590389541959, 0.1717065290912338, 0.16457698251242223,
    0.1660833711857381, 0.1765124943593274, 0.18416925584492477,
    0.17169270129955333, 0.19334625161212424, 0.17679186554058737,
    0.17981544979240582
  ],
  "train_ious": [
    0.3783417542015189, 0.41876287706652837, 0.4678404990220019,
    0.5181497150384213, 0.5534459074986157, 0.5882301422888817,
    0.6107686122582445, 0.6284684273211856, 0.6449019387904285,
    0.661387438521437, 0.676777796306904, 0.6896921645687976,
    0.7057033810170662, 0.7188402845159819, 0.7314601414229557,
    0.7413472135321818, 0.7490799117671405, 0.7670056621233622,
    0.7861715193999848, 0.7839994510446772, 0.7969971730549268,
    0.8071663244694905, 0.8179978799560795, 0.8263140705184661,
    0.8279331440942869
  ],
  "val_ious": [
    0.41006358054237085, 0.4046843156254487, 0.395158975182668,
    0.5178125334390694, 0.5567074497972708, 0.5941238712141478,
    0.5998060652527256, 0.592038584360178, 0.6361362258161324,
    0.6337376733620961, 0.6274160937122676, 0.650533689968828,
    0.6513891027889389, 0.6456365814243539, 0.6611184199219168,
    0.6637894226157146, 0.6503139120945032, 0.667642309397891,
    0.6721585649943005, 0.6568754047587297, 0.650585405420566,
    0.6750603074180908, 0.6579898360414781, 0.6705935210853382,
    0.6511779790339262
  ],
  "training_time": 449.02674746513367,
  "avg_gradient": 0.005379717941001793,
  "memory_usage": 745.21484375
}
