{
  "train_losses": [
    0.301239758486981, 0.2554708670662797, 0.22770167206940445,
    0.20693865491320257, 0.1894674518186113, 0.1770038722973803,
    0.1671687839957683, 0.15949733518873868, 0.15163585349269534,
    0.145217659721232, 0.13816744753200075, 0.12860072841462883,
    0.12301629648098479, 0.11746071015849062, 0.11339060788083336,
    0.10464340059653572, 0.09938196161680896, 0.09209215155114299,
    0.0856485873784708, 0.08156692443172568, 0.07726755045840274,
    0.07337606121259539, 0.06907302337577162, 0.08021043427288532,
    0.0739738501648864, 0.06308896396228153, 0.05750208157722069,
    0.05479738391611887, 0.053483299404868616, 0.054250508830275226,
    0.0519166600526027
  ],
  "val_losses": [
    0.28937862943048065, 0.2586781437630239, 0.2163820237569187,
    0.20484968372013257, 0.2010970067070878, 0.20359112743450247,
    0.18366520657487537, 0.18629029328408447, 0.16886920611495557,
    0.1672495908063391, 0.16143071521883426, 0.18479848491108936,
    0.16299084800740946, 0.17440304646025534, 0.16554863426996314,
    0.16717832276354666, 0.16162825408189194, 0.17427911447442096,
    0.1666809002990308, 0.16914186918217203, 0.1702435949574346,
    0.174926713756893, 0.17877226873584415, 0.18533631640931833,
    0.1717416284524876, 0.1734276964612629, 0.17785723604585812,
    0.1821983709283497, 0.18524667037569958, 0.18709505252216174,
    0.20696097288442694
  ],
  "train_ious": [
    0.37621469475719904, 0.44869519706585576, 0.5272899110248124,
    0.5679599149557556, 0.5985710728859557, 0.6233032696704935,
    0.641275781814171, 0.6552205124087093, 0.6702106759168099,
    0.6820890261535195, 0.694638274664032, 0.7125475407186627,
    0.7226900328760564, 0.7335200347546218, 0.7420039532733137,
    0.7582869610168804, 0.7684397639679732, 0.7830747473930965,
    0.7967544950652811, 0.8053010847905406, 0.8142163446847944,
    0.8227166665205058, 0.8322493240669151, 0.8099517151713372,
    0.8223621126102365, 0.8453993601859476, 0.8581572649055633,
    0.864272397497425, 0.8669101385318713, 0.8654737607508468,
    0.8707708785499352
  ],
  "val_ious": [
    0.4034382772186529, 0.4457769680741257, 0.5567836590867112,
    0.5841702487373699, 0.5717857696007991, 0.5872322959096536,
    0.619543121776719, 0.6222369130970776, 0.6486229766970097,
    0.6500792445048041, 0.6573543166336805, 0.6278790192327637,
    0.6603727399007134, 0.63907243721727, 0.662242156655892, 0.6656805086826932,
    0.6734789931687755, 0.6570621977249781, 0.6743324090173278,
    0.6768489354762478, 0.6811602990264478, 0.6704196089851682,
    0.6779432858245958, 0.6451951321484387, 0.675984610034072,
    0.6853245200886242, 0.6898240403852601, 0.6875240046908889,
    0.6842638811339503, 0.6843075974695925, 0.6717961395996204
  ],
  "training_time": 556.9150500297546,
  "avg_gradient": 0.0020610451787589114,
  "memory_usage": 745.21484375
}
