{
  "train_losses": [
    0.3007898915397084, 0.2672186540034802, 0.24086420869697694,
    0.21921891111718572, 0.19640790800685468, 0.1835783521604279,
    0.1714574459778226, 0.16379420216316762, 0.15582728693666664,
    0.15011445453147526, 0.14188924099764097, 0.13376589836147817,
    0.1265533579432446, 0.12064770532205053, 0.11347279636918203,
    0.1077783088726194, 0.10108089491562999, 0.09482359744446434,
    0.08789987036067506, 0.08913271651481805, 0.08095169115973555,
    0.07467827800175418, 0.0722368168644607, 0.06837622973177096,
    0.06937071614210373, 0.06505905682949917, 0.058541726847381695,
    0.055989354140246694, 0.054020797894538744, 0.052495780097239694,
    0.05113676838252856, 0.049184381577145796, 0.05575961935455385
  ],
  "val_losses": [
    0.3059873146855313, 0.24604323700718259, 0.24320959170227466,
    0.2092088490076687, 0.20039388634588406, 0.1874282045856766,
    0.17699661267840344, 0.1731115096937055, 0.17177050722681958,
    0.17528789879187293, 0.16689008765894434, 0.16536910378414652,
    0.15970431397790494, 0.1687711555024852, 0.1633490417962489,
    0.16232837639425113, 0.15733278931482977, 0.16174057190832886,
    0.1674814515787622, 0.16212541561411775, 0.16715922579169273,
    0.16849356387620387, 0.1745752747292104, 0.16986048901858536,
    0.17460037962250088, 0.1766037150569584, 0.1762845781834229,
    0.18265840022460275, 0.18569729056047357, 0.18657280634278836,
    0.18559797205354855, 0.1888143964435743, 0.1985890168858611
  ],
  "train_ious": [
    0.37566232131169847, 0.4224895200630969, 0.4882410517870532,
    0.5435898357165467, 0.5884093771000269, 0.6110810510868178,
    0.6338876162156251, 0.6472950602031275, 0.6612740084528926,
    0.6739217579040839, 0.688707509280547, 0.7042300319434074,
    0.7169798013848672, 0.7276142629916257, 0.7413495275853335,
    0.752757580006036, 0.7657441180469335, 0.778047949615596,
    0.7917671346686018, 0.7898610857841765, 0.8065348604451057,
    0.8202083170198015, 0.825583795058555, 0.8339473779002828,
    0.8324376098487687, 0.8413098655317143, 0.8557203368864192,
    0.861662878938343, 0.8660850314342453, 0.8694011673763175,
    0.8725161004973496, 0.8770625549166092, 0.8626630351595255
  ],
  "val_ious": [
    0.3742731619572294, 0.4496209461088426, 0.49656864028909925,
    0.5628916035959686, 0.5666346506796018, 0.6055407257399696,
    0.6233464885449063, 0.6346984194672627, 0.6361606434203576,
    0.6316392713266868, 0.6482083598772685, 0.6515646412752677,
    0.6621267901382585, 0.6566288773564325, 0.6643219259770022,
    0.6611226941796317, 0.6724762223337007, 0.6723641541557035,
    0.6658433552669443, 0.677470042221788, 0.6802633173655774,
    0.6807702375926832, 0.67475070145683, 0.6781842315542524,
    0.6721908193135608, 0.6806842561649239, 0.6846801081429359,
    0.6834643802781034, 0.6804150034120117, 0.683701376984085,
    0.6807542318019313, 0.6829955878033154, 0.6606966246297395
  ],
  "training_time": 591.3132410049438,
  "avg_gradient": 0.002347992935270265,
  "memory_usage": 745.21484375
}
