{
  "train_losses": [
    0.28925585779158963, 0.25130358613703563, 0.23136561922729015,
    0.20849271904191244, 0.19103494108371114, 0.17643225840900256,
    0.16639473839946414, 0.15980158171252065, 0.15127906907835734,
    0.14165484164234088, 0.13672778273568206, 0.12940977359919445,
    0.12344576896208784, 0.11743222752019115, 0.11350014360378617,
    0.1041979122016093, 0.096800964123205, 0.09533533049018486,
    0.08648922836974911, 0.08178664185106754, 0.07779671381349149,
    0.07227745550968077, 0.06881217935891903, 0.06622876759375566,
    0.07583276267446902
  ],
  "val_losses": [
    0.28283488232156506, 0.2439859030039414, 0.22407754413459613,
    0.21592958563047907, 0.19180292798125226, 0.17749527291111325,
    0.17573656595271567, 0.16879934590795767, 0.16489577034245367,
    0.1687766815657201, 0.15755326317056365, 0.15899930748602617,
    0.16490336637134137, 0.15316678777984952, 0.15627984573011813,
    0.15572464660457944, 0.1596218532194262, 0.15911152699719305,
    0.1511482029505398, 0.16100893364004468, 0.1645927468071813,
    0.15942435355290122, 0.16150702827650568, 0.16660034105829571,
    0.18685985745295233
  ],
  "train_ious": [
    0.3872312743005093, 0.4499328685628298, 0.5124100164672278,
    0.5664309422499028, 0.5980111070895109, 0.6239717444269985,
    0.642464187428139, 0.6546232562674126, 0.6703160775528437,
    0.6873169280048731, 0.6972942963458489, 0.71116152178982,
    0.7227571857688219, 0.7336611962080868, 0.7408579866523324,
    0.7589321877753391, 0.7735423254578011, 0.77677313870062,
    0.7944698159893356, 0.8046021659089174, 0.8128955453850222,
    0.8246176576484806, 0.8323730366385497, 0.8381680686404742,
    0.818515254643516
  ],
  "val_ious": [
    0.4049698742835418, 0.4628333364329908, 0.5451422203062236,
    0.5604439406939175, 0.6031940721947213, 0.6257154811983522,
    0.6328826613616253, 0.6452558282492817, 0.6480103925518368,
    0.6442267834276393, 0.662165719313898, 0.6658901276363844,
    0.6529850443636164, 0.6775893260171448, 0.670319829945979,
    0.6826705954213071, 0.6803113338739977, 0.6777810320474099,
    0.6923372047966805, 0.6713768170363662, 0.6919704066670459,
    0.6878594451624415, 0.69001234571139, 0.6965521900118262, 0.6465759372365649
  ],
  "training_time": 448.9740765094757,
  "avg_gradient": 0.004280335183582671,
  "memory_usage": 745.21484375
}
