{
  "train_losses": [
    0.29273452253445337, 0.2498322431322025, 0.2300262992148814,
    0.2168832282009332, 0.19618449821744277, 0.18234881863969823,
    0.17071596978475218, 0.16197187291539233, 0.1537382752918031,
    0.14748675687967436, 0.13874095666181782, 0.13307708635440338,
    0.12603825476506483, 0.12096326632182235, 0.11244125518461932,
    0.10663164917217649, 0.10151556324537682, 0.097067857120672,
    0.09132092717387107, 0.08246640715262164, 0.0780000159435946,
    0.07504276943433544, 0.0711720689078388, 0.06996986693095254
  ],
  "val_losses": [
    0.2951107601756635, 0.23609762865564096, 0.28472380793612934,
    0.2229668099595153, 0.1861648076902265, 0.1811230824045513,
    0.18171532970407736, 0.17263561325228732, 0.17010797786971796,
    0.16158841388381046, 0.16125864114450372, 0.1603150578296703,
    0.16814225782518802, 0.15439936275715413, 0.15363581041279045,
    0.15456510902098988, 0.154369433450958, 0.15929243600238924,
    0.1582278657866561, 0.15629402952997581, 0.15875295274283574,
    0.1622701659798622, 0.1668199232738951, 0.18809602798327155
  ],
  "train_ious": [
    0.38727210835176, 0.4571761656175309, 0.5188230007239012,
    0.5470970259790401, 0.5891322380444715, 0.615656660194846,
    0.6360094378823818, 0.650603412879982, 0.6656642995666765,
    0.6779149908410467, 0.6941764263463196, 0.7045913191809171,
    0.7181296114256418, 0.7265770233411718, 0.7432149546085922,
    0.7549251152229487, 0.7647179849985718, 0.7737093873969885,
    0.7853030776200088, 0.8036553751731262, 0.8129775787609212,
    0.8191997693932577, 0.8278309954465307, 0.8308561762821851
  ],
  "val_ious": [
    0.4060486609089202, 0.4798750074553316, 0.478828672805558,
    0.548738566537698, 0.602483894514001, 0.6231017250945603,
    0.6139493554398633, 0.632763056003529, 0.6406861563091694,
    0.6555570268976515, 0.6600381889636966, 0.6589444407086442,
    0.6513841867014982, 0.6720943349427071, 0.6778415901505431,
    0.673977196648501, 0.6815276130817939, 0.6709211997795795,
    0.6853007266054982, 0.6887825077426607, 0.6820585202911627,
    0.6890244354372439, 0.6874960742998814, 0.6505639864050824
  ],
  "training_time": 432.0779550075531,
  "avg_gradient": 0.006025302660837593,
  "memory_usage": 745.21484375
}
