{
  "train_losses": [
    0.3034671864107899, 0.264953073438095, 0.2358439665125764,
    0.21644025142102138, 0.19630044933570467, 0.18447146896758806,
    0.1755172006137993, 0.1678372481432946, 0.16082430234097916,
    0.15092804096639156, 0.1450192905638529, 0.13887650187572706,
    0.12953581183176974, 0.12397985868965802, 0.11673531061767237,
    0.11048795635123616, 0.11055325749127762, 0.09697097122831189,
    0.09547503405938977, 0.08725281541600176, 0.08016482708246811,
    0.07521318158377772, 0.0744403096968713, 0.06965936003657787,
    0.06586163671201338, 0.0666630512467869, 0.06931941186928231,
    0.06733628220694221, 0.057644006269781486, 0.05412096987761881,
    0.05190782830038149, 0.05209664465940517, 0.05104246314453042,
    0.05127759992509433
  ],
  "val_losses": [
    0.28008580790913623, 0.2600074637195338, 0.2515903170342031,
    0.20106900969277258, 0.19369419145843256, 0.1824807803268018,
    0.19664806289517361, 0.16970712918302286, 0.17503680547942285,
    0.16283468545778937, 0.1672283828906391, 0.15495055654774542,
    0.1499948691090812, 0.15690181841668877, 0.15409478367022847,
    0.162409798282644, 0.15702643180670944, 0.15350338168766187,
    0.15519524349466615, 0.1501344084415747, 0.15798430808860323,
    0.15451495041665825, 0.15719013677343077, 0.15526044741272926,
    0.15836195615322693, 0.17690329593808754, 0.19561047592888708,
    0.16896330046912897, 0.1650800418270671, 0.17082226082034732,
    0.1765444421249887, 0.17673213488381842, 0.17609009373447168,
    0.17609575714754022
  ],
  "train_ious": [
    0.36621953499929266, 0.431589569232456, 0.5120099198640041,
    0.5513364195661701, 0.5890538120453338, 0.609225219844476,
    0.6264355326260346, 0.6407747927891172, 0.654011088544908,
    0.6722292767270752, 0.6828309023833796, 0.69341560161632,
    0.7106298231452273, 0.7213862407142703, 0.7348331507781275,
    0.7466772428673245, 0.7468701114581117, 0.7731862403992295,
    0.7764486875654998, 0.7927691949450448, 0.8080697783093519,
    0.8186961543084922, 0.8204762334193008, 0.8308732922094457,
    0.8394520347533012, 0.8379513211008429, 0.8320833593606946,
    0.8365058374145755, 0.8577343930584795, 0.8657579831239105,
    0.870761911722197, 0.8704410449102302, 0.8727675382641779,
    0.8722857357799145
  ],
  "val_ious": [
    0.40561763704686926, 0.47481230246847955, 0.5071052045601866,
    0.5777501837498898, 0.5932870662730675, 0.61082340647345,
    0.6029818790114445, 0.6393460458603457, 0.6376579267823178,
    0.6476937528105748, 0.6385676109272501, 0.6637755658315578,
    0.6750468810399374, 0.6647481862185657, 0.6711086421341137,
    0.666460765444714, 0.6681145479281743, 0.681190431765888,
    0.6793951882400373, 0.6935592956733013, 0.6844711035921954,
    0.6877930442924086, 0.6911837164906487, 0.6960124900375588,
    0.6942191754562266, 0.6816165967695954, 0.6715529142082602,
    0.6888876527115918, 0.6943195809920628, 0.6951380214397457,
    0.68860186809215, 0.6939217314340065, 0.6948540573534757, 0.6885166630364846
  ],
  "training_time": 609.7445685863495,
  "avg_gradient": 0.00478035716365375,
  "memory_usage": 745.21484375
}
