{
  "train_losses": [
    0.29977276759303134, 0.2627188285569782, 0.2366926561555137,
    0.21184334628607915, 0.19261446336041327, 0.18360479686247266,
    0.1722353354258382, 0.16334211494287718, 0.15405013926489197,
    0.14682152344966712, 0.14254620501204676, 0.13499523994877285,
    0.12925193855619949, 0.12237098282608001, 0.11861812622974748,
    0.11112274755926235, 0.10469959040536829, 0.0979086836071118,
    0.0943166142248589, 0.08907488118047299, 0.08355529950526745,
    0.07618306060929013, 0.07273525029987744, 0.07846810385260893,
    0.07422027647819208, 0.07754573588380995
  ],
  "val_losses": [
    0.29125240866256796, 0.28966714571351593, 0.22841592197832855,
    0.20371868364188983, 0.19629556782867597, 0.19920889968457428,
    0.18488540824340738, 0.16983151792184167, 0.16784627768008606,
    0.18287533651227536, 0.18187907078991766, 0.15790212154388428,
    0.16240081093881442, 0.15731002131234045, 0.21151028735482175,
    0.1589057251163151, 0.16411788907387984, 0.16222996766800465,
    0.1592757394132407, 0.16759971108125604, 0.16515318919783054,
    0.16652550013816875, 0.17188081048105075, 0.17909864465827527,
    0.169439689134774, 0.18275050770329393
  ],
  "train_ious": [
    0.36769035719318227, 0.43110945597917627, 0.505137628412793,
    0.5579602998289941, 0.5928836431138325, 0.6094574330347602,
    0.6305667436749173, 0.6471759063070238, 0.6651942746686766,
    0.6775861815481943, 0.6856583049115929, 0.700338232992352,
    0.7116895921096424, 0.7239872837520164, 0.7311034290578916,
    0.745046891434037, 0.7580907430661756, 0.7713328587512176,
    0.7783407744938048, 0.7888785903544526, 0.8003881200608135,
    0.8162682724819667, 0.8239046498269281, 0.8117212609968322,
    0.8207264898911764, 0.8148405037928319
  ],
  "val_ious": [
    0.39869735487129376, 0.4241027275892376, 0.532380118318226,
    0.5765132809030837, 0.5883057853881865, 0.5852599041401478,
    0.6127871406683024, 0.6353662353062974, 0.6419882778672206,
    0.6254165449004242, 0.6208545275140501, 0.6632319369177886,
    0.6558625002702076, 0.6654347595961198, 0.6007110573675319,
    0.6703400017990581, 0.6577259187681088, 0.6691764536975087,
    0.672845777394115, 0.674861867358719, 0.6802658319905184,
    0.6820370989001315, 0.684343152935954, 0.6694925872312076,
    0.6817653427521387, 0.6625833172297131
  ],
  "training_time": 467.1397194862366,
  "avg_gradient": 0.0030612463044039882,
  "memory_usage": 745.21484375
}
