{
  "train_losses": [
    0.29977887690715166, 0.27918066359732463, 0.26003894979215186,
    0.2408925986484341, 0.21373241338069024, 0.1956238765269518,
    0.18471868643942085, 0.17232755684982176, 0.16652033785762993,
    0.15503371434043284, 0.14708365248921124, 0.14116289778410093,
    0.13493194892678573, 0.12666158042038264, 0.12243555988306584,
    0.11610050835525212, 0.10799953130924184, 0.10683365320057972,
    0.09865066344323366, 0.09308501762216506, 0.08710537842758324,
    0.08179203400631314, 0.07825076077943263, 0.07410813837676593,
    0.07122414263532213, 0.06708923822430812, 0.06546435948542279,
    0.07042248864941623
  ],
  "val_losses": [
    0.29152531662712927, 0.3088670858870382, 0.25931081013834995,
    0.2479459831248159, 0.20939404808956644, 0.19340706001157346,
    0.18035524986360385, 0.1945643149640249, 0.18627704388421515,
    0.16823008818470914, 0.16614294116911682, 0.16209670804117038,
    0.15713400118376897, 0.16643788147231806, 0.16424111730378607,
    0.15987784480271133, 0.15871186392462772, 0.16005581925096718,
    0.16489618530739908, 0.16545786708593369, 0.1716714067303616,
    0.16180041043654733, 0.16762601972922034, 0.17975380498430002,
    0.16758757602909338, 0.17895588861859363, 0.1819117457970329,
    0.20014816619779752
  ],
  "train_ious": [
    0.37558438426210666, 0.40378936289846995, 0.4338982584488977,
    0.4916094528271587, 0.5552295576781033, 0.5886900043249994,
    0.6085925138137047, 0.6312980077404909, 0.6426989653728146,
    0.6625402115717308, 0.6771227721718773, 0.6887047497042712,
    0.7002858951471854, 0.7152038099433201, 0.723271236363528,
    0.7357415875446968, 0.75119775182743, 0.7536962431302104,
    0.7700022295441318, 0.7808380482745347, 0.7934094771094947,
    0.8043155166981876, 0.8116650903138559, 0.8209738785373993,
    0.8271027446009116, 0.8362049648295278, 0.8399580681453583,
    0.8298153194828306
  ],
  "val_ious": [
    0.3922088318976803, 0.3875374282183856, 0.4400251004473726,
    0.503387794546459, 0.5639746630753296, 0.59894797205925, 0.6158037008582684,
    0.59318392108316, 0.6098904957373936, 0.641237465151842, 0.6484039481999218,
    0.6478685846795207, 0.6663147578204888, 0.65259080067061,
    0.6588799471872442, 0.6689420091933099, 0.6688439884911411,
    0.6723155506711077, 0.6695650913145231, 0.6707068919271663,
    0.6670964269534402, 0.6828604804864828, 0.6759377845387528,
    0.6714930307605992, 0.6812621642282043, 0.6764283281737479,
    0.6825743036857551, 0.6696313086195268
  ],
  "training_time": 505.9229986667633,
  "avg_gradient": 0.009367832198722262,
  "memory_usage": 745.21484375
}
