{
  "train_losses": [
    0.302635507091232, 0.26664945021595643, 0.2372772713880176,
    0.21489001656680004, 0.19836332082100536, 0.18420262302717436,
    0.1751882131818844, 0.16637053251590417, 0.1587820230456798,
    0.14981134729864803, 0.1434581791172209, 0.13609741255640984,
    0.13116034460456474, 0.12145915242802838, 0.11641614025701648,
    0.11036826350280772, 0.10504043442399605, 0.09970998962450286,
    0.09353407767965742, 0.0856412984025867, 0.08007980263589518,
    0.07706904018540746, 0.07770657450284647, 0.07145567572392199,
    0.06634780910352002, 0.07392904492419052
  ],
  "val_losses": [
    0.2981227396622948, 0.27202147990465164, 0.22797787059908328,
    0.20068694100431775, 0.2121230810880661, 0.18698446679374445,
    0.18530110334572586, 0.17730325266070987, 0.17858508488406305,
    0.16749469093654468, 0.16532920689686484, 0.15877406282917314,
    0.1556150699439256, 0.15552186642004096, 0.16296161614034488,
    0.15090802781607793, 0.15179170004051665, 0.16171388619619867,
    0.15918826020282248, 0.1532786631065866, 0.16473214538848918,
    0.17009170563972514, 0.16256701185003572, 0.16080030863699707,
    0.16672139371866765, 0.1742369681596756
  ],
  "train_ious": [
    0.36828901264221797, 0.4259269561356556, 0.5069011016816333,
    0.5530290567734533, 0.5834871321862591, 0.6091257577249105,
    0.6270445395746957, 0.642060580352942, 0.6567682483489963,
    0.6736953292527924, 0.6845655666421291, 0.6986579070596588,
    0.7086159887089245, 0.7263785826879128, 0.7355741671677949,
    0.7474035226024582, 0.7573923686708234, 0.768281492688086,
    0.7800742515727233, 0.7966934656319411, 0.8081116296242975,
    0.8149041098313061, 0.8138343639995742, 0.827031099385973,
    0.8383689649079156, 0.8229521125339077
  ],
  "val_ious": [
    0.36843057732651197, 0.4450248552999202, 0.5332690808868062,
    0.5747380338717197, 0.5647403818109763, 0.6026681756627731,
    0.6010293070820795, 0.6267105945642443, 0.6278286196183468,
    0.6426538481660512, 0.6434028403482572, 0.6581450631653054,
    0.6655998100405154, 0.6665150877358258, 0.6607115327016165,
    0.6789378614529319, 0.6778492523708205, 0.6639231067636739,
    0.6768744689398919, 0.689187614598136, 0.6795455087786135,
    0.6775392669698468, 0.6818490516448367, 0.6910918823618818,
    0.6846647323041722, 0.6592677479636841
  ],
  "training_time": 467.22882294654846,
  "avg_gradient": 0.0041397921226364156,
  "memory_usage": 745.21484375
}
