{
  "train_losses": [
    0.289756648728381, 0.2516151626958795, 0.22924438256608404,
    0.21481861643817113, 0.19569152561218842, 0.17901045715679292,
    0.17198694383968477, 0.1610639343119186, 0.15400943945607412,
    0.14586857252794763, 0.1394316522485536, 0.13304125922529594,
    0.12506069133625083, 0.11765981781417909, 0.11283066050837869,
    0.10631972340785939, 0.09866117767017821, 0.0931487217059602,
    0.08935080974808206, 0.08550248659499314, 0.07994814885213324,
    0.07301940396428108, 0.07046963647007942, 0.06761513678761928,
    0.06328601151218881, 0.06232822261264791
  ],
  "val_losses": [
    0.26013421753178473, 0.2867839624700339, 0.24837039346280304,
    0.22101926026136978, 0.29039057182229083, 0.1924593228360881,
    0.2084893506506215, 0.17383354707904483, 0.1711247799837071,
    0.16031919193008673, 0.16033041768747827, 0.1649593296258346,
    0.16388587896590648, 0.1612067689066348, 0.18695102372895117,
    0.17413497910551404, 0.20021942031124365, 0.1626755086624104,
    0.17042849002325017, 0.1698752210839935, 0.1620396443683168,
    0.17211401106222815, 0.16967922335733537, 0.16774866843353148,
    0.1739702555148498, 0.25783678921668424
  ],
  "train_ious": [
    0.38562942963564806, 0.4500619709021612, 0.5178939752766617,
    0.5520896560957896, 0.5898931465935018, 0.6199063905447288,
    0.6324552745706788, 0.6521760877491769, 0.66488064415213,
    0.6799289955609087, 0.6918451475060504, 0.7042796071888746,
    0.7188672315383304, 0.7332664961940137, 0.7420111838998137,
    0.7554895816829763, 0.7696426041640236, 0.7805779576301574,
    0.7884480671930142, 0.7970187937759833, 0.8085881826886235,
    0.8235199758108116, 0.8290366518540658, 0.8352769784953284,
    0.8452981830291126, 0.847570151090622
  ],
  "val_ious": [
    0.43701538810695434, 0.46073174633193703, 0.5047088832311006,
    0.5580558866478396, 0.4903624586949383, 0.6031877348820368,
    0.5938981659170511, 0.6270535979149998, 0.6319792471502138,
    0.6592858546022055, 0.6606857299372768, 0.6536997411993964,
    0.6571508080199145, 0.6622776469026787, 0.6289410070664639,
    0.6605258728714957, 0.616499438881874, 0.6781284435503727,
    0.6661468698926594, 0.670207751833874, 0.6856929171776426,
    0.6724357071562088, 0.6839515281760175, 0.6881267931582271,
    0.6851132455943286, 0.6314995189507803
  ],
  "training_time": 465.95438838005066,
  "avg_gradient": 0.003523079879265074,
  "memory_usage": 745.21484375
}
