{
  "train_losses": [
    0.2975723922414624, 0.26172604776271013, 0.24052826857761198,
    0.22114813667924507, 0.20306376651253388, 0.18601349255313043,
    0.17650979927376562, 0.1675640988447096, 0.15781219327903312,
    0.14855583068793235, 0.1440748662647346, 0.13448228687047958,
    0.1280625933457328, 0.12062729635964269, 0.11392170559290958,
    0.10766342841088772, 0.1033076974765762, 0.09513727105830026,
    0.08962595604522072, 0.08663944855494343, 0.08079473002125388,
    0.07593381206464508, 0.07181117031723261, 0.06748169688912838,
    0.06592379826242509, 0.06630786769497006, 0.06146932152383353,
    0.0587955781299135, 0.0565751564041104, 0.0559678800282595
  ],
  "val_losses": [
    0.28957407565220544, 0.2605972652849944, 0.24128138047197592,
    0.22282000890244608, 0.1969073032555373, 0.19066702347734701,
    0.17696057454399441, 0.1845016489210336, 0.1775309151929358,
    0.16278058063724768, 0.16143137864444568, 0.16122433996718863,
    0.16258963553801828, 0.17077755377344464, 0.16167472302913666,
    0.15924602050496184, 0.16141894232967627, 0.16112069704610368,
    0.1651523137546104, 0.16922634046362794, 0.16582653169398723,
    0.16897709019806073, 0.16250631148400513, 0.17288888828909915,
    0.17783565689688144, 0.1759569288595863, 0.1892166788811269,
    0.18670602482946022, 0.1831138049778731, 0.20340357364519782
  ],
  "train_ious": [
    0.37518077543870254, 0.43221431755557477, 0.4895123694820893,
    0.5317938164470423, 0.5754849301192212, 0.608031121555014,
    0.6253225014855467, 0.6410622512516767, 0.6591650318840278,
    0.6758426222680268, 0.6833726806377153, 0.7013164457419647,
    0.7128747035951718, 0.7266392647896128, 0.739697681011065,
    0.7513907073416576, 0.759861766644146, 0.776490009457305,
    0.7878331734218457, 0.7940763998506728, 0.8066243521761207,
    0.8169138252303221, 0.8257521073455396, 0.835509485524634,
    0.8388204223651815, 0.8382489585142209, 0.8488631157771407,
    0.8549189470384432, 0.8602461033109305, 0.8615624905712364
  ],
  "val_ious": [
    0.3987584152947302, 0.4427363248406976, 0.48436032322005945,
    0.5397216018991194, 0.5807706034485846, 0.6005480406077012,
    0.624015876672406, 0.6122567973275116, 0.6251229345798492,
    0.650257058765577, 0.6512104493120442, 0.6583010159108951,
    0.6588929837596592, 0.6487015228772508, 0.6659519873235537,
    0.6658523760843967, 0.6679291062164998, 0.6722843258277228,
    0.6743311771880025, 0.6752161433299382, 0.6747064707071884,
    0.6816998987958052, 0.6841463887173197, 0.6854431294444678,
    0.6793341839659043, 0.6816605009894439, 0.6738348668036257,
    0.6761083462532015, 0.6818225809197493, 0.6617483269909153
  ],
  "training_time": 538.4765379428864,
  "avg_gradient": 0.0039334151011942205,
  "memory_usage": 745.21484375
}
