{
  "train_losses": [
    0.2814007299425809, 0.2408223691517892, 0.21476607008472734,
    0.19563879817724228, 0.18101141488422517, 0.17100260811655418,
    0.15987383217915244, 0.15207698139483514, 0.14402589833606844,
    0.13761576552591895, 0.13094170747891717, 0.12469160856436128,
    0.12011323427862447, 0.11244208134872757, 0.10721213860518258,
    0.10144065944072993, 0.09287796566343826, 0.08761606827054334,
    0.08164086407455413, 0.07822099688422421, 0.0761274000548798,
    0.07076623734167736, 0.06757786811288932, 0.06381535133265931,
    0.06753176236120255
  ],
  "val_losses": [
    0.26122477715430054, 0.22467689345712247, 0.21015437919160593,
    0.1932772867705511, 0.19293632714644723, 0.18320998193129248,
    0.17923611953206683, 0.16885464298336403, 0.16410409885904062,
    0.16368481225293616, 0.17808608127676923, 0.16220268671927246,
    0.14997414078401483, 0.1563178942255352, 0.16749909795496776,
    0.15315671896804933, 0.15642490497101907, 0.15524056181311607,
    0.16726980876663458, 0.1621311731312586, 0.16579640786284985,
    0.16740192942645238, 0.16642689170396846, 0.16902837254430936,
    0.18997051469657733
  ],
  "train_ious": [
    0.39709695821448976, 0.48165881556249823, 0.5495592925049687,
    0.5894277660797037, 0.6170467060815166, 0.6353133653385055,
    0.6543490704202999, 0.6693698399416779, 0.6834294535759569,
    0.695693940680096, 0.7081187957546848, 0.7199771405886048,
    0.7280848622861977, 0.7430897001447019, 0.7526452587782478,
    0.764125852967086, 0.7810204661842708, 0.7920696771555187,
    0.8041709707914918, 0.8116658842865967, 0.815992588798205,
    0.8278073479515919, 0.8347128188048586, 0.8431373938270239,
    0.8357013231818226
  ],
  "val_ious": [
    0.43284798799901403, 0.5328542349347168, 0.5716801650714183,
    0.5985565717885459, 0.6028953167623368, 0.6248995996471765,
    0.6305942941403044, 0.6464148224263949, 0.6545231018377387,
    0.6540997080180956, 0.6361034940118375, 0.6628832298776378,
    0.6807503199231799, 0.6723758822333987, 0.6681752727515456,
    0.6798411840977877, 0.6788282906231673, 0.6890649657318558,
    0.6791090265564295, 0.6851130315791006, 0.6866100365700928,
    0.680515056071074, 0.6908388964939808, 0.6928629248902417,
    0.6464223192221877
  ],
  "training_time": 448.70598697662354,
  "avg_gradient": 0.007783968092752261,
  "memory_usage": 745.21484375
}
