{
  "train_losses": [
    0.28937640664694103, 0.25061598946542846, 0.2300987028233383,
    0.2062888687233562, 0.18937130774492802, 0.17834177013972533,
    0.1675424072486551, 0.1596696557396132, 0.15059502750797116,
    0.14260103063576895, 0.1371710863693253, 0.13097459867434658,
    0.12393711875800205, 0.1166844448155683, 0.10982345562914143,
    0.10327706319968337, 0.10001570775942958, 0.09108276835278324,
    0.09170368828041398
  ],
  "val_losses": [
    0.319840955345527, 0.257400363035824, 0.21778894410185193,
    0.21984658779009528, 0.1876624628253605, 0.17608465902183368,
    0.16906583471142728, 0.1815294062961703, 0.1588367567114208,
    0.1708954064094502, 0.15502350129511044, 0.15583233276139136,
    0.15821215445580689, 0.15534086574030959, 0.16311119836957558,
    0.1526426535261714, 0.15605067996227223, 0.15731404333010965,
    0.1834591001920078
  ],
  "train_ious": [
    0.38875074919185165, 0.4572691377766204, 0.5155745144811984,
    0.5699395923132912, 0.6009528559727078, 0.6209853938848212,
    0.6397490743277734, 0.6545773810990481, 0.6716337746576123,
    0.6861103004303534, 0.6955840435904872, 0.7079428868989147,
    0.7205506632833378, 0.7345920691023702, 0.7470747627641842,
    0.760090606854014, 0.7664758073354973, 0.7850871101777623,
    0.7843986259962338
  ],
  "val_ious": [
    0.39869580666224175, 0.46706797142067674, 0.5483115013094916,
    0.5432884824880656, 0.6092935521965444, 0.6219640886006149,
    0.6367022857285928, 0.6245927007301993, 0.6564287977374118,
    0.6426614343688105, 0.6630512711362563, 0.665738530780958,
    0.6637689996024837, 0.6719945803068689, 0.6637290530446647,
    0.6849845868089924, 0.6826587444630221, 0.6748421870280005,
    0.630990695046342
  ],
  "training_time": 341.94341564178467,
  "avg_gradient": 0.00409637917079869,
  "memory_usage": 745.21484375
}
