{
  "train_losses": [
    0.2787564395238524, 0.24062343775902106, 0.22060301162950371,
    0.2053815593700046, 0.18700037386430346, 0.17711593267386375,
    0.16620363327472107, 0.15635984876881476, 0.15365908031716294,
    0.14410709601867458, 0.13682674827135127, 0.13164833532241377,
    0.12279002449434737, 0.11819189114739066, 0.1098102101975161,
    0.10364021077428175, 0.09885439730208853, 0.09431062946500986,
    0.0877606260549763, 0.08630012340195801, 0.07885875807994086,
    0.07344193153245293, 0.0732255149430231, 0.07633848824416814,
    0.06718044481037752, 0.06184417896134698, 0.05948195148907278,
    0.05740847871841296, 0.05625751191426231, 0.05746664959208473
  ],
  "val_losses": [
    0.28717964272136276, 0.22772923695004504, 0.2166658565402031,
    0.19683282854764358, 0.18181238453025403, 0.18305550645227017,
    0.17821288562339285, 0.1725082828298859, 0.16282232121928877,
    0.15820636454483736, 0.15940581699428352, 0.1550332584782787,
    0.1586059594283933, 0.16247185756978783, 0.15577842197988345,
    0.15964891648162965, 0.1549006872203039, 0.16064541900287505,
    0.1552350075672502, 0.15834770319254501, 0.16694392976553543,
    0.15971476941005044, 0.17635609760232593, 0.18395456412564154,
    0.16217049470414285, 0.1695571117427038, 0.17431442957857382,
    0.174042129808146, 0.17593603613583939, 0.18796424762062405
  ],
  "train_ious": [
    0.40470565834639416, 0.4836258868014832, 0.5380377674448316,
    0.5673347594945328, 0.6063210813031683, 0.6247649530515722,
    0.6447378163212452, 0.6622721058842927, 0.66924473054815, 0.684891356020302,
    0.6977111637808275, 0.7071406411519946, 0.724313995220523,
    0.7326536938224146, 0.7478696712549183, 0.7598298671992795,
    0.7688033620732418, 0.7782709552110103, 0.7912353189203187,
    0.7945500281841859, 0.810138588150342, 0.8216865073511564,
    0.8220423422213914, 0.8163444062937864, 0.8357031733013577,
    0.8476021835121553, 0.8530736129353016, 0.8579078417109407,
    0.8605587684373923, 0.8580402762129689
  ],
  "val_ious": [
    0.41324185482158826, 0.5186248921613764, 0.5437108643245007,
    0.5777542726069257, 0.61374475904133, 0.6108295550380928,
    0.6236915618613147, 0.639054148093514, 0.6536380983349204,
    0.6591164782859276, 0.6613468413335689, 0.6685578719429348,
    0.6601565065591233, 0.6583408026591591, 0.6719940689162935,
    0.6679947356814923, 0.6732570064672524, 0.6643775297679764,
    0.6836594662804533, 0.6804221246553506, 0.6771732402452526,
    0.6863385562015616, 0.6645893921022831, 0.6695057263840799,
    0.68833010762498, 0.6904860715503279, 0.6853244414796, 0.691733776875164,
    0.6920567038266554, 0.6707955475734628
  ],
  "training_time": 532.4488055706024,
  "avg_gradient": 0.013597200909642348,
  "memory_usage": 745.21484375
}
