{
  "train_losses": [
    0.30275390297174454, 0.2687801460371069, 0.2390790965570056,
    0.21294390944683034, 0.19654957528995431, 0.18443812000686707,
    0.17416957174630268, 0.16520135825418908, 0.15898672442721284,
    0.15060356720958068, 0.1434640721620425, 0.1373365613348458,
    0.1295587440304782, 0.12230721909714781, 0.115826482479663,
    0.11005954387719216, 0.10322406697694374, 0.09723058683068855,
    0.09248851243730473, 0.08675802782501864, 0.08302648442432932,
    0.07596112629803627, 0.07262719410431126, 0.06819920930201592,
    0.06976793467512597, 0.0647338263326041, 0.06320906639018137
  ],
  "val_losses": [
    0.28831073771352356, 0.2662025090792905, 0.2284009615364282,
    0.20739928665368454, 0.20125489552383838, 0.19482626442028128,
    0.1765572503209114, 0.16834064184323602, 0.16378683791212414,
    0.16008697255798007, 0.1713196225464344, 0.15792408196822458,
    0.15522310947594437, 0.15882771980503332, 0.1539092752272668,
    0.16027107899603638, 0.16046156410289847, 0.15561994958830916,
    0.1640260209855826, 0.16744232501672662, 0.17970511317253113,
    0.16747062912453775, 0.1707777413337127, 0.17402176558971405,
    0.1682912768877071, 0.18110679219598355, 0.17391003441551459
  ],
  "train_ious": [
    0.3673440507572051, 0.4205488083183662, 0.4980344988433889,
    0.5582996797680422, 0.5885133519768715, 0.610077334243966,
    0.6288365060328575, 0.6461191972096758, 0.656415782490934,
    0.6722523338984747, 0.6859495279689629, 0.6968921648095482,
    0.7109517224025038, 0.7255413054448112, 0.7360496214874412,
    0.7483927288996995, 0.761427653008613, 0.773208126695692,
    0.7822543603462581, 0.7942671030219914, 0.802014680876248,
    0.8169281708373543, 0.8244690367061165, 0.8342104717225267,
    0.8309023247464846, 0.8419158872270927, 0.8454256434587468
  ],
  "val_ious": [
    0.3967088575380436, 0.42914641174897755, 0.5132003008131532,
    0.5588343971665355, 0.5963335628958717, 0.5996922664884208,
    0.629982119669085, 0.6390131526235222, 0.6480227974445925,
    0.6564627916052722, 0.6428054169468258, 0.6621324514997177,
    0.666487608698831, 0.6600782251444415, 0.6739923792040867,
    0.6703428429537924, 0.6726885874202285, 0.6763484270676322,
    0.6758097295743835, 0.673004089490227, 0.6620405160862467,
    0.6839034883440406, 0.6824192603429158, 0.6775929413843845,
    0.6831290320209835, 0.6747344062812087, 0.6724504320949749
  ],
  "training_time": 484.9026494026184,
  "avg_gradient": 0.0025365114191528413,
  "memory_usage": 745.21484375
}
