{
  "train_losses": [
    0.3097956913482884, 0.2701885340654332, 0.24964405652945457,
    0.2270406521046939, 0.20864635292926562, 0.19265067715035833,
    0.18019438583565794, 0.17315821948906648, 0.15988188390822514,
    0.15497275061257507, 0.14453733611204053, 0.13801940307830987,
    0.13068690689523582, 0.12207527596341528, 0.1146195866977391,
    0.11086611741262933, 0.10404532119307829, 0.09484988799237687,
    0.08730033299197322, 0.08274455028383629, 0.0845440314758731,
    0.07829055190086365, 0.07029284668438461, 0.06662107368364283,
    0.07208550879326851, 0.06886530780921811, 0.06065591307275969,
    0.05652544293147714, 0.06338636139812677
  ],
  "val_losses": [
    0.2845838332305784, 0.2603660481779472, 0.2721791455279226,
    0.25480699571578397, 0.22137694903042004, 0.20988827004380847,
    0.2107179942338363, 0.1909811499974002, 0.19348925416884216,
    0.18634930123453555, 0.16742264317429584, 0.17440317538769348,
    0.16855276181646014, 0.18003394065991693, 0.17464213429585748,
    0.17932809047077014, 0.17849298793336618, 0.1675441294260647,
    0.1682403275500173, 0.1871719940201096, 0.18998276539470837,
    0.18458170119834982, 0.18644218859465225, 0.1824408763128778,
    0.20073320327893548, 0.18354734632632005, 0.1855453239834827,
    0.19779804932034534, 0.18708135884093202
  ],
  "train_ious": [
    0.35325196615767845, 0.41718228523066075, 0.45345980852692674,
    0.527220480751408, 0.5642995461281657, 0.5937379457434452,
    0.6154385559746754, 0.6281736361915649, 0.6537565956621068,
    0.6626018061694026, 0.6822402469165944, 0.6942067009167395,
    0.7082609764259792, 0.7241555682342987, 0.7383355524768862,
    0.7460116451957088, 0.7588196902171426, 0.777204027156467,
    0.7923710085991498, 0.8021535293563548, 0.7990076407466244,
    0.8123217585726062, 0.8293799581950992, 0.8376441723194676,
    0.8263653033021564, 0.8330738617890125, 0.8509945656726324,
    0.8603220854116522, 0.8454331817186393
  ],
  "val_ious": [
    0.40530829369158, 0.4306357915418736, 0.45429246964446024,
    0.5044707706117112, 0.5327875355015628, 0.5620374532713404,
    0.5677577930948009, 0.5977845570963362, 0.6145039032334867,
    0.6209927248782006, 0.644752473718878, 0.6268060874679814,
    0.6470502768305765, 0.6320543129375015, 0.642359972216081,
    0.6442268762899482, 0.6466571883015011, 0.6651458379583083,
    0.6660361007071923, 0.6508180656726811, 0.645927965425063,
    0.6665386896634447, 0.664848536900852, 0.6687050332193788,
    0.6488331845705059, 0.6694360710140589, 0.6751442022513653,
    0.6654548467933268, 0.6648038357928181
  ],
  "training_time": 522.5189023017883,
  "avg_gradient": 0.0034578226985981955,
  "memory_usage": 745.21484375
}
