{
  "train_losses": [
    0.28926823328694573, 0.2541231500875691, 0.23215569134639658,
    0.21754788348208304, 0.20169636412807132, 0.1902527477916168,
    0.17706657444005428, 0.1659099832987008, 0.15718501227219467,
    0.15182024382216774, 0.14308185021028572, 0.13724477232798285,
    0.12998366554308197, 0.12283639836570491, 0.11503450689918321,
    0.11073070448701797, 0.10414561609049207, 0.09739835321417321,
    0.09285091948897942, 0.08527184678646534, 0.08143781838209732,
    0.07758988176836916, 0.0855908952653408, 0.07608356557624496,
    0.06734505208695064, 0.06355081271866093, 0.061199711453493524,
    0.05916381694133515, 0.0581028136100782, 0.05889574675213383,
    0.05759232041790434
  ],
  "val_losses": [
    0.28394003665965534, 0.2717035940807799, 0.26546005548342416,
    0.21986917600683545, 0.20494324390007101, 0.18770074002120807,
    0.1833957670175511, 0.17263593978208044, 0.1695154558705247,
    0.16740168793045956, 0.17602514896703803, 0.16050873048927472,
    0.1597382001902746, 0.16147705815408542, 0.1599324695442034,
    0.16529626593641614, 0.1618005166883054, 0.15511726685192273,
    0.16118249880230945, 0.1604649165402288, 0.1686885557744814,
    0.1645624187329541, 0.1756299679046092, 0.16579786882452344,
    0.16573015956775003, 0.16870622239682986, 0.17212949693202972,
    0.17510551829700885, 0.18003963776256726, 0.17957068688195685,
    0.20352295980505322
  ],
  "train_ious": [
    0.38881880836438754, 0.44603797435827763, 0.5068015158699446,
    0.5444818274455442, 0.575647947472939, 0.5991154929110108,
    0.6252590964507799, 0.6432411091375179, 0.6610019001299922,
    0.6696659493381567, 0.6851533567667871, 0.6968182883616809,
    0.7098054779504525, 0.7233609885949156, 0.7378432875958044,
    0.7457663710026634, 0.7580450491412825, 0.7716398117118988,
    0.7805718064740086, 0.7969180276428441, 0.8044615999080129,
    0.8128468916899918, 0.7970504321805807, 0.8158705793861031,
    0.8354592343819311, 0.8438365862205414, 0.8491041139847992,
    0.8535551258187365, 0.8560420524166986, 0.8545913867976358,
    0.8576833021597586
  ],
  "val_ious": [
    0.40728520979915833, 0.4291090756330801, 0.4685297504715299,
    0.5478086659441823, 0.5743709979713829, 0.6073474327939145,
    0.6173396134290142, 0.6356735939996832, 0.641782366063284,
    0.6442372690940248, 0.6373372855393782, 0.6585910464974417,
    0.6626079654779986, 0.6632142466479454, 0.6667643072812454,
    0.6635547887155974, 0.6722334450569705, 0.6780881246794825,
    0.6701829658038375, 0.6801722837962966, 0.6777066800041474,
    0.6795595936153245, 0.6636716047490853, 0.6809534333322361,
    0.6857685915369917, 0.6837927815706834, 0.6857290609159331,
    0.6857563263696173, 0.6779674427664798, 0.6859866289988811,
    0.6682933435059976
  ],
  "training_time": 557.9459459781647,
  "avg_gradient": 0.003223819280171867,
  "memory_usage": 745.21484375
}
