{
  "train_losses": [
    0.2945197201941324, 0.26305607179908647, 0.24069055024048555,
    0.21689751517513525, 0.19749289208456225, 0.1849549189209938,
    0.1749400897356479, 0.16716898556636728, 0.16010977246839067,
    0.15265660433341627, 0.14603666572467142, 0.1393343579914907,
    0.13240980077534914, 0.12724774484725102, 0.12049679037021555,
    0.11504915870888077, 0.11184379114243, 0.10095829905375191,
    0.0968221222333934, 0.09016893403199704, 0.08861576215080592,
    0.08554997088630563, 0.08181983167710512, 0.07416813215240836,
    0.07222361127724466, 0.06545907204322841, 0.06406588242996646,
    0.0608077109588877, 0.05837209702914824, 0.05683198245242238,
    0.055282236117383705, 0.07087181358719649
  ],
  "val_losses": [
    0.2767961744381034, 0.26004128935544385, 0.23302107433909955,
    0.2175098317472831, 0.19716905543337698, 0.18993674348229947,
    0.17937147390583288, 0.17089523115883704, 0.17023312624381937,
    0.17128037240194238, 0.1623750850558281, 0.17061320044424222,
    0.1570341723120731, 0.15422150492668152, 0.15870968090451282,
    0.15469662650771762, 0.152349598057892, 0.15521000714405722,
    0.15342681352858958, 0.1556299753163172, 0.1649012150971786,
    0.16498414572814238, 0.17258740362265837, 0.1734287858657215,
    0.16311732566227083, 0.1651048469154731, 0.16737821147493695,
    0.16745694078828977, 0.1713520175089007, 0.17556165936200516,
    0.17733313661554587, 0.17450723635113757
  ],
  "train_ious": [
    0.3824712575170332, 0.4291955867423022, 0.48331223244402266,
    0.5483589691744336, 0.5851601402720678, 0.6083472949871118,
    0.6276343389265778, 0.642142173928627, 0.6548031308296797,
    0.6677034363906452, 0.6813418165497157, 0.6934522026474929,
    0.7059706608238427, 0.7157767292490042, 0.7282934422078343,
    0.738747570069804, 0.7449729037133678, 0.7658746679839877,
    0.7740142382681374, 0.7875780551761821, 0.7909220343698629,
    0.7972661496504493, 0.8053853184632634, 0.8212631164469579,
    0.8256950568461765, 0.8403453572072845, 0.8435507865919586,
    0.850757835243923, 0.8561127935198768, 0.8594360820193223,
    0.8630249885761224, 0.8316972319414645
  ],
  "val_ious": [
    0.40600385376508685, 0.4491589253471382, 0.5099008696666661,
    0.5369289733361505, 0.5857949690974277, 0.6022619939800622,
    0.6119965053554894, 0.6335532615582147, 0.6383750123390254,
    0.6389865117228548, 0.649380467724109, 0.6421694554712459,
    0.6627931584050689, 0.6696831521348677, 0.6596072655225146,
    0.6676836992087571, 0.673447029962056, 0.6714243849982386,
    0.6820743321508603, 0.6840622127056123, 0.6631493225045828,
    0.6791739157144577, 0.669423353196918, 0.6722921778758367,
    0.6836633550516072, 0.6896717997564785, 0.6867604495390602,
    0.690044553383537, 0.68635250541611, 0.6892215313686841, 0.6870616145324017,
    0.6726581776055737
  ],
  "training_time": 574.4796652793884,
  "avg_gradient": 0.0032528562448553653,
  "memory_usage": 745.21484375
}
