{
  "train_losses": [
    0.3028565480819215, 0.2693079494587753, 0.24354208017820897,
    0.21838392940876278, 0.19825525201209213, 0.18374873398114805,
    0.1717778429712938, 0.16641366489879464, 0.15874021613727446,
    0.14936546503525713, 0.14437582675853503, 0.13546475172852693,
    0.1296001761422857, 0.12320769444593917, 0.11883613325493492,
    0.11449683660074421, 0.10743590752067773, 0.09660894646430793,
    0.09364013665396234, 0.09231749100043722, 0.08537723391276339,
    0.07827159956745479, 0.0733047450447212, 0.07112493351830737
  ],
  "val_losses": [
    0.289858508369197, 0.2590739373927531, 0.245333482713803,
    0.2367168146630992, 0.20194088084542233, 0.17740613837604938,
    0.17179710385592087, 0.18119845280180807, 0.1686529886463414,
    0.1648914305412251, 0.18333625663881717, 0.16354318513818408,
    0.15699517775488936, 0.15954043764782988, 0.16333188634851706,
    0.16243731327678845, 0.15713398288125577, 0.15768162290687146,
    0.1616407386634661, 0.17795664169218228, 0.16786182153484094,
    0.16768965643385184, 0.16104333118900008, 0.1904827110145403
  ],
  "train_ious": [
    0.3659185287576385, 0.41868921735309356, 0.47527709776186106,
    0.5404544454607842, 0.5866556280710992, 0.6116592577402141,
    0.6329104580740997, 0.6426879649145014, 0.656087841298701,
    0.6735186282599317, 0.6829507716431994, 0.6997174117984117,
    0.7102892948449523, 0.7232191705185432, 0.7307813466675038,
    0.7390966523924599, 0.7525450525184475, 0.7735876355698139,
    0.779337312540282, 0.7826141372754953, 0.7965403043165589,
    0.8116655822681345, 0.8226616921416231, 0.8277889329238212
  ],
  "val_ious": [
    0.39488769722157635, 0.43362113468490693, 0.49645229148260084,
    0.5274541736512945, 0.5796923277818637, 0.6262045593365378,
    0.6340698493995527, 0.6179836553291999, 0.6411256433829017,
    0.6525039275487264, 0.6233519162388815, 0.6522212369718414,
    0.6677054862181344, 0.6606913694868917, 0.6559224871621615,
    0.6701381100692612, 0.6773204397464145, 0.6783378515122592,
    0.674828967322474, 0.6560949948818786, 0.6825572591328968,
    0.6803647130727767, 0.68736615906591, 0.6605949514154074
  ],
  "training_time": 430.3007843494415,
  "avg_gradient": 0.005876311561010631,
  "memory_usage": 745.21484375
}
