{
  "train_losses": [
    0.2967971711541, 0.25422827219185623, 0.22905328343419926,
    0.2046684858429691, 0.19252697985781275, 0.17783555299367593,
    0.17049790724464084, 0.1611329888034126, 0.15186685874410297,
    0.14503457664471606, 0.13874849600150532, 0.12940133140300927,
    0.12364857878697955, 0.11569522240239641, 0.10948540254131607,
    0.10345252101188121, 0.0994611139530721, 0.09262635113428468,
    0.08724957105258237, 0.08153396298218032, 0.07504572043114383,
    0.07205771899822613, 0.07316439471248051, 0.06614267591225065,
    0.06290070238806632, 0.06097034008606621, 0.0676263965787771,
    0.06436531010853208
  ],
  "val_losses": [
    0.2803668029930281, 0.2447675259216972, 0.23350227591784103,
    0.21285126811784247, 0.20273596469474875, 0.18181591675333356,
    0.1764996693186138, 0.18095785087865332, 0.17778595925673193,
    0.17050850553357083, 0.1643756631275882, 0.16659958563421084,
    0.16570845246315002, 0.16369357640328613, 0.1660652502399424,
    0.18106305809772533, 0.16350328501151956, 0.16337583165453828,
    0.16899596932141678, 0.1666877083480358, 0.17777332145234812,
    0.1771608714176261, 0.17666493809741476, 0.17605717625954878,
    0.1817073894907599, 0.18318379395034, 0.17744979343336562,
    0.1815542737426965
  ],
  "train_ious": [
    0.3755141255507784, 0.44424936101036716, 0.5191409189550987,
    0.5701067204978588, 0.595496990515486, 0.6218688535517541,
    0.6371007950949498, 0.6534278770719747, 0.6699328690875269,
    0.6824675336804078, 0.6950714842456839, 0.7113072297711306,
    0.7228031048308247, 0.7366435035415313, 0.7484512973738756,
    0.7601269870672539, 0.7686414806631161, 0.7820394650857516,
    0.7930742265737574, 0.8046656264991003, 0.8186369352582574,
    0.8250255672180135, 0.8228203378941703, 0.8381020195674208,
    0.8456105584467666, 0.8498505056984186, 0.8356347385308014,
    0.8425159025667368
  ],
  "val_ious": [
    0.4078391613303752, 0.4573781807582987, 0.5297581523224927,
    0.5681858784046725, 0.5784870758652688, 0.6162132949068927,
    0.6269626751326132, 0.6193377716817718, 0.6268360843693002,
    0.6385784585406816, 0.6497665432052336, 0.6507362313028693,
    0.6558193959619687, 0.6587002130522243, 0.6619525709445926,
    0.650953918479491, 0.6703612556060154, 0.6770272442828054,
    0.6754812183587446, 0.6714700855638671, 0.6724344800779783,
    0.6787813843592356, 0.6748825667992883, 0.6772984497357105,
    0.6753631113232047, 0.6790833153586457, 0.6730531229489093,
    0.6623814686916873
  ],
  "training_time": 504.50849628448486,
  "avg_gradient": 0.0027299106431391434,
  "memory_usage": 745.21484375
}
