{
  "train_losses": [
    0.29448731753813184, 0.25679426761748997, 0.23397896568412366,
    0.20919368942470654, 0.19023466110229492, 0.17970033313917078,
    0.17103610649380996, 0.1638630475120052, 0.1547943041862353,
    0.14865514830402707, 0.1430696869349998, 0.13608605438924354,
    0.13025714736431837, 0.12283174811012071, 0.11865131658218477,
    0.11098513444480688, 0.10583697061013916, 0.1004821307471265,
    0.09356098816446635, 0.08605570921107479, 0.08091797606776589,
    0.08600377631576164, 0.0836606880892878, 0.07191502440558828,
    0.06587823186798589, 0.0633460474807931, 0.06302899170828902,
    0.05918238591402769, 0.05709908198079337
  ],
  "val_losses": [
    0.2720070196234662, 0.25756595866835635, 0.2464849051574002,
    0.2077658675287081, 0.2056437870082648, 0.1901247303770936,
    0.1738911909253701, 0.1680505113757175, 0.16946363546278165,
    0.16779687579559244, 0.16217821415351785, 0.1677702432093413,
    0.16084959876278174, 0.15786858064972836, 0.15357175858124442,
    0.15896258065881935, 0.16901827150064966, 0.15759593054004337,
    0.14984208118656409, 0.15465882015616997, 0.15667513968503993,
    0.1731940216344336, 0.1675897681194803, 0.16046657380850418,
    0.1625813610203888, 0.17584054107251373, 0.17841891685257788,
    0.1710724250777908, 0.17908729434661244
  ],
  "train_ious": [
    0.382396645159924, 0.43831961341914427, 0.5084663884565778,
    0.562587069644444, 0.598544568606261, 0.618371099989483, 0.6349537273787931,
    0.6481032379889404, 0.6649158053316068, 0.6766587123274805,
    0.6856223687637545, 0.699892274495484, 0.7101632278358588, 0.72392596801122,
    0.7322597088481196, 0.7467332008848152, 0.7565531680981316,
    0.7671050069772677, 0.7801618260749875, 0.7956499566418536,
    0.806681092126646, 0.7981289326604726, 0.8013486611670342,
    0.8263279878790825, 0.8396913213790331, 0.8451499610707376,
    0.8460343154012295, 0.8543307719671213, 0.8591825909156733
  ],
  "val_ious": [
    0.427665649332862, 0.44690173173296266, 0.49792453249835444,
    0.5740307619174323, 0.5810109078884126, 0.5950325035314628,
    0.6281511662662892, 0.6420435825551766, 0.6414161587970841,
    0.6439918227817701, 0.6581665020490038, 0.6448035972273867,
    0.658476359170416, 0.6708904057741166, 0.6744140583103981,
    0.6756796646809232, 0.6572028301332308, 0.6776496640582016,
    0.6893310557672944, 0.6930850482937218, 0.6862458260594935,
    0.664035398459089, 0.6806541977153306, 0.6956695961779443,
    0.6956469952196316, 0.685138746448185, 0.6835301673930625,
    0.6919425309136296, 0.687945866930312
  ],
  "training_time": 521.0664541721344,
  "avg_gradient": 0.0022290492824661424,
  "memory_usage": 745.21484375
}
