{
  "train_losses": [
    0.2891404731604068, 0.25794089707019535, 0.23596507513328738,
    0.2146027999241715, 0.19586062350350877, 0.1805288111386092,
    0.1703251503084017, 0.1627322573862646, 0.15502656243093635,
    0.1479471971321365, 0.14144131480513708, 0.13410163917781218,
    0.12759645651702, 0.11854734162435583, 0.11811483299116725,
    0.10843988601118326, 0.10806291311493386, 0.09975930372172076,
    0.09132489950760551, 0.084695379735659, 0.08253731254650198,
    0.07783937446125176
  ],
  "val_losses": [
    0.28326603381530097, 0.2550561292015988, 0.22189691112093304,
    0.21723652890195017, 0.2018471580484639, 0.18648963032857233,
    0.17150722508845123, 0.1683860613924006, 0.18820991691039957,
    0.1625939912122229, 0.18079465206550516, 0.15347000632597052,
    0.17517337915690048, 0.15775992008654968, 0.15756196528673172,
    0.15072974287297414, 0.16774124166239862, 0.15590656532541566,
    0.15571278916752856, 0.15572073553567348, 0.1602564620906892,
    0.18160406143768973
  ],
  "train_ious": [
    0.3906963243965078, 0.4383599710463912, 0.4989845489499337,
    0.5473801074279608, 0.5880397787128667, 0.6154109609947692,
    0.6354344874296499, 0.6487867764696698, 0.6641111109891661,
    0.676371443962705, 0.6883058180843575, 0.7028134206066963,
    0.7143799984908622, 0.7312652634429758, 0.7323551906839659,
    0.7503331396998704, 0.7513319897478903, 0.7675843947175628,
    0.7843651766686335, 0.7981856577638267, 0.8028567210919617,
    0.8127688341166663
  ],
  "val_ious": [
    0.414236368044563, 0.45220249812996033, 0.531526609175447,
    0.5567437698659691, 0.5879132506856017, 0.6075809796651204,
    0.6362211954766426, 0.6444155636472979, 0.6086051214648331,
    0.6522383262281832, 0.632156390858733, 0.6702675860429156,
    0.6366147072850792, 0.6662585139274598, 0.6691951034725576,
    0.6815524850634561, 0.652800318987473, 0.6782206834658333,
    0.6817511749872264, 0.6875645919986393, 0.6821563615315202,
    0.6655618300040562
  ],
  "training_time": 394.4718813896179,
  "avg_gradient": 0.004054381469840763,
  "memory_usage": 745.21484375
}
