{
  "train_losses": [
    0.3007361673466537, 0.26703363867557567, 0.24429745955959611,
    0.22601729882476124, 0.20993709070203098, 0.1908301809883636,
    0.17956502905682378, 0.16796134193630322, 0.15951964125523102,
    0.1516353075756975, 0.1438328292544769, 0.13428015889518935,
    0.12963219578175442, 0.11997425556182861, 0.11426285140054382,
    0.10713418722962556, 0.10310503779708044, 0.09523210970117994,
    0.08961387128447709, 0.08884807339990916, 0.07933176272427259,
    0.07284203825680458, 0.06950150695426957, 0.06695101116581456,
    0.07724975312695555, 0.06403098048885232, 0.05829924496862551,
    0.055478053288939205, 0.05805358428346074, 0.05401836110926841,
    0.05033887372068737, 0.049118837766835226, 0.047938910697627325,
    0.04716822045409809, 0.04676701126458204, 0.045050697441658245,
    0.04390545045633031, 0.04326008201536277
  ],
  "val_losses": [
    0.28516710646774457, 0.25673572071220563, 0.23744410956683365,
    0.23237047506415326, 0.21109745619089706, 0.20171599770369736,
    0.17822829536769702, 0.177817070937675, 0.16528656171715778,
    0.16868692992821985, 0.16727482948614203, 0.1760746480330177,
    0.15797034456678058, 0.16146657049008037, 0.16823029275173726,
    0.16233308759072554, 0.17555790945239688, 0.167310053239698,
    0.16681171208620071, 0.17660462467566782, 0.1730384258148463,
    0.16543429344892502, 0.18068987649420035, 0.17019213865632596,
    0.1830202046295871, 0.17232760495465735, 0.1762187265507553,
    0.18092010753310245, 0.18903677068326785, 0.17853910961876746,
    0.18617322457873303, 0.18640751942344333, 0.19146183845789536,
    0.19110646681941074, 0.19931675785261652, 0.1960257252921229,
    0.191808408693127, 0.20522022214920624
  ],
  "train_ious": [
    0.36977458593737783, 0.4219967066702221, 0.4755880541398666,
    0.5279108101259107, 0.5615362106835927, 0.5986015830135002,
    0.6192349504301515, 0.6404569152796614, 0.6549612777172656,
    0.6702573754001356, 0.6842428305442786, 0.7016078784413958,
    0.7105686554982177, 0.7292416191835336, 0.7390962278173454,
    0.7532750179154285, 0.7616838318282279, 0.7772449943898382,
    0.787977379949197, 0.7907132186751433, 0.8099792973286861,
    0.8242123063275777, 0.8316001585428263, 0.8370734226444492,
    0.8164643917394718, 0.8436576418470646, 0.8565256638803345,
    0.8629505090091535, 0.85716181518375, 0.8662731801902043,
    0.8745295335201249, 0.8773499632227251, 0.8800712886495868,
    0.88189885970475, 0.882815322150355, 0.8867257961976358, 0.889499135747336,
    0.8907118142730951
  ],
  "val_ious": [
    0.40099943353646056, 0.4364682838744213, 0.5167940598575101,
    0.5350509210341218, 0.568991346311742, 0.5902691513731859,
    0.6205691310806553, 0.6185696125030518, 0.6437601764564929,
    0.6369751266379289, 0.6455418497755908, 0.6414041357195892,
    0.6615842874499335, 0.660346590090489, 0.6513272204260894,
    0.6667179733082869, 0.6472222668969113, 0.6641335634217749,
    0.6688250923070354, 0.6577792634134708, 0.6737573814132938,
    0.6808228948410006, 0.6665316802867942, 0.6765723060006682,
    0.6641965089500814, 0.6752648571695107, 0.6818084926276969,
    0.680274173617363, 0.6734099327654078, 0.6813633264838787,
    0.6844205437363055, 0.6834573123766028, 0.6784701666970183,
    0.6847282283116078, 0.6809935820275459, 0.6847942188598108,
    0.6849010370779729, 0.6771114267732787
  ],
  "training_time": 683.667457818985,
  "avg_gradient": 0.0022171931210145414,
  "memory_usage": 745.21484375
}
